MMRstatus,population,xbin,ybin,x_mid,y_mid,n_pat,n_pat_arm,passes
MMRd,Myeloid-ISG,"(-10,-5]","(1.46,2.19]",-7.5,1.82352438217472,8,8,TRUE
MMRd,Myeloid-noDC-noGran,"(-10,-5]","(1.46,2.19]",-7.5,1.82352438217472,8,8,TRUE
MMRd,Tcd4-CXCL13,"(-10,-5]","(1.46,2.19]",-7.5,1.82352438217472,8,8,TRUE
MMRd,Tcd8-CXCL13-comb,"(-10,-5]","(1.46,2.19]",-7.5,1.82352438217472,8,8,TRUE
MMRd,CD8-all,"(-10,-5]","(1.46,2.19]",-7.5,1.82352438217472,8,8,TRUE
MMRd,Tplzf-gdlike-comb,"(-10,-5]","(1.46,2.19]",-7.5,1.82352438217472,8,8,TRUE
MMRd,Myeloid-mregDC,"(-10,-5]","(2.19,2.92]",-7.5,2.55293413504461,8,8,TRUE
MMRd,Myeloid-ISG,"(-10,-5]","(2.19,2.92]",-7.5,2.55293413504461,8,8,TRUE
MMRd,Myeloid-noDC-noGran,"(-10,-5]","(2.19,2.92]",-7.5,2.55293413504461,8,8,TRUE
MMRd,Tcd4-Treg-comb,"(-10,-5]","(2.19,2.92]",-7.5,2.55293413504461,8,8,TRUE
MMRd,Tcd8-CXCL13-comb,"(-10,-5]","(2.19,2.92]",-7.5,2.55293413504461,8,8,TRUE
MMRd,CD8-all,"(-10,-5]","(2.19,2.92]",-7.5,2.55293413504461,8,8,TRUE
MMRd,Tplzf-gdlike-comb,"(-10,-5]","(2.19,2.92]",-7.5,2.55293413504461,8,8,TRUE
MMRd,Myeloid-mregDC,"(-10,-5]","(2.92,3.65]",-7.5,3.2823438879145,8,8,TRUE
MMRd,Myeloid-ISG,"(-10,-5]","(2.92,3.65]",-7.5,3.2823438879145,8,8,TRUE
MMRd,Myeloid-noDC-noGran,"(-10,-5]","(2.92,3.65]",-7.5,3.2823438879145,8,8,TRUE
MMRd,Tcd4-CXCL13,"(-10,-5]","(2.92,3.65]",-7.5,3.2823438879145,8,8,TRUE
MMRd,Tcd4-Treg-comb,"(-10,-5]","(2.92,3.65]",-7.5,3.2823438879145,8,8,TRUE
MMRd,Tcd8-CXCL13-comb,"(-10,-5]","(2.92,3.65]",-7.5,3.2823438879145,8,8,TRUE
MMRd,CD8-all,"(-10,-5]","(2.92,3.65]",-7.5,3.2823438879145,8,8,TRUE
MMRd,Tcd8-HOBIT,"(-10,-5]","(2.92,3.65]",-7.5,3.2823438879145,8,8,TRUE
MMRd,Tplzf-gdlike-comb,"(-10,-5]","(2.92,3.65]",-7.5,3.2823438879145,8,8,TRUE
MMRd,Myeloid-mregDC,"(-10,-5]","(3.65,4.38]",-7.5,4.01175364078438,8,8,TRUE
MMRd,Myeloid-ISG,"(-10,-5]","(3.65,4.38]",-7.5,4.01175364078438,8,8,TRUE
MMRd,Myeloid-noDC-noGran,"(-10,-5]","(3.65,4.38]",-7.5,4.01175364078438,8,8,TRUE
MMRd,Tcd4-CXCL13,"(-10,-5]","(3.65,4.38]",-7.5,4.01175364078438,8,8,TRUE
MMRd,Tcd4-Treg-comb,"(-10,-5]","(3.65,4.38]",-7.5,4.01175364078438,8,8,TRUE
MMRd,Tcd8-CXCL13-comb,"(-10,-5]","(3.65,4.38]",-7.5,4.01175364078438,8,8,TRUE
MMRd,CD8-all,"(-10,-5]","(3.65,4.38]",-7.5,4.01175364078438,8,8,TRUE
MMRd,Tcd8-CXCL13-LAG3,"(-10,-5]","(3.65,4.38]",-7.5,4.01175364078438,8,8,TRUE
MMRd,Tcd8-GZMK,"(-10,-5]","(3.65,4.38]",-7.5,4.01175364078438,7,8,TRUE
MMRd,Tcd8-HOBIT,"(-10,-5]","(3.65,4.38]",-7.5,4.01175364078438,8,8,TRUE
MMRd,Tplzf-gdlike-comb,"(-10,-5]","(3.65,4.38]",-7.5,4.01175364078438,8,8,TRUE
MMRd,Myeloid-mregDC,"(-10,-5]","(4.38,5.11]",-7.5,4.74116339365427,8,8,TRUE
MMRd,Myeloid-ISG,"(-10,-5]","(4.38,5.11]",-7.5,4.74116339365427,8,8,TRUE
MMRd,Myeloid-noDC-noGran,"(-10,-5]","(4.38,5.11]",-7.5,4.74116339365427,8,8,TRUE
MMRd,Tcd4-CXCL13,"(-10,-5]","(4.38,5.11]",-7.5,4.74116339365427,7,8,TRUE
MMRd,Tcd4-Treg-comb,"(-10,-5]","(4.38,5.11]",-7.5,4.74116339365427,8,8,TRUE
MMRd,Tcd8-CXCL13-comb,"(-10,-5]","(4.38,5.11]",-7.5,4.74116339365427,7,8,TRUE
MMRd,CD8-all,"(-10,-5]","(4.38,5.11]",-7.5,4.74116339365427,8,8,TRUE
MMRd,Tcd8-CXCL13-LAG3,"(-10,-5]","(4.38,5.11]",-7.5,4.74116339365427,6,8,TRUE
MMRd,Tcd8-HOBIT,"(-10,-5]","(4.38,5.11]",-7.5,4.74116339365427,5,8,TRUE
MMRd,Tplzf-gdlike-comb,"(-10,-5]","(4.38,5.11]",-7.5,4.74116339365427,8,8,TRUE
MMRd,Myeloid-mregDC,"(-10,-5]","(5.11,5.84]",-7.5,5.47057314652416,6,8,TRUE
MMRd,Myeloid-ISG,"(-10,-5]","(5.11,5.84]",-7.5,5.47057314652416,7,8,TRUE
MMRd,Myeloid-noDC-noGran,"(-10,-5]","(5.11,5.84]",-7.5,5.47057314652416,7,8,TRUE
MMRd,Tcd4-CXCL13,"(-10,-5]","(5.11,5.84]",-7.5,5.47057314652416,5,8,TRUE
MMRd,Tcd4-Treg-comb,"(-10,-5]","(5.11,5.84]",-7.5,5.47057314652416,4,8,TRUE
MMRd,Tcd8-CXCL13-comb,"(-10,-5]","(5.11,5.84]",-7.5,5.47057314652416,4,8,TRUE
MMRd,CD8-all,"(-10,-5]","(5.11,5.84]",-7.5,5.47057314652416,5,8,TRUE
MMRd,Tcd8-CXCL13-LAG3,"(-10,-5]","(5.11,5.84]",-7.5,5.47057314652416,4,8,TRUE
MMRd,Tcd8-GZMK,"(-10,-5]","(5.11,5.84]",-7.5,5.47057314652416,4,8,TRUE
MMRd,Tcd8-HOBIT,"(-10,-5]","(5.11,5.84]",-7.5,5.47057314652416,4,8,TRUE
MMRd,Tplzf-gdlike-comb,"(-10,-5]","(5.11,5.84]",-7.5,5.47057314652416,3,8,FALSE
MMRd,Myeloid-mregDC,"(-10,-5]","(5.84,6.56]",-7.5,6.19998289939405,3,8,FALSE
MMRd,Myeloid-ISG,"(-10,-5]","(5.84,6.56]",-7.5,6.19998289939405,3,8,FALSE
MMRd,Myeloid-noDC-noGran,"(-10,-5]","(5.84,6.56]",-7.5,6.19998289939405,3,8,FALSE
MMRd,Tcd4-Treg-comb,"(-10,-5]","(5.84,6.56]",-7.5,6.19998289939405,2,8,FALSE
MMRd,Tcd8-CXCL13-comb,"(-10,-5]","(5.84,6.56]",-7.5,6.19998289939405,2,8,FALSE
MMRd,CD8-all,"(-10,-5]","(5.84,6.56]",-7.5,6.19998289939405,2,8,FALSE
MMRd,Tcd8-HOBIT,"(-10,-5]","(5.84,6.56]",-7.5,6.19998289939405,1,8,FALSE
MMRd,Myeloid-ISG,"(-10,-5]","[0,0.729]",-7.5,0.364704876434944,8,8,TRUE
MMRd,Myeloid-noDC-noGran,"(-10,-5]","[0,0.729]",-7.5,0.364704876434944,8,8,TRUE
MMRd,Tcd4-Treg-comb,"(-10,-5]","[0,0.729]",-7.5,0.364704876434944,8,8,TRUE
MMRd,Tcd8-CXCL13-comb,"(-10,-5]","[0,0.729]",-7.5,0.364704876434944,8,8,TRUE
MMRd,CD8-all,"(-10,-5]","[0,0.729]",-7.5,0.364704876434944,8,8,TRUE
MMRd,Tcd8-HOBIT,"(-10,-5]","[0,0.729]",-7.5,0.364704876434944,7,8,TRUE
MMRd,Tplzf-gdlike-comb,"(-10,-5]","[0,0.729]",-7.5,0.364704876434944,8,8,TRUE
MMRd,Myeloid-ISG,"(-15,-10]","(1.46,2.19]",-12.5,1.82352438217472,8,8,TRUE
MMRd,Myeloid-noDC-noGran,"(-15,-10]","(1.46,2.19]",-12.5,1.82352438217472,8,8,TRUE
MMRd,Tcd4-Treg-comb,"(-15,-10]","(1.46,2.19]",-12.5,1.82352438217472,8,8,TRUE
MMRd,Myeloid-mregDC,"(-15,-10]","(2.19,2.92]",-12.5,2.55293413504461,8,8,TRUE
MMRd,Myeloid-ISG,"(-15,-10]","(2.19,2.92]",-12.5,2.55293413504461,8,8,TRUE
MMRd,Myeloid-noDC-noGran,"(-15,-10]","(2.19,2.92]",-12.5,2.55293413504461,8,8,TRUE
MMRd,CD8-all,"(-15,-10]","(2.19,2.92]",-12.5,2.55293413504461,8,8,TRUE
MMRd,Myeloid-mregDC,"(-15,-10]","(2.92,3.65]",-12.5,3.2823438879145,8,8,TRUE
MMRd,Myeloid-ISG,"(-15,-10]","(2.92,3.65]",-12.5,3.2823438879145,8,8,TRUE
MMRd,Myeloid-noDC-noGran,"(-15,-10]","(2.92,3.65]",-12.5,3.2823438879145,8,8,TRUE
MMRd,Tcd4-Treg-comb,"(-15,-10]","(2.92,3.65]",-12.5,3.2823438879145,8,8,TRUE
MMRd,Tcd8-CXCL13-comb,"(-15,-10]","(2.92,3.65]",-12.5,3.2823438879145,8,8,TRUE
MMRd,CD8-all,"(-15,-10]","(2.92,3.65]",-12.5,3.2823438879145,8,8,TRUE
MMRd,Tcd8-GZMK,"(-15,-10]","(2.92,3.65]",-12.5,3.2823438879145,8,8,TRUE
MMRd,Myeloid-mregDC,"(-15,-10]","(3.65,4.38]",-12.5,4.01175364078438,8,8,TRUE
MMRd,Myeloid-ISG,"(-15,-10]","(3.65,4.38]",-12.5,4.01175364078438,8,8,TRUE
MMRd,Myeloid-noDC-noGran,"(-15,-10]","(3.65,4.38]",-12.5,4.01175364078438,8,8,TRUE
MMRd,Tcd4-Treg-comb,"(-15,-10]","(3.65,4.38]",-12.5,4.01175364078438,8,8,TRUE
MMRd,Tcd8-CXCL13-comb,"(-15,-10]","(3.65,4.38]",-12.5,4.01175364078438,8,8,TRUE
MMRd,CD8-all,"(-15,-10]","(3.65,4.38]",-12.5,4.01175364078438,8,8,TRUE
MMRd,Tcd8-CXCL13-LAG3,"(-15,-10]","(3.65,4.38]",-12.5,4.01175364078438,5,8,TRUE
MMRd,Tcd8-HOBIT,"(-15,-10]","(3.65,4.38]",-12.5,4.01175364078438,8,8,TRUE
MMRd,Tplzf-gdlike-comb,"(-15,-10]","(3.65,4.38]",-12.5,4.01175364078438,8,8,TRUE
MMRd,Myeloid-mregDC,"(-15,-10]","(4.38,5.11]",-12.5,4.74116339365427,7,8,TRUE
MMRd,Myeloid-ISG,"(-15,-10]","(4.38,5.11]",-12.5,4.74116339365427,8,8,TRUE
MMRd,Myeloid-noDC-noGran,"(-15,-10]","(4.38,5.11]",-12.5,4.74116339365427,8,8,TRUE
MMRd,Tcd4-CXCL13,"(-15,-10]","(4.38,5.11]",-12.5,4.74116339365427,8,8,TRUE
MMRd,Tcd4-Treg-comb,"(-15,-10]","(4.38,5.11]",-12.5,4.74116339365427,7,8,TRUE
MMRd,Tcd8-CXCL13-comb,"(-15,-10]","(4.38,5.11]",-12.5,4.74116339365427,8,8,TRUE
MMRd,CD8-all,"(-15,-10]","(4.38,5.11]",-12.5,4.74116339365427,8,8,TRUE
MMRd,Tcd8-CXCL13-LAG3,"(-15,-10]","(4.38,5.11]",-12.5,4.74116339365427,3,8,FALSE
MMRd,Tcd8-GZMK,"(-15,-10]","(4.38,5.11]",-12.5,4.74116339365427,5,8,TRUE
MMRd,Tcd8-HOBIT,"(-15,-10]","(4.38,5.11]",-12.5,4.74116339365427,6,8,TRUE
MMRd,Tplzf-gdlike-comb,"(-15,-10]","(4.38,5.11]",-12.5,4.74116339365427,8,8,TRUE
MMRd,Myeloid-mregDC,"(-15,-10]","(5.11,5.84]",-12.5,5.47057314652416,5,8,TRUE
MMRd,Myeloid-ISG,"(-15,-10]","(5.11,5.84]",-12.5,5.47057314652416,7,8,TRUE
MMRd,Myeloid-noDC-noGran,"(-15,-10]","(5.11,5.84]",-12.5,5.47057314652416,7,8,TRUE
MMRd,Tcd4-CXCL13,"(-15,-10]","(5.11,5.84]",-12.5,5.47057314652416,5,8,TRUE
MMRd,Tcd4-Treg-comb,"(-15,-10]","(5.11,5.84]",-12.5,5.47057314652416,5,8,TRUE
MMRd,Tcd8-CXCL13-comb,"(-15,-10]","(5.11,5.84]",-12.5,5.47057314652416,4,8,TRUE
MMRd,CD8-all,"(-15,-10]","(5.11,5.84]",-12.5,5.47057314652416,5,8,TRUE
MMRd,Tcd8-CXCL13-LAG3,"(-15,-10]","(5.11,5.84]",-12.5,5.47057314652416,3,8,FALSE
MMRd,Tcd8-GZMK,"(-15,-10]","(5.11,5.84]",-12.5,5.47057314652416,4,8,TRUE
MMRd,Tcd8-HOBIT,"(-15,-10]","(5.11,5.84]",-12.5,5.47057314652416,4,8,TRUE
MMRd,Tplzf-gdlike-comb,"(-15,-10]","(5.11,5.84]",-12.5,5.47057314652416,3,8,FALSE
MMRd,Myeloid-ISG,"(-15,-10]","(5.84,6.56]",-12.5,6.19998289939405,3,8,FALSE
MMRd,Myeloid-noDC-noGran,"(-15,-10]","(5.84,6.56]",-12.5,6.19998289939405,3,8,FALSE
MMRd,Tcd4-CXCL13,"(-15,-10]","(5.84,6.56]",-12.5,6.19998289939405,1,8,FALSE
MMRd,Tcd4-Treg-comb,"(-15,-10]","(5.84,6.56]",-12.5,6.19998289939405,1,8,FALSE
MMRd,Tplzf-gdlike-comb,"(-15,-10]","(5.84,6.56]",-12.5,6.19998289939405,1,8,FALSE
MMRd,Myeloid-mregDC,"(-15,-10]","[0,0.729]",-12.5,0.364704876434944,8,8,TRUE
MMRd,Myeloid-ISG,"(-15,-10]","[0,0.729]",-12.5,0.364704876434944,8,8,TRUE
MMRd,Myeloid-noDC-noGran,"(-15,-10]","[0,0.729]",-12.5,0.364704876434944,8,8,TRUE
MMRd,Tcd4-Treg-comb,"(-15,-10]","[0,0.729]",-12.5,0.364704876434944,8,8,TRUE
MMRd,Tplzf-gdlike-comb,"(-15,-10]","[0,0.729]",-12.5,0.364704876434944,7,8,TRUE
MMRd,Myeloid-ISG,"(-20,-15]","(1.46,2.19]",-17.5,1.82352438217472,8,8,TRUE
MMRd,Myeloid-noDC-noGran,"(-20,-15]","(1.46,2.19]",-17.5,1.82352438217472,8,8,TRUE
MMRd,Tplzf-gdlike-comb,"(-20,-15]","(1.46,2.19]",-17.5,1.82352438217472,5,8,TRUE
MMRd,Myeloid-ISG,"(-20,-15]","(2.19,2.92]",-17.5,2.55293413504461,8,8,TRUE
MMRd,Myeloid-noDC-noGran,"(-20,-15]","(2.19,2.92]",-17.5,2.55293413504461,8,8,TRUE
MMRd,Tcd4-Treg-comb,"(-20,-15]","(2.19,2.92]",-17.5,2.55293413504461,8,8,TRUE
MMRd,Tcd8-CXCL13-comb,"(-20,-15]","(2.19,2.92]",-17.5,2.55293413504461,8,8,TRUE
MMRd,CD8-all,"(-20,-15]","(2.19,2.92]",-17.5,2.55293413504461,8,8,TRUE
MMRd,Tcd8-HOBIT,"(-20,-15]","(2.19,2.92]",-17.5,2.55293413504461,7,8,TRUE
MMRd,Tplzf-gdlike-comb,"(-20,-15]","(2.19,2.92]",-17.5,2.55293413504461,7,8,TRUE
MMRd,Myeloid-ISG,"(-20,-15]","(2.92,3.65]",-17.5,3.2823438879145,8,8,TRUE
MMRd,Myeloid-noDC-noGran,"(-20,-15]","(2.92,3.65]",-17.5,3.2823438879145,8,8,TRUE
MMRd,Tcd4-CXCL13,"(-20,-15]","(2.92,3.65]",-17.5,3.2823438879145,8,8,TRUE
MMRd,Tcd4-Treg-comb,"(-20,-15]","(2.92,3.65]",-17.5,3.2823438879145,8,8,TRUE
MMRd,Tcd8-HOBIT,"(-20,-15]","(2.92,3.65]",-17.5,3.2823438879145,8,8,TRUE
MMRd,CD8-all,"(-20,-15]","(2.92,3.65]",-17.5,3.2823438879145,8,8,TRUE
MMRd,Myeloid-mregDC,"(-20,-15]","(3.65,4.38]",-17.5,4.01175364078438,8,8,TRUE
MMRd,Myeloid-ISG,"(-20,-15]","(3.65,4.38]",-17.5,4.01175364078438,8,8,TRUE
MMRd,Myeloid-noDC-noGran,"(-20,-15]","(3.65,4.38]",-17.5,4.01175364078438,8,8,TRUE
MMRd,Tcd4-CXCL13,"(-20,-15]","(3.65,4.38]",-17.5,4.01175364078438,8,8,TRUE
MMRd,Tcd4-Treg-comb,"(-20,-15]","(3.65,4.38]",-17.5,4.01175364078438,8,8,TRUE
MMRd,Tcd8-CXCL13-comb,"(-20,-15]","(3.65,4.38]",-17.5,4.01175364078438,8,8,TRUE
MMRd,CD8-all,"(-20,-15]","(3.65,4.38]",-17.5,4.01175364078438,8,8,TRUE
MMRd,Tcd8-HOBIT,"(-20,-15]","(3.65,4.38]",-17.5,4.01175364078438,7,8,TRUE
MMRd,Tplzf-gdlike-comb,"(-20,-15]","(3.65,4.38]",-17.5,4.01175364078438,7,8,TRUE
MMRd,Myeloid-mregDC,"(-20,-15]","(4.38,5.11]",-17.5,4.74116339365427,8,8,TRUE
MMRd,Myeloid-ISG,"(-20,-15]","(4.38,5.11]",-17.5,4.74116339365427,8,8,TRUE
MMRd,Myeloid-noDC-noGran,"(-20,-15]","(4.38,5.11]",-17.5,4.74116339365427,8,8,TRUE
MMRd,Tcd4-CXCL13,"(-20,-15]","(4.38,5.11]",-17.5,4.74116339365427,8,8,TRUE
MMRd,Tcd4-Treg-comb,"(-20,-15]","(4.38,5.11]",-17.5,4.74116339365427,7,8,TRUE
MMRd,Tcd8-CXCL13-comb,"(-20,-15]","(4.38,5.11]",-17.5,4.74116339365427,7,8,TRUE
MMRd,CD8-all,"(-20,-15]","(4.38,5.11]",-17.5,4.74116339365427,7,8,TRUE
MMRd,Tcd8-GZMK,"(-20,-15]","(4.38,5.11]",-17.5,4.74116339365427,6,8,TRUE
MMRd,Tcd8-HOBIT,"(-20,-15]","(4.38,5.11]",-17.5,4.74116339365427,6,8,TRUE
MMRd,Tplzf-gdlike-comb,"(-20,-15]","(4.38,5.11]",-17.5,4.74116339365427,6,8,TRUE
MMRd,Myeloid-mregDC,"(-20,-15]","(5.11,5.84]",-17.5,5.47057314652416,4,8,TRUE
MMRd,Myeloid-ISG,"(-20,-15]","(5.11,5.84]",-17.5,5.47057314652416,7,8,TRUE
MMRd,Myeloid-noDC-noGran,"(-20,-15]","(5.11,5.84]",-17.5,5.47057314652416,7,8,TRUE
MMRd,Tcd4-CXCL13,"(-20,-15]","(5.11,5.84]",-17.5,5.47057314652416,4,8,TRUE
MMRd,Tcd4-Treg-comb,"(-20,-15]","(5.11,5.84]",-17.5,5.47057314652416,5,8,TRUE
MMRd,Tcd8-CXCL13-comb,"(-20,-15]","(5.11,5.84]",-17.5,5.47057314652416,5,8,TRUE
MMRd,CD8-all,"(-20,-15]","(5.11,5.84]",-17.5,5.47057314652416,6,8,TRUE
MMRd,Tcd8-CXCL13-LAG3,"(-20,-15]","(5.11,5.84]",-17.5,5.47057314652416,4,8,TRUE
MMRd,Tcd8-HOBIT,"(-20,-15]","(5.11,5.84]",-17.5,5.47057314652416,3,8,FALSE
MMRd,Myeloid-mregDC,"(-20,-15]","[0,0.729]",-17.5,0.364704876434944,7,8,TRUE
MMRd,Myeloid-ISG,"(-20,-15]","[0,0.729]",-17.5,0.364704876434944,8,8,TRUE
MMRd,Myeloid-noDC-noGran,"(-20,-15]","[0,0.729]",-17.5,0.364704876434944,8,8,TRUE
MMRd,Tcd4-Treg-comb,"(-20,-15]","[0,0.729]",-17.5,0.364704876434944,8,8,TRUE
MMRd,Tplzf-gdlike-comb,"(-20,-15]","[0,0.729]",-17.5,0.364704876434944,6,8,TRUE
MMRd,Myeloid-mregDC,"(-25,-20]","(2.19,2.92]",-22.5,2.55293413504461,8,8,TRUE
MMRd,Myeloid-ISG,"(-25,-20]","(2.19,2.92]",-22.5,2.55293413504461,8,8,TRUE
MMRd,Myeloid-noDC-noGran,"(-25,-20]","(2.19,2.92]",-22.5,2.55293413504461,8,8,TRUE
MMRd,Tcd4-Treg-comb,"(-25,-20]","(2.19,2.92]",-22.5,2.55293413504461,8,8,TRUE
MMRd,Myeloid-mregDC,"(-25,-20]","(2.92,3.65]",-22.5,3.2823438879145,7,8,TRUE
MMRd,Myeloid-noDC-noGran,"(-25,-20]","(2.92,3.65]",-22.5,3.2823438879145,8,8,TRUE
MMRd,Tcd4-Treg-comb,"(-25,-20]","(2.92,3.65]",-22.5,3.2823438879145,8,8,TRUE
MMRd,Tcd8-CXCL13-comb,"(-25,-20]","(2.92,3.65]",-22.5,3.2823438879145,8,8,TRUE
MMRd,CD8-all,"(-25,-20]","(2.92,3.65]",-22.5,3.2823438879145,8,8,TRUE
MMRd,Tcd8-CXCL13-LAG3,"(-25,-20]","(2.92,3.65]",-22.5,3.2823438879145,6,8,TRUE
MMRd,Tplzf-gdlike-comb,"(-25,-20]","(2.92,3.65]",-22.5,3.2823438879145,7,8,TRUE
MMRd,Myeloid-mregDC,"(-25,-20]","(3.65,4.38]",-22.5,4.01175364078438,8,8,TRUE
MMRd,Myeloid-ISG,"(-25,-20]","(3.65,4.38]",-22.5,4.01175364078438,8,8,TRUE
MMRd,Myeloid-noDC-noGran,"(-25,-20]","(3.65,4.38]",-22.5,4.01175364078438,8,8,TRUE
MMRd,Tcd4-CXCL13,"(-25,-20]","(3.65,4.38]",-22.5,4.01175364078438,7,8,TRUE
MMRd,Tcd4-Treg-comb,"(-25,-20]","(3.65,4.38]",-22.5,4.01175364078438,8,8,TRUE
MMRd,Tcd8-CXCL13-comb,"(-25,-20]","(3.65,4.38]",-22.5,4.01175364078438,7,8,TRUE
MMRd,CD8-all,"(-25,-20]","(3.65,4.38]",-22.5,4.01175364078438,8,8,TRUE
MMRd,Tplzf-gdlike-comb,"(-25,-20]","(3.65,4.38]",-22.5,4.01175364078438,7,8,TRUE
MMRd,Myeloid-mregDC,"(-25,-20]","(4.38,5.11]",-22.5,4.74116339365427,6,8,TRUE
MMRd,Myeloid-ISG,"(-25,-20]","(4.38,5.11]",-22.5,4.74116339365427,7,8,TRUE
MMRd,Myeloid-noDC-noGran,"(-25,-20]","(4.38,5.11]",-22.5,4.74116339365427,7,8,TRUE
MMRd,Tcd4-Treg-comb,"(-25,-20]","(4.38,5.11]",-22.5,4.74116339365427,8,8,TRUE
MMRd,Tcd8-CXCL13-comb,"(-25,-20]","(4.38,5.11]",-22.5,4.74116339365427,7,8,TRUE
MMRd,CD8-all,"(-25,-20]","(4.38,5.11]",-22.5,4.74116339365427,7,8,TRUE
MMRd,Tcd8-HOBIT,"(-25,-20]","(4.38,5.11]",-22.5,4.74116339365427,4,8,TRUE
MMRd,Tplzf-gdlike-comb,"(-25,-20]","(4.38,5.11]",-22.5,4.74116339365427,4,8,TRUE
MMRd,Myeloid-mregDC,"(-25,-20]","(5.11,5.84]",-22.5,5.47057314652416,2,8,FALSE
MMRd,Myeloid-ISG,"(-25,-20]","(5.11,5.84]",-22.5,5.47057314652416,7,8,TRUE
MMRd,Myeloid-noDC-noGran,"(-25,-20]","(5.11,5.84]",-22.5,5.47057314652416,7,8,TRUE
MMRd,Tcd4-Treg-comb,"(-25,-20]","(5.11,5.84]",-22.5,5.47057314652416,6,8,TRUE
MMRd,Tcd8-CXCL13-LAG3,"(-25,-20]","(5.11,5.84]",-22.5,5.47057314652416,2,8,FALSE
MMRd,CD8-all,"(-25,-20]","(5.11,5.84]",-22.5,5.47057314652416,5,8,TRUE
MMRd,Tcd8-CXCL13-comb,"(-25,-20]","(5.11,5.84]",-22.5,5.47057314652416,2,8,FALSE
MMRd,Tcd8-HOBIT,"(-25,-20]","(5.11,5.84]",-22.5,5.47057314652416,4,8,TRUE
MMRd,Tplzf-gdlike-comb,"(-25,-20]","(5.11,5.84]",-22.5,5.47057314652416,3,8,FALSE
MMRd,Myeloid-ISG,"(-25,-20]","(5.84,6.56]",-22.5,6.19998289939405,2,8,FALSE
MMRd,Myeloid-noDC-noGran,"(-25,-20]","(5.84,6.56]",-22.5,6.19998289939405,2,8,FALSE
MMRd,Myeloid-mregDC,"(-25,-20]","[0,0.729]",-22.5,0.364704876434944,6,8,TRUE
MMRd,Myeloid-ISG,"(-25,-20]","[0,0.729]",-22.5,0.364704876434944,8,8,TRUE
MMRd,Myeloid-noDC-noGran,"(-25,-20]","[0,0.729]",-22.5,0.364704876434944,8,8,TRUE
MMRd,Tcd4-CXCL13,"(-25,-20]","[0,0.729]",-22.5,0.364704876434944,6,8,TRUE
MMRd,Tcd4-Treg-comb,"(-25,-20]","[0,0.729]",-22.5,0.364704876434944,8,8,TRUE
MMRd,Tcd8-HOBIT,"(-25,-20]","[0,0.729]",-22.5,0.364704876434944,7,8,TRUE
MMRd,CD8-all,"(-25,-20]","[0,0.729]",-22.5,0.364704876434944,8,8,TRUE
MMRd,Tplzf-gdlike-comb,"(-25,-20]","[0,0.729]",-22.5,0.364704876434944,7,8,TRUE
MMRd,Myeloid-ISG,"(-30,-25]","(2.19,2.92]",-27.5,2.55293413504461,8,8,TRUE
MMRd,Myeloid-noDC-noGran,"(-30,-25]","(2.19,2.92]",-27.5,2.55293413504461,8,8,TRUE
MMRd,Tcd4-Treg-comb,"(-30,-25]","(2.19,2.92]",-27.5,2.55293413504461,8,8,TRUE
MMRd,Tcd8-GZMK,"(-30,-25]","(2.19,2.92]",-27.5,2.55293413504461,8,8,TRUE
MMRd,CD8-all,"(-30,-25]","(2.19,2.92]",-27.5,2.55293413504461,8,8,TRUE
MMRd,Myeloid-mregDC,"(-30,-25]","(2.92,3.65]",-27.5,3.2823438879145,7,8,TRUE
MMRd,Myeloid-ISG,"(-30,-25]","(2.92,3.65]",-27.5,3.2823438879145,8,8,TRUE
MMRd,Myeloid-noDC-noGran,"(-30,-25]","(2.92,3.65]",-27.5,3.2823438879145,8,8,TRUE
MMRd,Tcd4-Treg-comb,"(-30,-25]","(2.92,3.65]",-27.5,3.2823438879145,8,8,TRUE
MMRd,Tcd8-GZMK,"(-30,-25]","(2.92,3.65]",-27.5,3.2823438879145,8,8,TRUE
MMRd,CD8-all,"(-30,-25]","(2.92,3.65]",-27.5,3.2823438879145,8,8,TRUE
MMRd,Tplzf-gdlike-comb,"(-30,-25]","(2.92,3.65]",-27.5,3.2823438879145,8,8,TRUE
MMRd,Myeloid-mregDC,"(-30,-25]","(3.65,4.38]",-27.5,4.01175364078438,7,8,TRUE
MMRd,Myeloid-ISG,"(-30,-25]","(3.65,4.38]",-27.5,4.01175364078438,8,8,TRUE
MMRd,Myeloid-noDC-noGran,"(-30,-25]","(3.65,4.38]",-27.5,4.01175364078438,8,8,TRUE
MMRd,Tcd4-CXCL13,"(-30,-25]","(3.65,4.38]",-27.5,4.01175364078438,8,8,TRUE
MMRd,Tcd4-Treg-comb,"(-30,-25]","(3.65,4.38]",-27.5,4.01175364078438,7,8,TRUE
MMRd,Tcd8-HOBIT,"(-30,-25]","(3.65,4.38]",-27.5,4.01175364078438,6,8,TRUE
MMRd,CD8-all,"(-30,-25]","(3.65,4.38]",-27.5,4.01175364078438,7,8,TRUE
MMRd,Myeloid-mregDC,"(-30,-25]","(4.38,5.11]",-27.5,4.74116339365427,7,8,TRUE
MMRd,Myeloid-ISG,"(-30,-25]","(4.38,5.11]",-27.5,4.74116339365427,7,8,TRUE
MMRd,Myeloid-noDC-noGran,"(-30,-25]","(4.38,5.11]",-27.5,4.74116339365427,8,8,TRUE
MMRd,Tcd4-CXCL13,"(-30,-25]","(4.38,5.11]",-27.5,4.74116339365427,6,8,TRUE
MMRd,Tcd4-Treg-comb,"(-30,-25]","(4.38,5.11]",-27.5,4.74116339365427,7,8,TRUE
MMRd,Tcd8-CXCL13-LAG3,"(-30,-25]","(4.38,5.11]",-27.5,4.74116339365427,4,8,TRUE
MMRd,CD8-all,"(-30,-25]","(4.38,5.11]",-27.5,4.74116339365427,7,8,TRUE
MMRd,Tcd8-CXCL13-comb,"(-30,-25]","(4.38,5.11]",-27.5,4.74116339365427,6,8,TRUE
MMRd,Tcd8-HOBIT,"(-30,-25]","(4.38,5.11]",-27.5,4.74116339365427,5,8,TRUE
MMRd,Myeloid-mregDC,"(-30,-25]","(5.11,5.84]",-27.5,5.47057314652416,4,8,TRUE
MMRd,Myeloid-ISG,"(-30,-25]","(5.11,5.84]",-27.5,5.47057314652416,6,8,TRUE
MMRd,Myeloid-noDC-noGran,"(-30,-25]","(5.11,5.84]",-27.5,5.47057314652416,7,8,TRUE
MMRd,Tcd4-Treg-comb,"(-30,-25]","(5.11,5.84]",-27.5,5.47057314652416,5,8,TRUE
MMRd,Myeloid-ISG,"(-30,-25]","(5.84,6.56]",-27.5,6.19998289939405,1,8,FALSE
MMRd,Myeloid-noDC-noGran,"(-30,-25]","(5.84,6.56]",-27.5,6.19998289939405,2,8,FALSE
MMRd,Tcd8-HOBIT,"(-30,-25]","(5.84,6.56]",-27.5,6.19998289939405,1,8,FALSE
MMRd,CD8-all,"(-30,-25]","(5.84,6.56]",-27.5,6.19998289939405,2,8,FALSE
MMRd,Myeloid-ISG,"(-30,-25]","[0,0.729]",-27.5,0.364704876434944,8,8,TRUE
MMRd,Myeloid-noDC-noGran,"(-30,-25]","[0,0.729]",-27.5,0.364704876434944,8,8,TRUE
MMRd,Tcd4-CXCL13,"(-30,-25]","[0,0.729]",-27.5,0.364704876434944,6,8,TRUE
MMRd,Tcd4-Treg-comb,"(-30,-25]","[0,0.729]",-27.5,0.364704876434944,8,8,TRUE
MMRd,Tcd8-CXCL13-LAG3,"(-30,-25]","[0,0.729]",-27.5,0.364704876434944,5,8,TRUE
MMRd,CD8-all,"(-30,-25]","[0,0.729]",-27.5,0.364704876434944,8,8,TRUE
MMRd,Tcd8-GZMK,"(-30,-25]","[0,0.729]",-27.5,0.364704876434944,6,8,TRUE
MMRd,Tcd8-HOBIT,"(-30,-25]","[0,0.729]",-27.5,0.364704876434944,7,8,TRUE
MMRd,Tplzf-gdlike-comb,"(-30,-25]","[0,0.729]",-27.5,0.364704876434944,6,8,TRUE
MMRd,Myeloid-noDC-noGran,"(-35,-30]","(1.46,2.19]",-32.5,1.82352438217472,8,8,TRUE
MMRd,Myeloid-noDC-noGran,"(-35,-30]","(2.19,2.92]",-32.5,2.55293413504461,8,8,TRUE
MMRd,Myeloid-ISG,"(-35,-30]","(2.92,3.65]",-32.5,3.2823438879145,7,8,TRUE
MMRd,Myeloid-noDC-noGran,"(-35,-30]","(2.92,3.65]",-32.5,3.2823438879145,8,8,TRUE
MMRd,Tcd4-Treg-comb,"(-35,-30]","(2.92,3.65]",-32.5,3.2823438879145,8,8,TRUE
MMRd,Tcd8-HOBIT,"(-35,-30]","(2.92,3.65]",-32.5,3.2823438879145,4,8,TRUE
MMRd,CD8-all,"(-35,-30]","(2.92,3.65]",-32.5,3.2823438879145,8,8,TRUE
MMRd,Myeloid-mregDC,"(-35,-30]","(3.65,4.38]",-32.5,4.01175364078438,6,8,TRUE
MMRd,Myeloid-ISG,"(-35,-30]","(3.65,4.38]",-32.5,4.01175364078438,8,8,TRUE
MMRd,Myeloid-noDC-noGran,"(-35,-30]","(3.65,4.38]",-32.5,4.01175364078438,8,8,TRUE
MMRd,Tcd4-CXCL13,"(-35,-30]","(3.65,4.38]",-32.5,4.01175364078438,7,8,TRUE
MMRd,Tcd4-Treg-comb,"(-35,-30]","(3.65,4.38]",-32.5,4.01175364078438,8,8,TRUE
MMRd,Tcd8-CXCL13-comb,"(-35,-30]","(3.65,4.38]",-32.5,4.01175364078438,7,8,TRUE
MMRd,CD8-all,"(-35,-30]","(3.65,4.38]",-32.5,4.01175364078438,7,8,TRUE
MMRd,Tplzf-gdlike-comb,"(-35,-30]","(3.65,4.38]",-32.5,4.01175364078438,5,8,TRUE
MMRd,Myeloid-mregDC,"(-35,-30]","(4.38,5.11]",-32.5,4.74116339365427,6,8,TRUE
MMRd,Myeloid-ISG,"(-35,-30]","(4.38,5.11]",-32.5,4.74116339365427,7,8,TRUE
MMRd,Myeloid-noDC-noGran,"(-35,-30]","(4.38,5.11]",-32.5,4.74116339365427,7,8,TRUE
MMRd,Tcd4-CXCL13,"(-35,-30]","(4.38,5.11]",-32.5,4.74116339365427,6,8,TRUE
MMRd,Tcd4-Treg-comb,"(-35,-30]","(4.38,5.11]",-32.5,4.74116339365427,6,8,TRUE
MMRd,Tcd8-CXCL13-comb,"(-35,-30]","(4.38,5.11]",-32.5,4.74116339365427,6,8,TRUE
MMRd,CD8-all,"(-35,-30]","(4.38,5.11]",-32.5,4.74116339365427,7,8,TRUE
MMRd,Tplzf-gdlike-comb,"(-35,-30]","(4.38,5.11]",-32.5,4.74116339365427,5,8,TRUE
MMRd,Myeloid-mregDC,"(-35,-30]","(5.11,5.84]",-32.5,5.47057314652416,3,8,FALSE
MMRd,Myeloid-ISG,"(-35,-30]","(5.11,5.84]",-32.5,5.47057314652416,6,8,TRUE
MMRd,Myeloid-noDC-noGran,"(-35,-30]","(5.11,5.84]",-32.5,5.47057314652416,7,8,TRUE
MMRd,Tcd4-Treg-comb,"(-35,-30]","(5.11,5.84]",-32.5,5.47057314652416,3,8,FALSE
MMRd,Tcd8-CXCL13-comb,"(-35,-30]","(5.11,5.84]",-32.5,5.47057314652416,2,8,FALSE
MMRd,CD8-all,"(-35,-30]","(5.11,5.84]",-32.5,5.47057314652416,4,8,TRUE
MMRd,Tcd8-CXCL13-LAG3,"(-35,-30]","(5.11,5.84]",-32.5,5.47057314652416,1,8,FALSE
MMRd,Tplzf-gdlike-comb,"(-35,-30]","(5.11,5.84]",-32.5,5.47057314652416,2,8,FALSE
MMRd,Myeloid-mregDC,"(-35,-30]","[0,0.729]",-32.5,0.364704876434944,8,8,TRUE
MMRd,Myeloid-ISG,"(-35,-30]","[0,0.729]",-32.5,0.364704876434944,8,8,TRUE
MMRd,Myeloid-noDC-noGran,"(-35,-30]","[0,0.729]",-32.5,0.364704876434944,8,8,TRUE
MMRd,Tcd4-Treg-comb,"(-35,-30]","[0,0.729]",-32.5,0.364704876434944,8,8,TRUE
MMRd,Myeloid-noDC-noGran,"(-40,-35]","(1.46,2.19]",-37.5,1.82352438217472,8,8,TRUE
MMRd,Myeloid-mregDC,"(-40,-35]","(2.19,2.92]",-37.5,2.55293413504461,7,8,TRUE
MMRd,Tcd8-HOBIT,"(-40,-35]","(2.19,2.92]",-37.5,2.55293413504461,5,8,TRUE
MMRd,CD8-all,"(-40,-35]","(2.19,2.92]",-37.5,2.55293413504461,8,8,TRUE
MMRd,Myeloid-mregDC,"(-40,-35]","(2.92,3.65]",-37.5,3.2823438879145,7,8,TRUE
MMRd,Myeloid-ISG,"(-40,-35]","(2.92,3.65]",-37.5,3.2823438879145,8,8,TRUE
MMRd,Myeloid-noDC-noGran,"(-40,-35]","(2.92,3.65]",-37.5,3.2823438879145,8,8,TRUE
MMRd,Tcd4-Treg-comb,"(-40,-35]","(2.92,3.65]",-37.5,3.2823438879145,8,8,TRUE
MMRd,Myeloid-mregDC,"(-40,-35]","(3.65,4.38]",-37.5,4.01175364078438,6,8,TRUE
MMRd,Myeloid-ISG,"(-40,-35]","(3.65,4.38]",-37.5,4.01175364078438,8,8,TRUE
MMRd,Myeloid-noDC-noGran,"(-40,-35]","(3.65,4.38]",-37.5,4.01175364078438,8,8,TRUE
MMRd,Tcd4-Treg-comb,"(-40,-35]","(3.65,4.38]",-37.5,4.01175364078438,7,8,TRUE
MMRd,Tcd8-CXCL13-comb,"(-40,-35]","(3.65,4.38]",-37.5,4.01175364078438,6,8,TRUE
MMRd,CD8-all,"(-40,-35]","(3.65,4.38]",-37.5,4.01175364078438,7,8,TRUE
MMRd,Tplzf-gdlike-comb,"(-40,-35]","(3.65,4.38]",-37.5,4.01175364078438,4,8,TRUE
MMRd,Myeloid-mregDC,"(-40,-35]","(4.38,5.11]",-37.5,4.74116339365427,7,8,TRUE
MMRd,Myeloid-ISG,"(-40,-35]","(4.38,5.11]",-37.5,4.74116339365427,7,8,TRUE
MMRd,Myeloid-noDC-noGran,"(-40,-35]","(4.38,5.11]",-37.5,4.74116339365427,7,8,TRUE
MMRd,Tcd4-CXCL13,"(-40,-35]","(4.38,5.11]",-37.5,4.74116339365427,7,8,TRUE
MMRd,Tcd4-Treg-comb,"(-40,-35]","(4.38,5.11]",-37.5,4.74116339365427,6,8,TRUE
MMRd,Tcd8-CXCL13-comb,"(-40,-35]","(4.38,5.11]",-37.5,4.74116339365427,6,8,TRUE
MMRd,CD8-all,"(-40,-35]","(4.38,5.11]",-37.5,4.74116339365427,7,8,TRUE
MMRd,Tcd8-HOBIT,"(-40,-35]","(4.38,5.11]",-37.5,4.74116339365427,4,8,TRUE
MMRd,Tplzf-gdlike-comb,"(-40,-35]","(4.38,5.11]",-37.5,4.74116339365427,4,8,TRUE
MMRd,Myeloid-mregDC,"(-40,-35]","(5.11,5.84]",-37.5,5.47057314652416,1,8,FALSE
MMRd,Myeloid-ISG,"(-40,-35]","(5.11,5.84]",-37.5,5.47057314652416,5,8,TRUE
MMRd,Myeloid-noDC-noGran,"(-40,-35]","(5.11,5.84]",-37.5,5.47057314652416,5,8,TRUE
MMRd,Tcd4-CXCL13,"(-40,-35]","(5.11,5.84]",-37.5,5.47057314652416,3,8,FALSE
MMRd,Tcd4-Treg-comb,"(-40,-35]","(5.11,5.84]",-37.5,5.47057314652416,2,8,FALSE
MMRd,Tcd8-CXCL13-comb,"(-40,-35]","(5.11,5.84]",-37.5,5.47057314652416,3,8,FALSE
MMRd,CD8-all,"(-40,-35]","(5.11,5.84]",-37.5,5.47057314652416,4,8,TRUE
MMRd,Tcd8-CXCL13-LAG3,"(-40,-35]","(5.11,5.84]",-37.5,5.47057314652416,2,8,FALSE
MMRd,Tplzf-gdlike-comb,"(-40,-35]","(5.11,5.84]",-37.5,5.47057314652416,1,8,FALSE
MMRd,Myeloid-mregDC,"(-40,-35]","(5.84,6.56]",-37.5,6.19998289939405,1,8,FALSE
MMRd,Myeloid-ISG,"(-40,-35]","(5.84,6.56]",-37.5,6.19998289939405,1,8,FALSE
MMRd,Myeloid-noDC-noGran,"(-40,-35]","(5.84,6.56]",-37.5,6.19998289939405,1,8,FALSE
MMRd,Myeloid-mregDC,"(-40,-35]","[0,0.729]",-37.5,0.364704876434944,5,8,TRUE
MMRd,Myeloid-ISG,"(-40,-35]","[0,0.729]",-37.5,0.364704876434944,8,8,TRUE
MMRd,Myeloid-noDC-noGran,"(-40,-35]","[0,0.729]",-37.5,0.364704876434944,8,8,TRUE
MMRd,Tcd4-CXCL13,"(-40,-35]","[0,0.729]",-37.5,0.364704876434944,7,8,TRUE
MMRd,Tcd4-Treg-comb,"(-40,-35]","[0,0.729]",-37.5,0.364704876434944,6,8,TRUE
MMRd,Myeloid-ISG,"(-45,-40]","(2.92,3.65]",-42.5,3.2823438879145,8,8,TRUE
MMRd,Myeloid-noDC-noGran,"(-45,-40]","(2.92,3.65]",-42.5,3.2823438879145,8,8,TRUE
MMRd,Myeloid-mregDC,"(-45,-40]","(3.65,4.38]",-42.5,4.01175364078438,6,8,TRUE
MMRd,Myeloid-ISG,"(-45,-40]","(3.65,4.38]",-42.5,4.01175364078438,7,8,TRUE
MMRd,Myeloid-noDC-noGran,"(-45,-40]","(3.65,4.38]",-42.5,4.01175364078438,8,8,TRUE
MMRd,Tcd4-CXCL13,"(-45,-40]","(3.65,4.38]",-42.5,4.01175364078438,5,8,TRUE
MMRd,Tcd4-Treg-comb,"(-45,-40]","(3.65,4.38]",-42.5,4.01175364078438,6,8,TRUE
MMRd,Tcd8-CXCL13-comb,"(-45,-40]","(3.65,4.38]",-42.5,4.01175364078438,7,8,TRUE
MMRd,CD8-all,"(-45,-40]","(3.65,4.38]",-42.5,4.01175364078438,7,8,TRUE
MMRd,Tcd8-HOBIT,"(-45,-40]","(3.65,4.38]",-42.5,4.01175364078438,3,8,FALSE
MMRd,Myeloid-ISG,"(-45,-40]","(4.38,5.11]",-42.5,4.74116339365427,7,8,TRUE
MMRd,Myeloid-noDC-noGran,"(-45,-40]","(4.38,5.11]",-42.5,4.74116339365427,7,8,TRUE
MMRd,Tcd4-CXCL13,"(-45,-40]","(4.38,5.11]",-42.5,4.74116339365427,2,8,FALSE
MMRd,Tcd4-Treg-comb,"(-45,-40]","(4.38,5.11]",-42.5,4.74116339365427,7,8,TRUE
MMRd,Tcd8-CXCL13-comb,"(-45,-40]","(4.38,5.11]",-42.5,4.74116339365427,6,8,TRUE
MMRd,CD8-all,"(-45,-40]","(4.38,5.11]",-42.5,4.74116339365427,6,8,TRUE
MMRd,Tcd8-HOBIT,"(-45,-40]","(4.38,5.11]",-42.5,4.74116339365427,3,8,FALSE
MMRd,Myeloid-mregDC,"(-45,-40]","(5.11,5.84]",-42.5,5.47057314652416,3,8,FALSE
MMRd,Myeloid-ISG,"(-45,-40]","(5.11,5.84]",-42.5,5.47057314652416,5,8,TRUE
MMRd,Myeloid-noDC-noGran,"(-45,-40]","(5.11,5.84]",-42.5,5.47057314652416,5,8,TRUE
MMRd,Tcd4-CXCL13,"(-45,-40]","(5.11,5.84]",-42.5,5.47057314652416,3,8,FALSE
MMRd,Tcd4-Treg-comb,"(-45,-40]","(5.11,5.84]",-42.5,5.47057314652416,1,8,FALSE
MMRd,Tcd8-CXCL13-LAG3,"(-45,-40]","(5.11,5.84]",-42.5,5.47057314652416,2,8,FALSE
MMRd,CD8-all,"(-45,-40]","(5.11,5.84]",-42.5,5.47057314652416,4,8,TRUE
MMRd,Tcd8-CXCL13-comb,"(-45,-40]","(5.11,5.84]",-42.5,5.47057314652416,4,8,TRUE
MMRd,Tcd8-HOBIT,"(-45,-40]","(5.11,5.84]",-42.5,5.47057314652416,2,8,FALSE
MMRd,Tplzf-gdlike-comb,"(-45,-40]","(5.11,5.84]",-42.5,5.47057314652416,1,8,FALSE
MMRd,Myeloid-noDC-noGran,"(-45,-40]","(5.84,6.56]",-42.5,6.19998289939405,2,8,FALSE
MMRd,Myeloid-mregDC,"(-45,-40]","[0,0.729]",-42.5,0.364704876434944,4,8,TRUE
MMRd,Myeloid-ISG,"(-45,-40]","[0,0.729]",-42.5,0.364704876434944,8,8,TRUE
MMRd,Myeloid-noDC-noGran,"(-45,-40]","[0,0.729]",-42.5,0.364704876434944,8,8,TRUE
MMRd,Tcd4-Treg-comb,"(-45,-40]","[0,0.729]",-42.5,0.364704876434944,7,8,TRUE
MMRd,Myeloid-mregDC,"(-5,0]","(1.46,2.19]",-2.5,1.82352438217472,8,8,TRUE
MMRd,Myeloid-ISG,"(-5,0]","(1.46,2.19]",-2.5,1.82352438217472,8,8,TRUE
MMRd,Myeloid-noDC-noGran,"(-5,0]","(1.46,2.19]",-2.5,1.82352438217472,8,8,TRUE
MMRd,Tcd4-CXCL13,"(-5,0]","(1.46,2.19]",-2.5,1.82352438217472,8,8,TRUE
MMRd,Tcd4-Treg-comb,"(-5,0]","(1.46,2.19]",-2.5,1.82352438217472,8,8,TRUE
MMRd,Tcd8-CXCL13-comb,"(-5,0]","(1.46,2.19]",-2.5,1.82352438217472,7,8,TRUE
MMRd,CD8-all,"(-5,0]","(1.46,2.19]",-2.5,1.82352438217472,8,8,TRUE
MMRd,Tcd8-GZMK,"(-5,0]","(1.46,2.19]",-2.5,1.82352438217472,8,8,TRUE
MMRd,Tcd8-HOBIT,"(-5,0]","(1.46,2.19]",-2.5,1.82352438217472,8,8,TRUE
MMRd,Tplzf-gdlike-comb,"(-5,0]","(1.46,2.19]",-2.5,1.82352438217472,8,8,TRUE
MMRd,Myeloid-mregDC,"(-5,0]","(2.19,2.92]",-2.5,2.55293413504461,8,8,TRUE
MMRd,Myeloid-ISG,"(-5,0]","(2.19,2.92]",-2.5,2.55293413504461,8,8,TRUE
MMRd,Myeloid-noDC-noGran,"(-5,0]","(2.19,2.92]",-2.5,2.55293413504461,8,8,TRUE
MMRd,Tcd4-CXCL13,"(-5,0]","(2.19,2.92]",-2.5,2.55293413504461,8,8,TRUE
MMRd,Tcd4-Treg-comb,"(-5,0]","(2.19,2.92]",-2.5,2.55293413504461,8,8,TRUE
MMRd,Tcd8-CXCL13-comb,"(-5,0]","(2.19,2.92]",-2.5,2.55293413504461,8,8,TRUE
MMRd,CD8-all,"(-5,0]","(2.19,2.92]",-2.5,2.55293413504461,8,8,TRUE
MMRd,Tcd8-CXCL13-LAG3,"(-5,0]","(2.19,2.92]",-2.5,2.55293413504461,8,8,TRUE
MMRd,Tplzf-gdlike-comb,"(-5,0]","(2.19,2.92]",-2.5,2.55293413504461,8,8,TRUE
MMRd,Myeloid-mregDC,"(-5,0]","(2.92,3.65]",-2.5,3.2823438879145,8,8,TRUE
MMRd,Myeloid-ISG,"(-5,0]","(2.92,3.65]",-2.5,3.2823438879145,8,8,TRUE
MMRd,Myeloid-noDC-noGran,"(-5,0]","(2.92,3.65]",-2.5,3.2823438879145,8,8,TRUE
MMRd,Tcd4-CXCL13,"(-5,0]","(2.92,3.65]",-2.5,3.2823438879145,8,8,TRUE
MMRd,Tcd4-Treg-comb,"(-5,0]","(2.92,3.65]",-2.5,3.2823438879145,8,8,TRUE
MMRd,Tcd8-CXCL13-comb,"(-5,0]","(2.92,3.65]",-2.5,3.2823438879145,8,8,TRUE
MMRd,CD8-all,"(-5,0]","(2.92,3.65]",-2.5,3.2823438879145,8,8,TRUE
MMRd,Tcd8-CXCL13-LAG3,"(-5,0]","(2.92,3.65]",-2.5,3.2823438879145,8,8,TRUE
MMRd,Tcd8-GZMK,"(-5,0]","(2.92,3.65]",-2.5,3.2823438879145,8,8,TRUE
MMRd,Tcd8-HOBIT,"(-5,0]","(2.92,3.65]",-2.5,3.2823438879145,8,8,TRUE
MMRd,Tplzf-gdlike-comb,"(-5,0]","(2.92,3.65]",-2.5,3.2823438879145,8,8,TRUE
MMRd,Myeloid-mregDC,"(-5,0]","(3.65,4.38]",-2.5,4.01175364078438,8,8,TRUE
MMRd,Myeloid-ISG,"(-5,0]","(3.65,4.38]",-2.5,4.01175364078438,8,8,TRUE
MMRd,Myeloid-noDC-noGran,"(-5,0]","(3.65,4.38]",-2.5,4.01175364078438,8,8,TRUE
MMRd,Tcd4-CXCL13,"(-5,0]","(3.65,4.38]",-2.5,4.01175364078438,8,8,TRUE
MMRd,Tcd4-Treg-comb,"(-5,0]","(3.65,4.38]",-2.5,4.01175364078438,8,8,TRUE
MMRd,Tcd8-CXCL13-comb,"(-5,0]","(3.65,4.38]",-2.5,4.01175364078438,8,8,TRUE
MMRd,CD8-all,"(-5,0]","(3.65,4.38]",-2.5,4.01175364078438,8,8,TRUE
MMRd,Tcd8-CXCL13-LAG3,"(-5,0]","(3.65,4.38]",-2.5,4.01175364078438,8,8,TRUE
MMRd,Tcd8-GZMK,"(-5,0]","(3.65,4.38]",-2.5,4.01175364078438,7,8,TRUE
MMRd,Tcd8-HOBIT,"(-5,0]","(3.65,4.38]",-2.5,4.01175364078438,8,8,TRUE
MMRd,Tplzf-gdlike-comb,"(-5,0]","(3.65,4.38]",-2.5,4.01175364078438,8,8,TRUE
MMRd,Myeloid-mregDC,"(-5,0]","(4.38,5.11]",-2.5,4.74116339365427,8,8,TRUE
MMRd,Myeloid-ISG,"(-5,0]","(4.38,5.11]",-2.5,4.74116339365427,8,8,TRUE
MMRd,Myeloid-noDC-noGran,"(-5,0]","(4.38,5.11]",-2.5,4.74116339365427,8,8,TRUE
MMRd,Tcd4-CXCL13,"(-5,0]","(4.38,5.11]",-2.5,4.74116339365427,8,8,TRUE
MMRd,Tcd4-Treg-comb,"(-5,0]","(4.38,5.11]",-2.5,4.74116339365427,8,8,TRUE
MMRd,Tcd8-CXCL13-comb,"(-5,0]","(4.38,5.11]",-2.5,4.74116339365427,8,8,TRUE
MMRd,CD8-all,"(-5,0]","(4.38,5.11]",-2.5,4.74116339365427,8,8,TRUE
MMRd,Tcd8-CXCL13-LAG3,"(-5,0]","(4.38,5.11]",-2.5,4.74116339365427,7,8,TRUE
MMRd,Tcd8-GZMK,"(-5,0]","(4.38,5.11]",-2.5,4.74116339365427,7,8,TRUE
MMRd,Tcd8-HOBIT,"(-5,0]","(4.38,5.11]",-2.5,4.74116339365427,7,8,TRUE
MMRd,Tplzf-gdlike-comb,"(-5,0]","(4.38,5.11]",-2.5,4.74116339365427,6,8,TRUE
MMRd,Myeloid-mregDC,"(-5,0]","(5.11,5.84]",-2.5,5.47057314652416,4,8,TRUE
MMRd,Myeloid-ISG,"(-5,0]","(5.11,5.84]",-2.5,5.47057314652416,7,8,TRUE
MMRd,Myeloid-noDC-noGran,"(-5,0]","(5.11,5.84]",-2.5,5.47057314652416,7,8,TRUE
MMRd,Tcd4-CXCL13,"(-5,0]","(5.11,5.84]",-2.5,5.47057314652416,4,8,TRUE
MMRd,Tcd4-Treg-comb,"(-5,0]","(5.11,5.84]",-2.5,5.47057314652416,6,8,TRUE
MMRd,Tcd8-CXCL13-comb,"(-5,0]","(5.11,5.84]",-2.5,5.47057314652416,4,8,TRUE
MMRd,CD8-all,"(-5,0]","(5.11,5.84]",-2.5,5.47057314652416,6,8,TRUE
MMRd,Tcd8-CXCL13-LAG3,"(-5,0]","(5.11,5.84]",-2.5,5.47057314652416,4,8,TRUE
MMRd,Tcd8-HOBIT,"(-5,0]","(5.11,5.84]",-2.5,5.47057314652416,5,8,TRUE
MMRd,Tplzf-gdlike-comb,"(-5,0]","(5.11,5.84]",-2.5,5.47057314652416,3,8,FALSE
MMRd,Myeloid-mregDC,"(-5,0]","(5.84,6.56]",-2.5,6.19998289939405,3,8,FALSE
MMRd,Myeloid-ISG,"(-5,0]","(5.84,6.56]",-2.5,6.19998289939405,4,8,TRUE
MMRd,Myeloid-noDC-noGran,"(-5,0]","(5.84,6.56]",-2.5,6.19998289939405,4,8,TRUE
MMRd,Tcd4-Treg-comb,"(-5,0]","(5.84,6.56]",-2.5,6.19998289939405,3,8,FALSE
MMRd,Tcd8-CXCL13-comb,"(-5,0]","(5.84,6.56]",-2.5,6.19998289939405,2,8,FALSE
MMRd,CD8-all,"(-5,0]","(5.84,6.56]",-2.5,6.19998289939405,2,8,FALSE
MMRd,Tcd8-CXCL13-LAG3,"(-5,0]","(5.84,6.56]",-2.5,6.19998289939405,1,8,FALSE
MMRd,Tplzf-gdlike-comb,"(-5,0]","(5.84,6.56]",-2.5,6.19998289939405,2,8,FALSE
MMRd,Myeloid-mregDC,"(-5,0]","[0,0.729]",-2.5,0.364704876434944,8,8,TRUE
MMRd,Myeloid-ISG,"(-5,0]","[0,0.729]",-2.5,0.364704876434944,8,8,TRUE
MMRd,Myeloid-noDC-noGran,"(-5,0]","[0,0.729]",-2.5,0.364704876434944,8,8,TRUE
MMRd,Tcd4-Treg-comb,"(-5,0]","[0,0.729]",-2.5,0.364704876434944,8,8,TRUE
MMRd,Tcd8-CXCL13-comb,"(-5,0]","[0,0.729]",-2.5,0.364704876434944,8,8,TRUE
MMRd,CD8-all,"(-5,0]","[0,0.729]",-2.5,0.364704876434944,8,8,TRUE
MMRd,Tcd8-HOBIT,"(-5,0]","[0,0.729]",-2.5,0.364704876434944,7,8,TRUE
MMRd,Tplzf-gdlike-comb,"(-5,0]","[0,0.729]",-2.5,0.364704876434944,8,8,TRUE
MMRd,Myeloid-mregDC,"(-50,-45]","(2.92,3.65]",-47.5,3.2823438879145,5,8,TRUE
MMRd,Myeloid-noDC-noGran,"(-50,-45]","(2.92,3.65]",-47.5,3.2823438879145,8,8,TRUE
MMRd,Tcd4-Treg-comb,"(-50,-45]","(2.92,3.65]",-47.5,3.2823438879145,7,8,TRUE
MMRd,Myeloid-mregDC,"(-50,-45]","(3.65,4.38]",-47.5,4.01175364078438,7,8,TRUE
MMRd,Myeloid-ISG,"(-50,-45]","(3.65,4.38]",-47.5,4.01175364078438,7,8,TRUE
MMRd,Myeloid-noDC-noGran,"(-50,-45]","(3.65,4.38]",-47.5,4.01175364078438,8,8,TRUE
MMRd,Tcd4-CXCL13,"(-50,-45]","(3.65,4.38]",-47.5,4.01175364078438,5,8,TRUE
MMRd,Tcd4-Treg-comb,"(-50,-45]","(3.65,4.38]",-47.5,4.01175364078438,8,8,TRUE
MMRd,Tcd8-GZMK,"(-50,-45]","(3.65,4.38]",-47.5,4.01175364078438,5,8,TRUE
MMRd,CD8-all,"(-50,-45]","(3.65,4.38]",-47.5,4.01175364078438,5,8,TRUE
MMRd,Tcd8-HOBIT,"(-50,-45]","(3.65,4.38]",-47.5,4.01175364078438,4,8,TRUE
MMRd,Tplzf-gdlike-comb,"(-50,-45]","(3.65,4.38]",-47.5,4.01175364078438,4,8,TRUE
MMRd,Myeloid-mregDC,"(-50,-45]","(4.38,5.11]",-47.5,4.74116339365427,5,8,TRUE
MMRd,Myeloid-ISG,"(-50,-45]","(4.38,5.11]",-47.5,4.74116339365427,7,8,TRUE
MMRd,Myeloid-noDC-noGran,"(-50,-45]","(4.38,5.11]",-47.5,4.74116339365427,7,8,TRUE
MMRd,Tcd4-Treg-comb,"(-50,-45]","(4.38,5.11]",-47.5,4.74116339365427,5,8,TRUE
MMRd,Tcd8-CXCL13-LAG3,"(-50,-45]","(4.38,5.11]",-47.5,4.74116339365427,2,8,FALSE
MMRd,CD8-all,"(-50,-45]","(4.38,5.11]",-47.5,4.74116339365427,7,8,TRUE
MMRd,Tcd8-CXCL13-comb,"(-50,-45]","(4.38,5.11]",-47.5,4.74116339365427,4,8,TRUE
MMRd,Myeloid-mregDC,"(-50,-45]","(5.11,5.84]",-47.5,5.47057314652416,3,8,FALSE
MMRd,Myeloid-ISG,"(-50,-45]","(5.11,5.84]",-47.5,5.47057314652416,4,8,TRUE
MMRd,Myeloid-noDC-noGran,"(-50,-45]","(5.11,5.84]",-47.5,5.47057314652416,4,8,TRUE
MMRd,Tcd4-Treg-comb,"(-50,-45]","(5.11,5.84]",-47.5,5.47057314652416,2,8,FALSE
MMRd,Myeloid-ISG,"(-50,-45]","(5.84,6.56]",-47.5,6.19998289939405,1,8,FALSE
MMRd,Myeloid-noDC-noGran,"(-50,-45]","(5.84,6.56]",-47.5,6.19998289939405,1,8,FALSE
MMRd,Myeloid-ISG,"(-50,-45]","[0,0.729]",-47.5,0.364704876434944,8,8,TRUE
MMRd,Myeloid-noDC-noGran,"(-50,-45]","[0,0.729]",-47.5,0.364704876434944,8,8,TRUE
MMRd,Myeloid-noDC-noGran,"(-55,-50]","(2.19,2.92]",-52.5,2.55293413504461,8,8,TRUE
MMRd,Tcd8-HOBIT,"(-55,-50]","(2.19,2.92]",-52.5,2.55293413504461,7,8,TRUE
MMRd,CD8-all,"(-55,-50]","(2.19,2.92]",-52.5,2.55293413504461,7,8,TRUE
MMRd,Myeloid-mregDC,"(-55,-50]","(2.92,3.65]",-52.5,3.2823438879145,5,8,TRUE
MMRd,Myeloid-noDC-noGran,"(-55,-50]","(2.92,3.65]",-52.5,3.2823438879145,8,8,TRUE
MMRd,Tcd4-Treg-comb,"(-55,-50]","(2.92,3.65]",-52.5,3.2823438879145,6,8,TRUE
MMRd,Tcd8-CXCL13-comb,"(-55,-50]","(2.92,3.65]",-52.5,3.2823438879145,6,8,TRUE
MMRd,CD8-all,"(-55,-50]","(2.92,3.65]",-52.5,3.2823438879145,7,8,TRUE
MMRd,Myeloid-ISG,"(-55,-50]","(3.65,4.38]",-52.5,4.01175364078438,7,8,TRUE
MMRd,Myeloid-noDC-noGran,"(-55,-50]","(3.65,4.38]",-52.5,4.01175364078438,8,8,TRUE
MMRd,Myeloid-mregDC,"(-55,-50]","(4.38,5.11]",-52.5,4.74116339365427,5,8,TRUE
MMRd,Myeloid-ISG,"(-55,-50]","(4.38,5.11]",-52.5,4.74116339365427,7,8,TRUE
MMRd,Myeloid-noDC-noGran,"(-55,-50]","(4.38,5.11]",-52.5,4.74116339365427,7,8,TRUE
MMRd,Tcd4-Treg-comb,"(-55,-50]","(4.38,5.11]",-52.5,4.74116339365427,6,8,TRUE
MMRd,Tcd8-CXCL13-LAG3,"(-55,-50]","(4.38,5.11]",-52.5,4.74116339365427,1,8,FALSE
MMRd,CD8-all,"(-55,-50]","(4.38,5.11]",-52.5,4.74116339365427,6,8,TRUE
MMRd,Tcd8-CXCL13-comb,"(-55,-50]","(4.38,5.11]",-52.5,4.74116339365427,4,8,TRUE
MMRd,Tcd8-HOBIT,"(-55,-50]","(4.38,5.11]",-52.5,4.74116339365427,4,8,TRUE
MMRd,Myeloid-mregDC,"(-55,-50]","(5.11,5.84]",-52.5,5.47057314652416,2,8,FALSE
MMRd,Myeloid-ISG,"(-55,-50]","(5.11,5.84]",-52.5,5.47057314652416,4,8,TRUE
MMRd,Myeloid-noDC-noGran,"(-55,-50]","(5.11,5.84]",-52.5,5.47057314652416,4,8,TRUE
MMRd,Tcd4-Treg-comb,"(-55,-50]","(5.11,5.84]",-52.5,5.47057314652416,3,8,FALSE
MMRd,Tcd8-CXCL13-comb,"(-55,-50]","(5.11,5.84]",-52.5,5.47057314652416,2,8,FALSE
MMRd,CD8-all,"(-55,-50]","(5.11,5.84]",-52.5,5.47057314652416,3,8,FALSE
MMRd,Tplzf-gdlike-comb,"(-55,-50]","(5.11,5.84]",-52.5,5.47057314652416,2,8,FALSE
MMRd,Myeloid-ISG,"(-55,-50]","(5.84,6.56]",-52.5,6.19998289939405,1,8,FALSE
MMRd,Myeloid-noDC-noGran,"(-55,-50]","(5.84,6.56]",-52.5,6.19998289939405,1,8,FALSE
MMRd,Myeloid-ISG,"(-55,-50]","[0,0.729]",-52.5,0.364704876434944,8,8,TRUE
MMRd,Myeloid-noDC-noGran,"(-55,-50]","[0,0.729]",-52.5,0.364704876434944,8,8,TRUE
MMRd,Tcd8-CXCL13-comb,"(-55,-50]","[0,0.729]",-52.5,0.364704876434944,6,8,TRUE
MMRd,CD8-all,"(-55,-50]","[0,0.729]",-52.5,0.364704876434944,7,8,TRUE
MMRd,Myeloid-mregDC,"(-60,-55]","(2.92,3.65]",-57.5,3.2823438879145,6,8,TRUE
MMRd,Myeloid-noDC-noGran,"(-60,-55]","(2.92,3.65]",-57.5,3.2823438879145,8,8,TRUE
MMRd,Myeloid-mregDC,"(-60,-55]","(3.65,4.38]",-57.5,4.01175364078438,7,8,TRUE
MMRd,Myeloid-ISG,"(-60,-55]","(3.65,4.38]",-57.5,4.01175364078438,8,8,TRUE
MMRd,Myeloid-noDC-noGran,"(-60,-55]","(3.65,4.38]",-57.5,4.01175364078438,8,8,TRUE
MMRd,Tcd4-Treg-comb,"(-60,-55]","(3.65,4.38]",-57.5,4.01175364078438,7,8,TRUE
MMRd,Tcd8-GZMK,"(-60,-55]","(3.65,4.38]",-57.5,4.01175364078438,2,8,FALSE
MMRd,CD8-all,"(-60,-55]","(3.65,4.38]",-57.5,4.01175364078438,6,8,TRUE
MMRd,Tcd8-HOBIT,"(-60,-55]","(3.65,4.38]",-57.5,4.01175364078438,3,8,FALSE
MMRd,Tplzf-gdlike-comb,"(-60,-55]","(3.65,4.38]",-57.5,4.01175364078438,2,8,FALSE
MMRd,Myeloid-mregDC,"(-60,-55]","(4.38,5.11]",-57.5,4.74116339365427,5,8,TRUE
MMRd,Myeloid-ISG,"(-60,-55]","(4.38,5.11]",-57.5,4.74116339365427,7,8,TRUE
MMRd,Myeloid-noDC-noGran,"(-60,-55]","(4.38,5.11]",-57.5,4.74116339365427,7,8,TRUE
MMRd,Tcd4-Treg-comb,"(-60,-55]","(4.38,5.11]",-57.5,4.74116339365427,5,8,TRUE
MMRd,Tcd8-HOBIT,"(-60,-55]","(4.38,5.11]",-57.5,4.74116339365427,2,8,FALSE
MMRd,CD8-all,"(-60,-55]","(4.38,5.11]",-57.5,4.74116339365427,5,8,TRUE
MMRd,Myeloid-mregDC,"(-60,-55]","(5.11,5.84]",-57.5,5.47057314652416,1,8,FALSE
MMRd,Myeloid-ISG,"(-60,-55]","(5.11,5.84]",-57.5,5.47057314652416,4,8,TRUE
MMRd,Myeloid-noDC-noGran,"(-60,-55]","(5.11,5.84]",-57.5,5.47057314652416,4,8,TRUE
MMRd,Tcd4-CXCL13,"(-60,-55]","(5.11,5.84]",-57.5,5.47057314652416,3,8,FALSE
MMRd,Tcd4-Treg-comb,"(-60,-55]","(5.11,5.84]",-57.5,5.47057314652416,2,8,FALSE
MMRd,Myeloid-mregDC,"(-60,-55]","(5.84,6.56]",-57.5,6.19998289939405,1,8,FALSE
MMRd,Myeloid-ISG,"(-60,-55]","(5.84,6.56]",-57.5,6.19998289939405,1,8,FALSE
MMRd,Myeloid-noDC-noGran,"(-60,-55]","(5.84,6.56]",-57.5,6.19998289939405,1,8,FALSE
MMRd,Myeloid-mregDC,"(-60,-55]","[0,0.729]",-57.5,0.364704876434944,7,8,TRUE
MMRd,Myeloid-ISG,"(-60,-55]","[0,0.729]",-57.5,0.364704876434944,8,8,TRUE
MMRd,Myeloid-noDC-noGran,"(-60,-55]","[0,0.729]",-57.5,0.364704876434944,8,8,TRUE
MMRd,Tcd4-CXCL13,"(-60,-55]","[0,0.729]",-57.5,0.364704876434944,4,8,TRUE
MMRd,Tcd4-Treg-comb,"(-60,-55]","[0,0.729]",-57.5,0.364704876434944,7,8,TRUE
MMRd,Tcd8-GZMK,"(-60,-55]","[0,0.729]",-57.5,0.364704876434944,5,8,TRUE
MMRd,CD8-all,"(-60,-55]","[0,0.729]",-57.5,0.364704876434944,7,8,TRUE
MMRd,Myeloid-noDC-noGran,"(-65,-60]","(2.92,3.65]",-62.5,3.2823438879145,8,8,TRUE
MMRd,Tcd4-CXCL13,"(-65,-60]","(2.92,3.65]",-62.5,3.2823438879145,5,8,TRUE
MMRd,Myeloid-ISG,"(-65,-60]","(3.65,4.38]",-62.5,4.01175364078438,7,8,TRUE
MMRd,Myeloid-noDC-noGran,"(-65,-60]","(3.65,4.38]",-62.5,4.01175364078438,7,8,TRUE
MMRd,Tcd4-CXCL13,"(-65,-60]","(3.65,4.38]",-62.5,4.01175364078438,3,8,FALSE
MMRd,Tcd4-Treg-comb,"(-65,-60]","(3.65,4.38]",-62.5,4.01175364078438,5,8,TRUE
MMRd,Myeloid-mregDC,"(-65,-60]","(4.38,5.11]",-62.5,4.74116339365427,3,8,FALSE
MMRd,Myeloid-ISG,"(-65,-60]","(4.38,5.11]",-62.5,4.74116339365427,6,8,TRUE
MMRd,Myeloid-noDC-noGran,"(-65,-60]","(4.38,5.11]",-62.5,4.74116339365427,6,8,TRUE
MMRd,Tcd4-CXCL13,"(-65,-60]","(4.38,5.11]",-62.5,4.74116339365427,2,8,FALSE
MMRd,Tcd4-Treg-comb,"(-65,-60]","(4.38,5.11]",-62.5,4.74116339365427,4,8,TRUE
MMRd,Tcd8-CXCL13-comb,"(-65,-60]","(4.38,5.11]",-62.5,4.74116339365427,3,8,FALSE
MMRd,CD8-all,"(-65,-60]","(4.38,5.11]",-62.5,4.74116339365427,5,8,TRUE
MMRd,Tcd8-HOBIT,"(-65,-60]","(4.38,5.11]",-62.5,4.74116339365427,4,8,TRUE
MMRd,Tplzf-gdlike-comb,"(-65,-60]","(4.38,5.11]",-62.5,4.74116339365427,2,8,FALSE
MMRd,Myeloid-ISG,"(-65,-60]","(5.11,5.84]",-62.5,5.47057314652416,4,8,TRUE
MMRd,Myeloid-noDC-noGran,"(-65,-60]","(5.11,5.84]",-62.5,5.47057314652416,4,8,TRUE
MMRd,Tcd4-Treg-comb,"(-65,-60]","(5.11,5.84]",-62.5,5.47057314652416,1,8,FALSE
MMRd,Tcd8-CXCL13-comb,"(-65,-60]","(5.11,5.84]",-62.5,5.47057314652416,1,8,FALSE
MMRd,CD8-all,"(-65,-60]","(5.11,5.84]",-62.5,5.47057314652416,2,8,FALSE
MMRd,Myeloid-noDC-noGran,"(-65,-60]","(5.84,6.56]",-62.5,6.19998289939405,1,8,FALSE
MMRd,Myeloid-mregDC,"(-65,-60]","[0,0.729]",-62.5,0.364704876434944,5,8,TRUE
MMRd,Myeloid-ISG,"(-65,-60]","[0,0.729]",-62.5,0.364704876434944,8,8,TRUE
MMRd,Myeloid-noDC-noGran,"(-65,-60]","[0,0.729]",-62.5,0.364704876434944,8,8,TRUE
MMRd,Myeloid-mregDC,"(-70,-65]","(2.92,3.65]",-67.5,3.2823438879145,5,8,TRUE
MMRd,Myeloid-noDC-noGran,"(-70,-65]","(2.92,3.65]",-67.5,3.2823438879145,8,8,TRUE
MMRd,Myeloid-mregDC,"(-70,-65]","(3.65,4.38]",-67.5,4.01175364078438,4,8,TRUE
MMRd,Myeloid-ISG,"(-70,-65]","(3.65,4.38]",-67.5,4.01175364078438,7,8,TRUE
MMRd,Myeloid-noDC-noGran,"(-70,-65]","(3.65,4.38]",-67.5,4.01175364078438,8,8,TRUE
MMRd,Tcd4-Treg-comb,"(-70,-65]","(3.65,4.38]",-67.5,4.01175364078438,7,8,TRUE
MMRd,Tcd8-CXCL13-comb,"(-70,-65]","(3.65,4.38]",-67.5,4.01175364078438,6,8,TRUE
MMRd,CD8-all,"(-70,-65]","(3.65,4.38]",-67.5,4.01175364078438,7,8,TRUE
MMRd,Tcd8-HOBIT,"(-70,-65]","(3.65,4.38]",-67.5,4.01175364078438,4,8,TRUE
MMRd,Myeloid-mregDC,"(-70,-65]","(4.38,5.11]",-67.5,4.74116339365427,2,8,FALSE
MMRd,Myeloid-ISG,"(-70,-65]","(4.38,5.11]",-67.5,4.74116339365427,6,8,TRUE
MMRd,Myeloid-noDC-noGran,"(-70,-65]","(4.38,5.11]",-67.5,4.74116339365427,6,8,TRUE
MMRd,Tcd4-CXCL13,"(-70,-65]","(4.38,5.11]",-67.5,4.74116339365427,3,8,FALSE
MMRd,Tcd4-Treg-comb,"(-70,-65]","(4.38,5.11]",-67.5,4.74116339365427,3,8,FALSE
MMRd,Tcd8-CXCL13-comb,"(-70,-65]","(4.38,5.11]",-67.5,4.74116339365427,2,8,FALSE
MMRd,CD8-all,"(-70,-65]","(4.38,5.11]",-67.5,4.74116339365427,5,8,TRUE
MMRd,Myeloid-ISG,"(-70,-65]","(5.11,5.84]",-67.5,5.47057314652416,4,8,TRUE
MMRd,Myeloid-noDC-noGran,"(-70,-65]","(5.11,5.84]",-67.5,5.47057314652416,4,8,TRUE
MMRd,Tcd4-CXCL13,"(-70,-65]","(5.11,5.84]",-67.5,5.47057314652416,1,8,FALSE
MMRd,Myeloid-mregDC,"(-70,-65]","[0,0.729]",-67.5,0.364704876434944,5,8,TRUE
MMRd,Myeloid-ISG,"(-70,-65]","[0,0.729]",-67.5,0.364704876434944,7,8,TRUE
MMRd,Myeloid-noDC-noGran,"(-70,-65]","[0,0.729]",-67.5,0.364704876434944,8,8,TRUE
MMRd,Tcd4-Treg-comb,"(-70,-65]","[0,0.729]",-67.5,0.364704876434944,7,8,TRUE
MMRd,Tcd8-CXCL13-comb,"(-70,-65]","[0,0.729]",-67.5,0.364704876434944,5,8,TRUE
MMRd,CD8-all,"(-70,-65]","[0,0.729]",-67.5,0.364704876434944,6,8,TRUE
MMRd,Tcd8-HOBIT,"(-70,-65]","[0,0.729]",-67.5,0.364704876434944,5,8,TRUE
MMRd,Tplzf-gdlike-comb,"(-70,-65]","[0,0.729]",-67.5,0.364704876434944,4,8,TRUE
MMRd,Myeloid-mregDC,"(-75,-70]","(2.92,3.65]",-72.5,3.2823438879145,5,8,TRUE
MMRd,Myeloid-noDC-noGran,"(-75,-70]","(2.92,3.65]",-72.5,3.2823438879145,8,8,TRUE
MMRd,Tcd4-Treg-comb,"(-75,-70]","(2.92,3.65]",-72.5,3.2823438879145,7,8,TRUE
MMRd,Myeloid-mregDC,"(-75,-70]","(3.65,4.38]",-72.5,4.01175364078438,4,8,TRUE
MMRd,Myeloid-ISG,"(-75,-70]","(3.65,4.38]",-72.5,4.01175364078438,7,8,TRUE
MMRd,Myeloid-noDC-noGran,"(-75,-70]","(3.65,4.38]",-72.5,4.01175364078438,7,8,TRUE
MMRd,Tcd4-Treg-comb,"(-75,-70]","(3.65,4.38]",-72.5,4.01175364078438,4,8,TRUE
MMRd,Tcd8-GZMK,"(-75,-70]","(3.65,4.38]",-72.5,4.01175364078438,3,8,FALSE
MMRd,CD8-all,"(-75,-70]","(3.65,4.38]",-72.5,4.01175364078438,6,8,TRUE
MMRd,Myeloid-mregDC,"(-75,-70]","(4.38,5.11]",-72.5,4.74116339365427,2,8,FALSE
MMRd,Myeloid-ISG,"(-75,-70]","(4.38,5.11]",-72.5,4.74116339365427,5,8,TRUE
MMRd,Myeloid-noDC-noGran,"(-75,-70]","(4.38,5.11]",-72.5,4.74116339365427,6,8,TRUE
MMRd,Tcd4-CXCL13,"(-75,-70]","(4.38,5.11]",-72.5,4.74116339365427,2,8,FALSE
MMRd,Tcd4-Treg-comb,"(-75,-70]","(4.38,5.11]",-72.5,4.74116339365427,3,8,FALSE
MMRd,Tcd8-CXCL13-LAG3,"(-75,-70]","(4.38,5.11]",-72.5,4.74116339365427,1,8,FALSE
MMRd,CD8-all,"(-75,-70]","(4.38,5.11]",-72.5,4.74116339365427,5,8,TRUE
MMRd,Tplzf-gdlike-comb,"(-75,-70]","(4.38,5.11]",-72.5,4.74116339365427,2,8,FALSE
MMRd,Myeloid-mregDC,"(-75,-70]","(5.11,5.84]",-72.5,5.47057314652416,1,8,FALSE
MMRd,Myeloid-ISG,"(-75,-70]","(5.11,5.84]",-72.5,5.47057314652416,4,8,TRUE
MMRd,Myeloid-noDC-noGran,"(-75,-70]","(5.11,5.84]",-72.5,5.47057314652416,4,8,TRUE
MMRd,Tcd4-CXCL13,"(-75,-70]","(5.11,5.84]",-72.5,5.47057314652416,1,8,FALSE
MMRd,Tcd4-Treg-comb,"(-75,-70]","(5.11,5.84]",-72.5,5.47057314652416,2,8,FALSE
MMRd,Tcd8-CXCL13-comb,"(-75,-70]","(5.11,5.84]",-72.5,5.47057314652416,3,8,FALSE
MMRd,CD8-all,"(-75,-70]","(5.11,5.84]",-72.5,5.47057314652416,4,8,TRUE
MMRd,Myeloid-ISG,"(-75,-70]","[0,0.729]",-72.5,0.364704876434944,8,8,TRUE
MMRd,Myeloid-noDC-noGran,"(-75,-70]","[0,0.729]",-72.5,0.364704876434944,8,8,TRUE
MMRd,Tcd4-Treg-comb,"(-75,-70]","[0,0.729]",-72.5,0.364704876434944,6,8,TRUE
MMRd,Myeloid-ISG,"(-80,-75]","(2.92,3.65]",-77.5,3.2823438879145,7,8,TRUE
MMRd,Myeloid-noDC-noGran,"(-80,-75]","(2.92,3.65]",-77.5,3.2823438879145,8,8,TRUE
MMRd,Myeloid-ISG,"(-80,-75]","(3.65,4.38]",-77.5,4.01175364078438,5,8,TRUE
MMRd,Myeloid-noDC-noGran,"(-80,-75]","(3.65,4.38]",-77.5,4.01175364078438,7,8,TRUE
MMRd,Myeloid-mregDC,"(-80,-75]","(4.38,5.11]",-77.5,4.74116339365427,3,8,FALSE
MMRd,Myeloid-ISG,"(-80,-75]","(4.38,5.11]",-77.5,4.74116339365427,6,8,TRUE
MMRd,Myeloid-noDC-noGran,"(-80,-75]","(4.38,5.11]",-77.5,4.74116339365427,6,8,TRUE
MMRd,Tcd4-CXCL13,"(-80,-75]","(4.38,5.11]",-77.5,4.74116339365427,3,8,FALSE
MMRd,Tcd4-Treg-comb,"(-80,-75]","(4.38,5.11]",-77.5,4.74116339365427,3,8,FALSE
MMRd,Tplzf-gdlike-comb,"(-80,-75]","(4.38,5.11]",-77.5,4.74116339365427,1,8,FALSE
MMRd,Myeloid-mregDC,"(-80,-75]","(5.11,5.84]",-77.5,5.47057314652416,2,8,FALSE
MMRd,Myeloid-ISG,"(-80,-75]","(5.11,5.84]",-77.5,5.47057314652416,4,8,TRUE
MMRd,Myeloid-noDC-noGran,"(-80,-75]","(5.11,5.84]",-77.5,5.47057314652416,4,8,TRUE
MMRd,Tcd4-Treg-comb,"(-80,-75]","(5.11,5.84]",-77.5,5.47057314652416,1,8,FALSE
MMRd,Myeloid-mregDC,"(-80,-75]","[0,0.729]",-77.5,0.364704876434944,4,8,TRUE
MMRd,Myeloid-ISG,"(-80,-75]","[0,0.729]",-77.5,0.364704876434944,8,8,TRUE
MMRd,Myeloid-noDC-noGran,"(-80,-75]","[0,0.729]",-77.5,0.364704876434944,8,8,TRUE
MMRd,Tcd4-Treg-comb,"(-80,-75]","[0,0.729]",-77.5,0.364704876434944,5,8,TRUE
MMRd,Tcd8-CXCL13-comb,"(-80,-75]","[0,0.729]",-77.5,0.364704876434944,3,8,FALSE
MMRd,CD8-all,"(-80,-75]","[0,0.729]",-77.5,0.364704876434944,4,8,TRUE
MMRd,Tcd8-HOBIT,"(-80,-75]","[0,0.729]",-77.5,0.364704876434944,4,8,TRUE
MMRd,Myeloid-noDC-noGran,"(-85,-80]","(2.92,3.65]",-82.5,3.2823438879145,8,8,TRUE
MMRd,CD8-all,"(-85,-80]","(2.92,3.65]",-82.5,3.2823438879145,4,8,TRUE
MMRd,Myeloid-ISG,"(-85,-80]","(3.65,4.38]",-82.5,4.01175364078438,5,8,TRUE
MMRd,Myeloid-noDC-noGran,"(-85,-80]","(3.65,4.38]",-82.5,4.01175364078438,7,8,TRUE
MMRd,Myeloid-ISG,"(-85,-80]","(4.38,5.11]",-82.5,4.74116339365427,5,8,TRUE
MMRd,Myeloid-noDC-noGran,"(-85,-80]","(4.38,5.11]",-82.5,4.74116339365427,5,8,TRUE
MMRd,Tcd4-CXCL13,"(-85,-80]","(4.38,5.11]",-82.5,4.74116339365427,3,8,FALSE
MMRd,Tcd4-Treg-comb,"(-85,-80]","(4.38,5.11]",-82.5,4.74116339365427,4,8,TRUE
MMRd,Tcd8-CXCL13-comb,"(-85,-80]","(4.38,5.11]",-82.5,4.74116339365427,2,8,FALSE
MMRd,CD8-all,"(-85,-80]","(4.38,5.11]",-82.5,4.74116339365427,3,8,FALSE
MMRd,Myeloid-ISG,"(-85,-80]","(5.11,5.84]",-82.5,5.47057314652416,3,8,FALSE
MMRd,Myeloid-noDC-noGran,"(-85,-80]","(5.11,5.84]",-82.5,5.47057314652416,3,8,FALSE
MMRd,Tcd4-CXCL13,"(-85,-80]","(5.11,5.84]",-82.5,5.47057314652416,3,8,FALSE
MMRd,Myeloid-ISG,"(-85,-80]","[0,0.729]",-82.5,0.364704876434944,8,8,TRUE
MMRd,Myeloid-noDC-noGran,"(-85,-80]","[0,0.729]",-82.5,0.364704876434944,8,8,TRUE
MMRd,Tcd4-Treg-comb,"(-85,-80]","[0,0.729]",-82.5,0.364704876434944,5,8,TRUE
MMRd,Tplzf-gdlike-comb,"(-85,-80]","[0,0.729]",-82.5,0.364704876434944,5,8,TRUE
MMRd,Myeloid-mregDC,"(-90,-85]","(2.92,3.65]",-87.5,3.2823438879145,3,8,FALSE
MMRd,Myeloid-ISG,"(-90,-85]","(2.92,3.65]",-87.5,3.2823438879145,8,8,TRUE
MMRd,Myeloid-noDC-noGran,"(-90,-85]","(2.92,3.65]",-87.5,3.2823438879145,8,8,TRUE
MMRd,Myeloid-mregDC,"(-90,-85]","(3.65,4.38]",-87.5,4.01175364078438,2,8,FALSE
MMRd,Myeloid-ISG,"(-90,-85]","(3.65,4.38]",-87.5,4.01175364078438,6,8,TRUE
MMRd,Myeloid-noDC-noGran,"(-90,-85]","(3.65,4.38]",-87.5,4.01175364078438,8,8,TRUE
MMRd,Tcd4-Treg-comb,"(-90,-85]","(3.65,4.38]",-87.5,4.01175364078438,4,8,TRUE
MMRd,Tcd8-CXCL13-comb,"(-90,-85]","(3.65,4.38]",-87.5,4.01175364078438,4,8,TRUE
MMRd,CD8-all,"(-90,-85]","(3.65,4.38]",-87.5,4.01175364078438,4,8,TRUE
MMRd,Myeloid-ISG,"(-90,-85]","(4.38,5.11]",-87.5,4.74116339365427,5,8,TRUE
MMRd,Myeloid-noDC-noGran,"(-90,-85]","(4.38,5.11]",-87.5,4.74116339365427,5,8,TRUE
MMRd,Tcd4-CXCL13,"(-90,-85]","(4.38,5.11]",-87.5,4.74116339365427,3,8,FALSE
MMRd,Tcd4-Treg-comb,"(-90,-85]","(4.38,5.11]",-87.5,4.74116339365427,4,8,TRUE
MMRd,Tcd8-GZMK,"(-90,-85]","(4.38,5.11]",-87.5,4.74116339365427,2,8,FALSE
MMRd,CD8-all,"(-90,-85]","(4.38,5.11]",-87.5,4.74116339365427,3,8,FALSE
MMRd,Tplzf-gdlike-comb,"(-90,-85]","(4.38,5.11]",-87.5,4.74116339365427,2,8,FALSE
MMRd,Myeloid-mregDC,"(-90,-85]","(5.11,5.84]",-87.5,5.47057314652416,1,8,FALSE
MMRd,Myeloid-noDC-noGran,"(-90,-85]","(5.11,5.84]",-87.5,5.47057314652416,3,8,FALSE
MMRd,Tcd4-Treg-comb,"(-90,-85]","(5.11,5.84]",-87.5,5.47057314652416,2,8,FALSE
MMRd,Tcd8-CXCL13-comb,"(-90,-85]","(5.11,5.84]",-87.5,5.47057314652416,2,8,FALSE
MMRd,CD8-all,"(-90,-85]","(5.11,5.84]",-87.5,5.47057314652416,2,8,FALSE
MMRd,Tplzf-gdlike-comb,"(-90,-85]","(5.11,5.84]",-87.5,5.47057314652416,1,8,FALSE
MMRd,Myeloid-mregDC,"(-90,-85]","[0,0.729]",-87.5,0.364704876434944,7,8,TRUE
MMRd,Myeloid-ISG,"(-90,-85]","[0,0.729]",-87.5,0.364704876434944,8,8,TRUE
MMRd,Myeloid-noDC-noGran,"(-90,-85]","[0,0.729]",-87.5,0.364704876434944,8,8,TRUE
MMRd,Tcd4-CXCL13,"(-90,-85]","[0,0.729]",-87.5,0.364704876434944,5,8,TRUE
MMRd,Myeloid-ISG,"(-95,-90]","(2.92,3.65]",-92.5,3.2823438879145,7,8,TRUE
MMRd,Myeloid-noDC-noGran,"(-95,-90]","(2.92,3.65]",-92.5,3.2823438879145,7,8,TRUE
MMRd,Myeloid-mregDC,"(-95,-90]","(3.65,4.38]",-92.5,4.01175364078438,5,8,TRUE
MMRd,Myeloid-ISG,"(-95,-90]","(3.65,4.38]",-92.5,4.01175364078438,6,8,TRUE
MMRd,Myeloid-noDC-noGran,"(-95,-90]","(3.65,4.38]",-92.5,4.01175364078438,7,8,TRUE
MMRd,Tcd4-CXCL13,"(-95,-90]","(3.65,4.38]",-92.5,4.01175364078438,3,8,FALSE
MMRd,Tcd4-Treg-comb,"(-95,-90]","(3.65,4.38]",-92.5,4.01175364078438,3,8,FALSE
MMRd,Myeloid-mregDC,"(-95,-90]","(4.38,5.11]",-92.5,4.74116339365427,3,8,FALSE
MMRd,Myeloid-ISG,"(-95,-90]","(4.38,5.11]",-92.5,4.74116339365427,5,8,TRUE
MMRd,Myeloid-noDC-noGran,"(-95,-90]","(4.38,5.11]",-92.5,4.74116339365427,5,8,TRUE
MMRd,Tcd4-CXCL13,"(-95,-90]","(4.38,5.11]",-92.5,4.74116339365427,1,8,FALSE
MMRd,Tcd4-Treg-comb,"(-95,-90]","(4.38,5.11]",-92.5,4.74116339365427,3,8,FALSE
MMRd,Myeloid-ISG,"(-95,-90]","(5.11,5.84]",-92.5,5.47057314652416,3,8,FALSE
MMRd,Myeloid-noDC-noGran,"(-95,-90]","(5.11,5.84]",-92.5,5.47057314652416,3,8,FALSE
MMRd,Tcd4-Treg-comb,"(-95,-90]","(5.11,5.84]",-92.5,5.47057314652416,3,8,FALSE
MMRd,Myeloid-mregDC,"(-95,-90]","(5.84,6.56]",-92.5,6.19998289939405,1,8,FALSE
MMRd,Myeloid-ISG,"(-95,-90]","(5.84,6.56]",-92.5,6.19998289939405,1,8,FALSE
MMRd,Myeloid-noDC-noGran,"(-95,-90]","(5.84,6.56]",-92.5,6.19998289939405,1,8,FALSE
MMRd,Tcd8-HOBIT,"(-95,-90]","(5.84,6.56]",-92.5,6.19998289939405,1,8,FALSE
MMRd,CD8-all,"(-95,-90]","(5.84,6.56]",-92.5,6.19998289939405,1,8,FALSE
MMRd,Myeloid-mregDC,"(-95,-90]","[0,0.729]",-92.5,0.364704876434944,6,8,TRUE
MMRd,Myeloid-ISG,"(-95,-90]","[0,0.729]",-92.5,0.364704876434944,7,8,TRUE
MMRd,Myeloid-noDC-noGran,"(-95,-90]","[0,0.729]",-92.5,0.364704876434944,8,8,TRUE
MMRd,Tcd4-Treg-comb,"(-95,-90]","[0,0.729]",-92.5,0.364704876434944,6,8,TRUE
MMRd,Tcd8-CXCL13-LAG3,"(-95,-90]","[0,0.729]",-92.5,0.364704876434944,4,8,TRUE
MMRd,CD8-all,"(-95,-90]","[0,0.729]",-92.5,0.364704876434944,7,8,TRUE
MMRd,Tcd8-CXCL13-comb,"(-95,-90]","[0,0.729]",-92.5,0.364704876434944,5,8,TRUE
MMRd,Tplzf-gdlike-comb,"(-95,-90]","[0,0.729]",-92.5,0.364704876434944,3,8,FALSE
MMRd,Myeloid-ISG,"(0,5]","(1.46,2.19]",2.5,1.82352438217472,8,8,TRUE
MMRd,Myeloid-noDC-noGran,"(0,5]","(1.46,2.19]",2.5,1.82352438217472,8,8,TRUE
MMRd,Myeloid-ISG,"(0,5]","(2.19,2.92]",2.5,2.55293413504461,8,8,TRUE
MMRd,Myeloid-noDC-noGran,"(0,5]","(2.19,2.92]",2.5,2.55293413504461,8,8,TRUE
MMRd,Tcd4-CXCL13,"(0,5]","(2.19,2.92]",2.5,2.55293413504461,8,8,TRUE
MMRd,Tcd4-Treg-comb,"(0,5]","(2.19,2.92]",2.5,2.55293413504461,8,8,TRUE
MMRd,Tcd8-CXCL13-comb,"(0,5]","(2.19,2.92]",2.5,2.55293413504461,8,8,TRUE
MMRd,CD8-all,"(0,5]","(2.19,2.92]",2.5,2.55293413504461,8,8,TRUE
MMRd,Tcd8-CXCL13-LAG3,"(0,5]","(2.19,2.92]",2.5,2.55293413504461,8,8,TRUE
MMRd,Tcd8-GZMK,"(0,5]","(2.19,2.92]",2.5,2.55293413504461,7,8,TRUE
MMRd,Tcd8-HOBIT,"(0,5]","(2.19,2.92]",2.5,2.55293413504461,8,8,TRUE
MMRd,Tplzf-gdlike-comb,"(0,5]","(2.19,2.92]",2.5,2.55293413504461,8,8,TRUE
MMRd,Myeloid-mregDC,"(0,5]","(2.92,3.65]",2.5,3.2823438879145,8,8,TRUE
MMRd,Myeloid-ISG,"(0,5]","(2.92,3.65]",2.5,3.2823438879145,8,8,TRUE
MMRd,Myeloid-noDC-noGran,"(0,5]","(2.92,3.65]",2.5,3.2823438879145,8,8,TRUE
MMRd,Tcd4-CXCL13,"(0,5]","(2.92,3.65]",2.5,3.2823438879145,8,8,TRUE
MMRd,Tcd4-Treg-comb,"(0,5]","(2.92,3.65]",2.5,3.2823438879145,8,8,TRUE
MMRd,Tcd8-CXCL13-comb,"(0,5]","(2.92,3.65]",2.5,3.2823438879145,8,8,TRUE
MMRd,CD8-all,"(0,5]","(2.92,3.65]",2.5,3.2823438879145,8,8,TRUE
MMRd,Tcd8-CXCL13-LAG3,"(0,5]","(2.92,3.65]",2.5,3.2823438879145,8,8,TRUE
MMRd,Tplzf-gdlike-comb,"(0,5]","(2.92,3.65]",2.5,3.2823438879145,8,8,TRUE
MMRd,Myeloid-mregDC,"(0,5]","(3.65,4.38]",2.5,4.01175364078438,8,8,TRUE
MMRd,Myeloid-ISG,"(0,5]","(3.65,4.38]",2.5,4.01175364078438,8,8,TRUE
MMRd,Myeloid-noDC-noGran,"(0,5]","(3.65,4.38]",2.5,4.01175364078438,8,8,TRUE
MMRd,Tcd4-CXCL13,"(0,5]","(3.65,4.38]",2.5,4.01175364078438,8,8,TRUE
MMRd,Tcd4-Treg-comb,"(0,5]","(3.65,4.38]",2.5,4.01175364078438,8,8,TRUE
MMRd,Tcd8-CXCL13-comb,"(0,5]","(3.65,4.38]",2.5,4.01175364078438,8,8,TRUE
MMRd,CD8-all,"(0,5]","(3.65,4.38]",2.5,4.01175364078438,8,8,TRUE
MMRd,Tcd8-CXCL13-LAG3,"(0,5]","(3.65,4.38]",2.5,4.01175364078438,7,8,TRUE
MMRd,Tcd8-HOBIT,"(0,5]","(3.65,4.38]",2.5,4.01175364078438,8,8,TRUE
MMRd,Tplzf-gdlike-comb,"(0,5]","(3.65,4.38]",2.5,4.01175364078438,7,8,TRUE
MMRd,Myeloid-mregDC,"(0,5]","(4.38,5.11]",2.5,4.74116339365427,6,8,TRUE
MMRd,Myeloid-ISG,"(0,5]","(4.38,5.11]",2.5,4.74116339365427,8,8,TRUE
MMRd,Myeloid-noDC-noGran,"(0,5]","(4.38,5.11]",2.5,4.74116339365427,8,8,TRUE
MMRd,Tcd4-CXCL13,"(0,5]","(4.38,5.11]",2.5,4.74116339365427,6,8,TRUE
MMRd,Tcd4-Treg-comb,"(0,5]","(4.38,5.11]",2.5,4.74116339365427,8,8,TRUE
MMRd,Tcd8-CXCL13-comb,"(0,5]","(4.38,5.11]",2.5,4.74116339365427,6,8,TRUE
MMRd,CD8-all,"(0,5]","(4.38,5.11]",2.5,4.74116339365427,7,8,TRUE
MMRd,Tcd8-CXCL13-LAG3,"(0,5]","(4.38,5.11]",2.5,4.74116339365427,5,8,TRUE
MMRd,Tcd8-GZMK,"(0,5]","(4.38,5.11]",2.5,4.74116339365427,5,8,TRUE
MMRd,Tcd8-HOBIT,"(0,5]","(4.38,5.11]",2.5,4.74116339365427,4,8,TRUE
MMRd,Tplzf-gdlike-comb,"(0,5]","(4.38,5.11]",2.5,4.74116339365427,5,8,TRUE
MMRd,Myeloid-mregDC,"(0,5]","(5.11,5.84]",2.5,5.47057314652416,3,8,FALSE
MMRd,Myeloid-ISG,"(0,5]","(5.11,5.84]",2.5,5.47057314652416,6,8,TRUE
MMRd,Myeloid-noDC-noGran,"(0,5]","(5.11,5.84]",2.5,5.47057314652416,6,8,TRUE
MMRd,Tcd4-CXCL13,"(0,5]","(5.11,5.84]",2.5,5.47057314652416,4,8,TRUE
MMRd,Tcd4-Treg-comb,"(0,5]","(5.11,5.84]",2.5,5.47057314652416,5,8,TRUE
MMRd,Tcd8-CXCL13-comb,"(0,5]","(5.11,5.84]",2.5,5.47057314652416,5,8,TRUE
MMRd,CD8-all,"(0,5]","(5.11,5.84]",2.5,5.47057314652416,6,8,TRUE
MMRd,Tcd8-HOBIT,"(0,5]","(5.11,5.84]",2.5,5.47057314652416,3,8,FALSE
MMRd,Tplzf-gdlike-comb,"(0,5]","(5.11,5.84]",2.5,5.47057314652416,3,8,FALSE
MMRd,Myeloid-mregDC,"(0,5]","(5.84,6.56]",2.5,6.19998289939405,2,8,FALSE
MMRd,Myeloid-ISG,"(0,5]","(5.84,6.56]",2.5,6.19998289939405,4,8,TRUE
MMRd,Myeloid-noDC-noGran,"(0,5]","(5.84,6.56]",2.5,6.19998289939405,4,8,TRUE
MMRd,Tcd4-CXCL13,"(0,5]","(5.84,6.56]",2.5,6.19998289939405,1,8,FALSE
MMRd,Myeloid-mregDC,"(0,5]","[0,0.729]",2.5,0.364704876434944,8,8,TRUE
MMRd,Myeloid-ISG,"(0,5]","[0,0.729]",2.5,0.364704876434944,8,8,TRUE
MMRd,Myeloid-noDC-noGran,"(0,5]","[0,0.729]",2.5,0.364704876434944,8,8,TRUE
MMRd,Tcd4-CXCL13,"(0,5]","[0,0.729]",2.5,0.364704876434944,7,8,TRUE
MMRd,Tcd4-Treg-comb,"(0,5]","[0,0.729]",2.5,0.364704876434944,8,8,TRUE
MMRd,Tcd8-CXCL13-comb,"(0,5]","[0,0.729]",2.5,0.364704876434944,8,8,TRUE
MMRd,CD8-all,"(0,5]","[0,0.729]",2.5,0.364704876434944,8,8,TRUE
MMRd,Tcd8-CXCL13-LAG3,"(0,5]","[0,0.729]",2.5,0.364704876434944,7,8,TRUE
MMRd,Tplzf-gdlike-comb,"(0,5]","[0,0.729]",2.5,0.364704876434944,8,8,TRUE
MMRd,Myeloid-ISG,"(10,15]","(1.46,2.19]",12.5,1.82352438217472,8,8,TRUE
MMRd,Myeloid-noDC-noGran,"(10,15]","(1.46,2.19]",12.5,1.82352438217472,8,8,TRUE
MMRd,Tcd8-CXCL13-comb,"(10,15]","(1.46,2.19]",12.5,1.82352438217472,8,8,TRUE
MMRd,CD8-all,"(10,15]","(1.46,2.19]",12.5,1.82352438217472,8,8,TRUE
MMRd,Myeloid-ISG,"(10,15]","(2.19,2.92]",12.5,2.55293413504461,8,8,TRUE
MMRd,Myeloid-noDC-noGran,"(10,15]","(2.19,2.92]",12.5,2.55293413504461,8,8,TRUE
MMRd,Tcd8-CXCL13-comb,"(10,15]","(2.19,2.92]",12.5,2.55293413504461,8,8,TRUE
MMRd,CD8-all,"(10,15]","(2.19,2.92]",12.5,2.55293413504461,8,8,TRUE
MMRd,Myeloid-mregDC,"(10,15]","(2.92,3.65]",12.5,3.2823438879145,7,8,TRUE
MMRd,Myeloid-ISG,"(10,15]","(2.92,3.65]",12.5,3.2823438879145,8,8,TRUE
MMRd,Myeloid-noDC-noGran,"(10,15]","(2.92,3.65]",12.5,3.2823438879145,8,8,TRUE
MMRd,Tcd8-CXCL13-comb,"(10,15]","(2.92,3.65]",12.5,3.2823438879145,8,8,TRUE
MMRd,CD8-all,"(10,15]","(2.92,3.65]",12.5,3.2823438879145,8,8,TRUE
MMRd,Tplzf-gdlike-comb,"(10,15]","(2.92,3.65]",12.5,3.2823438879145,7,8,TRUE
MMRd,Myeloid-mregDC,"(10,15]","(3.65,4.38]",12.5,4.01175364078438,7,8,TRUE
MMRd,Myeloid-ISG,"(10,15]","(3.65,4.38]",12.5,4.01175364078438,7,8,TRUE
MMRd,Myeloid-noDC-noGran,"(10,15]","(3.65,4.38]",12.5,4.01175364078438,8,8,TRUE
MMRd,Tcd4-CXCL13,"(10,15]","(3.65,4.38]",12.5,4.01175364078438,6,8,TRUE
MMRd,Tcd4-Treg-comb,"(10,15]","(3.65,4.38]",12.5,4.01175364078438,5,8,TRUE
MMRd,Tcd8-CXCL13-comb,"(10,15]","(3.65,4.38]",12.5,4.01175364078438,7,8,TRUE
MMRd,CD8-all,"(10,15]","(3.65,4.38]",12.5,4.01175364078438,8,8,TRUE
MMRd,Tcd8-CXCL13-LAG3,"(10,15]","(3.65,4.38]",12.5,4.01175364078438,6,8,TRUE
MMRd,Tcd8-GZMK,"(10,15]","(3.65,4.38]",12.5,4.01175364078438,5,8,TRUE
MMRd,Tcd8-HOBIT,"(10,15]","(3.65,4.38]",12.5,4.01175364078438,8,8,TRUE
MMRd,Tplzf-gdlike-comb,"(10,15]","(3.65,4.38]",12.5,4.01175364078438,7,8,TRUE
MMRd,Myeloid-mregDC,"(10,15]","(4.38,5.11]",12.5,4.74116339365427,2,8,FALSE
MMRd,Myeloid-ISG,"(10,15]","(4.38,5.11]",12.5,4.74116339365427,6,8,TRUE
MMRd,Myeloid-noDC-noGran,"(10,15]","(4.38,5.11]",12.5,4.74116339365427,8,8,TRUE
MMRd,Tcd4-CXCL13,"(10,15]","(4.38,5.11]",12.5,4.74116339365427,3,8,FALSE
MMRd,Tcd4-Treg-comb,"(10,15]","(4.38,5.11]",12.5,4.74116339365427,5,8,TRUE
MMRd,Tcd8-CXCL13-LAG3,"(10,15]","(4.38,5.11]",12.5,4.74116339365427,4,8,TRUE
MMRd,CD8-all,"(10,15]","(4.38,5.11]",12.5,4.74116339365427,7,8,TRUE
MMRd,Tcd8-CXCL13-comb,"(10,15]","(4.38,5.11]",12.5,4.74116339365427,7,8,TRUE
MMRd,Tcd8-HOBIT,"(10,15]","(4.38,5.11]",12.5,4.74116339365427,5,8,TRUE
MMRd,Tplzf-gdlike-comb,"(10,15]","(4.38,5.11]",12.5,4.74116339365427,4,8,TRUE
MMRd,Myeloid-mregDC,"(10,15]","(5.11,5.84]",12.5,5.47057314652416,1,8,FALSE
MMRd,Myeloid-ISG,"(10,15]","(5.11,5.84]",12.5,5.47057314652416,5,8,TRUE
MMRd,Myeloid-noDC-noGran,"(10,15]","(5.11,5.84]",12.5,5.47057314652416,5,8,TRUE
MMRd,Tcd8-CXCL13-comb,"(10,15]","(5.11,5.84]",12.5,5.47057314652416,3,8,FALSE
MMRd,CD8-all,"(10,15]","(5.11,5.84]",12.5,5.47057314652416,3,8,FALSE
MMRd,Tcd8-HOBIT,"(10,15]","(5.11,5.84]",12.5,5.47057314652416,2,8,FALSE
MMRd,Tplzf-gdlike-comb,"(10,15]","(5.11,5.84]",12.5,5.47057314652416,3,8,FALSE
MMRd,Myeloid-ISG,"(10,15]","(5.84,6.56]",12.5,6.19998289939405,3,8,FALSE
MMRd,Myeloid-noDC-noGran,"(10,15]","(5.84,6.56]",12.5,6.19998289939405,3,8,FALSE
MMRd,Tcd4-CXCL13,"(10,15]","(5.84,6.56]",12.5,6.19998289939405,1,8,FALSE
MMRd,Myeloid-mregDC,"(10,15]","[0,0.729]",12.5,0.364704876434944,4,8,TRUE
MMRd,Myeloid-ISG,"(10,15]","[0,0.729]",12.5,0.364704876434944,8,8,TRUE
MMRd,Myeloid-noDC-noGran,"(10,15]","[0,0.729]",12.5,0.364704876434944,8,8,TRUE
MMRd,Tcd4-Treg-comb,"(10,15]","[0,0.729]",12.5,0.364704876434944,6,8,TRUE
MMRd,Tplzf-gdlike-comb,"(10,15]","[0,0.729]",12.5,0.364704876434944,7,8,TRUE
MMRd,Myeloid-noDC-noGran,"(15,20]","(1.46,2.19]",17.5,1.82352438217472,8,8,TRUE
MMRd,Tplzf-gdlike-comb,"(15,20]","(1.46,2.19]",17.5,1.82352438217472,7,8,TRUE
MMRd,Myeloid-noDC-noGran,"(15,20]","(2.19,2.92]",17.5,2.55293413504461,8,8,TRUE
MMRd,Tcd8-CXCL13-comb,"(15,20]","(2.19,2.92]",17.5,2.55293413504461,8,8,TRUE
MMRd,CD8-all,"(15,20]","(2.19,2.92]",17.5,2.55293413504461,8,8,TRUE
MMRd,Tcd8-HOBIT,"(15,20]","(2.19,2.92]",17.5,2.55293413504461,7,8,TRUE
MMRd,Myeloid-mregDC,"(15,20]","(2.92,3.65]",17.5,3.2823438879145,6,8,TRUE
MMRd,Myeloid-ISG,"(15,20]","(2.92,3.65]",17.5,3.2823438879145,8,8,TRUE
MMRd,Myeloid-noDC-noGran,"(15,20]","(2.92,3.65]",17.5,3.2823438879145,8,8,TRUE
MMRd,Tcd4-CXCL13,"(15,20]","(2.92,3.65]",17.5,3.2823438879145,7,8,TRUE
MMRd,Tcd8-CXCL13-LAG3,"(15,20]","(2.92,3.65]",17.5,3.2823438879145,8,8,TRUE
MMRd,CD8-all,"(15,20]","(2.92,3.65]",17.5,3.2823438879145,8,8,TRUE
MMRd,Tcd8-CXCL13-comb,"(15,20]","(2.92,3.65]",17.5,3.2823438879145,8,8,TRUE
MMRd,Tcd8-HOBIT,"(15,20]","(2.92,3.65]",17.5,3.2823438879145,7,8,TRUE
MMRd,Tplzf-gdlike-comb,"(15,20]","(2.92,3.65]",17.5,3.2823438879145,8,8,TRUE
MMRd,Myeloid-mregDC,"(15,20]","(3.65,4.38]",17.5,4.01175364078438,5,8,TRUE
MMRd,Myeloid-ISG,"(15,20]","(3.65,4.38]",17.5,4.01175364078438,7,8,TRUE
MMRd,Myeloid-noDC-noGran,"(15,20]","(3.65,4.38]",17.5,4.01175364078438,8,8,TRUE
MMRd,Tcd4-CXCL13,"(15,20]","(3.65,4.38]",17.5,4.01175364078438,6,8,TRUE
MMRd,Tcd4-Treg-comb,"(15,20]","(3.65,4.38]",17.5,4.01175364078438,6,8,TRUE
MMRd,Tcd8-CXCL13-comb,"(15,20]","(3.65,4.38]",17.5,4.01175364078438,7,8,TRUE
MMRd,CD8-all,"(15,20]","(3.65,4.38]",17.5,4.01175364078438,8,8,TRUE
MMRd,Tcd8-HOBIT,"(15,20]","(3.65,4.38]",17.5,4.01175364078438,5,8,TRUE
MMRd,Tplzf-gdlike-comb,"(15,20]","(3.65,4.38]",17.5,4.01175364078438,6,8,TRUE
MMRd,Myeloid-mregDC,"(15,20]","(4.38,5.11]",17.5,4.74116339365427,4,8,TRUE
MMRd,Myeloid-ISG,"(15,20]","(4.38,5.11]",17.5,4.74116339365427,5,8,TRUE
MMRd,Myeloid-noDC-noGran,"(15,20]","(4.38,5.11]",17.5,4.74116339365427,6,8,TRUE
MMRd,Tcd4-CXCL13,"(15,20]","(4.38,5.11]",17.5,4.74116339365427,3,8,FALSE
MMRd,Tcd4-Treg-comb,"(15,20]","(4.38,5.11]",17.5,4.74116339365427,3,8,FALSE
MMRd,Tcd8-CXCL13-comb,"(15,20]","(4.38,5.11]",17.5,4.74116339365427,5,8,TRUE
MMRd,CD8-all,"(15,20]","(4.38,5.11]",17.5,4.74116339365427,6,8,TRUE
MMRd,Tcd8-CXCL13-LAG3,"(15,20]","(4.38,5.11]",17.5,4.74116339365427,4,8,TRUE
MMRd,Tcd8-GZMK,"(15,20]","(4.38,5.11]",17.5,4.74116339365427,3,8,FALSE
MMRd,Tcd8-HOBIT,"(15,20]","(4.38,5.11]",17.5,4.74116339365427,4,8,TRUE
MMRd,Tplzf-gdlike-comb,"(15,20]","(4.38,5.11]",17.5,4.74116339365427,5,8,TRUE
MMRd,Myeloid-mregDC,"(15,20]","(5.11,5.84]",17.5,5.47057314652416,1,8,FALSE
MMRd,Myeloid-ISG,"(15,20]","(5.11,5.84]",17.5,5.47057314652416,4,8,TRUE
MMRd,Myeloid-noDC-noGran,"(15,20]","(5.11,5.84]",17.5,5.47057314652416,5,8,TRUE
MMRd,Tcd4-Treg-comb,"(15,20]","(5.11,5.84]",17.5,5.47057314652416,3,8,FALSE
MMRd,Tcd8-CXCL13-comb,"(15,20]","(5.11,5.84]",17.5,5.47057314652416,2,8,FALSE
MMRd,CD8-all,"(15,20]","(5.11,5.84]",17.5,5.47057314652416,4,8,TRUE
MMRd,Tcd8-CXCL13-LAG3,"(15,20]","(5.11,5.84]",17.5,5.47057314652416,2,8,FALSE
MMRd,Tcd8-GZMK,"(15,20]","(5.11,5.84]",17.5,5.47057314652416,3,8,FALSE
MMRd,Myeloid-mregDC,"(15,20]","(5.84,6.56]",17.5,6.19998289939405,2,8,FALSE
MMRd,Myeloid-ISG,"(15,20]","(5.84,6.56]",17.5,6.19998289939405,1,8,FALSE
MMRd,Myeloid-noDC-noGran,"(15,20]","(5.84,6.56]",17.5,6.19998289939405,1,8,FALSE
MMRd,Tcd8-HOBIT,"(15,20]","(5.84,6.56]",17.5,6.19998289939405,1,8,FALSE
MMRd,CD8-all,"(15,20]","(5.84,6.56]",17.5,6.19998289939405,2,8,FALSE
MMRd,Myeloid-ISG,"(15,20]","[0,0.729]",17.5,0.364704876434944,8,8,TRUE
MMRd,Myeloid-noDC-noGran,"(15,20]","[0,0.729]",17.5,0.364704876434944,8,8,TRUE
MMRd,Tcd4-Treg-comb,"(15,20]","[0,0.729]",17.5,0.364704876434944,6,8,TRUE
MMRd,Tcd8-HOBIT,"(15,20]","[0,0.729]",17.5,0.364704876434944,7,8,TRUE
MMRd,CD8-all,"(15,20]","[0,0.729]",17.5,0.364704876434944,8,8,TRUE
MMRd,Myeloid-ISG,"(20,25]","(1.46,2.19]",22.5,1.82352438217472,7,8,TRUE
MMRd,Myeloid-noDC-noGran,"(20,25]","(1.46,2.19]",22.5,1.82352438217472,8,8,TRUE
MMRd,Myeloid-mregDC,"(20,25]","(2.19,2.92]",22.5,2.55293413504461,6,8,TRUE
MMRd,Myeloid-ISG,"(20,25]","(2.19,2.92]",22.5,2.55293413504461,8,8,TRUE
MMRd,Myeloid-noDC-noGran,"(20,25]","(2.19,2.92]",22.5,2.55293413504461,8,8,TRUE
MMRd,Tplzf-gdlike-comb,"(20,25]","(2.19,2.92]",22.5,2.55293413504461,7,8,TRUE
MMRd,Myeloid-mregDC,"(20,25]","(2.92,3.65]",22.5,3.2823438879145,5,8,TRUE
MMRd,Myeloid-ISG,"(20,25]","(2.92,3.65]",22.5,3.2823438879145,8,8,TRUE
MMRd,Myeloid-noDC-noGran,"(20,25]","(2.92,3.65]",22.5,3.2823438879145,8,8,TRUE
MMRd,Tcd4-Treg-comb,"(20,25]","(2.92,3.65]",22.5,3.2823438879145,8,8,TRUE
MMRd,Tcd8-CXCL13-comb,"(20,25]","(2.92,3.65]",22.5,3.2823438879145,7,8,TRUE
MMRd,CD8-all,"(20,25]","(2.92,3.65]",22.5,3.2823438879145,8,8,TRUE
MMRd,Tcd8-HOBIT,"(20,25]","(2.92,3.65]",22.5,3.2823438879145,8,8,TRUE
MMRd,Tplzf-gdlike-comb,"(20,25]","(2.92,3.65]",22.5,3.2823438879145,8,8,TRUE
MMRd,Myeloid-mregDC,"(20,25]","(3.65,4.38]",22.5,4.01175364078438,5,8,TRUE
MMRd,Myeloid-ISG,"(20,25]","(3.65,4.38]",22.5,4.01175364078438,7,8,TRUE
MMRd,Myeloid-noDC-noGran,"(20,25]","(3.65,4.38]",22.5,4.01175364078438,8,8,TRUE
MMRd,Tcd4-CXCL13,"(20,25]","(3.65,4.38]",22.5,4.01175364078438,5,8,TRUE
MMRd,Tcd4-Treg-comb,"(20,25]","(3.65,4.38]",22.5,4.01175364078438,5,8,TRUE
MMRd,Tcd8-CXCL13-comb,"(20,25]","(3.65,4.38]",22.5,4.01175364078438,6,8,TRUE
MMRd,CD8-all,"(20,25]","(3.65,4.38]",22.5,4.01175364078438,7,8,TRUE
MMRd,Tplzf-gdlike-comb,"(20,25]","(3.65,4.38]",22.5,4.01175364078438,7,8,TRUE
MMRd,Myeloid-mregDC,"(20,25]","(4.38,5.11]",22.5,4.74116339365427,3,8,FALSE
MMRd,Myeloid-ISG,"(20,25]","(4.38,5.11]",22.5,4.74116339365427,6,8,TRUE
MMRd,Myeloid-noDC-noGran,"(20,25]","(4.38,5.11]",22.5,4.74116339365427,7,8,TRUE
MMRd,Tcd4-CXCL13,"(20,25]","(4.38,5.11]",22.5,4.74116339365427,5,8,TRUE
MMRd,Tcd4-Treg-comb,"(20,25]","(4.38,5.11]",22.5,4.74116339365427,4,8,TRUE
MMRd,Tcd8-CXCL13-comb,"(20,25]","(4.38,5.11]",22.5,4.74116339365427,6,8,TRUE
MMRd,CD8-all,"(20,25]","(4.38,5.11]",22.5,4.74116339365427,6,8,TRUE
MMRd,Tcd8-CXCL13-LAG3,"(20,25]","(4.38,5.11]",22.5,4.74116339365427,4,8,TRUE
MMRd,Tcd8-GZMK,"(20,25]","(4.38,5.11]",22.5,4.74116339365427,3,8,FALSE
MMRd,Tplzf-gdlike-comb,"(20,25]","(4.38,5.11]",22.5,4.74116339365427,4,8,TRUE
MMRd,Myeloid-mregDC,"(20,25]","(5.11,5.84]",22.5,5.47057314652416,2,8,FALSE
MMRd,Myeloid-ISG,"(20,25]","(5.11,5.84]",22.5,5.47057314652416,4,8,TRUE
MMRd,Myeloid-noDC-noGran,"(20,25]","(5.11,5.84]",22.5,5.47057314652416,4,8,TRUE
MMRd,Tcd4-Treg-comb,"(20,25]","(5.11,5.84]",22.5,5.47057314652416,1,8,FALSE
MMRd,Tcd8-CXCL13-comb,"(20,25]","(5.11,5.84]",22.5,5.47057314652416,2,8,FALSE
MMRd,CD8-all,"(20,25]","(5.11,5.84]",22.5,5.47057314652416,2,8,FALSE
MMRd,Tplzf-gdlike-comb,"(20,25]","(5.11,5.84]",22.5,5.47057314652416,4,8,TRUE
MMRd,Myeloid-ISG,"(20,25]","(5.84,6.56]",22.5,6.19998289939405,1,8,FALSE
MMRd,Myeloid-noDC-noGran,"(20,25]","(5.84,6.56]",22.5,6.19998289939405,2,8,FALSE
MMRd,Tcd8-CXCL13-comb,"(20,25]","(5.84,6.56]",22.5,6.19998289939405,2,8,FALSE
MMRd,CD8-all,"(20,25]","(5.84,6.56]",22.5,6.19998289939405,2,8,FALSE
MMRd,Tcd8-HOBIT,"(20,25]","(5.84,6.56]",22.5,6.19998289939405,1,8,FALSE
MMRd,Myeloid-mregDC,"(20,25]","[0,0.729]",22.5,0.364704876434944,6,8,TRUE
MMRd,Myeloid-noDC-noGran,"(20,25]","[0,0.729]",22.5,0.364704876434944,8,8,TRUE
MMRd,Myeloid-noDC-noGran,"(25,30]","(1.46,2.19]",27.5,1.82352438217472,8,8,TRUE
MMRd,Tcd8-CXCL13-LAG3,"(25,30]","(1.46,2.19]",27.5,1.82352438217472,6,8,TRUE
MMRd,CD8-all,"(25,30]","(1.46,2.19]",27.5,1.82352438217472,8,8,TRUE
MMRd,Myeloid-ISG,"(25,30]","(2.19,2.92]",27.5,2.55293413504461,8,8,TRUE
MMRd,Myeloid-noDC-noGran,"(25,30]","(2.19,2.92]",27.5,2.55293413504461,8,8,TRUE
MMRd,Tcd4-Treg-comb,"(25,30]","(2.19,2.92]",27.5,2.55293413504461,7,8,TRUE
MMRd,Tcd8-CXCL13-LAG3,"(25,30]","(2.19,2.92]",27.5,2.55293413504461,8,8,TRUE
MMRd,CD8-all,"(25,30]","(2.19,2.92]",27.5,2.55293413504461,8,8,TRUE
MMRd,Tcd8-CXCL13-comb,"(25,30]","(2.19,2.92]",27.5,2.55293413504461,7,8,TRUE
MMRd,Tcd8-GZMK,"(25,30]","(2.19,2.92]",27.5,2.55293413504461,4,8,TRUE
MMRd,Myeloid-mregDC,"(25,30]","(2.92,3.65]",27.5,3.2823438879145,4,8,TRUE
MMRd,Myeloid-ISG,"(25,30]","(2.92,3.65]",27.5,3.2823438879145,8,8,TRUE
MMRd,Myeloid-noDC-noGran,"(25,30]","(2.92,3.65]",27.5,3.2823438879145,8,8,TRUE
MMRd,Tcd4-CXCL13,"(25,30]","(2.92,3.65]",27.5,3.2823438879145,6,8,TRUE
MMRd,Tcd4-Treg-comb,"(25,30]","(2.92,3.65]",27.5,3.2823438879145,6,8,TRUE
MMRd,Tcd8-CXCL13-comb,"(25,30]","(2.92,3.65]",27.5,3.2823438879145,8,8,TRUE
MMRd,CD8-all,"(25,30]","(2.92,3.65]",27.5,3.2823438879145,8,8,TRUE
MMRd,Tcd8-HOBIT,"(25,30]","(2.92,3.65]",27.5,3.2823438879145,6,8,TRUE
MMRd,Tplzf-gdlike-comb,"(25,30]","(2.92,3.65]",27.5,3.2823438879145,8,8,TRUE
MMRd,Myeloid-mregDC,"(25,30]","(3.65,4.38]",27.5,4.01175364078438,4,8,TRUE
MMRd,Myeloid-ISG,"(25,30]","(3.65,4.38]",27.5,4.01175364078438,8,8,TRUE
MMRd,Myeloid-noDC-noGran,"(25,30]","(3.65,4.38]",27.5,4.01175364078438,8,8,TRUE
MMRd,Tcd4-CXCL13,"(25,30]","(3.65,4.38]",27.5,4.01175364078438,6,8,TRUE
MMRd,Tcd4-Treg-comb,"(25,30]","(3.65,4.38]",27.5,4.01175364078438,4,8,TRUE
MMRd,Tcd8-CXCL13-LAG3,"(25,30]","(3.65,4.38]",27.5,4.01175364078438,4,8,TRUE
MMRd,CD8-all,"(25,30]","(3.65,4.38]",27.5,4.01175364078438,6,8,TRUE
MMRd,Tcd8-CXCL13-comb,"(25,30]","(3.65,4.38]",27.5,4.01175364078438,5,8,TRUE
MMRd,Tcd8-GZMK,"(25,30]","(3.65,4.38]",27.5,4.01175364078438,4,8,TRUE
MMRd,Tcd8-HOBIT,"(25,30]","(3.65,4.38]",27.5,4.01175364078438,5,8,TRUE
MMRd,Tplzf-gdlike-comb,"(25,30]","(3.65,4.38]",27.5,4.01175364078438,5,8,TRUE
MMRd,Myeloid-mregDC,"(25,30]","(4.38,5.11]",27.5,4.74116339365427,4,8,TRUE
MMRd,Myeloid-ISG,"(25,30]","(4.38,5.11]",27.5,4.74116339365427,3,8,FALSE
MMRd,Myeloid-noDC-noGran,"(25,30]","(4.38,5.11]",27.5,4.74116339365427,6,8,TRUE
MMRd,Tcd4-CXCL13,"(25,30]","(4.38,5.11]",27.5,4.74116339365427,3,8,FALSE
MMRd,Tcd4-Treg-comb,"(25,30]","(4.38,5.11]",27.5,4.74116339365427,3,8,FALSE
MMRd,Tcd8-CXCL13-comb,"(25,30]","(4.38,5.11]",27.5,4.74116339365427,5,8,TRUE
MMRd,CD8-all,"(25,30]","(4.38,5.11]",27.5,4.74116339365427,6,8,TRUE
MMRd,Tcd8-GZMK,"(25,30]","(4.38,5.11]",27.5,4.74116339365427,3,8,FALSE
MMRd,Myeloid-mregDC,"(25,30]","(5.11,5.84]",27.5,5.47057314652416,2,8,FALSE
MMRd,Myeloid-ISG,"(25,30]","(5.11,5.84]",27.5,5.47057314652416,4,8,TRUE
MMRd,Myeloid-noDC-noGran,"(25,30]","(5.11,5.84]",27.5,5.47057314652416,4,8,TRUE
MMRd,Tcd8-CXCL13-comb,"(25,30]","(5.11,5.84]",27.5,5.47057314652416,1,8,FALSE
MMRd,CD8-all,"(25,30]","(5.11,5.84]",27.5,5.47057314652416,3,8,FALSE
MMRd,Myeloid-noDC-noGran,"(25,30]","(5.84,6.56]",27.5,6.19998289939405,2,8,FALSE
MMRd,Tcd8-CXCL13-comb,"(25,30]","(5.84,6.56]",27.5,6.19998289939405,1,8,FALSE
MMRd,CD8-all,"(25,30]","(5.84,6.56]",27.5,6.19998289939405,1,8,FALSE
MMRd,Myeloid-mregDC,"(25,30]","[0,0.729]",27.5,0.364704876434944,3,8,FALSE
MMRd,Myeloid-ISG,"(25,30]","[0,0.729]",27.5,0.364704876434944,6,8,TRUE
MMRd,Myeloid-noDC-noGran,"(25,30]","[0,0.729]",27.5,0.364704876434944,8,8,TRUE
MMRd,Tcd8-CXCL13-comb,"(25,30]","[0,0.729]",27.5,0.364704876434944,5,8,TRUE
MMRd,CD8-all,"(25,30]","[0,0.729]",27.5,0.364704876434944,7,8,TRUE
MMRd,Myeloid-mregDC,"(30,35]","(1.46,2.19]",32.5,1.82352438217472,5,8,TRUE
MMRd,Myeloid-ISG,"(30,35]","(1.46,2.19]",32.5,1.82352438217472,7,8,TRUE
MMRd,Myeloid-noDC-noGran,"(30,35]","(1.46,2.19]",32.5,1.82352438217472,8,8,TRUE
MMRd,Myeloid-ISG,"(30,35]","(2.19,2.92]",32.5,2.55293413504461,8,8,TRUE
MMRd,Myeloid-noDC-noGran,"(30,35]","(2.19,2.92]",32.5,2.55293413504461,8,8,TRUE
MMRd,Tcd4-Treg-comb,"(30,35]","(2.19,2.92]",32.5,2.55293413504461,6,8,TRUE
MMRd,Myeloid-mregDC,"(30,35]","(2.92,3.65]",32.5,3.2823438879145,5,8,TRUE
MMRd,Myeloid-ISG,"(30,35]","(2.92,3.65]",32.5,3.2823438879145,8,8,TRUE
MMRd,Myeloid-noDC-noGran,"(30,35]","(2.92,3.65]",32.5,3.2823438879145,8,8,TRUE
MMRd,Tcd8-CXCL13-LAG3,"(30,35]","(2.92,3.65]",32.5,3.2823438879145,5,8,TRUE
MMRd,CD8-all,"(30,35]","(2.92,3.65]",32.5,3.2823438879145,8,8,TRUE
MMRd,Tplzf-gdlike-comb,"(30,35]","(2.92,3.65]",32.5,3.2823438879145,6,8,TRUE
MMRd,Myeloid-mregDC,"(30,35]","(3.65,4.38]",32.5,4.01175364078438,3,8,FALSE
MMRd,Myeloid-ISG,"(30,35]","(3.65,4.38]",32.5,4.01175364078438,7,8,TRUE
MMRd,Myeloid-noDC-noGran,"(30,35]","(3.65,4.38]",32.5,4.01175364078438,8,8,TRUE
MMRd,Tcd4-CXCL13,"(30,35]","(3.65,4.38]",32.5,4.01175364078438,7,8,TRUE
MMRd,Tcd4-Treg-comb,"(30,35]","(3.65,4.38]",32.5,4.01175364078438,5,8,TRUE
MMRd,Tcd8-CXCL13-comb,"(30,35]","(3.65,4.38]",32.5,4.01175364078438,6,8,TRUE
MMRd,CD8-all,"(30,35]","(3.65,4.38]",32.5,4.01175364078438,6,8,TRUE
MMRd,Tplzf-gdlike-comb,"(30,35]","(3.65,4.38]",32.5,4.01175364078438,4,8,TRUE
MMRd,Myeloid-mregDC,"(30,35]","(4.38,5.11]",32.5,4.74116339365427,2,8,FALSE
MMRd,Myeloid-ISG,"(30,35]","(4.38,5.11]",32.5,4.74116339365427,4,8,TRUE
MMRd,Myeloid-noDC-noGran,"(30,35]","(4.38,5.11]",32.5,4.74116339365427,6,8,TRUE
MMRd,Tcd4-CXCL13,"(30,35]","(4.38,5.11]",32.5,4.74116339365427,3,8,FALSE
MMRd,Tcd4-Treg-comb,"(30,35]","(4.38,5.11]",32.5,4.74116339365427,3,8,FALSE
MMRd,Tcd8-CXCL13-comb,"(30,35]","(4.38,5.11]",32.5,4.74116339365427,3,8,FALSE
MMRd,CD8-all,"(30,35]","(4.38,5.11]",32.5,4.74116339365427,3,8,FALSE
MMRd,Tcd8-CXCL13-LAG3,"(30,35]","(4.38,5.11]",32.5,4.74116339365427,3,8,FALSE
MMRd,Tcd8-GZMK,"(30,35]","(4.38,5.11]",32.5,4.74116339365427,3,8,FALSE
MMRd,Tcd8-HOBIT,"(30,35]","(4.38,5.11]",32.5,4.74116339365427,3,8,FALSE
MMRd,Tplzf-gdlike-comb,"(30,35]","(4.38,5.11]",32.5,4.74116339365427,3,8,FALSE
MMRd,Myeloid-mregDC,"(30,35]","(5.11,5.84]",32.5,5.47057314652416,2,8,FALSE
MMRd,Myeloid-ISG,"(30,35]","(5.11,5.84]",32.5,5.47057314652416,4,8,TRUE
MMRd,Myeloid-noDC-noGran,"(30,35]","(5.11,5.84]",32.5,5.47057314652416,5,8,TRUE
MMRd,Tcd8-CXCL13-comb,"(30,35]","(5.11,5.84]",32.5,5.47057314652416,1,8,FALSE
MMRd,CD8-all,"(30,35]","(5.11,5.84]",32.5,5.47057314652416,3,8,FALSE
MMRd,Tplzf-gdlike-comb,"(30,35]","(5.11,5.84]",32.5,5.47057314652416,3,8,FALSE
MMRd,Myeloid-mregDC,"(30,35]","[0,0.729]",32.5,0.364704876434944,6,8,TRUE
MMRd,Myeloid-noDC-noGran,"(30,35]","[0,0.729]",32.5,0.364704876434944,8,8,TRUE
MMRd,Tcd8-CXCL13-comb,"(30,35]","[0,0.729]",32.5,0.364704876434944,7,8,TRUE
MMRd,CD8-all,"(30,35]","[0,0.729]",32.5,0.364704876434944,7,8,TRUE
MMRd,Tcd8-HOBIT,"(30,35]","[0,0.729]",32.5,0.364704876434944,5,8,TRUE
MMRd,Myeloid-mregDC,"(35,40]","(2.19,2.92]",37.5,2.55293413504461,5,8,TRUE
MMRd,Myeloid-ISG,"(35,40]","(2.19,2.92]",37.5,2.55293413504461,8,8,TRUE
MMRd,Myeloid-noDC-noGran,"(35,40]","(2.19,2.92]",37.5,2.55293413504461,8,8,TRUE
MMRd,Myeloid-mregDC,"(35,40]","(2.92,3.65]",37.5,3.2823438879145,5,8,TRUE
MMRd,Myeloid-ISG,"(35,40]","(2.92,3.65]",37.5,3.2823438879145,7,8,TRUE
MMRd,Myeloid-noDC-noGran,"(35,40]","(2.92,3.65]",37.5,3.2823438879145,8,8,TRUE
MMRd,Tcd4-Treg-comb,"(35,40]","(2.92,3.65]",37.5,3.2823438879145,6,8,TRUE
MMRd,Tcd8-CXCL13-comb,"(35,40]","(2.92,3.65]",37.5,3.2823438879145,6,8,TRUE
MMRd,CD8-all,"(35,40]","(2.92,3.65]",37.5,3.2823438879145,7,8,TRUE
MMRd,Tcd8-CXCL13-LAG3,"(35,40]","(2.92,3.65]",37.5,3.2823438879145,5,8,TRUE
MMRd,Tplzf-gdlike-comb,"(35,40]","(2.92,3.65]",37.5,3.2823438879145,6,8,TRUE
MMRd,Myeloid-mregDC,"(35,40]","(3.65,4.38]",37.5,4.01175364078438,3,8,FALSE
MMRd,Myeloid-ISG,"(35,40]","(3.65,4.38]",37.5,4.01175364078438,7,8,TRUE
MMRd,Myeloid-noDC-noGran,"(35,40]","(3.65,4.38]",37.5,4.01175364078438,8,8,TRUE
MMRd,Tcd4-CXCL13,"(35,40]","(3.65,4.38]",37.5,4.01175364078438,3,8,FALSE
MMRd,Tcd4-Treg-comb,"(35,40]","(3.65,4.38]",37.5,4.01175364078438,4,8,TRUE
MMRd,Tcd8-CXCL13-LAG3,"(35,40]","(3.65,4.38]",37.5,4.01175364078438,6,8,TRUE
MMRd,CD8-all,"(35,40]","(3.65,4.38]",37.5,4.01175364078438,7,8,TRUE
MMRd,Tcd8-CXCL13-comb,"(35,40]","(3.65,4.38]",37.5,4.01175364078438,6,8,TRUE
MMRd,Tcd8-HOBIT,"(35,40]","(3.65,4.38]",37.5,4.01175364078438,5,8,TRUE
MMRd,Tplzf-gdlike-comb,"(35,40]","(3.65,4.38]",37.5,4.01175364078438,4,8,TRUE
MMRd,Myeloid-mregDC,"(35,40]","(4.38,5.11]",37.5,4.74116339365427,1,8,FALSE
MMRd,Myeloid-ISG,"(35,40]","(4.38,5.11]",37.5,4.74116339365427,4,8,TRUE
MMRd,Myeloid-noDC-noGran,"(35,40]","(4.38,5.11]",37.5,4.74116339365427,5,8,TRUE
MMRd,Tcd4-CXCL13,"(35,40]","(4.38,5.11]",37.5,4.74116339365427,3,8,FALSE
MMRd,Tcd4-Treg-comb,"(35,40]","(4.38,5.11]",37.5,4.74116339365427,2,8,FALSE
MMRd,Tcd8-CXCL13-comb,"(35,40]","(4.38,5.11]",37.5,4.74116339365427,3,8,FALSE
MMRd,CD8-all,"(35,40]","(4.38,5.11]",37.5,4.74116339365427,5,8,TRUE
MMRd,Tcd8-GZMK,"(35,40]","(4.38,5.11]",37.5,4.74116339365427,3,8,FALSE
MMRd,Tcd8-HOBIT,"(35,40]","(4.38,5.11]",37.5,4.74116339365427,4,8,TRUE
MMRd,Myeloid-mregDC,"(35,40]","(5.11,5.84]",37.5,5.47057314652416,1,8,FALSE
MMRd,Myeloid-ISG,"(35,40]","(5.11,5.84]",37.5,5.47057314652416,4,8,TRUE
MMRd,Myeloid-noDC-noGran,"(35,40]","(5.11,5.84]",37.5,5.47057314652416,4,8,TRUE
MMRd,Tcd4-CXCL13,"(35,40]","(5.11,5.84]",37.5,5.47057314652416,2,8,FALSE
MMRd,Tcd4-Treg-comb,"(35,40]","(5.11,5.84]",37.5,5.47057314652416,2,8,FALSE
MMRd,Myeloid-noDC-noGran,"(35,40]","[0,0.729]",37.5,0.364704876434944,8,8,TRUE
MMRd,Tcd8-CXCL13-comb,"(35,40]","[0,0.729]",37.5,0.364704876434944,7,8,TRUE
MMRd,CD8-all,"(35,40]","[0,0.729]",37.5,0.364704876434944,7,8,TRUE
MMRd,Tcd8-CXCL13-comb,"(40,45]","(1.46,2.19]",42.5,1.82352438217472,6,8,TRUE
MMRd,CD8-all,"(40,45]","(1.46,2.19]",42.5,1.82352438217472,8,8,TRUE
MMRd,Myeloid-mregDC,"(40,45]","(2.19,2.92]",42.5,2.55293413504461,3,8,FALSE
MMRd,Myeloid-ISG,"(40,45]","(2.19,2.92]",42.5,2.55293413504461,8,8,TRUE
MMRd,Myeloid-noDC-noGran,"(40,45]","(2.19,2.92]",42.5,2.55293413504461,8,8,TRUE
MMRd,Tcd4-CXCL13,"(40,45]","(2.19,2.92]",42.5,2.55293413504461,5,8,TRUE
MMRd,Myeloid-mregDC,"(40,45]","(2.92,3.65]",42.5,3.2823438879145,5,8,TRUE
MMRd,Myeloid-ISG,"(40,45]","(2.92,3.65]",42.5,3.2823438879145,8,8,TRUE
MMRd,Myeloid-noDC-noGran,"(40,45]","(2.92,3.65]",42.5,3.2823438879145,8,8,TRUE
MMRd,Tcd4-Treg-comb,"(40,45]","(2.92,3.65]",42.5,3.2823438879145,6,8,TRUE
MMRd,Tcd8-CXCL13-comb,"(40,45]","(2.92,3.65]",42.5,3.2823438879145,7,8,TRUE
MMRd,CD8-all,"(40,45]","(2.92,3.65]",42.5,3.2823438879145,8,8,TRUE
MMRd,Tcd8-GZMK,"(40,45]","(2.92,3.65]",42.5,3.2823438879145,2,8,FALSE
MMRd,Tplzf-gdlike-comb,"(40,45]","(2.92,3.65]",42.5,3.2823438879145,5,8,TRUE
MMRd,Myeloid-mregDC,"(40,45]","(3.65,4.38]",42.5,4.01175364078438,3,8,FALSE
MMRd,Myeloid-ISG,"(40,45]","(3.65,4.38]",42.5,4.01175364078438,7,8,TRUE
MMRd,Myeloid-noDC-noGran,"(40,45]","(3.65,4.38]",42.5,4.01175364078438,8,8,TRUE
MMRd,Tcd4-CXCL13,"(40,45]","(3.65,4.38]",42.5,4.01175364078438,4,8,TRUE
MMRd,Tcd4-Treg-comb,"(40,45]","(3.65,4.38]",42.5,4.01175364078438,3,8,FALSE
MMRd,Tcd8-CXCL13-comb,"(40,45]","(3.65,4.38]",42.5,4.01175364078438,5,8,TRUE
MMRd,CD8-all,"(40,45]","(3.65,4.38]",42.5,4.01175364078438,5,8,TRUE
MMRd,Tcd8-GZMK,"(40,45]","(3.65,4.38]",42.5,4.01175364078438,3,8,FALSE
MMRd,Tplzf-gdlike-comb,"(40,45]","(3.65,4.38]",42.5,4.01175364078438,4,8,TRUE
MMRd,Myeloid-mregDC,"(40,45]","(4.38,5.11]",42.5,4.74116339365427,2,8,FALSE
MMRd,Myeloid-ISG,"(40,45]","(4.38,5.11]",42.5,4.74116339365427,3,8,FALSE
MMRd,Myeloid-noDC-noGran,"(40,45]","(4.38,5.11]",42.5,4.74116339365427,4,8,TRUE
MMRd,Tcd4-CXCL13,"(40,45]","(4.38,5.11]",42.5,4.74116339365427,3,8,FALSE
MMRd,Tcd8-CXCL13-LAG3,"(40,45]","(4.38,5.11]",42.5,4.74116339365427,2,8,FALSE
MMRd,CD8-all,"(40,45]","(4.38,5.11]",42.5,4.74116339365427,4,8,TRUE
MMRd,Tplzf-gdlike-comb,"(40,45]","(4.38,5.11]",42.5,4.74116339365427,2,8,FALSE
MMRd,Myeloid-mregDC,"(40,45]","(5.11,5.84]",42.5,5.47057314652416,2,8,FALSE
MMRd,Myeloid-ISG,"(40,45]","(5.11,5.84]",42.5,5.47057314652416,4,8,TRUE
MMRd,Myeloid-noDC-noGran,"(40,45]","(5.11,5.84]",42.5,5.47057314652416,4,8,TRUE
MMRd,Myeloid-ISG,"(40,45]","[0,0.729]",42.5,0.364704876434944,7,8,TRUE
MMRd,Myeloid-noDC-noGran,"(40,45]","[0,0.729]",42.5,0.364704876434944,8,8,TRUE
MMRd,Myeloid-ISG,"(45,50]","(1.46,2.19]",47.5,1.82352438217472,6,8,TRUE
MMRd,Myeloid-noDC-noGran,"(45,50]","(1.46,2.19]",47.5,1.82352438217472,8,8,TRUE
MMRd,Myeloid-mregDC,"(45,50]","(2.19,2.92]",47.5,2.55293413504461,3,8,FALSE
MMRd,Myeloid-ISG,"(45,50]","(2.19,2.92]",47.5,2.55293413504461,8,8,TRUE
MMRd,Myeloid-noDC-noGran,"(45,50]","(2.19,2.92]",47.5,2.55293413504461,8,8,TRUE
MMRd,Myeloid-mregDC,"(45,50]","(2.92,3.65]",47.5,3.2823438879145,6,8,TRUE
MMRd,Myeloid-ISG,"(45,50]","(2.92,3.65]",47.5,3.2823438879145,7,8,TRUE
MMRd,Myeloid-noDC-noGran,"(45,50]","(2.92,3.65]",47.5,3.2823438879145,8,8,TRUE
MMRd,Tcd4-CXCL13,"(45,50]","(2.92,3.65]",47.5,3.2823438879145,4,8,TRUE
MMRd,Tcd4-Treg-comb,"(45,50]","(2.92,3.65]",47.5,3.2823438879145,3,8,FALSE
MMRd,Tcd8-CXCL13-comb,"(45,50]","(2.92,3.65]",47.5,3.2823438879145,8,8,TRUE
MMRd,CD8-all,"(45,50]","(2.92,3.65]",47.5,3.2823438879145,8,8,TRUE
MMRd,Tplzf-gdlike-comb,"(45,50]","(2.92,3.65]",47.5,3.2823438879145,6,8,TRUE
MMRd,Myeloid-mregDC,"(45,50]","(3.65,4.38]",47.5,4.01175364078438,4,8,TRUE
MMRd,Myeloid-ISG,"(45,50]","(3.65,4.38]",47.5,4.01175364078438,5,8,TRUE
MMRd,Myeloid-noDC-noGran,"(45,50]","(3.65,4.38]",47.5,4.01175364078438,8,8,TRUE
MMRd,Tcd4-CXCL13,"(45,50]","(3.65,4.38]",47.5,4.01175364078438,5,8,TRUE
MMRd,Tcd4-Treg-comb,"(45,50]","(3.65,4.38]",47.5,4.01175364078438,5,8,TRUE
MMRd,Tcd8-CXCL13-comb,"(45,50]","(3.65,4.38]",47.5,4.01175364078438,5,8,TRUE
MMRd,CD8-all,"(45,50]","(3.65,4.38]",47.5,4.01175364078438,5,8,TRUE
MMRd,Tcd8-CXCL13-LAG3,"(45,50]","(3.65,4.38]",47.5,4.01175364078438,4,8,TRUE
MMRd,Tplzf-gdlike-comb,"(45,50]","(3.65,4.38]",47.5,4.01175364078438,5,8,TRUE
MMRd,Myeloid-mregDC,"(45,50]","(4.38,5.11]",47.5,4.74116339365427,2,8,FALSE
MMRd,Myeloid-ISG,"(45,50]","(4.38,5.11]",47.5,4.74116339365427,4,8,TRUE
MMRd,Myeloid-noDC-noGran,"(45,50]","(4.38,5.11]",47.5,4.74116339365427,5,8,TRUE
MMRd,Tcd8-CXCL13-comb,"(45,50]","(4.38,5.11]",47.5,4.74116339365427,5,8,TRUE
MMRd,CD8-all,"(45,50]","(4.38,5.11]",47.5,4.74116339365427,5,8,TRUE
MMRd,Tcd8-HOBIT,"(45,50]","(4.38,5.11]",47.5,4.74116339365427,4,8,TRUE
MMRd,Tplzf-gdlike-comb,"(45,50]","(4.38,5.11]",47.5,4.74116339365427,3,8,FALSE
MMRd,Myeloid-mregDC,"(45,50]","(5.11,5.84]",47.5,5.47057314652416,1,8,FALSE
MMRd,Myeloid-ISG,"(45,50]","(5.11,5.84]",47.5,5.47057314652416,2,8,FALSE
MMRd,Myeloid-noDC-noGran,"(45,50]","(5.11,5.84]",47.5,5.47057314652416,2,8,FALSE
MMRd,Tcd4-CXCL13,"(45,50]","(5.11,5.84]",47.5,5.47057314652416,3,8,FALSE
MMRd,CD8-all,"(45,50]","(5.11,5.84]",47.5,5.47057314652416,3,8,FALSE
MMRd,Myeloid-ISG,"(45,50]","[0,0.729]",47.5,0.364704876434944,7,8,TRUE
MMRd,Myeloid-noDC-noGran,"(45,50]","[0,0.729]",47.5,0.364704876434944,8,8,TRUE
MMRd,Tcd8-CXCL13-LAG3,"(45,50]","[0,0.729]",47.5,0.364704876434944,6,8,TRUE
MMRd,CD8-all,"(45,50]","[0,0.729]",47.5,0.364704876434944,7,8,TRUE
MMRd,Myeloid-noDC-noGran,"(5,10]","(1.46,2.19]",7.5,1.82352438217472,8,8,TRUE
MMRd,Myeloid-mregDC,"(5,10]","(2.19,2.92]",7.5,2.55293413504461,8,8,TRUE
MMRd,Myeloid-ISG,"(5,10]","(2.19,2.92]",7.5,2.55293413504461,8,8,TRUE
MMRd,Myeloid-noDC-noGran,"(5,10]","(2.19,2.92]",7.5,2.55293413504461,8,8,TRUE
MMRd,Tcd4-CXCL13,"(5,10]","(2.19,2.92]",7.5,2.55293413504461,8,8,TRUE
MMRd,Tcd4-Treg-comb,"(5,10]","(2.19,2.92]",7.5,2.55293413504461,8,8,TRUE
MMRd,Tcd8-CXCL13-comb,"(5,10]","(2.19,2.92]",7.5,2.55293413504461,8,8,TRUE
MMRd,CD8-all,"(5,10]","(2.19,2.92]",7.5,2.55293413504461,8,8,TRUE
MMRd,Tcd8-GZMK,"(5,10]","(2.19,2.92]",7.5,2.55293413504461,7,8,TRUE
MMRd,Tplzf-gdlike-comb,"(5,10]","(2.19,2.92]",7.5,2.55293413504461,8,8,TRUE
MMRd,Myeloid-mregDC,"(5,10]","(2.92,3.65]",7.5,3.2823438879145,7,8,TRUE
MMRd,Myeloid-ISG,"(5,10]","(2.92,3.65]",7.5,3.2823438879145,8,8,TRUE
MMRd,Myeloid-noDC-noGran,"(5,10]","(2.92,3.65]",7.5,3.2823438879145,8,8,TRUE
MMRd,Tcd4-CXCL13,"(5,10]","(2.92,3.65]",7.5,3.2823438879145,7,8,TRUE
MMRd,Tcd4-Treg-comb,"(5,10]","(2.92,3.65]",7.5,3.2823438879145,7,8,TRUE
MMRd,Tcd8-CXCL13-comb,"(5,10]","(2.92,3.65]",7.5,3.2823438879145,8,8,TRUE
MMRd,CD8-all,"(5,10]","(2.92,3.65]",7.5,3.2823438879145,8,8,TRUE
MMRd,Tcd8-CXCL13-LAG3,"(5,10]","(2.92,3.65]",7.5,3.2823438879145,8,8,TRUE
MMRd,Tcd8-HOBIT,"(5,10]","(2.92,3.65]",7.5,3.2823438879145,8,8,TRUE
MMRd,Tplzf-gdlike-comb,"(5,10]","(2.92,3.65]",7.5,3.2823438879145,8,8,TRUE
MMRd,Myeloid-mregDC,"(5,10]","(3.65,4.38]",7.5,4.01175364078438,8,8,TRUE
MMRd,Myeloid-ISG,"(5,10]","(3.65,4.38]",7.5,4.01175364078438,8,8,TRUE
MMRd,Myeloid-noDC-noGran,"(5,10]","(3.65,4.38]",7.5,4.01175364078438,8,8,TRUE
MMRd,Tcd4-CXCL13,"(5,10]","(3.65,4.38]",7.5,4.01175364078438,8,8,TRUE
MMRd,Tcd4-Treg-comb,"(5,10]","(3.65,4.38]",7.5,4.01175364078438,6,8,TRUE
MMRd,Tcd8-CXCL13-comb,"(5,10]","(3.65,4.38]",7.5,4.01175364078438,8,8,TRUE
MMRd,CD8-all,"(5,10]","(3.65,4.38]",7.5,4.01175364078438,8,8,TRUE
MMRd,Tcd8-CXCL13-LAG3,"(5,10]","(3.65,4.38]",7.5,4.01175364078438,8,8,TRUE
MMRd,Tcd8-GZMK,"(5,10]","(3.65,4.38]",7.5,4.01175364078438,5,8,TRUE
MMRd,Tcd8-HOBIT,"(5,10]","(3.65,4.38]",7.5,4.01175364078438,6,8,TRUE
MMRd,Tplzf-gdlike-comb,"(5,10]","(3.65,4.38]",7.5,4.01175364078438,7,8,TRUE
MMRd,Myeloid-mregDC,"(5,10]","(4.38,5.11]",7.5,4.74116339365427,6,8,TRUE
MMRd,Myeloid-ISG,"(5,10]","(4.38,5.11]",7.5,4.74116339365427,7,8,TRUE
MMRd,Myeloid-noDC-noGran,"(5,10]","(4.38,5.11]",7.5,4.74116339365427,8,8,TRUE
MMRd,Tcd4-CXCL13,"(5,10]","(4.38,5.11]",7.5,4.74116339365427,6,8,TRUE
MMRd,Tcd4-Treg-comb,"(5,10]","(4.38,5.11]",7.5,4.74116339365427,6,8,TRUE
MMRd,Tcd8-CXCL13-LAG3,"(5,10]","(4.38,5.11]",7.5,4.74116339365427,3,8,FALSE
MMRd,CD8-all,"(5,10]","(4.38,5.11]",7.5,4.74116339365427,6,8,TRUE
MMRd,Tcd8-CXCL13-comb,"(5,10]","(4.38,5.11]",7.5,4.74116339365427,4,8,TRUE
MMRd,Tcd8-GZMK,"(5,10]","(4.38,5.11]",7.5,4.74116339365427,4,8,TRUE
MMRd,Tcd8-HOBIT,"(5,10]","(4.38,5.11]",7.5,4.74116339365427,5,8,TRUE
MMRd,Tplzf-gdlike-comb,"(5,10]","(4.38,5.11]",7.5,4.74116339365427,5,8,TRUE
MMRd,Myeloid-mregDC,"(5,10]","(5.11,5.84]",7.5,5.47057314652416,2,8,FALSE
MMRd,Myeloid-ISG,"(5,10]","(5.11,5.84]",7.5,5.47057314652416,5,8,TRUE
MMRd,Myeloid-noDC-noGran,"(5,10]","(5.11,5.84]",7.5,5.47057314652416,5,8,TRUE
MMRd,Tcd4-CXCL13,"(5,10]","(5.11,5.84]",7.5,5.47057314652416,5,8,TRUE
MMRd,Tcd8-CXCL13-LAG3,"(5,10]","(5.11,5.84]",7.5,5.47057314652416,3,8,FALSE
MMRd,CD8-all,"(5,10]","(5.11,5.84]",7.5,5.47057314652416,5,8,TRUE
MMRd,Tcd8-CXCL13-comb,"(5,10]","(5.11,5.84]",7.5,5.47057314652416,4,8,TRUE
MMRd,Tcd8-GZMK,"(5,10]","(5.11,5.84]",7.5,5.47057314652416,3,8,FALSE
MMRd,Tcd8-HOBIT,"(5,10]","(5.11,5.84]",7.5,5.47057314652416,4,8,TRUE
MMRd,Myeloid-ISG,"(5,10]","(5.84,6.56]",7.5,6.19998289939405,3,8,FALSE
MMRd,Myeloid-noDC-noGran,"(5,10]","(5.84,6.56]",7.5,6.19998289939405,3,8,FALSE
MMRd,Tcd8-CXCL13-LAG3,"(5,10]","(5.84,6.56]",7.5,6.19998289939405,1,8,FALSE
MMRd,CD8-all,"(5,10]","(5.84,6.56]",7.5,6.19998289939405,2,8,FALSE
MMRd,Myeloid-mregDC,"(5,10]","[0,0.729]",7.5,0.364704876434944,7,8,TRUE
MMRd,Myeloid-ISG,"(5,10]","[0,0.729]",7.5,0.364704876434944,8,8,TRUE
MMRd,Myeloid-noDC-noGran,"(5,10]","[0,0.729]",7.5,0.364704876434944,8,8,TRUE
MMRd,Tcd8-CXCL13-comb,"(5,10]","[0,0.729]",7.5,0.364704876434944,8,8,TRUE
MMRd,CD8-all,"(5,10]","[0,0.729]",7.5,0.364704876434944,8,8,TRUE
MMRd,Tcd8-GZMK,"(5,10]","[0,0.729]",7.5,0.364704876434944,5,8,TRUE
MMRd,Tplzf-gdlike-comb,"(5,10]","[0,0.729]",7.5,0.364704876434944,8,8,TRUE
MMRd,Myeloid-ISG,"(50,55]","(1.46,2.19]",52.5,1.82352438217472,7,8,TRUE
MMRd,Myeloid-noDC-noGran,"(50,55]","(1.46,2.19]",52.5,1.82352438217472,8,8,TRUE
MMRd,Myeloid-mregDC,"(50,55]","(2.19,2.92]",52.5,2.55293413504461,4,8,TRUE
MMRd,Myeloid-ISG,"(50,55]","(2.19,2.92]",52.5,2.55293413504461,8,8,TRUE
MMRd,Myeloid-noDC-noGran,"(50,55]","(2.19,2.92]",52.5,2.55293413504461,8,8,TRUE
MMRd,Myeloid-ISG,"(50,55]","(2.92,3.65]",52.5,3.2823438879145,7,8,TRUE
MMRd,Myeloid-noDC-noGran,"(50,55]","(2.92,3.65]",52.5,3.2823438879145,8,8,TRUE
MMRd,Tcd4-Treg-comb,"(50,55]","(2.92,3.65]",52.5,3.2823438879145,4,8,TRUE
MMRd,Tcd8-CXCL13-comb,"(50,55]","(2.92,3.65]",52.5,3.2823438879145,5,8,TRUE
MMRd,CD8-all,"(50,55]","(2.92,3.65]",52.5,3.2823438879145,7,8,TRUE
MMRd,Tcd8-CXCL13-LAG3,"(50,55]","(2.92,3.65]",52.5,3.2823438879145,4,8,TRUE
MMRd,Tcd8-HOBIT,"(50,55]","(2.92,3.65]",52.5,3.2823438879145,5,8,TRUE
MMRd,Tplzf-gdlike-comb,"(50,55]","(2.92,3.65]",52.5,3.2823438879145,6,8,TRUE
MMRd,Myeloid-mregDC,"(50,55]","(3.65,4.38]",52.5,4.01175364078438,1,8,FALSE
MMRd,Myeloid-ISG,"(50,55]","(3.65,4.38]",52.5,4.01175364078438,6,8,TRUE
MMRd,Myeloid-noDC-noGran,"(50,55]","(3.65,4.38]",52.5,4.01175364078438,7,8,TRUE
MMRd,Tcd4-Treg-comb,"(50,55]","(3.65,4.38]",52.5,4.01175364078438,4,8,TRUE
MMRd,Tcd8-CXCL13-comb,"(50,55]","(3.65,4.38]",52.5,4.01175364078438,5,8,TRUE
MMRd,CD8-all,"(50,55]","(3.65,4.38]",52.5,4.01175364078438,5,8,TRUE
MMRd,Tcd8-CXCL13-LAG3,"(50,55]","(3.65,4.38]",52.5,4.01175364078438,3,8,FALSE
MMRd,Tcd8-HOBIT,"(50,55]","(3.65,4.38]",52.5,4.01175364078438,3,8,FALSE
MMRd,Tplzf-gdlike-comb,"(50,55]","(3.65,4.38]",52.5,4.01175364078438,4,8,TRUE
MMRd,Myeloid-mregDC,"(50,55]","(4.38,5.11]",52.5,4.74116339365427,1,8,FALSE
MMRd,Myeloid-ISG,"(50,55]","(4.38,5.11]",52.5,4.74116339365427,3,8,FALSE
MMRd,Myeloid-noDC-noGran,"(50,55]","(4.38,5.11]",52.5,4.74116339365427,4,8,TRUE
MMRd,Tcd8-CXCL13-comb,"(50,55]","(4.38,5.11]",52.5,4.74116339365427,4,8,TRUE
MMRd,CD8-all,"(50,55]","(4.38,5.11]",52.5,4.74116339365427,4,8,TRUE
MMRd,Tcd8-CXCL13-LAG3,"(50,55]","(4.38,5.11]",52.5,4.74116339365427,2,8,FALSE
MMRd,Tplzf-gdlike-comb,"(50,55]","(4.38,5.11]",52.5,4.74116339365427,3,8,FALSE
MMRd,Myeloid-mregDC,"(50,55]","(5.11,5.84]",52.5,5.47057314652416,1,8,FALSE
MMRd,Myeloid-noDC-noGran,"(50,55]","(5.11,5.84]",52.5,5.47057314652416,2,8,FALSE
MMRd,Tplzf-gdlike-comb,"(50,55]","(5.11,5.84]",52.5,5.47057314652416,1,8,FALSE
MMRd,Myeloid-mregDC,"(50,55]","[0,0.729]",52.5,0.364704876434944,6,8,TRUE
MMRd,Myeloid-ISG,"(50,55]","[0,0.729]",52.5,0.364704876434944,7,8,TRUE
MMRd,Myeloid-noDC-noGran,"(50,55]","[0,0.729]",52.5,0.364704876434944,8,8,TRUE
MMRd,Tcd4-CXCL13,"(50,55]","[0,0.729]",52.5,0.364704876434944,5,8,TRUE
MMRd,Tcd8-HOBIT,"(50,55]","[0,0.729]",52.5,0.364704876434944,4,8,TRUE
MMRd,CD8-all,"(50,55]","[0,0.729]",52.5,0.364704876434944,8,8,TRUE
MMRd,Myeloid-ISG,"(55,60]","(1.46,2.19]",57.5,1.82352438217472,6,8,TRUE
MMRd,Myeloid-noDC-noGran,"(55,60]","(1.46,2.19]",57.5,1.82352438217472,8,8,TRUE
MMRd,Myeloid-ISG,"(55,60]","(2.19,2.92]",57.5,2.55293413504461,8,8,TRUE
MMRd,Myeloid-noDC-noGran,"(55,60]","(2.19,2.92]",57.5,2.55293413504461,8,8,TRUE
MMRd,Tcd8-CXCL13-comb,"(55,60]","(2.19,2.92]",57.5,2.55293413504461,5,8,TRUE
MMRd,CD8-all,"(55,60]","(2.19,2.92]",57.5,2.55293413504461,8,8,TRUE
MMRd,Tcd8-CXCL13-LAG3,"(55,60]","(2.19,2.92]",57.5,2.55293413504461,6,8,TRUE
MMRd,Myeloid-mregDC,"(55,60]","(2.92,3.65]",57.5,3.2823438879145,3,8,FALSE
MMRd,Myeloid-ISG,"(55,60]","(2.92,3.65]",57.5,3.2823438879145,8,8,TRUE
MMRd,Myeloid-noDC-noGran,"(55,60]","(2.92,3.65]",57.5,3.2823438879145,8,8,TRUE
MMRd,Tcd4-Treg-comb,"(55,60]","(2.92,3.65]",57.5,3.2823438879145,5,8,TRUE
MMRd,Tcd8-CXCL13-LAG3,"(55,60]","(2.92,3.65]",57.5,3.2823438879145,5,8,TRUE
MMRd,CD8-all,"(55,60]","(2.92,3.65]",57.5,3.2823438879145,8,8,TRUE
MMRd,Tcd8-GZMK,"(55,60]","(2.92,3.65]",57.5,3.2823438879145,4,8,TRUE
MMRd,Tcd8-HOBIT,"(55,60]","(2.92,3.65]",57.5,3.2823438879145,4,8,TRUE
MMRd,Tplzf-gdlike-comb,"(55,60]","(2.92,3.65]",57.5,3.2823438879145,4,8,TRUE
MMRd,Myeloid-mregDC,"(55,60]","(3.65,4.38]",57.5,4.01175364078438,2,8,FALSE
MMRd,Myeloid-ISG,"(55,60]","(3.65,4.38]",57.5,4.01175364078438,5,8,TRUE
MMRd,Myeloid-noDC-noGran,"(55,60]","(3.65,4.38]",57.5,4.01175364078438,6,8,TRUE
MMRd,Tcd4-CXCL13,"(55,60]","(3.65,4.38]",57.5,4.01175364078438,4,8,TRUE
MMRd,Tcd4-Treg-comb,"(55,60]","(3.65,4.38]",57.5,4.01175364078438,4,8,TRUE
MMRd,Tcd8-CXCL13-comb,"(55,60]","(3.65,4.38]",57.5,4.01175364078438,5,8,TRUE
MMRd,CD8-all,"(55,60]","(3.65,4.38]",57.5,4.01175364078438,6,8,TRUE
MMRd,Tcd8-CXCL13-LAG3,"(55,60]","(3.65,4.38]",57.5,4.01175364078438,4,8,TRUE
MMRd,Myeloid-mregDC,"(55,60]","(4.38,5.11]",57.5,4.74116339365427,2,8,FALSE
MMRd,Myeloid-ISG,"(55,60]","(4.38,5.11]",57.5,4.74116339365427,3,8,FALSE
MMRd,Myeloid-noDC-noGran,"(55,60]","(4.38,5.11]",57.5,4.74116339365427,3,8,FALSE
MMRd,Tcd4-CXCL13,"(55,60]","(4.38,5.11]",57.5,4.74116339365427,3,8,FALSE
MMRd,Tcd4-Treg-comb,"(55,60]","(4.38,5.11]",57.5,4.74116339365427,2,8,FALSE
MMRd,Tcd8-CXCL13-comb,"(55,60]","(4.38,5.11]",57.5,4.74116339365427,3,8,FALSE
MMRd,CD8-all,"(55,60]","(4.38,5.11]",57.5,4.74116339365427,4,8,TRUE
MMRd,Tcd8-CXCL13-LAG3,"(55,60]","(4.38,5.11]",57.5,4.74116339365427,2,8,FALSE
MMRd,Tcd8-HOBIT,"(55,60]","(4.38,5.11]",57.5,4.74116339365427,3,8,FALSE
MMRd,Tplzf-gdlike-comb,"(55,60]","(4.38,5.11]",57.5,4.74116339365427,1,8,FALSE
MMRd,Myeloid-noDC-noGran,"(55,60]","(5.11,5.84]",57.5,5.47057314652416,3,8,FALSE
MMRd,Tcd4-Treg-comb,"(55,60]","(5.11,5.84]",57.5,5.47057314652416,1,8,FALSE
MMRd,CD8-all,"(55,60]","(5.11,5.84]",57.5,5.47057314652416,1,8,FALSE
MMRd,Tplzf-gdlike-comb,"(55,60]","(5.11,5.84]",57.5,5.47057314652416,1,8,FALSE
MMRd,Myeloid-mregDC,"(55,60]","[0,0.729]",57.5,0.364704876434944,5,8,TRUE
MMRd,Myeloid-ISG,"(55,60]","[0,0.729]",57.5,0.364704876434944,7,8,TRUE
MMRd,Myeloid-noDC-noGran,"(55,60]","[0,0.729]",57.5,0.364704876434944,8,8,TRUE
MMRd,Tcd8-CXCL13-LAG3,"(55,60]","[0,0.729]",57.5,0.364704876434944,4,8,TRUE
MMRd,CD8-all,"(55,60]","[0,0.729]",57.5,0.364704876434944,6,8,TRUE
MMRd,Tcd8-HOBIT,"(55,60]","[0,0.729]",57.5,0.364704876434944,5,8,TRUE
MMRd,Myeloid-mregDC,"(60,65]","(1.46,2.19]",62.5,1.82352438217472,2,8,FALSE
MMRd,Myeloid-mregDC,"(60,65]","(2.19,2.92]",62.5,2.55293413504461,5,8,TRUE
MMRd,Myeloid-noDC-noGran,"(60,65]","(2.19,2.92]",62.5,2.55293413504461,8,8,TRUE
MMRd,Tcd8-CXCL13-LAG3,"(60,65]","(2.19,2.92]",62.5,2.55293413504461,5,8,TRUE
MMRd,CD8-all,"(60,65]","(2.19,2.92]",62.5,2.55293413504461,7,8,TRUE
MMRd,Myeloid-mregDC,"(60,65]","(2.92,3.65]",62.5,3.2823438879145,3,8,FALSE
MMRd,Myeloid-ISG,"(60,65]","(2.92,3.65]",62.5,3.2823438879145,6,8,TRUE
MMRd,Myeloid-noDC-noGran,"(60,65]","(2.92,3.65]",62.5,3.2823438879145,8,8,TRUE
MMRd,Tcd4-CXCL13,"(60,65]","(2.92,3.65]",62.5,3.2823438879145,5,8,TRUE
MMRd,Tcd8-CXCL13-LAG3,"(60,65]","(2.92,3.65]",62.5,3.2823438879145,4,8,TRUE
MMRd,CD8-all,"(60,65]","(2.92,3.65]",62.5,3.2823438879145,6,8,TRUE
MMRd,Myeloid-mregDC,"(60,65]","(3.65,4.38]",62.5,4.01175364078438,3,8,FALSE
MMRd,Myeloid-ISG,"(60,65]","(3.65,4.38]",62.5,4.01175364078438,6,8,TRUE
MMRd,Myeloid-noDC-noGran,"(60,65]","(3.65,4.38]",62.5,4.01175364078438,7,8,TRUE
MMRd,Tcd4-CXCL13,"(60,65]","(3.65,4.38]",62.5,4.01175364078438,4,8,TRUE
MMRd,Tcd8-GZMK,"(60,65]","(3.65,4.38]",62.5,4.01175364078438,3,8,FALSE
MMRd,CD8-all,"(60,65]","(3.65,4.38]",62.5,4.01175364078438,4,8,TRUE
MMRd,Tplzf-gdlike-comb,"(60,65]","(3.65,4.38]",62.5,4.01175364078438,4,8,TRUE
MMRd,Myeloid-mregDC,"(60,65]","(4.38,5.11]",62.5,4.74116339365427,1,8,FALSE
MMRd,Myeloid-ISG,"(60,65]","(4.38,5.11]",62.5,4.74116339365427,2,8,FALSE
MMRd,Myeloid-noDC-noGran,"(60,65]","(4.38,5.11]",62.5,4.74116339365427,3,8,FALSE
MMRd,Tcd4-CXCL13,"(60,65]","(4.38,5.11]",62.5,4.74116339365427,4,8,TRUE
MMRd,Tcd4-Treg-comb,"(60,65]","(4.38,5.11]",62.5,4.74116339365427,3,8,FALSE
MMRd,Tcd8-GZMK,"(60,65]","(4.38,5.11]",62.5,4.74116339365427,1,8,FALSE
MMRd,CD8-all,"(60,65]","(4.38,5.11]",62.5,4.74116339365427,3,8,FALSE
MMRd,Myeloid-ISG,"(60,65]","(5.11,5.84]",62.5,5.47057314652416,1,8,FALSE
MMRd,Myeloid-noDC-noGran,"(60,65]","(5.11,5.84]",62.5,5.47057314652416,1,8,FALSE
MMRd,Myeloid-mregDC,"(60,65]","[0,0.729]",62.5,0.364704876434944,4,8,TRUE
MMRd,Myeloid-ISG,"(60,65]","[0,0.729]",62.5,0.364704876434944,6,8,TRUE
MMRd,Myeloid-noDC-noGran,"(60,65]","[0,0.729]",62.5,0.364704876434944,8,8,TRUE
MMRd,Myeloid-mregDC,"(65,70]","(2.19,2.92]",67.5,2.55293413504461,1,8,FALSE
MMRd,Myeloid-ISG,"(65,70]","(2.19,2.92]",67.5,2.55293413504461,7,8,TRUE
MMRd,Myeloid-noDC-noGran,"(65,70]","(2.19,2.92]",67.5,2.55293413504461,8,8,TRUE
MMRd,Myeloid-ISG,"(65,70]","(2.92,3.65]",67.5,3.2823438879145,5,8,TRUE
MMRd,Myeloid-noDC-noGran,"(65,70]","(2.92,3.65]",67.5,3.2823438879145,7,8,TRUE
MMRd,Tcd4-CXCL13,"(65,70]","(2.92,3.65]",67.5,3.2823438879145,5,8,TRUE
MMRd,Tcd8-CXCL13-comb,"(65,70]","(2.92,3.65]",67.5,3.2823438879145,4,8,TRUE
MMRd,CD8-all,"(65,70]","(2.92,3.65]",67.5,3.2823438879145,4,8,TRUE
MMRd,Tplzf-gdlike-comb,"(65,70]","(2.92,3.65]",67.5,3.2823438879145,3,8,FALSE
MMRd,Myeloid-mregDC,"(65,70]","(3.65,4.38]",67.5,4.01175364078438,2,8,FALSE
MMRd,Myeloid-ISG,"(65,70]","(3.65,4.38]",67.5,4.01175364078438,4,8,TRUE
MMRd,Myeloid-noDC-noGran,"(65,70]","(3.65,4.38]",67.5,4.01175364078438,7,8,TRUE
MMRd,Tcd4-CXCL13,"(65,70]","(3.65,4.38]",67.5,4.01175364078438,4,8,TRUE
MMRd,Tcd4-Treg-comb,"(65,70]","(3.65,4.38]",67.5,4.01175364078438,3,8,FALSE
MMRd,Tcd8-CXCL13-comb,"(65,70]","(3.65,4.38]",67.5,4.01175364078438,4,8,TRUE
MMRd,CD8-all,"(65,70]","(3.65,4.38]",67.5,4.01175364078438,4,8,TRUE
MMRd,Tcd8-CXCL13-LAG3,"(65,70]","(3.65,4.38]",67.5,4.01175364078438,3,8,FALSE
MMRd,Tplzf-gdlike-comb,"(65,70]","(3.65,4.38]",67.5,4.01175364078438,5,8,TRUE
MMRd,Myeloid-mregDC,"(65,70]","(4.38,5.11]",67.5,4.74116339365427,2,8,FALSE
MMRd,Myeloid-ISG,"(65,70]","(4.38,5.11]",67.5,4.74116339365427,2,8,FALSE
MMRd,Myeloid-noDC-noGran,"(65,70]","(4.38,5.11]",67.5,4.74116339365427,3,8,FALSE
MMRd,Tcd8-CXCL13-comb,"(65,70]","(4.38,5.11]",67.5,4.74116339365427,3,8,FALSE
MMRd,CD8-all,"(65,70]","(4.38,5.11]",67.5,4.74116339365427,4,8,TRUE
MMRd,Tplzf-gdlike-comb,"(65,70]","(4.38,5.11]",67.5,4.74116339365427,3,8,FALSE
MMRd,Myeloid-noDC-noGran,"(65,70]","(5.11,5.84]",67.5,5.47057314652416,2,8,FALSE
MMRd,Myeloid-ISG,"(65,70]","[0,0.729]",67.5,0.364704876434944,7,8,TRUE
MMRd,Myeloid-noDC-noGran,"(65,70]","[0,0.729]",67.5,0.364704876434944,8,8,TRUE
MMRd,Myeloid-mregDC,"(70,75]","(1.46,2.19]",72.5,1.82352438217472,4,8,TRUE
MMRd,Myeloid-noDC-noGran,"(70,75]","(1.46,2.19]",72.5,1.82352438217472,8,8,TRUE
MMRd,Myeloid-noDC-noGran,"(70,75]","(2.19,2.92]",72.5,2.55293413504461,8,8,TRUE
MMRd,Tcd4-CXCL13,"(70,75]","(2.19,2.92]",72.5,2.55293413504461,5,8,TRUE
MMRd,Myeloid-mregDC,"(70,75]","(2.92,3.65]",72.5,3.2823438879145,2,8,FALSE
MMRd,Myeloid-ISG,"(70,75]","(2.92,3.65]",72.5,3.2823438879145,3,8,FALSE
MMRd,Myeloid-noDC-noGran,"(70,75]","(2.92,3.65]",72.5,3.2823438879145,5,8,TRUE
MMRd,Tcd4-Treg-comb,"(70,75]","(2.92,3.65]",72.5,3.2823438879145,2,8,FALSE
MMRd,Tcd8-CXCL13-comb,"(70,75]","(2.92,3.65]",72.5,3.2823438879145,4,8,TRUE
MMRd,CD8-all,"(70,75]","(2.92,3.65]",72.5,3.2823438879145,5,8,TRUE
MMRd,Myeloid-mregDC,"(70,75]","(3.65,4.38]",72.5,4.01175364078438,1,8,FALSE
MMRd,Myeloid-ISG,"(70,75]","(3.65,4.38]",72.5,4.01175364078438,4,8,TRUE
MMRd,Myeloid-noDC-noGran,"(70,75]","(3.65,4.38]",72.5,4.01175364078438,4,8,TRUE
MMRd,Tcd4-CXCL13,"(70,75]","(3.65,4.38]",72.5,4.01175364078438,3,8,FALSE
MMRd,Tcd8-CXCL13-comb,"(70,75]","(3.65,4.38]",72.5,4.01175364078438,3,8,FALSE
MMRd,CD8-all,"(70,75]","(3.65,4.38]",72.5,4.01175364078438,5,8,TRUE
MMRd,Tcd8-HOBIT,"(70,75]","(3.65,4.38]",72.5,4.01175364078438,3,8,FALSE
MMRd,Tplzf-gdlike-comb,"(70,75]","(3.65,4.38]",72.5,4.01175364078438,3,8,FALSE
MMRd,Myeloid-mregDC,"(70,75]","(4.38,5.11]",72.5,4.74116339365427,1,8,FALSE
MMRd,Myeloid-ISG,"(70,75]","(4.38,5.11]",72.5,4.74116339365427,3,8,FALSE
MMRd,Myeloid-noDC-noGran,"(70,75]","(4.38,5.11]",72.5,4.74116339365427,4,8,TRUE
MMRd,Tcd8-HOBIT,"(70,75]","(4.38,5.11]",72.5,4.74116339365427,3,8,FALSE
MMRd,CD8-all,"(70,75]","(4.38,5.11]",72.5,4.74116339365427,4,8,TRUE
MMRd,Myeloid-ISG,"(70,75]","(5.11,5.84]",72.5,5.47057314652416,2,8,FALSE
MMRd,Myeloid-noDC-noGran,"(70,75]","(5.11,5.84]",72.5,5.47057314652416,2,8,FALSE
MMRd,Myeloid-noDC-noGran,"(70,75]","[0,0.729]",72.5,0.364704876434944,8,8,TRUE
MMRd,Tcd4-CXCL13,"(70,75]","[0,0.729]",72.5,0.364704876434944,4,8,TRUE
MMRd,Myeloid-ISG,"(75,80]","(2.19,2.92]",77.5,2.55293413504461,6,8,TRUE
MMRd,Myeloid-noDC-noGran,"(75,80]","(2.19,2.92]",77.5,2.55293413504461,8,8,TRUE
MMRd,Myeloid-ISG,"(75,80]","(2.92,3.65]",77.5,3.2823438879145,4,8,TRUE
MMRd,Myeloid-noDC-noGran,"(75,80]","(2.92,3.65]",77.5,3.2823438879145,8,8,TRUE
MMRd,Tcd8-CXCL13-comb,"(75,80]","(2.92,3.65]",77.5,3.2823438879145,4,8,TRUE
MMRd,CD8-all,"(75,80]","(2.92,3.65]",77.5,3.2823438879145,6,8,TRUE
MMRd,Tcd8-CXCL13-LAG3,"(75,80]","(2.92,3.65]",77.5,3.2823438879145,5,8,TRUE
MMRd,Myeloid-mregDC,"(75,80]","(3.65,4.38]",77.5,4.01175364078438,2,8,FALSE
MMRd,Myeloid-ISG,"(75,80]","(3.65,4.38]",77.5,4.01175364078438,4,8,TRUE
MMRd,Myeloid-noDC-noGran,"(75,80]","(3.65,4.38]",77.5,4.01175364078438,7,8,TRUE
MMRd,Tcd8-CXCL13-comb,"(75,80]","(3.65,4.38]",77.5,4.01175364078438,4,8,TRUE
MMRd,CD8-all,"(75,80]","(3.65,4.38]",77.5,4.01175364078438,4,8,TRUE
MMRd,Myeloid-mregDC,"(75,80]","(4.38,5.11]",77.5,4.74116339365427,1,8,FALSE
MMRd,Myeloid-ISG,"(75,80]","(4.38,5.11]",77.5,4.74116339365427,4,8,TRUE
MMRd,Myeloid-noDC-noGran,"(75,80]","(4.38,5.11]",77.5,4.74116339365427,4,8,TRUE
MMRd,Tcd4-CXCL13,"(75,80]","(4.38,5.11]",77.5,4.74116339365427,1,8,FALSE
MMRd,Tcd8-CXCL13-comb,"(75,80]","(4.38,5.11]",77.5,4.74116339365427,2,8,FALSE
MMRd,CD8-all,"(75,80]","(4.38,5.11]",77.5,4.74116339365427,4,8,TRUE
MMRd,Tcd8-HOBIT,"(75,80]","(4.38,5.11]",77.5,4.74116339365427,3,8,FALSE
MMRd,Myeloid-ISG,"(75,80]","(5.11,5.84]",77.5,5.47057314652416,2,8,FALSE
MMRd,Myeloid-noDC-noGran,"(75,80]","(5.11,5.84]",77.5,5.47057314652416,2,8,FALSE
MMRd,Myeloid-mregDC,"(75,80]","[0,0.729]",77.5,0.364704876434944,3,8,FALSE
MMRd,Myeloid-ISG,"(75,80]","[0,0.729]",77.5,0.364704876434944,8,8,TRUE
MMRd,Myeloid-noDC-noGran,"(75,80]","[0,0.729]",77.5,0.364704876434944,8,8,TRUE
MMRd,Tcd4-CXCL13,"(80,85]","(1.46,2.19]",82.5,1.82352438217472,4,8,TRUE
MMRd,Myeloid-noDC-noGran,"(80,85]","(2.19,2.92]",82.5,2.55293413504461,8,8,TRUE
MMRd,Tplzf-gdlike-comb,"(80,85]","(2.19,2.92]",82.5,2.55293413504461,4,8,TRUE
MMRd,Myeloid-ISG,"(80,85]","(2.92,3.65]",82.5,3.2823438879145,4,8,TRUE
MMRd,Myeloid-noDC-noGran,"(80,85]","(2.92,3.65]",82.5,3.2823438879145,8,8,TRUE
MMRd,Tcd8-CXCL13-LAG3,"(80,85]","(2.92,3.65]",82.5,3.2823438879145,2,8,FALSE
MMRd,CD8-all,"(80,85]","(2.92,3.65]",82.5,3.2823438879145,4,8,TRUE
MMRd,Myeloid-mregDC,"(80,85]","(3.65,4.38]",82.5,4.01175364078438,1,8,FALSE
MMRd,Myeloid-ISG,"(80,85]","(3.65,4.38]",82.5,4.01175364078438,2,8,FALSE
MMRd,Myeloid-noDC-noGran,"(80,85]","(3.65,4.38]",82.5,4.01175364078438,4,8,TRUE
MMRd,Tcd8-CXCL13-comb,"(80,85]","(3.65,4.38]",82.5,4.01175364078438,3,8,FALSE
MMRd,CD8-all,"(80,85]","(3.65,4.38]",82.5,4.01175364078438,3,8,FALSE
MMRd,Tcd8-HOBIT,"(80,85]","(3.65,4.38]",82.5,4.01175364078438,3,8,FALSE
MMRd,Tplzf-gdlike-comb,"(80,85]","(3.65,4.38]",82.5,4.01175364078438,4,8,TRUE
MMRd,Myeloid-mregDC,"(80,85]","(4.38,5.11]",82.5,4.74116339365427,2,8,FALSE
MMRd,Myeloid-ISG,"(80,85]","(4.38,5.11]",82.5,4.74116339365427,2,8,FALSE
MMRd,Myeloid-noDC-noGran,"(80,85]","(4.38,5.11]",82.5,4.74116339365427,3,8,FALSE
MMRd,Tcd4-Treg-comb,"(80,85]","(4.38,5.11]",82.5,4.74116339365427,1,8,FALSE
MMRd,Tcd8-CXCL13-LAG3,"(80,85]","(4.38,5.11]",82.5,4.74116339365427,1,8,FALSE
MMRd,CD8-all,"(80,85]","(4.38,5.11]",82.5,4.74116339365427,2,8,FALSE
MMRd,Myeloid-ISG,"(80,85]","(5.11,5.84]",82.5,5.47057314652416,2,8,FALSE
MMRd,Myeloid-noDC-noGran,"(80,85]","(5.11,5.84]",82.5,5.47057314652416,3,8,FALSE
MMRd,Myeloid-ISG,"(80,85]","[0,0.729]",82.5,0.364704876434944,7,8,TRUE
MMRd,Myeloid-noDC-noGran,"(80,85]","[0,0.729]",82.5,0.364704876434944,8,8,TRUE
MMRd,Tplzf-gdlike-comb,"(85,90]","(1.46,2.19]",87.5,1.82352438217472,3,8,FALSE
MMRd,Myeloid-ISG,"(85,90]","(2.19,2.92]",87.5,2.55293413504461,5,8,TRUE
MMRd,Myeloid-noDC-noGran,"(85,90]","(2.19,2.92]",87.5,2.55293413504461,8,8,TRUE
MMRd,Tcd8-CXCL13-comb,"(85,90]","(2.19,2.92]",87.5,2.55293413504461,3,8,FALSE
MMRd,CD8-all,"(85,90]","(2.19,2.92]",87.5,2.55293413504461,6,8,TRUE
MMRd,Tplzf-gdlike-comb,"(85,90]","(2.19,2.92]",87.5,2.55293413504461,2,8,FALSE
MMRd,Myeloid-ISG,"(85,90]","(2.92,3.65]",87.5,3.2823438879145,5,8,TRUE
MMRd,Myeloid-noDC-noGran,"(85,90]","(2.92,3.65]",87.5,3.2823438879145,6,8,TRUE
MMRd,Tcd8-CXCL13-comb,"(85,90]","(2.92,3.65]",87.5,3.2823438879145,3,8,FALSE
MMRd,CD8-all,"(85,90]","(2.92,3.65]",87.5,3.2823438879145,4,8,TRUE
MMRd,Myeloid-mregDC,"(85,90]","(3.65,4.38]",87.5,4.01175364078438,3,8,FALSE
MMRd,Myeloid-ISG,"(85,90]","(3.65,4.38]",87.5,4.01175364078438,4,8,TRUE
MMRd,Myeloid-noDC-noGran,"(85,90]","(3.65,4.38]",87.5,4.01175364078438,5,8,TRUE
MMRd,Tcd8-CXCL13-LAG3,"(85,90]","(3.65,4.38]",87.5,4.01175364078438,3,8,FALSE
MMRd,CD8-all,"(85,90]","(3.65,4.38]",87.5,4.01175364078438,4,8,TRUE
MMRd,Tcd8-CXCL13-comb,"(85,90]","(3.65,4.38]",87.5,4.01175364078438,4,8,TRUE
MMRd,Tcd8-GZMK,"(85,90]","(3.65,4.38]",87.5,4.01175364078438,2,8,FALSE
MMRd,Tplzf-gdlike-comb,"(85,90]","(3.65,4.38]",87.5,4.01175364078438,3,8,FALSE
MMRd,Myeloid-ISG,"(85,90]","(4.38,5.11]",87.5,4.74116339365427,5,8,TRUE
MMRd,Myeloid-noDC-noGran,"(85,90]","(4.38,5.11]",87.5,4.74116339365427,5,8,TRUE
MMRd,Tcd8-GZMK,"(85,90]","(4.38,5.11]",87.5,4.74116339365427,1,8,FALSE
MMRd,CD8-all,"(85,90]","(4.38,5.11]",87.5,4.74116339365427,3,8,FALSE
MMRd,Myeloid-mregDC,"(85,90]","[0,0.729]",87.5,0.364704876434944,3,8,FALSE
MMRd,Myeloid-ISG,"(85,90]","[0,0.729]",87.5,0.364704876434944,6,8,TRUE
MMRd,Myeloid-noDC-noGran,"(85,90]","[0,0.729]",87.5,0.364704876434944,8,8,TRUE
MMRd,Myeloid-ISG,"(90,95]","(2.19,2.92]",92.5,2.55293413504461,4,8,TRUE
MMRd,Myeloid-noDC-noGran,"(90,95]","(2.19,2.92]",92.5,2.55293413504461,7,8,TRUE
MMRd,Myeloid-noDC-noGran,"(90,95]","(2.92,3.65]",92.5,3.2823438879145,7,8,TRUE
MMRd,Tcd4-CXCL13,"(90,95]","(2.92,3.65]",92.5,3.2823438879145,3,8,FALSE
MMRd,CD8-all,"(90,95]","(2.92,3.65]",92.5,3.2823438879145,5,8,TRUE
MMRd,Tplzf-gdlike-comb,"(90,95]","(2.92,3.65]",92.5,3.2823438879145,4,8,TRUE
MMRd,Myeloid-mregDC,"(90,95]","(3.65,4.38]",92.5,4.01175364078438,1,8,FALSE
MMRd,Myeloid-ISG,"(90,95]","(3.65,4.38]",92.5,4.01175364078438,3,8,FALSE
MMRd,Myeloid-noDC-noGran,"(90,95]","(3.65,4.38]",92.5,4.01175364078438,5,8,TRUE
MMRd,Tcd4-CXCL13,"(90,95]","(3.65,4.38]",92.5,4.01175364078438,1,8,FALSE
MMRd,Tcd8-CXCL13-comb,"(90,95]","(3.65,4.38]",92.5,4.01175364078438,3,8,FALSE
MMRd,CD8-all,"(90,95]","(3.65,4.38]",92.5,4.01175364078438,3,8,FALSE
MMRd,Tcd8-GZMK,"(90,95]","(3.65,4.38]",92.5,4.01175364078438,1,8,FALSE
MMRd,Myeloid-ISG,"(90,95]","(4.38,5.11]",92.5,4.74116339365427,2,8,FALSE
MMRd,Myeloid-noDC-noGran,"(90,95]","(4.38,5.11]",92.5,4.74116339365427,3,8,FALSE
MMRd,Tcd4-CXCL13,"(90,95]","(4.38,5.11]",92.5,4.74116339365427,1,8,FALSE
MMRd,Tcd4-Treg-comb,"(90,95]","(4.38,5.11]",92.5,4.74116339365427,2,8,FALSE
MMRd,Tplzf-gdlike-comb,"(90,95]","(4.38,5.11]",92.5,4.74116339365427,1,8,FALSE
MMRd,Myeloid-ISG,"(90,95]","(5.11,5.84]",92.5,5.47057314652416,1,8,FALSE
MMRd,Myeloid-noDC-noGran,"(90,95]","(5.11,5.84]",92.5,5.47057314652416,2,8,FALSE
MMRd,Myeloid-noDC-noGran,"(90,95]","[0,0.729]",92.5,0.364704876434944,8,8,TRUE
MMRd,Myeloid-mregDC,"(95,100]","(2.19,2.92]",97.5,2.55293413504461,1,8,FALSE
MMRd,Myeloid-ISG,"(95,100]","(2.92,3.65]",97.5,3.2823438879145,2,8,FALSE
MMRd,Myeloid-noDC-noGran,"(95,100]","(2.92,3.65]",97.5,3.2823438879145,8,8,TRUE
MMRd,Tcd8-CXCL13-comb,"(95,100]","(2.92,3.65]",97.5,3.2823438879145,5,8,TRUE
MMRd,CD8-all,"(95,100]","(2.92,3.65]",97.5,3.2823438879145,5,8,TRUE
MMRd,Myeloid-mregDC,"(95,100]","(3.65,4.38]",97.5,4.01175364078438,1,8,FALSE
MMRd,Myeloid-noDC-noGran,"(95,100]","(3.65,4.38]",97.5,4.01175364078438,5,8,TRUE
MMRd,Tcd8-CXCL13-comb,"(95,100]","(3.65,4.38]",97.5,4.01175364078438,3,8,FALSE
MMRd,CD8-all,"(95,100]","(3.65,4.38]",97.5,4.01175364078438,4,8,TRUE
MMRd,Myeloid-mregDC,"(95,100]","(4.38,5.11]",97.5,4.74116339365427,1,8,FALSE
MMRd,Myeloid-ISG,"(95,100]","(4.38,5.11]",97.5,4.74116339365427,2,8,FALSE
MMRd,Myeloid-noDC-noGran,"(95,100]","(4.38,5.11]",97.5,4.74116339365427,4,8,TRUE
MMRd,Tcd8-CXCL13-LAG3,"(95,100]","(4.38,5.11]",97.5,4.74116339365427,1,8,FALSE
MMRd,CD8-all,"(95,100]","(4.38,5.11]",97.5,4.74116339365427,3,8,FALSE
MMRd,Tcd8-CXCL13-comb,"(95,100]","(4.38,5.11]",97.5,4.74116339365427,1,8,FALSE
MMRd,Tplzf-gdlike-comb,"(95,100]","(4.38,5.11]",97.5,4.74116339365427,1,8,FALSE
MMRd,Myeloid-mregDC,"(95,100]","[0,0.729]",97.5,0.364704876434944,3,8,FALSE
MMRd,Myeloid-ISG,"(95,100]","[0,0.729]",97.5,0.364704876434944,6,8,TRUE
MMRd,Myeloid-noDC-noGran,"(95,100]","[0,0.729]",97.5,0.364704876434944,8,8,TRUE
MMRd,Tcd4-CXCL13,"(95,100]","[0,0.729]",97.5,0.364704876434944,4,8,TRUE
MMRd,Myeloid-mregDC,"[-100,-95]","(2.92,3.65]",-97.5,3.2823438879145,3,8,FALSE
MMRd,Myeloid-mregDC,"[-100,-95]","(3.65,4.38]",-97.5,4.01175364078438,3,8,FALSE
MMRd,Myeloid-ISG,"[-100,-95]","(3.65,4.38]",-97.5,4.01175364078438,5,8,TRUE
MMRd,Myeloid-noDC-noGran,"[-100,-95]","(3.65,4.38]",-97.5,4.01175364078438,7,8,TRUE
MMRd,Tcd4-Treg-comb,"[-100,-95]","(3.65,4.38]",-97.5,4.01175364078438,3,8,FALSE
MMRd,CD8-all,"[-100,-95]","(3.65,4.38]",-97.5,4.01175364078438,3,8,FALSE
MMRd,Myeloid-ISG,"[-100,-95]","(4.38,5.11]",-97.5,4.74116339365427,4,8,TRUE
MMRd,Myeloid-noDC-noGran,"[-100,-95]","(4.38,5.11]",-97.5,4.74116339365427,4,8,TRUE
MMRd,Tcd4-Treg-comb,"[-100,-95]","(4.38,5.11]",-97.5,4.74116339365427,3,8,FALSE
MMRd,Myeloid-mregDC,"[-100,-95]","(5.11,5.84]",-97.5,5.47057314652416,1,8,FALSE
MMRd,Myeloid-noDC-noGran,"[-100,-95]","(5.11,5.84]",-97.5,5.47057314652416,3,8,FALSE
MMRd,Tcd4-CXCL13,"[-100,-95]","(5.11,5.84]",-97.5,5.47057314652416,1,8,FALSE
MMRd,Myeloid-mregDC,"[-100,-95]","[0,0.729]",-97.5,0.364704876434944,6,8,TRUE
MMRd,Myeloid-noDC-noGran,"[-100,-95]","[0,0.729]",-97.5,0.364704876434944,8,8,TRUE
MMRd,Tcd4-Treg-comb,"[-100,-95]","[0,0.729]",-97.5,0.364704876434944,5,8,TRUE
MMRd,Tplzf-gdlike-comb,"[-100,-95]","[0,0.729]",-97.5,0.364704876434944,4,8,TRUE
MMRd,Myeloid-mregDC,"(-10,-5]","(0.729,1.46]",-7.5,1.09411462930483,4,8,TRUE
MMRd,Myeloid-ISG,"(-10,-5]","(0.729,1.46]",-7.5,1.09411462930483,7,8,TRUE
MMRd,Myeloid-noDC-noGran,"(-10,-5]","(0.729,1.46]",-7.5,1.09411462930483,7,8,TRUE
MMRd,Tcd4-Treg-comb,"(-10,-5]","(0.729,1.46]",-7.5,1.09411462930483,6,8,TRUE
MMRd,Tcd8-CXCL13-comb,"(-10,-5]","(0.729,1.46]",-7.5,1.09411462930483,7,8,TRUE
MMRd,CD8-all,"(-10,-5]","(0.729,1.46]",-7.5,1.09411462930483,7,8,TRUE
MMRd,Tcd8-HOBIT,"(-10,-5]","(0.729,1.46]",-7.5,1.09411462930483,4,8,TRUE
MMRd,Myeloid-mregDC,"(-10,-5]","(1.46,2.19]",-7.5,1.82352438217472,6,8,TRUE
MMRd,Tcd4-Treg-comb,"(-10,-5]","(1.46,2.19]",-7.5,1.82352438217472,7,8,TRUE
MMRd,Tcd8-CXCL13-LAG3,"(-10,-5]","(1.46,2.19]",-7.5,1.82352438217472,7,8,TRUE
MMRd,Tcd8-GZMK,"(-10,-5]","(1.46,2.19]",-7.5,1.82352438217472,7,8,TRUE
MMRd,Tcd8-HOBIT,"(-10,-5]","(1.46,2.19]",-7.5,1.82352438217472,7,8,TRUE
MMRd,Tcd4-CXCL13,"(-10,-5]","(2.19,2.92]",-7.5,2.55293413504461,7,8,TRUE
MMRd,Tcd8-CXCL13-LAG3,"(-10,-5]","(2.19,2.92]",-7.5,2.55293413504461,7,8,TRUE
MMRd,Tcd8-GZMK,"(-10,-5]","(2.19,2.92]",-7.5,2.55293413504461,7,8,TRUE
MMRd,Tcd8-HOBIT,"(-10,-5]","(2.19,2.92]",-7.5,2.55293413504461,7,8,TRUE
MMRd,Tcd8-GZMK,"(-10,-5]","(2.92,3.65]",-7.5,3.2823438879145,7,8,TRUE
MMRd,Tcd8-GZMK,"(-10,-5]","(4.38,5.11]",-7.5,4.74116339365427,6,8,TRUE
MMRd,Myeloid-mregDC,"(-10,-5]","[0,0.729]",-7.5,0.364704876434944,6,8,TRUE
MMRd,Tcd4-CXCL13,"(-10,-5]","[0,0.729]",-7.5,0.364704876434944,6,8,TRUE
MMRd,Tcd8-CXCL13-LAG3,"(-10,-5]","[0,0.729]",-7.5,0.364704876434944,6,8,TRUE
MMRd,Tcd8-GZMK,"(-10,-5]","[0,0.729]",-7.5,0.364704876434944,6,8,TRUE
MMRd,Myeloid-ISG,"(-15,-10]","(0.729,1.46]",-12.5,1.09411462930483,6,8,TRUE
MMRd,Myeloid-noDC-noGran,"(-15,-10]","(0.729,1.46]",-12.5,1.09411462930483,6,8,TRUE
MMRd,Tcd4-Treg-comb,"(-15,-10]","(0.729,1.46]",-12.5,1.09411462930483,4,8,TRUE
MMRd,Tcd8-CXCL13-comb,"(-15,-10]","(0.729,1.46]",-12.5,1.09411462930483,4,8,TRUE
MMRd,CD8-all,"(-15,-10]","(0.729,1.46]",-12.5,1.09411462930483,5,8,TRUE
MMRd,Tcd8-HOBIT,"(-15,-10]","(0.729,1.46]",-12.5,1.09411462930483,3,8,FALSE
MMRd,Myeloid-mregDC,"(-15,-10]","(1.46,2.19]",-12.5,1.82352438217472,6,8,TRUE
MMRd,Tcd4-CXCL13,"(-15,-10]","(1.46,2.19]",-12.5,1.82352438217472,7,8,TRUE
MMRd,Tcd8-CXCL13-LAG3,"(-15,-10]","(1.46,2.19]",-12.5,1.82352438217472,6,8,TRUE
MMRd,CD8-all,"(-15,-10]","(1.46,2.19]",-12.5,1.82352438217472,7,8,TRUE
MMRd,Tcd8-CXCL13-comb,"(-15,-10]","(1.46,2.19]",-12.5,1.82352438217472,7,8,TRUE
MMRd,Tcd8-HOBIT,"(-15,-10]","(1.46,2.19]",-12.5,1.82352438217472,6,8,TRUE
MMRd,Tplzf-gdlike-comb,"(-15,-10]","(1.46,2.19]",-12.5,1.82352438217472,7,8,TRUE
MMRd,Tcd4-CXCL13,"(-15,-10]","(2.19,2.92]",-12.5,2.55293413504461,7,8,TRUE
MMRd,Tcd4-Treg-comb,"(-15,-10]","(2.19,2.92]",-12.5,2.55293413504461,7,8,TRUE
MMRd,Tcd8-CXCL13-comb,"(-15,-10]","(2.19,2.92]",-12.5,2.55293413504461,7,8,TRUE
MMRd,Tcd8-GZMK,"(-15,-10]","(2.19,2.92]",-12.5,2.55293413504461,7,8,TRUE
MMRd,Tcd8-HOBIT,"(-15,-10]","(2.19,2.92]",-12.5,2.55293413504461,7,8,TRUE
MMRd,Tplzf-gdlike-comb,"(-15,-10]","(2.19,2.92]",-12.5,2.55293413504461,7,8,TRUE
MMRd,Tcd4-CXCL13,"(-15,-10]","(2.92,3.65]",-12.5,3.2823438879145,7,8,TRUE
MMRd,Tcd8-CXCL13-LAG3,"(-15,-10]","(2.92,3.65]",-12.5,3.2823438879145,7,8,TRUE
MMRd,Tcd8-HOBIT,"(-15,-10]","(2.92,3.65]",-12.5,3.2823438879145,6,8,TRUE
MMRd,Tplzf-gdlike-comb,"(-15,-10]","(2.92,3.65]",-12.5,3.2823438879145,7,8,TRUE
MMRd,Tcd4-CXCL13,"(-15,-10]","(3.65,4.38]",-12.5,4.01175364078438,7,8,TRUE
MMRd,Tcd8-GZMK,"(-15,-10]","(3.65,4.38]",-12.5,4.01175364078438,7,8,TRUE
MMRd,Tcd4-CXCL13,"(-15,-10]","[0,0.729]",-12.5,0.364704876434944,6,8,TRUE
MMRd,Tcd8-CXCL13-comb,"(-15,-10]","[0,0.729]",-12.5,0.364704876434944,7,8,TRUE
MMRd,CD8-all,"(-15,-10]","[0,0.729]",-12.5,0.364704876434944,7,8,TRUE
MMRd,Tcd8-HOBIT,"(-15,-10]","[0,0.729]",-12.5,0.364704876434944,7,8,TRUE
MMRd,Myeloid-noDC-noGran,"(-20,-15]","(0.729,1.46]",-17.5,1.09411462930483,6,8,TRUE
MMRd,Myeloid-mregDC,"(-20,-15]","(1.46,2.19]",-17.5,1.82352438217472,5,8,TRUE
MMRd,Tcd4-Treg-comb,"(-20,-15]","(1.46,2.19]",-17.5,1.82352438217472,6,8,TRUE
MMRd,Tcd8-CXCL13-comb,"(-20,-15]","(1.46,2.19]",-17.5,1.82352438217472,7,8,TRUE
MMRd,CD8-all,"(-20,-15]","(1.46,2.19]",-17.5,1.82352438217472,7,8,TRUE
MMRd,Myeloid-mregDC,"(-20,-15]","(2.19,2.92]",-17.5,2.55293413504461,7,8,TRUE
MMRd,Tcd4-CXCL13,"(-20,-15]","(2.19,2.92]",-17.5,2.55293413504461,7,8,TRUE
MMRd,Tcd8-GZMK,"(-20,-15]","(2.19,2.92]",-17.5,2.55293413504461,6,8,TRUE
MMRd,Myeloid-mregDC,"(-20,-15]","(2.92,3.65]",-17.5,3.2823438879145,7,8,TRUE
MMRd,Tcd8-CXCL13-comb,"(-20,-15]","(2.92,3.65]",-17.5,3.2823438879145,7,8,TRUE
MMRd,Tcd8-CXCL13-LAG3,"(-20,-15]","(2.92,3.65]",-17.5,3.2823438879145,5,8,TRUE
MMRd,Tcd8-GZMK,"(-20,-15]","(2.92,3.65]",-17.5,3.2823438879145,7,8,TRUE
MMRd,Tplzf-gdlike-comb,"(-20,-15]","(2.92,3.65]",-17.5,3.2823438879145,7,8,TRUE
MMRd,Tcd8-GZMK,"(-20,-15]","(3.65,4.38]",-17.5,4.01175364078438,6,8,TRUE
MMRd,Tcd8-CXCL13-LAG3,"(-20,-15]","[0,0.729]",-17.5,0.364704876434944,3,8,FALSE
MMRd,CD8-all,"(-20,-15]","[0,0.729]",-17.5,0.364704876434944,7,8,TRUE
MMRd,Tcd8-CXCL13-comb,"(-20,-15]","[0,0.729]",-17.5,0.364704876434944,6,8,TRUE
MMRd,Myeloid-noDC-noGran,"(-25,-20]","(0.729,1.46]",-22.5,1.09411462930483,5,8,TRUE
MMRd,Myeloid-ISG,"(-25,-20]","(1.46,2.19]",-22.5,1.82352438217472,7,8,TRUE
MMRd,Myeloid-noDC-noGran,"(-25,-20]","(1.46,2.19]",-22.5,1.82352438217472,7,8,TRUE
MMRd,Tcd4-Treg-comb,"(-25,-20]","(1.46,2.19]",-22.5,1.82352438217472,6,8,TRUE
MMRd,Tcd4-CXCL13,"(-25,-20]","(2.19,2.92]",-22.5,2.55293413504461,6,8,TRUE
MMRd,Tcd8-CXCL13-comb,"(-25,-20]","(2.19,2.92]",-22.5,2.55293413504461,7,8,TRUE
MMRd,CD8-all,"(-25,-20]","(2.19,2.92]",-22.5,2.55293413504461,7,8,TRUE
MMRd,Tcd8-GZMK,"(-25,-20]","(2.19,2.92]",-22.5,2.55293413504461,6,8,TRUE
MMRd,Tcd8-HOBIT,"(-25,-20]","(2.19,2.92]",-22.5,2.55293413504461,6,8,TRUE
MMRd,Tplzf-gdlike-comb,"(-25,-20]","(2.19,2.92]",-22.5,2.55293413504461,6,8,TRUE
MMRd,Myeloid-ISG,"(-25,-20]","(2.92,3.65]",-22.5,3.2823438879145,7,8,TRUE
MMRd,Tcd4-CXCL13,"(-25,-20]","(2.92,3.65]",-22.5,3.2823438879145,7,8,TRUE
MMRd,Tcd8-GZMK,"(-25,-20]","(2.92,3.65]",-22.5,3.2823438879145,6,8,TRUE
MMRd,Tcd8-GZMK,"(-25,-20]","(3.65,4.38]",-22.5,4.01175364078438,7,8,TRUE
MMRd,Tcd4-CXCL13,"(-25,-20]","(5.11,5.84]",-22.5,5.47057314652416,3,8,FALSE
MMRd,Tcd8-CXCL13-comb,"(-25,-20]","[0,0.729]",-22.5,0.364704876434944,5,8,TRUE
MMRd,Myeloid-noDC-noGran,"(-30,-25]","(1.46,2.19]",-27.5,1.82352438217472,7,8,TRUE
MMRd,Tcd8-CXCL13-LAG3,"(-30,-25]","(1.46,2.19]",-27.5,1.82352438217472,3,8,FALSE
MMRd,CD8-all,"(-30,-25]","(1.46,2.19]",-27.5,1.82352438217472,7,8,TRUE
MMRd,Tcd8-CXCL13-comb,"(-30,-25]","(1.46,2.19]",-27.5,1.82352438217472,6,8,TRUE
MMRd,Myeloid-mregDC,"(-30,-25]","(2.19,2.92]",-27.5,2.55293413504461,6,8,TRUE
MMRd,Tcd4-CXCL13,"(-30,-25]","(2.19,2.92]",-27.5,2.55293413504461,6,8,TRUE
MMRd,Tcd8-HOBIT,"(-30,-25]","(2.19,2.92]",-27.5,2.55293413504461,5,8,TRUE
MMRd,Tcd4-CXCL13,"(-30,-25]","(2.92,3.65]",-27.5,3.2823438879145,7,8,TRUE
MMRd,Tcd8-CXCL13-comb,"(-30,-25]","(2.92,3.65]",-27.5,3.2823438879145,7,8,TRUE
MMRd,Tcd8-CXCL13-comb,"(-30,-25]","(3.65,4.38]",-27.5,4.01175364078438,6,8,TRUE
MMRd,Tcd8-GZMK,"(-30,-25]","(3.65,4.38]",-27.5,4.01175364078438,6,8,TRUE
MMRd,Myeloid-mregDC,"(-30,-25]","[0,0.729]",-27.5,0.364704876434944,7,8,TRUE
MMRd,Tcd8-CXCL13-comb,"(-30,-25]","[0,0.729]",-27.5,0.364704876434944,7,8,TRUE
MMRd,Myeloid-ISG,"(-35,-30]","(1.46,2.19]",-32.5,1.82352438217472,6,8,TRUE
MMRd,Tcd4-Treg-comb,"(-35,-30]","(1.46,2.19]",-32.5,1.82352438217472,5,8,TRUE
MMRd,Myeloid-ISG,"(-35,-30]","(2.19,2.92]",-32.5,2.55293413504461,7,8,TRUE
MMRd,Tcd4-Treg-comb,"(-35,-30]","(2.19,2.92]",-32.5,2.55293413504461,7,8,TRUE
MMRd,Myeloid-mregDC,"(-35,-30]","(2.92,3.65]",-32.5,3.2823438879145,7,8,TRUE
MMRd,Tcd8-CXCL13-comb,"(-35,-30]","(2.92,3.65]",-32.5,3.2823438879145,6,8,TRUE
MMRd,Tcd8-GZMK,"(-35,-30]","(2.92,3.65]",-32.5,3.2823438879145,5,8,TRUE
MMRd,Tcd8-CXCL13-LAG3,"(-35,-30]","(3.65,4.38]",-32.5,4.01175364078438,4,8,TRUE
MMRd,Tcd4-CXCL13,"(-35,-30]","(5.11,5.84]",-32.5,5.47057314652416,3,8,FALSE
MMRd,Tcd4-CXCL13,"(-35,-30]","[0,0.729]",-32.5,0.364704876434944,4,8,TRUE
MMRd,Tcd8-CXCL13-comb,"(-35,-30]","[0,0.729]",-32.5,0.364704876434944,5,8,TRUE
MMRd,CD8-all,"(-35,-30]","[0,0.729]",-32.5,0.364704876434944,6,8,TRUE
MMRd,Tplzf-gdlike-comb,"(-35,-30]","[0,0.729]",-32.5,0.364704876434944,5,8,TRUE
MMRd,Myeloid-ISG,"(-40,-35]","(1.46,2.19]",-37.5,1.82352438217472,6,8,TRUE
MMRd,Myeloid-ISG,"(-40,-35]","(2.19,2.92]",-37.5,2.55293413504461,7,8,TRUE
MMRd,Myeloid-noDC-noGran,"(-40,-35]","(2.19,2.92]",-37.5,2.55293413504461,7,8,TRUE
MMRd,Tcd4-Treg-comb,"(-40,-35]","(2.19,2.92]",-37.5,2.55293413504461,7,8,TRUE
MMRd,Tcd8-CXCL13-comb,"(-40,-35]","(2.19,2.92]",-37.5,2.55293413504461,5,8,TRUE
MMRd,Tcd8-CXCL13-LAG3,"(-40,-35]","(2.19,2.92]",-37.5,2.55293413504461,3,8,FALSE
MMRd,Tcd4-CXCL13,"(-40,-35]","(2.92,3.65]",-37.5,3.2823438879145,6,8,TRUE
MMRd,Tcd8-CXCL13-comb,"(-40,-35]","(2.92,3.65]",-37.5,3.2823438879145,7,8,TRUE
MMRd,CD8-all,"(-40,-35]","(2.92,3.65]",-37.5,3.2823438879145,7,8,TRUE
MMRd,Tcd8-GZMK,"(-40,-35]","(2.92,3.65]",-37.5,3.2823438879145,6,8,TRUE
MMRd,Tplzf-gdlike-comb,"(-40,-35]","(2.92,3.65]",-37.5,3.2823438879145,4,8,TRUE
MMRd,Tcd4-CXCL13,"(-40,-35]","(3.65,4.38]",-37.5,4.01175364078438,6,8,TRUE
MMRd,Tcd8-GZMK,"(-40,-35]","(3.65,4.38]",-37.5,4.01175364078438,4,8,TRUE
MMRd,Tcd8-GZMK,"(-40,-35]","[0,0.729]",-37.5,0.364704876434944,6,8,TRUE
MMRd,CD8-all,"(-40,-35]","[0,0.729]",-37.5,0.364704876434944,7,8,TRUE
MMRd,Myeloid-noDC-noGran,"(-45,-40]","(1.46,2.19]",-42.5,1.82352438217472,7,8,TRUE
MMRd,Tcd4-Treg-comb,"(-45,-40]","(1.46,2.19]",-42.5,1.82352438217472,4,8,TRUE
MMRd,Myeloid-mregDC,"(-45,-40]","(2.19,2.92]",-42.5,2.55293413504461,5,8,TRUE
MMRd,Myeloid-ISG,"(-45,-40]","(2.19,2.92]",-42.5,2.55293413504461,7,8,TRUE
MMRd,Myeloid-noDC-noGran,"(-45,-40]","(2.19,2.92]",-42.5,2.55293413504461,7,8,TRUE
MMRd,Tcd4-CXCL13,"(-45,-40]","(2.19,2.92]",-42.5,2.55293413504461,6,8,TRUE
MMRd,Tcd4-Treg-comb,"(-45,-40]","(2.19,2.92]",-42.5,2.55293413504461,6,8,TRUE
MMRd,Tcd8-CXCL13-comb,"(-45,-40]","(2.19,2.92]",-42.5,2.55293413504461,6,8,TRUE
MMRd,CD8-all,"(-45,-40]","(2.19,2.92]",-42.5,2.55293413504461,6,8,TRUE
MMRd,Tcd4-CXCL13,"(-45,-40]","(2.92,3.65]",-42.5,3.2823438879145,7,8,TRUE
MMRd,Tcd4-Treg-comb,"(-45,-40]","(2.92,3.65]",-42.5,3.2823438879145,6,8,TRUE
MMRd,Tcd8-CXCL13-LAG3,"(-45,-40]","(2.92,3.65]",-42.5,3.2823438879145,5,8,TRUE
MMRd,CD8-all,"(-45,-40]","(2.92,3.65]",-42.5,3.2823438879145,7,8,TRUE
MMRd,Tcd8-CXCL13-comb,"(-45,-40]","(2.92,3.65]",-42.5,3.2823438879145,5,8,TRUE
MMRd,Tplzf-gdlike-comb,"(-45,-40]","(2.92,3.65]",-42.5,3.2823438879145,4,8,TRUE
MMRd,Tcd8-GZMK,"(-45,-40]","[0,0.729]",-42.5,0.364704876434944,5,8,TRUE
MMRd,CD8-all,"(-45,-40]","[0,0.729]",-42.5,0.364704876434944,7,8,TRUE
MMRd,Myeloid-mregDC,"(-5,0]","(0.729,1.46]",-2.5,1.09411462930483,5,8,TRUE
MMRd,Myeloid-ISG,"(-5,0]","(0.729,1.46]",-2.5,1.09411462930483,6,8,TRUE
MMRd,Myeloid-noDC-noGran,"(-5,0]","(0.729,1.46]",-2.5,1.09411462930483,7,8,TRUE
MMRd,Tcd4-CXCL13,"(-5,0]","(0.729,1.46]",-2.5,1.09411462930483,7,8,TRUE
MMRd,Tcd4-Treg-comb,"(-5,0]","(0.729,1.46]",-2.5,1.09411462930483,4,8,TRUE
MMRd,Tcd8-CXCL13-comb,"(-5,0]","(0.729,1.46]",-2.5,1.09411462930483,7,8,TRUE
MMRd,CD8-all,"(-5,0]","(0.729,1.46]",-2.5,1.09411462930483,7,8,TRUE
MMRd,Tcd8-CXCL13-LAG3,"(-5,0]","(0.729,1.46]",-2.5,1.09411462930483,6,8,TRUE
MMRd,Tcd8-GZMK,"(-5,0]","(0.729,1.46]",-2.5,1.09411462930483,6,8,TRUE
MMRd,Tcd8-HOBIT,"(-5,0]","(0.729,1.46]",-2.5,1.09411462930483,6,8,TRUE
MMRd,Tplzf-gdlike-comb,"(-5,0]","(0.729,1.46]",-2.5,1.09411462930483,6,8,TRUE
MMRd,Tcd8-CXCL13-LAG3,"(-5,0]","(1.46,2.19]",-2.5,1.82352438217472,7,8,TRUE
MMRd,Tcd8-GZMK,"(-5,0]","(2.19,2.92]",-2.5,2.55293413504461,6,8,TRUE
MMRd,Tcd8-HOBIT,"(-5,0]","(2.19,2.92]",-2.5,2.55293413504461,7,8,TRUE
MMRd,Tcd4-CXCL13,"(-5,0]","[0,0.729]",-2.5,0.364704876434944,7,8,TRUE
MMRd,Tcd8-CXCL13-LAG3,"(-5,0]","[0,0.729]",-2.5,0.364704876434944,7,8,TRUE
MMRd,Tcd8-GZMK,"(-5,0]","[0,0.729]",-2.5,0.364704876434944,6,8,TRUE
MMRd,Myeloid-noDC-noGran,"(-50,-45]","(1.46,2.19]",-47.5,1.82352438217472,7,8,TRUE
MMRd,Tcd4-Treg-comb,"(-50,-45]","(1.46,2.19]",-47.5,1.82352438217472,4,8,TRUE
MMRd,Myeloid-mregDC,"(-50,-45]","(2.19,2.92]",-47.5,2.55293413504461,5,8,TRUE
MMRd,Myeloid-ISG,"(-50,-45]","(2.19,2.92]",-47.5,2.55293413504461,7,8,TRUE
MMRd,Myeloid-noDC-noGran,"(-50,-45]","(2.19,2.92]",-47.5,2.55293413504461,7,8,TRUE
MMRd,Tcd4-Treg-comb,"(-50,-45]","(2.19,2.92]",-47.5,2.55293413504461,7,8,TRUE
MMRd,Myeloid-ISG,"(-50,-45]","(2.92,3.65]",-47.5,3.2823438879145,7,8,TRUE
MMRd,Tcd4-CXCL13,"(-50,-45]","(2.92,3.65]",-47.5,3.2823438879145,6,8,TRUE
MMRd,Tcd8-GZMK,"(-50,-45]","(4.38,5.11]",-47.5,4.74116339365427,5,8,TRUE
MMRd,Myeloid-mregDC,"(-50,-45]","[0,0.729]",-47.5,0.364704876434944,5,8,TRUE
MMRd,Tcd4-Treg-comb,"(-50,-45]","[0,0.729]",-47.5,0.364704876434944,7,8,TRUE
MMRd,Tcd8-CXCL13-comb,"(-50,-45]","[0,0.729]",-47.5,0.364704876434944,6,8,TRUE
MMRd,CD8-all,"(-50,-45]","[0,0.729]",-47.5,0.364704876434944,7,8,TRUE
MMRd,Myeloid-noDC-noGran,"(-55,-50]","(1.46,2.19]",-52.5,1.82352438217472,6,8,TRUE
MMRd,Tcd4-Treg-comb,"(-55,-50]","(1.46,2.19]",-52.5,1.82352438217472,5,8,TRUE
MMRd,Tcd8-HOBIT,"(-55,-50]","(1.46,2.19]",-52.5,1.82352438217472,2,8,FALSE
MMRd,CD8-all,"(-55,-50]","(1.46,2.19]",-52.5,1.82352438217472,3,8,FALSE
MMRd,Tcd4-CXCL13,"(-55,-50]","(2.19,2.92]",-52.5,2.55293413504461,4,8,TRUE
MMRd,Tcd4-Treg-comb,"(-55,-50]","(2.19,2.92]",-52.5,2.55293413504461,6,8,TRUE
MMRd,Myeloid-ISG,"(-55,-50]","(2.92,3.65]",-52.5,3.2823438879145,7,8,TRUE
MMRd,Tcd8-HOBIT,"(-55,-50]","(2.92,3.65]",-52.5,3.2823438879145,4,8,TRUE
MMRd,Myeloid-mregDC,"(-55,-50]","(3.65,4.38]",-52.5,4.01175364078438,6,8,TRUE
MMRd,Tcd8-HOBIT,"(-55,-50]","(3.65,4.38]",-52.5,4.01175364078438,4,8,TRUE
MMRd,CD8-all,"(-55,-50]","(3.65,4.38]",-52.5,4.01175364078438,7,8,TRUE
MMRd,Tcd4-Treg-comb,"(-55,-50]","[0,0.729]",-52.5,0.364704876434944,7,8,TRUE
MMRd,Tplzf-gdlike-comb,"(-55,-50]","[0,0.729]",-52.5,0.364704876434944,6,8,TRUE
MMRd,Myeloid-noDC-noGran,"(-60,-55]","(1.46,2.19]",-57.5,1.82352438217472,6,8,TRUE
MMRd,Myeloid-ISG,"(-60,-55]","(2.19,2.92]",-57.5,2.55293413504461,5,8,TRUE
MMRd,Myeloid-noDC-noGran,"(-60,-55]","(2.19,2.92]",-57.5,2.55293413504461,7,8,TRUE
MMRd,Myeloid-ISG,"(-60,-55]","(2.92,3.65]",-57.5,3.2823438879145,6,8,TRUE
MMRd,Tcd4-Treg-comb,"(-60,-55]","(2.92,3.65]",-57.5,3.2823438879145,6,8,TRUE
MMRd,Tcd8-CXCL13-comb,"(-60,-55]","[0,0.729]",-57.5,0.364704876434944,5,8,TRUE
MMRd,Myeloid-noDC-noGran,"(-65,-60]","(1.46,2.19]",-62.5,1.82352438217472,6,8,TRUE
MMRd,Tcd4-Treg-comb,"(-65,-60]","(1.46,2.19]",-62.5,1.82352438217472,4,8,TRUE
MMRd,Myeloid-noDC-noGran,"(-65,-60]","(2.19,2.92]",-62.5,2.55293413504461,7,8,TRUE
MMRd,Tcd4-Treg-comb,"(-65,-60]","(2.19,2.92]",-62.5,2.55293413504461,5,8,TRUE
MMRd,Myeloid-mregDC,"(-65,-60]","(2.92,3.65]",-62.5,3.2823438879145,4,8,TRUE
MMRd,Myeloid-ISG,"(-65,-60]","(2.92,3.65]",-62.5,3.2823438879145,7,8,TRUE
MMRd,Myeloid-mregDC,"(-65,-60]","(3.65,4.38]",-62.5,4.01175364078438,4,8,TRUE
MMRd,Tcd4-Treg-comb,"(-65,-60]","[0,0.729]",-62.5,0.364704876434944,4,8,TRUE
MMRd,Myeloid-ISG,"(-70,-65]","(2.19,2.92]",-67.5,2.55293413504461,7,8,TRUE
MMRd,Myeloid-noDC-noGran,"(-70,-65]","(2.19,2.92]",-67.5,2.55293413504461,7,8,TRUE
MMRd,Myeloid-ISG,"(-70,-65]","(2.92,3.65]",-67.5,3.2823438879145,7,8,TRUE
MMRd,Tcd4-Treg-comb,"(-70,-65]","(2.92,3.65]",-67.5,3.2823438879145,5,8,TRUE
MMRd,Myeloid-noDC-noGran,"(-75,-70]","(1.46,2.19]",-72.5,1.82352438217472,6,8,TRUE
MMRd,Myeloid-mregDC,"(-75,-70]","(2.19,2.92]",-72.5,2.55293413504461,4,8,TRUE
MMRd,Myeloid-ISG,"(-75,-70]","(2.19,2.92]",-72.5,2.55293413504461,6,8,TRUE
MMRd,Myeloid-noDC-noGran,"(-75,-70]","(2.19,2.92]",-72.5,2.55293413504461,7,8,TRUE
MMRd,Myeloid-ISG,"(-75,-70]","(2.92,3.65]",-72.5,3.2823438879145,6,8,TRUE
MMRd,Tcd4-CXCL13,"(-75,-70]","(3.65,4.38]",-72.5,4.01175364078438,3,8,FALSE
MMRd,Tcd4-CXCL13,"(-75,-70]","[0,0.729]",-72.5,0.364704876434944,4,8,TRUE
MMRd,Myeloid-ISG,"(-80,-75]","(2.19,2.92]",-77.5,2.55293413504461,6,8,TRUE
MMRd,Myeloid-noDC-noGran,"(-80,-75]","(2.19,2.92]",-77.5,2.55293413504461,7,8,TRUE
MMRd,Tcd4-Treg-comb,"(-80,-75]","(2.19,2.92]",-77.5,2.55293413504461,4,8,TRUE
MMRd,Myeloid-mregDC,"(-80,-75]","(2.92,3.65]",-77.5,3.2823438879145,3,8,FALSE
MMRd,Tcd8-GZMK,"(-80,-75]","(2.92,3.65]",-77.5,3.2823438879145,4,8,TRUE
MMRd,CD8-all,"(-80,-75]","(2.92,3.65]",-77.5,3.2823438879145,6,8,TRUE
MMRd,Myeloid-mregDC,"(-80,-75]","(3.65,4.38]",-77.5,4.01175364078438,5,8,TRUE
MMRd,Myeloid-noDC-noGran,"(-85,-80]","(2.19,2.92]",-82.5,2.55293413504461,7,8,TRUE
MMRd,Myeloid-mregDC,"(-85,-80]","(2.92,3.65]",-82.5,3.2823438879145,5,8,TRUE
MMRd,Myeloid-ISG,"(-85,-80]","(2.92,3.65]",-82.5,3.2823438879145,7,8,TRUE
MMRd,Myeloid-mregDC,"(-85,-80]","(3.65,4.38]",-82.5,4.01175364078438,4,8,TRUE
MMRd,Tcd4-Treg-comb,"(-85,-80]","(3.65,4.38]",-82.5,4.01175364078438,3,8,FALSE
MMRd,Tcd8-CXCL13-comb,"(-85,-80]","[0,0.729]",-82.5,0.364704876434944,6,8,TRUE
MMRd,CD8-all,"(-85,-80]","[0,0.729]",-82.5,0.364704876434944,6,8,TRUE
MMRd,Tcd8-HOBIT,"(-85,-80]","[0,0.729]",-82.5,0.364704876434944,5,8,TRUE
MMRd,Myeloid-ISG,"(-90,-85]","(2.19,2.92]",-87.5,2.55293413504461,5,8,TRUE
MMRd,Myeloid-noDC-noGran,"(-90,-85]","(2.19,2.92]",-87.5,2.55293413504461,6,8,TRUE
MMRd,Tcd4-Treg-comb,"(-90,-85]","(2.92,3.65]",-87.5,3.2823438879145,4,8,TRUE
MMRd,Tcd8-CXCL13-comb,"(-90,-85]","[0,0.729]",-87.5,0.364704876434944,5,8,TRUE
MMRd,CD8-all,"(-90,-85]","[0,0.729]",-87.5,0.364704876434944,6,8,TRUE
MMRd,Myeloid-mregDC,"(0,5]","(0.729,1.46]",2.5,1.09411462930483,3,8,FALSE
MMRd,Myeloid-ISG,"(0,5]","(0.729,1.46]",2.5,1.09411462930483,6,8,TRUE
MMRd,Myeloid-noDC-noGran,"(0,5]","(0.729,1.46]",2.5,1.09411462930483,7,8,TRUE
MMRd,Tcd4-CXCL13,"(0,5]","(0.729,1.46]",2.5,1.09411462930483,6,8,TRUE
MMRd,Tcd4-Treg-comb,"(0,5]","(0.729,1.46]",2.5,1.09411462930483,5,8,TRUE
MMRd,Tcd8-CXCL13-comb,"(0,5]","(0.729,1.46]",2.5,1.09411462930483,6,8,TRUE
MMRd,CD8-all,"(0,5]","(0.729,1.46]",2.5,1.09411462930483,6,8,TRUE
MMRd,Tcd8-CXCL13-LAG3,"(0,5]","(0.729,1.46]",2.5,1.09411462930483,3,8,FALSE
MMRd,Tcd8-GZMK,"(0,5]","(0.729,1.46]",2.5,1.09411462930483,5,8,TRUE
MMRd,Tcd8-HOBIT,"(0,5]","(0.729,1.46]",2.5,1.09411462930483,5,8,TRUE
MMRd,Tplzf-gdlike-comb,"(0,5]","(0.729,1.46]",2.5,1.09411462930483,5,8,TRUE
MMRd,Myeloid-mregDC,"(0,5]","(1.46,2.19]",2.5,1.82352438217472,7,8,TRUE
MMRd,Tcd4-CXCL13,"(0,5]","(1.46,2.19]",2.5,1.82352438217472,7,8,TRUE
MMRd,Tcd4-Treg-comb,"(0,5]","(1.46,2.19]",2.5,1.82352438217472,7,8,TRUE
MMRd,Tcd8-CXCL13-comb,"(0,5]","(1.46,2.19]",2.5,1.82352438217472,7,8,TRUE
MMRd,CD8-all,"(0,5]","(1.46,2.19]",2.5,1.82352438217472,7,8,TRUE
MMRd,Tcd8-CXCL13-LAG3,"(0,5]","(1.46,2.19]",2.5,1.82352438217472,7,8,TRUE
MMRd,Tcd8-GZMK,"(0,5]","(1.46,2.19]",2.5,1.82352438217472,5,8,TRUE
MMRd,Tcd8-HOBIT,"(0,5]","(1.46,2.19]",2.5,1.82352438217472,7,8,TRUE
MMRd,Tplzf-gdlike-comb,"(0,5]","(1.46,2.19]",2.5,1.82352438217472,7,8,TRUE
MMRd,Myeloid-mregDC,"(0,5]","(2.19,2.92]",2.5,2.55293413504461,6,8,TRUE
MMRd,Tcd8-GZMK,"(0,5]","(2.92,3.65]",2.5,3.2823438879145,6,8,TRUE
MMRd,Tcd8-HOBIT,"(0,5]","(2.92,3.65]",2.5,3.2823438879145,7,8,TRUE
MMRd,Tcd8-GZMK,"(0,5]","(3.65,4.38]",2.5,4.01175364078438,6,8,TRUE
MMRd,Tcd8-GZMK,"(0,5]","[0,0.729]",2.5,0.364704876434944,4,8,TRUE
MMRd,Tcd8-HOBIT,"(0,5]","[0,0.729]",2.5,0.364704876434944,6,8,TRUE
MMRd,Myeloid-ISG,"(10,15]","(0.729,1.46]",12.5,1.09411462930483,5,8,TRUE
MMRd,Myeloid-noDC-noGran,"(10,15]","(0.729,1.46]",12.5,1.09411462930483,5,8,TRUE
MMRd,Tcd4-Treg-comb,"(10,15]","(0.729,1.46]",12.5,1.09411462930483,3,8,FALSE
MMRd,Tcd8-CXCL13-comb,"(10,15]","(0.729,1.46]",12.5,1.09411462930483,5,8,TRUE
MMRd,CD8-all,"(10,15]","(0.729,1.46]",12.5,1.09411462930483,6,8,TRUE
MMRd,Tcd8-HOBIT,"(10,15]","(0.729,1.46]",12.5,1.09411462930483,5,8,TRUE
MMRd,Tplzf-gdlike-comb,"(10,15]","(0.729,1.46]",12.5,1.09411462930483,5,8,TRUE
MMRd,Tcd4-CXCL13,"(10,15]","(1.46,2.19]",12.5,1.82352438217472,6,8,TRUE
MMRd,Tcd4-Treg-comb,"(10,15]","(1.46,2.19]",12.5,1.82352438217472,7,8,TRUE
MMRd,Tcd8-CXCL13-LAG3,"(10,15]","(1.46,2.19]",12.5,1.82352438217472,6,8,TRUE
MMRd,Tcd8-HOBIT,"(10,15]","(1.46,2.19]",12.5,1.82352438217472,6,8,TRUE
MMRd,Tplzf-gdlike-comb,"(10,15]","(1.46,2.19]",12.5,1.82352438217472,5,8,TRUE
MMRd,Myeloid-mregDC,"(10,15]","(2.19,2.92]",12.5,2.55293413504461,5,8,TRUE
MMRd,Tcd4-CXCL13,"(10,15]","(2.19,2.92]",12.5,2.55293413504461,7,8,TRUE
MMRd,Tcd4-Treg-comb,"(10,15]","(2.19,2.92]",12.5,2.55293413504461,5,8,TRUE
MMRd,Tcd8-CXCL13-LAG3,"(10,15]","(2.19,2.92]",12.5,2.55293413504461,7,8,TRUE
MMRd,Tcd8-GZMK,"(10,15]","(2.19,2.92]",12.5,2.55293413504461,5,8,TRUE
MMRd,Tcd8-HOBIT,"(10,15]","(2.19,2.92]",12.5,2.55293413504461,6,8,TRUE
MMRd,Tplzf-gdlike-comb,"(10,15]","(2.19,2.92]",12.5,2.55293413504461,7,8,TRUE
MMRd,Tcd4-CXCL13,"(10,15]","(2.92,3.65]",12.5,3.2823438879145,7,8,TRUE
MMRd,Tcd4-Treg-comb,"(10,15]","(2.92,3.65]",12.5,3.2823438879145,7,8,TRUE
MMRd,Tcd8-CXCL13-LAG3,"(10,15]","(2.92,3.65]",12.5,3.2823438879145,7,8,TRUE
MMRd,Tcd8-HOBIT,"(10,15]","(2.92,3.65]",12.5,3.2823438879145,7,8,TRUE
MMRd,Tcd4-CXCL13,"(10,15]","[0,0.729]",12.5,0.364704876434944,5,8,TRUE
MMRd,Tcd8-CXCL13-comb,"(10,15]","[0,0.729]",12.5,0.364704876434944,4,8,TRUE
MMRd,CD8-all,"(10,15]","[0,0.729]",12.5,0.364704876434944,5,8,TRUE
MMRd,Tcd8-CXCL13-LAG3,"(10,15]","[0,0.729]",12.5,0.364704876434944,4,8,TRUE
MMRd,Tcd8-GZMK,"(10,15]","[0,0.729]",12.5,0.364704876434944,4,8,TRUE
MMRd,Myeloid-ISG,"(15,20]","(0.729,1.46]",17.5,1.09411462930483,4,8,TRUE
MMRd,Myeloid-noDC-noGran,"(15,20]","(0.729,1.46]",17.5,1.09411462930483,6,8,TRUE
MMRd,Tcd4-CXCL13,"(15,20]","(0.729,1.46]",17.5,1.09411462930483,5,8,TRUE
MMRd,Tcd4-Treg-comb,"(15,20]","(0.729,1.46]",17.5,1.09411462930483,4,8,TRUE
MMRd,Tcd8-CXCL13-LAG3,"(15,20]","(0.729,1.46]",17.5,1.09411462930483,4,8,TRUE
MMRd,CD8-all,"(15,20]","(0.729,1.46]",17.5,1.09411462930483,7,8,TRUE
MMRd,Tcd8-CXCL13-comb,"(15,20]","(0.729,1.46]",17.5,1.09411462930483,7,8,TRUE
MMRd,Tcd8-GZMK,"(15,20]","(0.729,1.46]",17.5,1.09411462930483,3,8,FALSE
MMRd,Tcd8-HOBIT,"(15,20]","(0.729,1.46]",17.5,1.09411462930483,3,8,FALSE
MMRd,Tplzf-gdlike-comb,"(15,20]","(0.729,1.46]",17.5,1.09411462930483,5,8,TRUE
MMRd,Myeloid-mregDC,"(15,20]","(1.46,2.19]",17.5,1.82352438217472,6,8,TRUE
MMRd,Myeloid-ISG,"(15,20]","(1.46,2.19]",17.5,1.82352438217472,5,8,TRUE
MMRd,Tcd4-CXCL13,"(15,20]","(1.46,2.19]",17.5,1.82352438217472,7,8,TRUE
MMRd,Tcd4-Treg-comb,"(15,20]","(1.46,2.19]",17.5,1.82352438217472,5,8,TRUE
MMRd,Tcd8-CXCL13-comb,"(15,20]","(1.46,2.19]",17.5,1.82352438217472,6,8,TRUE
MMRd,CD8-all,"(15,20]","(1.46,2.19]",17.5,1.82352438217472,7,8,TRUE
MMRd,Tcd8-CXCL13-LAG3,"(15,20]","(1.46,2.19]",17.5,1.82352438217472,6,8,TRUE
MMRd,Tcd8-GZMK,"(15,20]","(1.46,2.19]",17.5,1.82352438217472,4,8,TRUE
MMRd,Tcd8-HOBIT,"(15,20]","(1.46,2.19]",17.5,1.82352438217472,7,8,TRUE
MMRd,Myeloid-ISG,"(15,20]","(2.19,2.92]",17.5,2.55293413504461,7,8,TRUE
MMRd,Tcd4-CXCL13,"(15,20]","(2.19,2.92]",17.5,2.55293413504461,7,8,TRUE
MMRd,Tcd4-Treg-comb,"(15,20]","(2.19,2.92]",17.5,2.55293413504461,5,8,TRUE
MMRd,Tcd8-CXCL13-LAG3,"(15,20]","(2.19,2.92]",17.5,2.55293413504461,6,8,TRUE
MMRd,Tcd8-GZMK,"(15,20]","(2.19,2.92]",17.5,2.55293413504461,4,8,TRUE
MMRd,Tplzf-gdlike-comb,"(15,20]","(2.19,2.92]",17.5,2.55293413504461,6,8,TRUE
MMRd,Tcd4-Treg-comb,"(15,20]","(2.92,3.65]",17.5,3.2823438879145,6,8,TRUE
MMRd,Tcd8-GZMK,"(15,20]","(2.92,3.65]",17.5,3.2823438879145,7,8,TRUE
MMRd,Tcd8-CXCL13-LAG3,"(15,20]","(3.65,4.38]",17.5,4.01175364078438,5,8,TRUE
MMRd,Tcd8-GZMK,"(15,20]","(3.65,4.38]",17.5,4.01175364078438,5,8,TRUE
MMRd,Myeloid-mregDC,"(15,20]","[0,0.729]",17.5,0.364704876434944,5,8,TRUE
MMRd,Tcd4-CXCL13,"(15,20]","[0,0.729]",17.5,0.364704876434944,3,8,FALSE
MMRd,Tcd8-CXCL13-comb,"(15,20]","[0,0.729]",17.5,0.364704876434944,7,8,TRUE
MMRd,Tcd8-CXCL13-LAG3,"(15,20]","[0,0.729]",17.5,0.364704876434944,4,8,TRUE
MMRd,Tcd8-GZMK,"(15,20]","[0,0.729]",17.5,0.364704876434944,4,8,TRUE
MMRd,Tplzf-gdlike-comb,"(15,20]","[0,0.729]",17.5,0.364704876434944,6,8,TRUE
MMRd,Myeloid-ISG,"(20,25]","(0.729,1.46]",22.5,1.09411462930483,4,8,TRUE
MMRd,Myeloid-noDC-noGran,"(20,25]","(0.729,1.46]",22.5,1.09411462930483,6,8,TRUE
MMRd,Tcd4-Treg-comb,"(20,25]","(0.729,1.46]",22.5,1.09411462930483,3,8,FALSE
MMRd,Tcd8-CXCL13-comb,"(20,25]","(0.729,1.46]",22.5,1.09411462930483,5,8,TRUE
MMRd,CD8-all,"(20,25]","(0.729,1.46]",22.5,1.09411462930483,6,8,TRUE
MMRd,Tcd8-CXCL13-LAG3,"(20,25]","(0.729,1.46]",22.5,1.09411462930483,2,8,FALSE
MMRd,Tcd8-HOBIT,"(20,25]","(0.729,1.46]",22.5,1.09411462930483,4,8,TRUE
MMRd,Tplzf-gdlike-comb,"(20,25]","(0.729,1.46]",22.5,1.09411462930483,4,8,TRUE
MMRd,Myeloid-mregDC,"(20,25]","(1.46,2.19]",22.5,1.82352438217472,3,8,FALSE
MMRd,Tcd4-CXCL13,"(20,25]","(1.46,2.19]",22.5,1.82352438217472,6,8,TRUE
MMRd,Tcd4-Treg-comb,"(20,25]","(1.46,2.19]",22.5,1.82352438217472,5,8,TRUE
MMRd,Tcd8-CXCL13-comb,"(20,25]","(1.46,2.19]",22.5,1.82352438217472,6,8,TRUE
MMRd,CD8-all,"(20,25]","(1.46,2.19]",22.5,1.82352438217472,6,8,TRUE
MMRd,Tcd8-CXCL13-LAG3,"(20,25]","(1.46,2.19]",22.5,1.82352438217472,6,8,TRUE
MMRd,Tcd8-GZMK,"(20,25]","(1.46,2.19]",22.5,1.82352438217472,4,8,TRUE
MMRd,Tcd8-HOBIT,"(20,25]","(1.46,2.19]",22.5,1.82352438217472,4,8,TRUE
MMRd,Tplzf-gdlike-comb,"(20,25]","(1.46,2.19]",22.5,1.82352438217472,6,8,TRUE
MMRd,Tcd4-CXCL13,"(20,25]","(2.19,2.92]",22.5,2.55293413504461,7,8,TRUE
MMRd,Tcd4-Treg-comb,"(20,25]","(2.19,2.92]",22.5,2.55293413504461,6,8,TRUE
MMRd,Tcd8-CXCL13-comb,"(20,25]","(2.19,2.92]",22.5,2.55293413504461,6,8,TRUE
MMRd,CD8-all,"(20,25]","(2.19,2.92]",22.5,2.55293413504461,7,8,TRUE
MMRd,Tcd8-CXCL13-LAG3,"(20,25]","(2.19,2.92]",22.5,2.55293413504461,7,8,TRUE
MMRd,Tcd8-GZMK,"(20,25]","(2.19,2.92]",22.5,2.55293413504461,5,8,TRUE
MMRd,Tcd8-HOBIT,"(20,25]","(2.19,2.92]",22.5,2.55293413504461,6,8,TRUE
MMRd,Tcd4-CXCL13,"(20,25]","(2.92,3.65]",22.5,3.2823438879145,7,8,TRUE
MMRd,Tcd8-HOBIT,"(20,25]","(3.65,4.38]",22.5,4.01175364078438,6,8,TRUE
MMRd,Myeloid-ISG,"(20,25]","[0,0.729]",22.5,0.364704876434944,6,8,TRUE
MMRd,Tcd4-CXCL13,"(20,25]","[0,0.729]",22.5,0.364704876434944,6,8,TRUE
MMRd,Tcd4-Treg-comb,"(20,25]","[0,0.729]",22.5,0.364704876434944,4,8,TRUE
MMRd,Tcd8-CXCL13-comb,"(20,25]","[0,0.729]",22.5,0.364704876434944,5,8,TRUE
MMRd,CD8-all,"(20,25]","[0,0.729]",22.5,0.364704876434944,5,8,TRUE
MMRd,Tcd8-CXCL13-LAG3,"(20,25]","[0,0.729]",22.5,0.364704876434944,4,8,TRUE
MMRd,Tcd8-GZMK,"(20,25]","[0,0.729]",22.5,0.364704876434944,3,8,FALSE
MMRd,Tcd8-HOBIT,"(20,25]","[0,0.729]",22.5,0.364704876434944,5,8,TRUE
MMRd,Tplzf-gdlike-comb,"(20,25]","[0,0.729]",22.5,0.364704876434944,6,8,TRUE
MMRd,Myeloid-ISG,"(25,30]","(0.729,1.46]",27.5,1.09411462930483,6,8,TRUE
MMRd,Myeloid-noDC-noGran,"(25,30]","(0.729,1.46]",27.5,1.09411462930483,6,8,TRUE
MMRd,Tcd4-Treg-comb,"(25,30]","(0.729,1.46]",27.5,1.09411462930483,1,8,FALSE
MMRd,Tcd8-CXCL13-comb,"(25,30]","(0.729,1.46]",27.5,1.09411462930483,5,8,TRUE
MMRd,CD8-all,"(25,30]","(0.729,1.46]",27.5,1.09411462930483,6,8,TRUE
MMRd,Tcd8-CXCL13-LAG3,"(25,30]","(0.729,1.46]",27.5,1.09411462930483,3,8,FALSE
MMRd,Tcd8-GZMK,"(25,30]","(0.729,1.46]",27.5,1.09411462930483,2,8,FALSE
MMRd,Tcd8-HOBIT,"(25,30]","(0.729,1.46]",27.5,1.09411462930483,3,8,FALSE
MMRd,Tplzf-gdlike-comb,"(25,30]","(0.729,1.46]",27.5,1.09411462930483,5,8,TRUE
MMRd,Myeloid-mregDC,"(25,30]","(1.46,2.19]",27.5,1.82352438217472,6,8,TRUE
MMRd,Myeloid-ISG,"(25,30]","(1.46,2.19]",27.5,1.82352438217472,6,8,TRUE
MMRd,Tcd4-CXCL13,"(25,30]","(1.46,2.19]",27.5,1.82352438217472,5,8,TRUE
MMRd,Tcd4-Treg-comb,"(25,30]","(1.46,2.19]",27.5,1.82352438217472,4,8,TRUE
MMRd,Tcd8-CXCL13-comb,"(25,30]","(1.46,2.19]",27.5,1.82352438217472,7,8,TRUE
MMRd,Tcd8-HOBIT,"(25,30]","(1.46,2.19]",27.5,1.82352438217472,5,8,TRUE
MMRd,Tplzf-gdlike-comb,"(25,30]","(1.46,2.19]",27.5,1.82352438217472,6,8,TRUE
MMRd,Tcd4-CXCL13,"(25,30]","(2.19,2.92]",27.5,2.55293413504461,6,8,TRUE
MMRd,Tcd8-HOBIT,"(25,30]","(2.19,2.92]",27.5,2.55293413504461,4,8,TRUE
MMRd,Tplzf-gdlike-comb,"(25,30]","(2.19,2.92]",27.5,2.55293413504461,7,8,TRUE
MMRd,Tcd8-GZMK,"(25,30]","(2.92,3.65]",27.5,3.2823438879145,4,8,TRUE
MMRd,Tcd4-CXCL13,"(25,30]","[0,0.729]",27.5,0.364704876434944,6,8,TRUE
MMRd,Tcd4-Treg-comb,"(25,30]","[0,0.729]",27.5,0.364704876434944,4,8,TRUE
MMRd,Tcd8-CXCL13-LAG3,"(25,30]","[0,0.729]",27.5,0.364704876434944,6,8,TRUE
MMRd,Tcd8-GZMK,"(25,30]","[0,0.729]",27.5,0.364704876434944,3,8,FALSE
MMRd,Tcd8-HOBIT,"(25,30]","[0,0.729]",27.5,0.364704876434944,5,8,TRUE
MMRd,Tplzf-gdlike-comb,"(25,30]","[0,0.729]",27.5,0.364704876434944,5,8,TRUE
MMRd,Myeloid-mregDC,"(30,35]","(0.729,1.46]",32.5,1.09411462930483,3,8,FALSE
MMRd,Myeloid-ISG,"(30,35]","(0.729,1.46]",32.5,1.09411462930483,4,8,TRUE
MMRd,Myeloid-noDC-noGran,"(30,35]","(0.729,1.46]",32.5,1.09411462930483,6,8,TRUE
MMRd,Tcd4-Treg-comb,"(30,35]","(0.729,1.46]",32.5,1.09411462930483,3,8,FALSE
MMRd,Tcd8-CXCL13-comb,"(30,35]","(0.729,1.46]",32.5,1.09411462930483,5,8,TRUE
MMRd,CD8-all,"(30,35]","(0.729,1.46]",32.5,1.09411462930483,5,8,TRUE
MMRd,Tcd8-HOBIT,"(30,35]","(0.729,1.46]",32.5,1.09411462930483,3,8,FALSE
MMRd,Tplzf-gdlike-comb,"(30,35]","(0.729,1.46]",32.5,1.09411462930483,6,8,TRUE
MMRd,Tcd4-CXCL13,"(30,35]","(1.46,2.19]",32.5,1.82352438217472,6,8,TRUE
MMRd,Tcd4-Treg-comb,"(30,35]","(1.46,2.19]",32.5,1.82352438217472,5,8,TRUE
MMRd,Tcd8-CXCL13-comb,"(30,35]","(1.46,2.19]",32.5,1.82352438217472,7,8,TRUE
MMRd,CD8-all,"(30,35]","(1.46,2.19]",32.5,1.82352438217472,7,8,TRUE
MMRd,Tcd8-CXCL13-LAG3,"(30,35]","(1.46,2.19]",32.5,1.82352438217472,5,8,TRUE
MMRd,Tcd8-GZMK,"(30,35]","(1.46,2.19]",32.5,1.82352438217472,4,8,TRUE
MMRd,Tcd8-HOBIT,"(30,35]","(1.46,2.19]",32.5,1.82352438217472,6,8,TRUE
MMRd,Tplzf-gdlike-comb,"(30,35]","(1.46,2.19]",32.5,1.82352438217472,7,8,TRUE
MMRd,Myeloid-mregDC,"(30,35]","(2.19,2.92]",32.5,2.55293413504461,4,8,TRUE
MMRd,Tcd4-CXCL13,"(30,35]","(2.19,2.92]",32.5,2.55293413504461,7,8,TRUE
MMRd,Tcd8-CXCL13-comb,"(30,35]","(2.19,2.92]",32.5,2.55293413504461,6,8,TRUE
MMRd,CD8-all,"(30,35]","(2.19,2.92]",32.5,2.55293413504461,7,8,TRUE
MMRd,Tcd8-CXCL13-LAG3,"(30,35]","(2.19,2.92]",32.5,2.55293413504461,7,8,TRUE
MMRd,Tcd8-GZMK,"(30,35]","(2.19,2.92]",32.5,2.55293413504461,5,8,TRUE
MMRd,Tcd8-HOBIT,"(30,35]","(2.19,2.92]",32.5,2.55293413504461,6,8,TRUE
MMRd,Tplzf-gdlike-comb,"(30,35]","(2.19,2.92]",32.5,2.55293413504461,6,8,TRUE
MMRd,Tcd4-CXCL13,"(30,35]","(2.92,3.65]",32.5,3.2823438879145,7,8,TRUE
MMRd,Tcd4-Treg-comb,"(30,35]","(2.92,3.65]",32.5,3.2823438879145,5,8,TRUE
MMRd,Tcd8-CXCL13-comb,"(30,35]","(2.92,3.65]",32.5,3.2823438879145,7,8,TRUE
MMRd,Tcd8-HOBIT,"(30,35]","(2.92,3.65]",32.5,3.2823438879145,3,8,FALSE
MMRd,Myeloid-ISG,"(30,35]","[0,0.729]",32.5,0.364704876434944,7,8,TRUE
MMRd,Tcd4-CXCL13,"(30,35]","[0,0.729]",32.5,0.364704876434944,3,8,FALSE
MMRd,Tcd4-Treg-comb,"(30,35]","[0,0.729]",32.5,0.364704876434944,4,8,TRUE
MMRd,Tcd8-CXCL13-LAG3,"(30,35]","[0,0.729]",32.5,0.364704876434944,6,8,TRUE
MMRd,Tcd8-GZMK,"(30,35]","[0,0.729]",32.5,0.364704876434944,3,8,FALSE
MMRd,Tplzf-gdlike-comb,"(30,35]","[0,0.729]",32.5,0.364704876434944,6,8,TRUE
MMRd,Myeloid-ISG,"(35,40]","(0.729,1.46]",37.5,1.09411462930483,5,8,TRUE
MMRd,Myeloid-noDC-noGran,"(35,40]","(0.729,1.46]",37.5,1.09411462930483,6,8,TRUE
MMRd,Tcd4-CXCL13,"(35,40]","(0.729,1.46]",37.5,1.09411462930483,1,8,FALSE
MMRd,Tcd8-CXCL13-comb,"(35,40]","(0.729,1.46]",37.5,1.09411462930483,5,8,TRUE
MMRd,CD8-all,"(35,40]","(0.729,1.46]",37.5,1.09411462930483,6,8,TRUE
MMRd,Tplzf-gdlike-comb,"(35,40]","(0.729,1.46]",37.5,1.09411462930483,3,8,FALSE
MMRd,Myeloid-ISG,"(35,40]","(1.46,2.19]",37.5,1.82352438217472,7,8,TRUE
MMRd,Myeloid-noDC-noGran,"(35,40]","(1.46,2.19]",37.5,1.82352438217472,7,8,TRUE
MMRd,Tcd4-CXCL13,"(35,40]","(1.46,2.19]",37.5,1.82352438217472,6,8,TRUE
MMRd,Tcd4-Treg-comb,"(35,40]","(1.46,2.19]",37.5,1.82352438217472,5,8,TRUE
MMRd,Tcd8-CXCL13-comb,"(35,40]","(1.46,2.19]",37.5,1.82352438217472,7,8,TRUE
MMRd,CD8-all,"(35,40]","(1.46,2.19]",37.5,1.82352438217472,7,8,TRUE
MMRd,Tcd8-CXCL13-LAG3,"(35,40]","(1.46,2.19]",37.5,1.82352438217472,6,8,TRUE
MMRd,Tcd8-GZMK,"(35,40]","(1.46,2.19]",37.5,1.82352438217472,3,8,FALSE
MMRd,Tcd8-HOBIT,"(35,40]","(1.46,2.19]",37.5,1.82352438217472,6,8,TRUE
MMRd,Tplzf-gdlike-comb,"(35,40]","(1.46,2.19]",37.5,1.82352438217472,5,8,TRUE
MMRd,Tcd4-Treg-comb,"(35,40]","(2.19,2.92]",37.5,2.55293413504461,3,8,FALSE
MMRd,Tcd8-CXCL13-comb,"(35,40]","(2.19,2.92]",37.5,2.55293413504461,6,8,TRUE
MMRd,CD8-all,"(35,40]","(2.19,2.92]",37.5,2.55293413504461,7,8,TRUE
MMRd,Tcd8-CXCL13-LAG3,"(35,40]","(2.19,2.92]",37.5,2.55293413504461,6,8,TRUE
MMRd,Tcd8-GZMK,"(35,40]","(2.19,2.92]",37.5,2.55293413504461,4,8,TRUE
MMRd,Tplzf-gdlike-comb,"(35,40]","(2.19,2.92]",37.5,2.55293413504461,7,8,TRUE
MMRd,Myeloid-mregDC,"(35,40]","[0,0.729]",37.5,0.364704876434944,5,8,TRUE
MMRd,Myeloid-ISG,"(35,40]","[0,0.729]",37.5,0.364704876434944,6,8,TRUE
MMRd,Tcd8-GZMK,"(35,40]","[0,0.729]",37.5,0.364704876434944,2,8,FALSE
MMRd,Tcd8-HOBIT,"(35,40]","[0,0.729]",37.5,0.364704876434944,5,8,TRUE
MMRd,Tplzf-gdlike-comb,"(35,40]","[0,0.729]",37.5,0.364704876434944,5,8,TRUE
MMRd,Myeloid-ISG,"(40,45]","(0.729,1.46]",42.5,1.09411462930483,2,8,FALSE
MMRd,Myeloid-noDC-noGran,"(40,45]","(0.729,1.46]",42.5,1.09411462930483,5,8,TRUE
MMRd,Tplzf-gdlike-comb,"(40,45]","(0.729,1.46]",42.5,1.09411462930483,4,8,TRUE
MMRd,Myeloid-mregDC,"(40,45]","(1.46,2.19]",42.5,1.82352438217472,3,8,FALSE
MMRd,Myeloid-ISG,"(40,45]","(1.46,2.19]",42.5,1.82352438217472,6,8,TRUE
MMRd,Myeloid-noDC-noGran,"(40,45]","(1.46,2.19]",42.5,1.82352438217472,7,8,TRUE
MMRd,Tcd4-CXCL13,"(40,45]","(1.46,2.19]",42.5,1.82352438217472,6,8,TRUE
MMRd,Tcd8-GZMK,"(40,45]","(1.46,2.19]",42.5,1.82352438217472,3,8,FALSE
MMRd,Tcd8-HOBIT,"(40,45]","(1.46,2.19]",42.5,1.82352438217472,5,8,TRUE
MMRd,Tplzf-gdlike-comb,"(40,45]","(1.46,2.19]",42.5,1.82352438217472,5,8,TRUE
MMRd,Tcd4-Treg-comb,"(40,45]","(2.19,2.92]",42.5,2.55293413504461,6,8,TRUE
MMRd,Tcd8-CXCL13-LAG3,"(40,45]","(2.19,2.92]",42.5,2.55293413504461,6,8,TRUE
MMRd,CD8-all,"(40,45]","(2.19,2.92]",42.5,2.55293413504461,7,8,TRUE
MMRd,Tcd8-CXCL13-comb,"(40,45]","(2.19,2.92]",42.5,2.55293413504461,7,8,TRUE
MMRd,Tcd8-HOBIT,"(40,45]","(2.19,2.92]",42.5,2.55293413504461,4,8,TRUE
MMRd,Tplzf-gdlike-comb,"(40,45]","(2.19,2.92]",42.5,2.55293413504461,5,8,TRUE
MMRd,Tcd4-CXCL13,"(40,45]","(2.92,3.65]",42.5,3.2823438879145,5,8,TRUE
MMRd,Tcd8-HOBIT,"(40,45]","(2.92,3.65]",42.5,3.2823438879145,4,8,TRUE
MMRd,Tcd4-CXCL13,"(40,45]","[0,0.729]",42.5,0.364704876434944,4,8,TRUE
MMRd,Tcd4-Treg-comb,"(40,45]","[0,0.729]",42.5,0.364704876434944,5,8,TRUE
MMRd,Tcd8-CXCL13-comb,"(40,45]","[0,0.729]",42.5,0.364704876434944,5,8,TRUE
MMRd,CD8-all,"(40,45]","[0,0.729]",42.5,0.364704876434944,6,8,TRUE
MMRd,Tcd8-HOBIT,"(40,45]","[0,0.729]",42.5,0.364704876434944,4,8,TRUE
MMRd,Tplzf-gdlike-comb,"(40,45]","[0,0.729]",42.5,0.364704876434944,6,8,TRUE
MMRd,Myeloid-mregDC,"(45,50]","(0.729,1.46]",47.5,1.09411462930483,1,8,FALSE
MMRd,Myeloid-noDC-noGran,"(45,50]","(0.729,1.46]",47.5,1.09411462930483,5,8,TRUE
MMRd,Tplzf-gdlike-comb,"(45,50]","(0.729,1.46]",47.5,1.09411462930483,4,8,TRUE
MMRd,Tcd4-CXCL13,"(45,50]","(1.46,2.19]",47.5,1.82352438217472,4,8,TRUE
MMRd,Tcd8-CXCL13-LAG3,"(45,50]","(1.46,2.19]",47.5,1.82352438217472,4,8,TRUE
MMRd,CD8-all,"(45,50]","(1.46,2.19]",47.5,1.82352438217472,6,8,TRUE
MMRd,Tcd8-CXCL13-comb,"(45,50]","(1.46,2.19]",47.5,1.82352438217472,6,8,TRUE
MMRd,Tcd8-HOBIT,"(45,50]","(1.46,2.19]",47.5,1.82352438217472,5,8,TRUE
MMRd,Tplzf-gdlike-comb,"(45,50]","(1.46,2.19]",47.5,1.82352438217472,7,8,TRUE
MMRd,Tcd4-CXCL13,"(45,50]","(2.19,2.92]",47.5,2.55293413504461,5,8,TRUE
MMRd,Tcd8-CXCL13-comb,"(45,50]","(2.19,2.92]",47.5,2.55293413504461,5,8,TRUE
MMRd,CD8-all,"(45,50]","(2.19,2.92]",47.5,2.55293413504461,7,8,TRUE
MMRd,Tcd8-CXCL13-LAG3,"(45,50]","(2.19,2.92]",47.5,2.55293413504461,5,8,TRUE
MMRd,Tcd8-GZMK,"(45,50]","(2.19,2.92]",47.5,2.55293413504461,4,8,TRUE
MMRd,Tplzf-gdlike-comb,"(45,50]","(2.19,2.92]",47.5,2.55293413504461,5,8,TRUE
MMRd,Tcd8-CXCL13-LAG3,"(45,50]","(2.92,3.65]",47.5,3.2823438879145,4,8,TRUE
MMRd,Tcd8-HOBIT,"(45,50]","(2.92,3.65]",47.5,3.2823438879145,4,8,TRUE
MMRd,Myeloid-mregDC,"(45,50]","[0,0.729]",47.5,0.364704876434944,4,8,TRUE
MMRd,Tcd8-CXCL13-comb,"(45,50]","[0,0.729]",47.5,0.364704876434944,4,8,TRUE
MMRd,Tcd8-GZMK,"(45,50]","[0,0.729]",47.5,0.364704876434944,4,8,TRUE
MMRd,Tcd8-HOBIT,"(45,50]","[0,0.729]",47.5,0.364704876434944,5,8,TRUE
MMRd,Tplzf-gdlike-comb,"(45,50]","[0,0.729]",47.5,0.364704876434944,5,8,TRUE
MMRd,Myeloid-noDC-noGran,"(5,10]","(0.729,1.46]",7.5,1.09411462930483,5,8,TRUE
MMRd,Tcd4-CXCL13,"(5,10]","(0.729,1.46]",7.5,1.09411462930483,6,8,TRUE
MMRd,Tcd4-Treg-comb,"(5,10]","(0.729,1.46]",7.5,1.09411462930483,4,8,TRUE
MMRd,Tcd8-CXCL13-comb,"(5,10]","(0.729,1.46]",7.5,1.09411462930483,5,8,TRUE
MMRd,CD8-all,"(5,10]","(0.729,1.46]",7.5,1.09411462930483,7,8,TRUE
MMRd,Tcd8-CXCL13-LAG3,"(5,10]","(0.729,1.46]",7.5,1.09411462930483,4,8,TRUE
MMRd,Tcd8-HOBIT,"(5,10]","(0.729,1.46]",7.5,1.09411462930483,4,8,TRUE
MMRd,Tplzf-gdlike-comb,"(5,10]","(0.729,1.46]",7.5,1.09411462930483,5,8,TRUE
MMRd,Myeloid-ISG,"(5,10]","(1.46,2.19]",7.5,1.82352438217472,7,8,TRUE
MMRd,Tcd4-CXCL13,"(5,10]","(1.46,2.19]",7.5,1.82352438217472,7,8,TRUE
MMRd,Tcd4-Treg-comb,"(5,10]","(1.46,2.19]",7.5,1.82352438217472,7,8,TRUE
MMRd,Tcd8-CXCL13-comb,"(5,10]","(1.46,2.19]",7.5,1.82352438217472,6,8,TRUE
MMRd,CD8-all,"(5,10]","(1.46,2.19]",7.5,1.82352438217472,7,8,TRUE
MMRd,Tcd8-CXCL13-LAG3,"(5,10]","(1.46,2.19]",7.5,1.82352438217472,7,8,TRUE
MMRd,Tcd8-GZMK,"(5,10]","(1.46,2.19]",7.5,1.82352438217472,6,8,TRUE
MMRd,Tcd8-HOBIT,"(5,10]","(1.46,2.19]",7.5,1.82352438217472,7,8,TRUE
MMRd,Tplzf-gdlike-comb,"(5,10]","(1.46,2.19]",7.5,1.82352438217472,7,8,TRUE
MMRd,Tcd8-CXCL13-LAG3,"(5,10]","(2.19,2.92]",7.5,2.55293413504461,7,8,TRUE
MMRd,Tcd8-HOBIT,"(5,10]","(2.19,2.92]",7.5,2.55293413504461,6,8,TRUE
MMRd,Tcd8-GZMK,"(5,10]","(2.92,3.65]",7.5,3.2823438879145,7,8,TRUE
MMRd,Tcd4-CXCL13,"(5,10]","[0,0.729]",7.5,0.364704876434944,6,8,TRUE
MMRd,Tcd4-Treg-comb,"(5,10]","[0,0.729]",7.5,0.364704876434944,7,8,TRUE
MMRd,Tcd8-CXCL13-LAG3,"(5,10]","[0,0.729]",7.5,0.364704876434944,6,8,TRUE
MMRd,Tcd8-HOBIT,"(5,10]","[0,0.729]",7.5,0.364704876434944,6,8,TRUE
MMRd,Myeloid-ISG,"(50,55]","(0.729,1.46]",52.5,1.09411462930483,4,8,TRUE
MMRd,Myeloid-noDC-noGran,"(50,55]","(0.729,1.46]",52.5,1.09411462930483,4,8,TRUE
MMRd,Tcd4-CXCL13,"(50,55]","(0.729,1.46]",52.5,1.09411462930483,3,8,FALSE
MMRd,Tcd8-CXCL13-LAG3,"(50,55]","(0.729,1.46]",52.5,1.09411462930483,2,8,FALSE
MMRd,CD8-all,"(50,55]","(0.729,1.46]",52.5,1.09411462930483,5,8,TRUE
MMRd,Tcd8-HOBIT,"(50,55]","(0.729,1.46]",52.5,1.09411462930483,5,8,TRUE
MMRd,Tplzf-gdlike-comb,"(50,55]","(0.729,1.46]",52.5,1.09411462930483,5,8,TRUE
MMRd,Tcd8-CXCL13-LAG3,"(50,55]","(1.46,2.19]",52.5,1.82352438217472,6,8,TRUE
MMRd,CD8-all,"(50,55]","(1.46,2.19]",52.5,1.82352438217472,7,8,TRUE
MMRd,Tcd8-CXCL13-comb,"(50,55]","(1.46,2.19]",52.5,1.82352438217472,5,8,TRUE
MMRd,Tcd8-GZMK,"(50,55]","(1.46,2.19]",52.5,1.82352438217472,3,8,FALSE
MMRd,Tplzf-gdlike-comb,"(50,55]","(1.46,2.19]",52.5,1.82352438217472,4,8,TRUE
MMRd,Tcd8-CXCL13-comb,"(50,55]","(2.19,2.92]",52.5,2.55293413504461,6,8,TRUE
MMRd,CD8-all,"(50,55]","(2.19,2.92]",52.5,2.55293413504461,7,8,TRUE
MMRd,Tcd8-CXCL13-comb,"(50,55]","[0,0.729]",52.5,0.364704876434944,7,8,TRUE
MMRd,Tcd8-CXCL13-LAG3,"(50,55]","[0,0.729]",52.5,0.364704876434944,5,8,TRUE
MMRd,Tcd8-GZMK,"(50,55]","[0,0.729]",52.5,0.364704876434944,3,8,FALSE
MMRd,Tplzf-gdlike-comb,"(50,55]","[0,0.729]",52.5,0.364704876434944,6,8,TRUE
MMRd,Tplzf-gdlike-comb,"(55,60]","(0.729,1.46]",57.5,1.09411462930483,3,8,FALSE
MMRd,Tcd8-CXCL13-comb,"(55,60]","(1.46,2.19]",57.5,1.82352438217472,5,8,TRUE
MMRd,CD8-all,"(55,60]","(1.46,2.19]",57.5,1.82352438217472,5,8,TRUE
MMRd,Tplzf-gdlike-comb,"(55,60]","(1.46,2.19]",57.5,1.82352438217472,6,8,TRUE
MMRd,Tcd4-Treg-comb,"(55,60]","(2.19,2.92]",57.5,2.55293413504461,4,8,TRUE
MMRd,Tcd8-HOBIT,"(55,60]","(2.19,2.92]",57.5,2.55293413504461,3,8,FALSE
MMRd,Tplzf-gdlike-comb,"(55,60]","(2.19,2.92]",57.5,2.55293413504461,5,8,TRUE
MMRd,Tcd4-CXCL13,"(55,60]","(2.92,3.65]",57.5,3.2823438879145,6,8,TRUE
MMRd,Tcd8-CXCL13-comb,"(55,60]","(2.92,3.65]",57.5,3.2823438879145,6,8,TRUE
MMRd,Tcd4-Treg-comb,"(55,60]","[0,0.729]",57.5,0.364704876434944,3,8,FALSE
MMRd,Tcd8-CXCL13-comb,"(55,60]","[0,0.729]",57.5,0.364704876434944,4,8,TRUE
MMRd,Tplzf-gdlike-comb,"(55,60]","[0,0.729]",57.5,0.364704876434944,5,8,TRUE
MMRd,Myeloid-ISG,"(60,65]","(0.729,1.46]",62.5,1.09411462930483,2,8,FALSE
MMRd,Myeloid-noDC-noGran,"(60,65]","(0.729,1.46]",62.5,1.09411462930483,4,8,TRUE
MMRd,Myeloid-ISG,"(60,65]","(1.46,2.19]",62.5,1.82352438217472,6,8,TRUE
MMRd,Myeloid-noDC-noGran,"(60,65]","(1.46,2.19]",62.5,1.82352438217472,7,8,TRUE
MMRd,Tcd8-CXCL13-comb,"(60,65]","(1.46,2.19]",62.5,1.82352438217472,6,8,TRUE
MMRd,CD8-all,"(60,65]","(1.46,2.19]",62.5,1.82352438217472,6,8,TRUE
MMRd,Tcd8-HOBIT,"(60,65]","(1.46,2.19]",62.5,1.82352438217472,4,8,TRUE
MMRd,Tplzf-gdlike-comb,"(60,65]","(1.46,2.19]",62.5,1.82352438217472,5,8,TRUE
MMRd,Myeloid-ISG,"(60,65]","(2.19,2.92]",62.5,2.55293413504461,7,8,TRUE
MMRd,Tcd4-Treg-comb,"(60,65]","(3.65,4.38]",62.5,4.01175364078438,4,8,TRUE
MMRd,Tcd4-Treg-comb,"(60,65]","[0,0.729]",62.5,0.364704876434944,3,8,FALSE
MMRd,Tcd8-HOBIT,"(60,65]","[0,0.729]",62.5,0.364704876434944,3,8,FALSE
MMRd,CD8-all,"(60,65]","[0,0.729]",62.5,0.364704876434944,6,8,TRUE
MMRd,Myeloid-mregDC,"(65,70]","(0.729,1.46]",67.5,1.09411462930483,2,8,FALSE
MMRd,Myeloid-noDC-noGran,"(65,70]","(0.729,1.46]",67.5,1.09411462930483,5,8,TRUE
MMRd,Myeloid-ISG,"(65,70]","(1.46,2.19]",67.5,1.82352438217472,5,8,TRUE
MMRd,Myeloid-noDC-noGran,"(65,70]","(1.46,2.19]",67.5,1.82352438217472,7,8,TRUE
MMRd,Tcd4-Treg-comb,"(65,70]","(1.46,2.19]",67.5,1.82352438217472,3,8,FALSE
MMRd,Tcd8-HOBIT,"(65,70]","(1.46,2.19]",67.5,1.82352438217472,3,8,FALSE
MMRd,CD8-all,"(65,70]","(1.46,2.19]",67.5,1.82352438217472,5,8,TRUE
MMRd,Tplzf-gdlike-comb,"(65,70]","(1.46,2.19]",67.5,1.82352438217472,4,8,TRUE
MMRd,Tcd8-GZMK,"(65,70]","(2.19,2.92]",67.5,2.55293413504461,4,8,TRUE
MMRd,CD8-all,"(65,70]","(2.19,2.92]",67.5,2.55293413504461,7,8,TRUE
MMRd,Tcd4-Treg-comb,"(65,70]","[0,0.729]",67.5,0.364704876434944,3,8,FALSE
MMRd,Tcd8-CXCL13-comb,"(65,70]","[0,0.729]",67.5,0.364704876434944,4,8,TRUE
MMRd,CD8-all,"(65,70]","[0,0.729]",67.5,0.364704876434944,5,8,TRUE
MMRd,Tcd8-CXCL13-comb,"(70,75]","(0.729,1.46]",72.5,1.09411462930483,4,8,TRUE
MMRd,CD8-all,"(70,75]","(0.729,1.46]",72.5,1.09411462930483,4,8,TRUE
MMRd,Myeloid-ISG,"(70,75]","(1.46,2.19]",72.5,1.82352438217472,3,8,FALSE
MMRd,Tcd4-Treg-comb,"(70,75]","(1.46,2.19]",72.5,1.82352438217472,4,8,TRUE
MMRd,Tcd8-CXCL13-comb,"(70,75]","(1.46,2.19]",72.5,1.82352438217472,5,8,TRUE
MMRd,CD8-all,"(70,75]","(1.46,2.19]",72.5,1.82352438217472,6,8,TRUE
MMRd,Tcd8-HOBIT,"(70,75]","(1.46,2.19]",72.5,1.82352438217472,3,8,FALSE
MMRd,Tplzf-gdlike-comb,"(70,75]","(1.46,2.19]",72.5,1.82352438217472,5,8,TRUE
MMRd,Myeloid-ISG,"(70,75]","(2.19,2.92]",72.5,2.55293413504461,5,8,TRUE
MMRd,Tcd8-GZMK,"(70,75]","(3.65,4.38]",72.5,4.01175364078438,2,8,FALSE
MMRd,Myeloid-mregDC,"(70,75]","[0,0.729]",72.5,0.364704876434944,4,8,TRUE
MMRd,Tcd4-Treg-comb,"(70,75]","[0,0.729]",72.5,0.364704876434944,4,8,TRUE
MMRd,Tcd8-CXCL13-LAG3,"(70,75]","[0,0.729]",72.5,0.364704876434944,4,8,TRUE
MMRd,CD8-all,"(70,75]","[0,0.729]",72.5,0.364704876434944,6,8,TRUE
MMRd,Tplzf-gdlike-comb,"(70,75]","[0,0.729]",72.5,0.364704876434944,5,8,TRUE
MMRd,Myeloid-ISG,"(75,80]","(1.46,2.19]",77.5,1.82352438217472,4,8,TRUE
MMRd,Myeloid-noDC-noGran,"(75,80]","(1.46,2.19]",77.5,1.82352438217472,6,8,TRUE
MMRd,Tcd8-CXCL13-LAG3,"(75,80]","(1.46,2.19]",77.5,1.82352438217472,3,8,FALSE
MMRd,CD8-all,"(75,80]","(1.46,2.19]",77.5,1.82352438217472,6,8,TRUE
MMRd,Tcd8-CXCL13-comb,"(75,80]","(1.46,2.19]",77.5,1.82352438217472,5,8,TRUE
MMRd,Tcd4-Treg-comb,"(75,80]","(2.19,2.92]",77.5,2.55293413504461,3,8,FALSE
MMRd,Tcd8-CXCL13-comb,"(75,80]","(2.19,2.92]",77.5,2.55293413504461,4,8,TRUE
MMRd,CD8-all,"(75,80]","(2.19,2.92]",77.5,2.55293413504461,5,8,TRUE
MMRd,Tplzf-gdlike-comb,"(75,80]","(2.92,3.65]",77.5,3.2823438879145,5,8,TRUE
MMRd,Tplzf-gdlike-comb,"(75,80]","[0,0.729]",77.5,0.364704876434944,6,8,TRUE
MMRd,Myeloid-noDC-noGran,"(80,85]","(1.46,2.19]",82.5,1.82352438217472,6,8,TRUE
MMRd,Tcd8-CXCL13-comb,"(80,85]","(1.46,2.19]",82.5,1.82352438217472,3,8,FALSE
MMRd,CD8-all,"(80,85]","(1.46,2.19]",82.5,1.82352438217472,4,8,TRUE
MMRd,Myeloid-ISG,"(80,85]","(2.19,2.92]",82.5,2.55293413504461,3,8,FALSE
MMRd,Myeloid-noDC-noGran,"(85,90]","(1.46,2.19]",87.5,1.82352438217472,7,8,TRUE
MMRd,Tcd8-CXCL13-comb,"(85,90]","(1.46,2.19]",87.5,1.82352438217472,4,8,TRUE
MMRd,CD8-all,"(85,90]","(1.46,2.19]",87.5,1.82352438217472,5,8,TRUE
MMRd,Tcd8-CXCL13-LAG3,"(85,90]","(2.19,2.92]",87.5,2.55293413504461,5,8,TRUE
MMRd,Tcd4-Treg-comb,"(85,90]","(2.92,3.65]",87.5,3.2823438879145,2,8,FALSE
MMRd,Tplzf-gdlike-comb,"(90,95]","(2.19,2.92]",92.5,2.55293413504461,3,8,FALSE
MMRd,Myeloid-ISG,"(90,95]","(2.92,3.65]",92.5,3.2823438879145,4,8,TRUE
MMRd,Myeloid-ISG,"(90,95]","[0,0.729]",92.5,0.364704876434944,4,8,TRUE
MMRd,Myeloid-noDC-noGran,"(95,100]","(2.19,2.92]",97.5,2.55293413504461,6,8,TRUE
MMRd,Tcd8-CXCL13-comb,"(95,100]","(2.19,2.92]",97.5,2.55293413504461,4,8,TRUE
MMRd,CD8-all,"(95,100]","(2.19,2.92]",97.5,2.55293413504461,5,8,TRUE
MMRd,Myeloid-ISG,"[-100,-95]","(2.92,3.65]",-97.5,3.2823438879145,6,8,TRUE
MMRd,Myeloid-noDC-noGran,"[-100,-95]","(2.92,3.65]",-97.5,3.2823438879145,7,8,TRUE
MMRd,Tcd4-CXCL13,"[-100,-95]","[0,0.729]",-97.5,0.364704876434944,7,8,TRUE
MMRd,Tplzf-gdlike-comb,"(-10,-5]","(0.729,1.46]",-7.5,1.09411462930483,4,8,TRUE
MMRd,Tcd8-CXCL13-LAG3,"(-10,-5]","(2.92,3.65]",-7.5,3.2823438879145,6,8,TRUE
MMRd,Tplzf-gdlike-comb,"(-15,-10]","(0.729,1.46]",-12.5,1.09411462930483,2,8,FALSE
MMRd,Tcd8-GZMK,"(-15,-10]","(1.46,2.19]",-12.5,1.82352438217472,6,8,TRUE
MMRd,Tcd8-CXCL13-LAG3,"(-15,-10]","(2.19,2.92]",-12.5,2.55293413504461,5,8,TRUE
MMRd,Tcd8-CXCL13-LAG3,"(-15,-10]","[0,0.729]",-12.5,0.364704876434944,4,8,TRUE
MMRd,Tcd8-GZMK,"(-15,-10]","[0,0.729]",-12.5,0.364704876434944,6,8,TRUE
MMRd,Myeloid-mregDC,"(-20,-15]","(0.729,1.46]",-17.5,1.09411462930483,3,8,FALSE
MMRd,Tcd4-CXCL13,"(-20,-15]","(1.46,2.19]",-17.5,1.82352438217472,5,8,TRUE
MMRd,Tcd8-GZMK,"(-20,-15]","(1.46,2.19]",-17.5,1.82352438217472,5,8,TRUE
MMRd,Tcd8-HOBIT,"(-20,-15]","(1.46,2.19]",-17.5,1.82352438217472,3,8,FALSE
MMRd,Tcd8-CXCL13-LAG3,"(-20,-15]","(2.19,2.92]",-17.5,2.55293413504461,4,8,TRUE
MMRd,Tcd8-CXCL13-LAG3,"(-20,-15]","(3.65,4.38]",-17.5,4.01175364078438,3,8,FALSE
MMRd,Tcd8-CXCL13-LAG3,"(-20,-15]","(4.38,5.11]",-17.5,4.74116339365427,4,8,TRUE
MMRd,Tcd4-CXCL13,"(-20,-15]","[0,0.729]",-17.5,0.364704876434944,5,8,TRUE
MMRd,Tcd8-GZMK,"(-20,-15]","[0,0.729]",-17.5,0.364704876434944,6,8,TRUE
MMRd,Tcd8-HOBIT,"(-20,-15]","[0,0.729]",-17.5,0.364704876434944,5,8,TRUE
MMRd,Myeloid-mregDC,"(-25,-20]","(1.46,2.19]",-22.5,1.82352438217472,4,8,TRUE
MMRd,Tcd4-CXCL13,"(-25,-20]","(1.46,2.19]",-22.5,1.82352438217472,5,8,TRUE
MMRd,Tplzf-gdlike-comb,"(-25,-20]","(1.46,2.19]",-22.5,1.82352438217472,4,8,TRUE
MMRd,Tcd8-CXCL13-LAG3,"(-25,-20]","(2.19,2.92]",-22.5,2.55293413504461,5,8,TRUE
MMRd,Tcd8-HOBIT,"(-25,-20]","(2.92,3.65]",-22.5,3.2823438879145,5,8,TRUE
MMRd,Tcd8-CXCL13-LAG3,"(-25,-20]","(3.65,4.38]",-22.5,4.01175364078438,5,8,TRUE
MMRd,Tcd8-HOBIT,"(-25,-20]","(3.65,4.38]",-22.5,4.01175364078438,5,8,TRUE
MMRd,Tcd4-CXCL13,"(-25,-20]","(4.38,5.11]",-22.5,4.74116339365427,5,8,TRUE
MMRd,Tcd8-CXCL13-LAG3,"(-25,-20]","(4.38,5.11]",-22.5,4.74116339365427,3,8,FALSE
MMRd,Tcd8-GZMK,"(-25,-20]","(4.38,5.11]",-22.5,4.74116339365427,5,8,TRUE
MMRd,Tcd8-CXCL13-LAG3,"(-25,-20]","[0,0.729]",-22.5,0.364704876434944,4,8,TRUE
MMRd,Tcd8-GZMK,"(-25,-20]","[0,0.729]",-22.5,0.364704876434944,4,8,TRUE
MMRd,Myeloid-ISG,"(-30,-25]","(1.46,2.19]",-27.5,1.82352438217472,6,8,TRUE
MMRd,Tcd4-CXCL13,"(-30,-25]","(1.46,2.19]",-27.5,1.82352438217472,4,8,TRUE
MMRd,Tcd4-Treg-comb,"(-30,-25]","(1.46,2.19]",-27.5,1.82352438217472,4,8,TRUE
MMRd,Tcd8-GZMK,"(-30,-25]","(1.46,2.19]",-27.5,1.82352438217472,4,8,TRUE
MMRd,Tplzf-gdlike-comb,"(-30,-25]","(1.46,2.19]",-27.5,1.82352438217472,3,8,FALSE
MMRd,Tcd8-CXCL13-comb,"(-30,-25]","(2.19,2.92]",-27.5,2.55293413504461,6,8,TRUE
MMRd,Tcd8-CXCL13-LAG3,"(-30,-25]","(2.19,2.92]",-27.5,2.55293413504461,4,8,TRUE
MMRd,Tplzf-gdlike-comb,"(-30,-25]","(2.19,2.92]",-27.5,2.55293413504461,2,8,FALSE
MMRd,Tcd8-CXCL13-LAG3,"(-30,-25]","(2.92,3.65]",-27.5,3.2823438879145,3,8,FALSE
MMRd,Tcd8-HOBIT,"(-30,-25]","(2.92,3.65]",-27.5,3.2823438879145,4,8,TRUE
MMRd,Tcd8-CXCL13-LAG3,"(-30,-25]","(3.65,4.38]",-27.5,4.01175364078438,3,8,FALSE
MMRd,Tplzf-gdlike-comb,"(-30,-25]","(3.65,4.38]",-27.5,4.01175364078438,4,8,TRUE
MMRd,Tcd8-GZMK,"(-30,-25]","(4.38,5.11]",-27.5,4.74116339365427,3,8,FALSE
MMRd,Tplzf-gdlike-comb,"(-30,-25]","(4.38,5.11]",-27.5,4.74116339365427,3,8,FALSE
MMRd,Tcd8-CXCL13-comb,"(-30,-25]","(5.11,5.84]",-27.5,5.47057314652416,2,8,FALSE
MMRd,CD8-all,"(-30,-25]","(5.11,5.84]",-27.5,5.47057314652416,3,8,FALSE
MMRd,Tcd8-HOBIT,"(-35,-30]","(1.46,2.19]",-32.5,1.82352438217472,3,8,FALSE
MMRd,CD8-all,"(-35,-30]","(1.46,2.19]",-32.5,1.82352438217472,4,8,TRUE
MMRd,Tplzf-gdlike-comb,"(-35,-30]","(1.46,2.19]",-32.5,1.82352438217472,5,8,TRUE
MMRd,Myeloid-mregDC,"(-35,-30]","(2.19,2.92]",-32.5,2.55293413504461,6,8,TRUE
MMRd,Tcd4-CXCL13,"(-35,-30]","(2.19,2.92]",-32.5,2.55293413504461,5,8,TRUE
MMRd,Tcd8-CXCL13-LAG3,"(-35,-30]","(2.19,2.92]",-32.5,2.55293413504461,3,8,FALSE
MMRd,CD8-all,"(-35,-30]","(2.19,2.92]",-32.5,2.55293413504461,6,8,TRUE
MMRd,Tcd8-CXCL13-comb,"(-35,-30]","(2.19,2.92]",-32.5,2.55293413504461,5,8,TRUE
MMRd,Tcd8-HOBIT,"(-35,-30]","(2.19,2.92]",-32.5,2.55293413504461,3,8,FALSE
MMRd,Tplzf-gdlike-comb,"(-35,-30]","(2.19,2.92]",-32.5,2.55293413504461,4,8,TRUE
MMRd,Tcd4-CXCL13,"(-35,-30]","(2.92,3.65]",-32.5,3.2823438879145,6,8,TRUE
MMRd,Tcd8-CXCL13-LAG3,"(-35,-30]","(2.92,3.65]",-32.5,3.2823438879145,4,8,TRUE
MMRd,Tplzf-gdlike-comb,"(-35,-30]","(2.92,3.65]",-32.5,3.2823438879145,4,8,TRUE
MMRd,Tcd8-GZMK,"(-35,-30]","(3.65,4.38]",-32.5,4.01175364078438,5,8,TRUE
MMRd,Tcd8-HOBIT,"(-35,-30]","(3.65,4.38]",-32.5,4.01175364078438,4,8,TRUE
MMRd,Tcd8-HOBIT,"(-35,-30]","(4.38,5.11]",-32.5,4.74116339365427,4,8,TRUE
MMRd,Tcd8-GZMK,"(-35,-30]","(5.11,5.84]",-32.5,5.47057314652416,1,8,FALSE
MMRd,Tcd8-CXCL13-LAG3,"(-35,-30]","[0,0.729]",-32.5,0.364704876434944,2,8,FALSE
MMRd,Tcd8-GZMK,"(-35,-30]","[0,0.729]",-32.5,0.364704876434944,5,8,TRUE
MMRd,Myeloid-mregDC,"(-40,-35]","(1.46,2.19]",-37.5,1.82352438217472,4,8,TRUE
MMRd,Tcd4-CXCL13,"(-40,-35]","(1.46,2.19]",-37.5,1.82352438217472,5,8,TRUE
MMRd,Tcd4-Treg-comb,"(-40,-35]","(1.46,2.19]",-37.5,1.82352438217472,5,8,TRUE
MMRd,Tcd8-GZMK,"(-40,-35]","(1.46,2.19]",-37.5,1.82352438217472,4,8,TRUE
MMRd,CD8-all,"(-40,-35]","(1.46,2.19]",-37.5,1.82352438217472,5,8,TRUE
MMRd,Tcd8-GZMK,"(-40,-35]","(2.19,2.92]",-37.5,2.55293413504461,5,8,TRUE
MMRd,Tcd8-CXCL13-LAG3,"(-40,-35]","(2.92,3.65]",-37.5,3.2823438879145,3,8,FALSE
MMRd,Tcd8-HOBIT,"(-40,-35]","(2.92,3.65]",-37.5,3.2823438879145,6,8,TRUE
MMRd,Tcd8-CXCL13-LAG3,"(-40,-35]","(3.65,4.38]",-37.5,4.01175364078438,3,8,FALSE
MMRd,Tcd8-HOBIT,"(-40,-35]","(3.65,4.38]",-37.5,4.01175364078438,4,8,TRUE
MMRd,Tcd8-CXCL13-comb,"(-40,-35]","[0,0.729]",-37.5,0.364704876434944,6,8,TRUE
MMRd,Tcd8-HOBIT,"(-40,-35]","[0,0.729]",-37.5,0.364704876434944,3,8,FALSE
MMRd,Myeloid-ISG,"(-45,-40]","(1.46,2.19]",-42.5,1.82352438217472,5,8,TRUE
MMRd,Tcd8-CXCL13-LAG3,"(-45,-40]","(2.19,2.92]",-42.5,2.55293413504461,3,8,FALSE
MMRd,Tcd8-HOBIT,"(-45,-40]","(2.19,2.92]",-42.5,2.55293413504461,3,8,FALSE
MMRd,Tplzf-gdlike-comb,"(-45,-40]","(2.19,2.92]",-42.5,2.55293413504461,4,8,TRUE
MMRd,Myeloid-mregDC,"(-45,-40]","(2.92,3.65]",-42.5,3.2823438879145,4,8,TRUE
MMRd,Tcd8-HOBIT,"(-45,-40]","(2.92,3.65]",-42.5,3.2823438879145,5,8,TRUE
MMRd,Tcd8-CXCL13-LAG3,"(-45,-40]","(3.65,4.38]",-42.5,4.01175364078438,3,8,FALSE
MMRd,Tcd8-GZMK,"(-45,-40]","(3.65,4.38]",-42.5,4.01175364078438,3,8,FALSE
MMRd,Tplzf-gdlike-comb,"(-45,-40]","(3.65,4.38]",-42.5,4.01175364078438,3,8,FALSE
MMRd,Myeloid-mregDC,"(-45,-40]","(4.38,5.11]",-42.5,4.74116339365427,5,8,TRUE
MMRd,Tcd8-CXCL13-LAG3,"(-45,-40]","(4.38,5.11]",-42.5,4.74116339365427,2,8,FALSE
MMRd,Tplzf-gdlike-comb,"(-45,-40]","(4.38,5.11]",-42.5,4.74116339365427,2,8,FALSE
MMRd,Tplzf-gdlike-comb,"(-45,-40]","[0,0.729]",-42.5,0.364704876434944,5,8,TRUE
MMRd,Myeloid-ISG,"(-50,-45]","(1.46,2.19]",-47.5,1.82352438217472,5,8,TRUE
MMRd,Tcd4-CXCL13,"(-50,-45]","(1.46,2.19]",-47.5,1.82352438217472,3,8,FALSE
MMRd,Tplzf-gdlike-comb,"(-50,-45]","(1.46,2.19]",-47.5,1.82352438217472,3,8,FALSE
MMRd,Tcd8-HOBIT,"(-50,-45]","(2.19,2.92]",-47.5,2.55293413504461,3,8,FALSE
MMRd,CD8-all,"(-50,-45]","(2.19,2.92]",-47.5,2.55293413504461,4,8,TRUE
MMRd,Tcd8-CXCL13-comb,"(-50,-45]","(2.92,3.65]",-47.5,3.2823438879145,6,8,TRUE
MMRd,CD8-all,"(-50,-45]","(2.92,3.65]",-47.5,3.2823438879145,6,8,TRUE
MMRd,Tcd8-GZMK,"(-50,-45]","(2.92,3.65]",-47.5,3.2823438879145,4,8,TRUE
MMRd,Tplzf-gdlike-comb,"(-50,-45]","(2.92,3.65]",-47.5,3.2823438879145,4,8,TRUE
MMRd,Tcd8-CXCL13-LAG3,"(-50,-45]","(3.65,4.38]",-47.5,4.01175364078438,2,8,FALSE
MMRd,Tcd8-CXCL13-comb,"(-50,-45]","(3.65,4.38]",-47.5,4.01175364078438,4,8,TRUE
MMRd,Tcd8-HOBIT,"(-50,-45]","(4.38,5.11]",-47.5,4.74116339365427,4,8,TRUE
MMRd,Tplzf-gdlike-comb,"(-50,-45]","(4.38,5.11]",-47.5,4.74116339365427,2,8,FALSE
MMRd,Tplzf-gdlike-comb,"(-50,-45]","(5.11,5.84]",-47.5,5.47057314652416,1,8,FALSE
MMRd,Tcd4-CXCL13,"(-50,-45]","[0,0.729]",-47.5,0.364704876434944,4,8,TRUE
MMRd,Tcd8-GZMK,"(-50,-45]","[0,0.729]",-47.5,0.364704876434944,3,8,FALSE
MMRd,Tcd8-HOBIT,"(-50,-45]","[0,0.729]",-47.5,0.364704876434944,4,8,TRUE
MMRd,Tplzf-gdlike-comb,"(-50,-45]","[0,0.729]",-47.5,0.364704876434944,4,8,TRUE
MMRd,Myeloid-ISG,"(-55,-50]","(1.46,2.19]",-52.5,1.82352438217472,5,8,TRUE
MMRd,Myeloid-mregDC,"(-55,-50]","(2.19,2.92]",-52.5,2.55293413504461,4,8,TRUE
MMRd,Myeloid-ISG,"(-55,-50]","(2.19,2.92]",-52.5,2.55293413504461,6,8,TRUE
MMRd,Tcd8-CXCL13-comb,"(-55,-50]","(2.19,2.92]",-52.5,2.55293413504461,5,8,TRUE
MMRd,Tplzf-gdlike-comb,"(-55,-50]","(2.19,2.92]",-52.5,2.55293413504461,3,8,FALSE
MMRd,Tcd4-CXCL13,"(-55,-50]","(2.92,3.65]",-52.5,3.2823438879145,3,8,FALSE
MMRd,Tplzf-gdlike-comb,"(-55,-50]","(2.92,3.65]",-52.5,3.2823438879145,4,8,TRUE
MMRd,Tcd4-CXCL13,"(-55,-50]","(3.65,4.38]",-52.5,4.01175364078438,4,8,TRUE
MMRd,Tcd4-Treg-comb,"(-55,-50]","(3.65,4.38]",-52.5,4.01175364078438,4,8,TRUE
MMRd,Tcd8-CXCL13-comb,"(-55,-50]","(3.65,4.38]",-52.5,4.01175364078438,5,8,TRUE
MMRd,Tplzf-gdlike-comb,"(-55,-50]","(3.65,4.38]",-52.5,4.01175364078438,2,8,FALSE
MMRd,Tcd4-CXCL13,"(-55,-50]","(4.38,5.11]",-52.5,4.74116339365427,3,8,FALSE
MMRd,Tcd8-GZMK,"(-55,-50]","(4.38,5.11]",-52.5,4.74116339365427,4,8,TRUE
MMRd,Myeloid-mregDC,"(-55,-50]","[0,0.729]",-52.5,0.364704876434944,5,8,TRUE
MMRd,Tcd8-HOBIT,"(-55,-50]","[0,0.729]",-52.5,0.364704876434944,4,8,TRUE
MMRd,Myeloid-ISG,"(-60,-55]","(1.46,2.19]",-57.5,1.82352438217472,5,8,TRUE
MMRd,Myeloid-mregDC,"(-60,-55]","(2.19,2.92]",-57.5,2.55293413504461,4,8,TRUE
MMRd,Tcd4-Treg-comb,"(-60,-55]","(2.19,2.92]",-57.5,2.55293413504461,5,8,TRUE
MMRd,Tcd4-CXCL13,"(-60,-55]","(2.92,3.65]",-57.5,3.2823438879145,4,8,TRUE
MMRd,Tcd8-CXCL13-comb,"(-60,-55]","(2.92,3.65]",-57.5,3.2823438879145,5,8,TRUE
MMRd,CD8-all,"(-60,-55]","(2.92,3.65]",-57.5,3.2823438879145,6,8,TRUE
MMRd,Tplzf-gdlike-comb,"(-60,-55]","(2.92,3.65]",-57.5,3.2823438879145,4,8,TRUE
MMRd,Tcd4-CXCL13,"(-60,-55]","(3.65,4.38]",-57.5,4.01175364078438,5,8,TRUE
MMRd,Tcd8-CXCL13-comb,"(-60,-55]","(3.65,4.38]",-57.5,4.01175364078438,4,8,TRUE
MMRd,Tcd4-CXCL13,"(-60,-55]","(4.38,5.11]",-57.5,4.74116339365427,3,8,FALSE
MMRd,Tcd8-CXCL13-comb,"(-60,-55]","(4.38,5.11]",-57.5,4.74116339365427,2,8,FALSE
MMRd,Tcd8-GZMK,"(-60,-55]","(4.38,5.11]",-57.5,4.74116339365427,3,8,FALSE
MMRd,Tplzf-gdlike-comb,"(-60,-55]","[0,0.729]",-57.5,0.364704876434944,5,8,TRUE
MMRd,Myeloid-mregDC,"(-65,-60]","(1.46,2.19]",-62.5,1.82352438217472,3,8,FALSE
MMRd,Myeloid-ISG,"(-65,-60]","(2.19,2.92]",-62.5,2.55293413504461,5,8,TRUE
MMRd,CD8-all,"(-65,-60]","(2.19,2.92]",-62.5,2.55293413504461,5,8,TRUE
MMRd,Tplzf-gdlike-comb,"(-65,-60]","(2.19,2.92]",-62.5,2.55293413504461,5,8,TRUE
MMRd,Tcd4-Treg-comb,"(-65,-60]","(2.92,3.65]",-62.5,3.2823438879145,6,8,TRUE
MMRd,Tcd8-CXCL13-comb,"(-65,-60]","(2.92,3.65]",-62.5,3.2823438879145,4,8,TRUE
MMRd,CD8-all,"(-65,-60]","(2.92,3.65]",-62.5,3.2823438879145,6,8,TRUE
MMRd,Tcd8-HOBIT,"(-65,-60]","(2.92,3.65]",-62.5,3.2823438879145,3,8,FALSE
MMRd,Tcd8-CXCL13-comb,"(-65,-60]","(3.65,4.38]",-62.5,4.01175364078438,2,8,FALSE
MMRd,CD8-all,"(-65,-60]","(3.65,4.38]",-62.5,4.01175364078438,3,8,FALSE
MMRd,Tcd8-CXCL13-LAG3,"(-65,-60]","(3.65,4.38]",-62.5,4.01175364078438,2,8,FALSE
MMRd,Tcd8-HOBIT,"(-65,-60]","(3.65,4.38]",-62.5,4.01175364078438,3,8,FALSE
MMRd,Tplzf-gdlike-comb,"(-65,-60]","(3.65,4.38]",-62.5,4.01175364078438,2,8,FALSE
MMRd,Tcd8-CXCL13-LAG3,"(-65,-60]","[0,0.729]",-62.5,0.364704876434944,4,8,TRUE
MMRd,CD8-all,"(-65,-60]","[0,0.729]",-62.5,0.364704876434944,6,8,TRUE
MMRd,Tcd8-HOBIT,"(-65,-60]","[0,0.729]",-62.5,0.364704876434944,2,8,FALSE
MMRd,Myeloid-noDC-noGran,"(-70,-65]","(1.46,2.19]",-67.5,1.82352438217472,5,8,TRUE
MMRd,Tplzf-gdlike-comb,"(-70,-65]","(1.46,2.19]",-67.5,1.82352438217472,3,8,FALSE
MMRd,Myeloid-mregDC,"(-70,-65]","(2.19,2.92]",-67.5,2.55293413504461,3,8,FALSE
MMRd,Tcd4-Treg-comb,"(-70,-65]","(2.19,2.92]",-67.5,2.55293413504461,5,8,TRUE
MMRd,Tcd8-CXCL13-LAG3,"(-70,-65]","(2.19,2.92]",-67.5,2.55293413504461,2,8,FALSE
MMRd,CD8-all,"(-70,-65]","(2.19,2.92]",-67.5,2.55293413504461,4,8,TRUE
MMRd,Tcd8-HOBIT,"(-70,-65]","(2.19,2.92]",-67.5,2.55293413504461,3,8,FALSE
MMRd,Tplzf-gdlike-comb,"(-70,-65]","(2.19,2.92]",-67.5,2.55293413504461,2,8,FALSE
MMRd,Tcd4-CXCL13,"(-70,-65]","(2.92,3.65]",-67.5,3.2823438879145,5,8,TRUE
MMRd,Tcd8-CXCL13-comb,"(-70,-65]","(2.92,3.65]",-67.5,3.2823438879145,3,8,FALSE
MMRd,CD8-all,"(-70,-65]","(2.92,3.65]",-67.5,3.2823438879145,3,8,FALSE
MMRd,Tplzf-gdlike-comb,"(-70,-65]","(2.92,3.65]",-67.5,3.2823438879145,3,8,FALSE
MMRd,Tcd8-CXCL13-LAG3,"(-70,-65]","(3.65,4.38]",-67.5,4.01175364078438,2,8,FALSE
MMRd,Tplzf-gdlike-comb,"(-70,-65]","(3.65,4.38]",-67.5,4.01175364078438,3,8,FALSE
MMRd,Tcd8-CXCL13-LAG3,"(-70,-65]","(4.38,5.11]",-67.5,4.74116339365427,1,8,FALSE
MMRd,Tcd4-CXCL13,"(-70,-65]","[0,0.729]",-67.5,0.364704876434944,5,8,TRUE
MMRd,Tcd8-GZMK,"(-70,-65]","[0,0.729]",-67.5,0.364704876434944,3,8,FALSE
MMRd,Tcd4-CXCL13,"(-75,-70]","(2.19,2.92]",-72.5,2.55293413504461,4,8,TRUE
MMRd,Tcd8-CXCL13-comb,"(-75,-70]","(2.19,2.92]",-72.5,2.55293413504461,2,8,FALSE
MMRd,CD8-all,"(-75,-70]","(2.19,2.92]",-72.5,2.55293413504461,3,8,FALSE
MMRd,Tcd8-CXCL13-comb,"(-75,-70]","(3.65,4.38]",-72.5,4.01175364078438,4,8,TRUE
MMRd,Tcd8-CXCL13-comb,"(-75,-70]","(4.38,5.11]",-72.5,4.74116339365427,3,8,FALSE
MMRd,Myeloid-mregDC,"(-75,-70]","[0,0.729]",-72.5,0.364704876434944,3,8,FALSE
MMRd,Tcd8-CXCL13-LAG3,"(-75,-70]","[0,0.729]",-72.5,0.364704876434944,3,8,FALSE
MMRd,CD8-all,"(-75,-70]","[0,0.729]",-72.5,0.364704876434944,6,8,TRUE
MMRd,Myeloid-noDC-noGran,"(-80,-75]","(1.46,2.19]",-77.5,1.82352438217472,4,8,TRUE
MMRd,Tcd4-Treg-comb,"(-80,-75]","(1.46,2.19]",-77.5,1.82352438217472,3,8,FALSE
MMRd,Myeloid-mregDC,"(-80,-75]","(2.19,2.92]",-77.5,2.55293413504461,5,8,TRUE
MMRd,Tcd8-CXCL13-comb,"(-80,-75]","(2.19,2.92]",-77.5,2.55293413504461,4,8,TRUE
MMRd,CD8-all,"(-80,-75]","(2.19,2.92]",-77.5,2.55293413504461,4,8,TRUE
MMRd,Tcd4-Treg-comb,"(-80,-75]","(2.92,3.65]",-77.5,3.2823438879145,5,8,TRUE
MMRd,Tcd8-CXCL13-comb,"(-80,-75]","(2.92,3.65]",-77.5,3.2823438879145,2,8,FALSE
MMRd,Tcd8-HOBIT,"(-80,-75]","(2.92,3.65]",-77.5,3.2823438879145,4,8,TRUE
MMRd,Tcd4-Treg-comb,"(-80,-75]","(3.65,4.38]",-77.5,4.01175364078438,3,8,FALSE
MMRd,Tcd8-CXCL13-comb,"(-80,-75]","(3.65,4.38]",-77.5,4.01175364078438,3,8,FALSE
MMRd,CD8-all,"(-80,-75]","(3.65,4.38]",-77.5,4.01175364078438,3,8,FALSE
MMRd,Tcd8-CXCL13-LAG3,"(-80,-75]","(4.38,5.11]",-77.5,4.74116339365427,1,8,FALSE
MMRd,CD8-all,"(-80,-75]","(4.38,5.11]",-77.5,4.74116339365427,4,8,TRUE
MMRd,Tcd8-CXCL13-comb,"(-80,-75]","(4.38,5.11]",-77.5,4.74116339365427,4,8,TRUE
MMRd,Tcd8-HOBIT,"(-80,-75]","(4.38,5.11]",-77.5,4.74116339365427,2,8,FALSE
MMRd,Myeloid-ISG,"(-85,-80]","(2.19,2.92]",-82.5,2.55293413504461,4,8,TRUE
MMRd,Tcd4-Treg-comb,"(-85,-80]","(2.19,2.92]",-82.5,2.55293413504461,4,8,TRUE
MMRd,Tcd4-CXCL13,"(-85,-80]","(2.92,3.65]",-82.5,3.2823438879145,4,8,TRUE
MMRd,Tcd4-Treg-comb,"(-85,-80]","(2.92,3.65]",-82.5,3.2823438879145,3,8,FALSE
MMRd,Tcd8-HOBIT,"(-85,-80]","(2.92,3.65]",-82.5,3.2823438879145,3,8,FALSE
MMRd,Tplzf-gdlike-comb,"(-85,-80]","(2.92,3.65]",-82.5,3.2823438879145,2,8,FALSE
MMRd,Myeloid-mregDC,"(-85,-80]","(4.38,5.11]",-82.5,4.74116339365427,2,8,FALSE
MMRd,Tcd8-CXCL13-comb,"(-85,-80]","(5.11,5.84]",-82.5,5.47057314652416,1,8,FALSE
MMRd,CD8-all,"(-85,-80]","(5.11,5.84]",-82.5,5.47057314652416,2,8,FALSE
MMRd,Tcd8-GZMK,"(-85,-80]","(5.11,5.84]",-82.5,5.47057314652416,2,8,FALSE
MMRd,Myeloid-mregDC,"(-85,-80]","[0,0.729]",-82.5,0.364704876434944,3,8,FALSE
MMRd,Tcd4-CXCL13,"(-85,-80]","[0,0.729]",-82.5,0.364704876434944,5,8,TRUE
MMRd,Myeloid-ISG,"(-90,-85]","(5.11,5.84]",-87.5,5.47057314652416,2,8,FALSE
MMRd,Tcd8-CXCL13-LAG3,"(-90,-85]","[0,0.729]",-87.5,0.364704876434944,3,8,FALSE
MMRd,Tplzf-gdlike-comb,"(-90,-85]","[0,0.729]",-87.5,0.364704876434944,5,8,TRUE
MMRd,Myeloid-mregDC,"(-95,-90]","(2.19,2.92]",-92.5,2.55293413504461,4,8,TRUE
MMRd,Myeloid-ISG,"(-95,-90]","(2.19,2.92]",-92.5,2.55293413504461,4,8,TRUE
MMRd,Myeloid-noDC-noGran,"(-95,-90]","(2.19,2.92]",-92.5,2.55293413504461,5,8,TRUE
MMRd,Tcd8-CXCL13-comb,"(-95,-90]","(4.38,5.11]",-92.5,4.74116339365427,1,8,FALSE
MMRd,CD8-all,"(-95,-90]","(4.38,5.11]",-92.5,4.74116339365427,3,8,FALSE
MMRd,Tcd8-GZMK,"(-95,-90]","(4.38,5.11]",-92.5,4.74116339365427,3,8,FALSE
MMRd,Tcd8-CXCL13-LAG3,"(-95,-90]","(5.11,5.84]",-92.5,5.47057314652416,2,8,FALSE
MMRd,CD8-all,"(-95,-90]","(5.11,5.84]",-92.5,5.47057314652416,2,8,FALSE
MMRd,Tcd8-CXCL13-comb,"(-95,-90]","(5.11,5.84]",-92.5,5.47057314652416,1,8,FALSE
MMRd,Tcd8-HOBIT,"(-95,-90]","(5.11,5.84]",-92.5,5.47057314652416,1,8,FALSE
MMRd,Tplzf-gdlike-comb,"(-95,-90]","(5.11,5.84]",-92.5,5.47057314652416,1,8,FALSE
MMRd,Tcd8-GZMK,"(-95,-90]","[0,0.729]",-92.5,0.364704876434944,4,8,TRUE
MMRd,Tcd8-HOBIT,"(-95,-90]","[0,0.729]",-92.5,0.364704876434944,4,8,TRUE
MMRd,Myeloid-mregDC,"(10,15]","(0.729,1.46]",12.5,1.09411462930483,2,8,FALSE
MMRd,Myeloid-mregDC,"(10,15]","(1.46,2.19]",12.5,1.82352438217472,4,8,TRUE
MMRd,Tcd8-GZMK,"(10,15]","(1.46,2.19]",12.5,1.82352438217472,4,8,TRUE
MMRd,Tcd8-GZMK,"(10,15]","(2.92,3.65]",12.5,3.2823438879145,5,8,TRUE
MMRd,Tcd8-HOBIT,"(10,15]","[0,0.729]",12.5,0.364704876434944,3,8,FALSE
MMRd,Myeloid-mregDC,"(15,20]","(2.19,2.92]",17.5,2.55293413504461,4,8,TRUE
MMRd,Myeloid-mregDC,"(20,25]","(0.729,1.46]",22.5,1.09411462930483,2,8,FALSE
MMRd,Tcd8-CXCL13-LAG3,"(20,25]","(2.92,3.65]",22.5,3.2823438879145,5,8,TRUE
MMRd,Tcd4-CXCL13,"(25,30]","(0.729,1.46]",27.5,1.09411462930483,4,8,TRUE
MMRd,Myeloid-mregDC,"(25,30]","(2.19,2.92]",27.5,2.55293413504461,3,8,FALSE
MMRd,Tcd8-CXCL13-LAG3,"(25,30]","(2.92,3.65]",27.5,3.2823438879145,6,8,TRUE
MMRd,Tcd8-GZMK,"(30,35]","(2.92,3.65]",32.5,3.2823438879145,5,8,TRUE
MMRd,Myeloid-mregDC,"(35,40]","(0.729,1.46]",37.5,1.09411462930483,1,8,FALSE
MMRd,Tcd8-HOBIT,"(35,40]","(0.729,1.46]",37.5,1.09411462930483,5,8,TRUE
MMRd,Myeloid-mregDC,"(35,40]","(1.46,2.19]",37.5,1.82352438217472,4,8,TRUE
MMRd,Tcd4-CXCL13,"(35,40]","(2.19,2.92]",37.5,2.55293413504461,5,8,TRUE
MMRd,Tcd4-CXCL13,"(35,40]","(2.92,3.65]",37.5,3.2823438879145,5,8,TRUE
MMRd,Tcd8-HOBIT,"(35,40]","(2.92,3.65]",37.5,3.2823438879145,5,8,TRUE
MMRd,Tcd4-Treg-comb,"(35,40]","[0,0.729]",37.5,0.364704876434944,4,8,TRUE
MMRd,Tcd8-CXCL13-LAG3,"(35,40]","[0,0.729]",37.5,0.364704876434944,4,8,TRUE
MMRd,Tcd4-Treg-comb,"(40,45]","(0.729,1.46]",42.5,1.09411462930483,1,8,FALSE
MMRd,Tcd8-CXCL13-comb,"(40,45]","(0.729,1.46]",42.5,1.09411462930483,4,8,TRUE
MMRd,CD8-all,"(40,45]","(0.729,1.46]",42.5,1.09411462930483,5,8,TRUE
MMRd,Tcd8-HOBIT,"(40,45]","(0.729,1.46]",42.5,1.09411462930483,4,8,TRUE
MMRd,Tcd4-Treg-comb,"(40,45]","(1.46,2.19]",42.5,1.82352438217472,5,8,TRUE
MMRd,Tcd8-GZMK,"(40,45]","(2.19,2.92]",42.5,2.55293413504461,3,8,FALSE
MMRd,Myeloid-mregDC,"(40,45]","[0,0.729]",42.5,0.364704876434944,4,8,TRUE
MMRd,Tcd8-CXCL13-LAG3,"(40,45]","[0,0.729]",42.5,0.364704876434944,5,8,TRUE
MMRd,Tcd8-GZMK,"(40,45]","[0,0.729]",42.5,0.364704876434944,2,8,FALSE
MMRd,Myeloid-ISG,"(45,50]","(0.729,1.46]",47.5,1.09411462930483,2,8,FALSE
MMRd,CD8-all,"(45,50]","(0.729,1.46]",47.5,1.09411462930483,4,8,TRUE
MMRd,Tcd8-GZMK,"(45,50]","(1.46,2.19]",47.5,1.82352438217472,3,8,FALSE
MMRd,Tcd4-Treg-comb,"(45,50]","(2.19,2.92]",47.5,2.55293413504461,4,8,TRUE
MMRd,Tcd4-Treg-comb,"(45,50]","[0,0.729]",47.5,0.364704876434944,3,8,FALSE
MMRd,Myeloid-mregDC,"(5,10]","(0.729,1.46]",7.5,1.09411462930483,3,8,FALSE
MMRd,Myeloid-ISG,"(5,10]","(0.729,1.46]",7.5,1.09411462930483,3,8,FALSE
MMRd,Myeloid-mregDC,"(5,10]","(1.46,2.19]",7.5,1.82352438217472,5,8,TRUE
MMRd,Tcd8-HOBIT,"(50,55]","(1.46,2.19]",52.5,1.82352438217472,5,8,TRUE
MMRd,Tcd8-HOBIT,"(50,55]","(2.19,2.92]",52.5,2.55293413504461,4,8,TRUE
MMRd,Tplzf-gdlike-comb,"(50,55]","(2.19,2.92]",52.5,2.55293413504461,5,8,TRUE
MMRd,Tcd4-Treg-comb,"(50,55]","[0,0.729]",52.5,0.364704876434944,2,8,FALSE
MMRd,Myeloid-noDC-noGran,"(55,60]","(0.729,1.46]",57.5,1.09411462930483,4,8,TRUE
MMRd,Tcd8-CXCL13-comb,"(55,60]","(0.729,1.46]",57.5,1.09411462930483,3,8,FALSE
MMRd,CD8-all,"(55,60]","(0.729,1.46]",57.5,1.09411462930483,5,8,TRUE
MMRd,Tcd8-GZMK,"(55,60]","(0.729,1.46]",57.5,1.09411462930483,2,8,FALSE
MMRd,Tcd8-HOBIT,"(55,60]","(0.729,1.46]",57.5,1.09411462930483,3,8,FALSE
MMRd,Tcd4-CXCL13,"(55,60]","(1.46,2.19]",57.5,1.82352438217472,3,8,FALSE
MMRd,Myeloid-mregDC,"(55,60]","(2.19,2.92]",57.5,2.55293413504461,2,8,FALSE
MMRd,Tcd4-CXCL13,"(55,60]","(2.19,2.92]",57.5,2.55293413504461,3,8,FALSE
MMRd,Tplzf-gdlike-comb,"(60,65]","(0.729,1.46]",62.5,1.09411462930483,2,8,FALSE
MMRd,Tcd4-Treg-comb,"(60,65]","(2.19,2.92]",62.5,2.55293413504461,4,8,TRUE
MMRd,Tcd8-CXCL13-comb,"(60,65]","(2.19,2.92]",62.5,2.55293413504461,3,8,FALSE
MMRd,Tcd8-CXCL13-comb,"(60,65]","[0,0.729]",62.5,0.364704876434944,5,8,TRUE
MMRd,Tcd8-GZMK,"(60,65]","[0,0.729]",62.5,0.364704876434944,2,8,FALSE
MMRd,Tplzf-gdlike-comb,"(60,65]","[0,0.729]",62.5,0.364704876434944,5,8,TRUE
MMRd,Tcd8-CXCL13-LAG3,"(65,70]","(1.46,2.19]",67.5,1.82352438217472,4,8,TRUE
MMRd,Tcd8-CXCL13-comb,"(65,70]","(1.46,2.19]",67.5,1.82352438217472,3,8,FALSE
MMRd,Tcd8-CXCL13-comb,"(65,70]","(2.19,2.92]",67.5,2.55293413504461,5,8,TRUE
MMRd,Myeloid-mregDC,"(65,70]","(2.92,3.65]",67.5,3.2823438879145,2,8,FALSE
MMRd,Myeloid-mregDC,"(65,70]","[0,0.729]",67.5,0.364704876434944,4,8,TRUE
MMRd,Tcd8-GZMK,"(65,70]","[0,0.729]",67.5,0.364704876434944,3,8,FALSE
MMRd,Tcd8-HOBIT,"(65,70]","[0,0.729]",67.5,0.364704876434944,3,8,FALSE
MMRd,Tplzf-gdlike-comb,"(65,70]","[0,0.729]",67.5,0.364704876434944,4,8,TRUE
MMRd,Myeloid-noDC-noGran,"(70,75]","(0.729,1.46]",72.5,1.09411462930483,3,8,FALSE
MMRd,Tcd8-CXCL13-LAG3,"(70,75]","(0.729,1.46]",72.5,1.09411462930483,1,8,FALSE
MMRd,Tplzf-gdlike-comb,"(70,75]","(0.729,1.46]",72.5,1.09411462930483,2,8,FALSE
MMRd,Myeloid-mregDC,"(70,75]","(2.19,2.92]",72.5,2.55293413504461,1,8,FALSE
MMRd,Tplzf-gdlike-comb,"(70,75]","(2.19,2.92]",72.5,2.55293413504461,4,8,TRUE
MMRd,Tcd4-Treg-comb,"(70,75]","(3.65,4.38]",72.5,4.01175364078438,2,8,FALSE
MMRd,Myeloid-ISG,"(70,75]","[0,0.729]",72.5,0.364704876434944,4,8,TRUE
MMRd,Tcd8-CXCL13-comb,"(70,75]","[0,0.729]",72.5,0.364704876434944,5,8,TRUE
MMRd,Tcd8-HOBIT,"(70,75]","[0,0.729]",72.5,0.364704876434944,3,8,FALSE
MMRd,Tplzf-gdlike-comb,"(75,80]","(1.46,2.19]",77.5,1.82352438217472,4,8,TRUE
MMRd,Myeloid-mregDC,"(75,80]","(2.19,2.92]",77.5,2.55293413504461,2,8,FALSE
MMRd,Tplzf-gdlike-comb,"(75,80]","(2.19,2.92]",77.5,2.55293413504461,4,8,TRUE
MMRd,Myeloid-mregDC,"(75,80]","(2.92,3.65]",77.5,3.2823438879145,1,8,FALSE
MMRd,Tcd4-CXCL13,"(75,80]","(2.92,3.65]",77.5,3.2823438879145,4,8,TRUE
MMRd,Tcd4-CXCL13,"(75,80]","[0,0.729]",77.5,0.364704876434944,4,8,TRUE
MMRd,Tcd8-CXCL13-comb,"(75,80]","[0,0.729]",77.5,0.364704876434944,5,8,TRUE
MMRd,CD8-all,"(75,80]","[0,0.729]",77.5,0.364704876434944,5,8,TRUE
MMRd,Myeloid-noDC-noGran,"(80,85]","(0.729,1.46]",82.5,1.09411462930483,4,8,TRUE
MMRd,Tplzf-gdlike-comb,"(80,85]","(1.46,2.19]",82.5,1.82352438217472,4,8,TRUE
MMRd,Myeloid-mregDC,"(80,85]","(2.19,2.92]",82.5,2.55293413504461,2,8,FALSE
MMRd,Tcd8-HOBIT,"(80,85]","(2.19,2.92]",82.5,2.55293413504461,3,8,FALSE
MMRd,CD8-all,"(80,85]","(2.19,2.92]",82.5,2.55293413504461,3,8,FALSE
MMRd,Myeloid-mregDC,"(80,85]","[0,0.729]",82.5,0.364704876434944,3,8,FALSE
MMRd,Tcd4-Treg-comb,"(80,85]","[0,0.729]",82.5,0.364704876434944,3,8,FALSE
MMRd,Tcd8-CXCL13-comb,"(80,85]","[0,0.729]",82.5,0.364704876434944,3,8,FALSE
MMRd,CD8-all,"(80,85]","[0,0.729]",82.5,0.364704876434944,4,8,TRUE
MMRd,Tplzf-gdlike-comb,"(80,85]","[0,0.729]",82.5,0.364704876434944,4,8,TRUE
MMRd,Tcd8-CXCL13-comb,"(85,90]","[0,0.729]",87.5,0.364704876434944,5,8,TRUE
MMRd,CD8-all,"(85,90]","[0,0.729]",87.5,0.364704876434944,6,8,TRUE
MMRd,Tcd8-HOBIT,"(85,90]","[0,0.729]",87.5,0.364704876434944,3,8,FALSE
MMRd,Tplzf-gdlike-comb,"(85,90]","[0,0.729]",87.5,0.364704876434944,5,8,TRUE
MMRd,Myeloid-noDC-noGran,"(90,95]","(0.729,1.46]",92.5,1.09411462930483,3,8,FALSE
MMRd,Myeloid-noDC-noGran,"(90,95]","(1.46,2.19]",92.5,1.82352438217472,5,8,TRUE
MMRd,Myeloid-mregDC,"(90,95]","[0,0.729]",92.5,0.364704876434944,4,8,TRUE
MMRd,Tcd8-CXCL13-LAG3,"(90,95]","[0,0.729]",92.5,0.364704876434944,2,8,FALSE
MMRd,CD8-all,"(90,95]","[0,0.729]",92.5,0.364704876434944,3,8,FALSE
MMRd,Tplzf-gdlike-comb,"(90,95]","[0,0.729]",92.5,0.364704876434944,4,8,TRUE
MMRd,Myeloid-noDC-noGran,"(95,100]","(1.46,2.19]",97.5,1.82352438217472,5,8,TRUE
MMRd,Tcd8-GZMK,"(95,100]","(1.46,2.19]",97.5,1.82352438217472,3,8,FALSE
MMRd,CD8-all,"(95,100]","(1.46,2.19]",97.5,1.82352438217472,4,8,TRUE
MMRd,Myeloid-ISG,"(95,100]","(2.19,2.92]",97.5,2.55293413504461,3,8,FALSE
MMRd,Tcd4-Treg-comb,"(95,100]","[0,0.729]",97.5,0.364704876434944,3,8,FALSE
MMRd,Tcd8-CXCL13-comb,"(95,100]","[0,0.729]",97.5,0.364704876434944,5,8,TRUE
MMRd,CD8-all,"(95,100]","[0,0.729]",97.5,0.364704876434944,5,8,TRUE
MMRd,Myeloid-ISG,"[-100,-95]","(2.19,2.92]",-97.5,2.55293413504461,4,8,TRUE
MMRd,Myeloid-noDC-noGran,"[-100,-95]","(2.19,2.92]",-97.5,2.55293413504461,5,8,TRUE
MMRd,Tplzf-gdlike-comb,"[-100,-95]","(4.38,5.11]",-97.5,4.74116339365427,2,8,FALSE
MMRd,Myeloid-ISG,"[-100,-95]","(5.11,5.84]",-97.5,5.47057314652416,2,8,FALSE
MMRd,Myeloid-ISG,"[-100,-95]","[0,0.729]",-97.5,0.364704876434944,6,8,TRUE
MMRd,Tcd8-CXCL13-LAG3,"[-100,-95]","[0,0.729]",-97.5,0.364704876434944,2,8,FALSE
MMRd,CD8-all,"[-100,-95]","[0,0.729]",-97.5,0.364704876434944,5,8,TRUE
MMRd,Tcd8-CXCL13-comb,"[-100,-95]","[0,0.729]",-97.5,0.364704876434944,4,8,TRUE
MMRd,Tcd8-GZMK,"(-10,-5]","(0.729,1.46]",-7.5,1.09411462930483,3,8,FALSE
MMRd,Tcd8-GZMK,"(-15,-10]","(0.729,1.46]",-12.5,1.09411462930483,4,8,TRUE
MMRd,Myeloid-ISG,"(-20,-15]","(0.729,1.46]",-17.5,1.09411462930483,4,8,TRUE
MMRd,Tcd8-CXCL13-comb,"(-20,-15]","(0.729,1.46]",-17.5,1.09411462930483,3,8,FALSE
MMRd,CD8-all,"(-20,-15]","(0.729,1.46]",-17.5,1.09411462930483,3,8,FALSE
MMRd,Tcd8-GZMK,"(-20,-15]","(5.11,5.84]",-17.5,5.47057314652416,4,8,TRUE
MMRd,Myeloid-ISG,"(-25,-20]","(0.729,1.46]",-22.5,1.09411462930483,2,8,FALSE
MMRd,Myeloid-ISG,"(-30,-25]","(0.729,1.46]",-27.5,1.09411462930483,2,8,FALSE
MMRd,Myeloid-noDC-noGran,"(-30,-25]","(0.729,1.46]",-27.5,1.09411462930483,4,8,TRUE
MMRd,Tcd4-Treg-comb,"(-30,-25]","(0.729,1.46]",-27.5,1.09411462930483,3,8,FALSE
MMRd,Myeloid-mregDC,"(-30,-25]","(1.46,2.19]",-27.5,1.82352438217472,4,8,TRUE
MMRd,Tcd4-CXCL13,"(-30,-25]","(5.11,5.84]",-27.5,5.47057314652416,3,8,FALSE
MMRd,Tcd8-GZMK,"(-30,-25]","(5.11,5.84]",-27.5,5.47057314652416,1,8,FALSE
MMRd,Myeloid-ISG,"(-35,-30]","(0.729,1.46]",-32.5,1.09411462930483,3,8,FALSE
MMRd,Myeloid-noDC-noGran,"(-35,-30]","(0.729,1.46]",-32.5,1.09411462930483,3,8,FALSE
MMRd,Tcd8-GZMK,"(-35,-30]","(0.729,1.46]",-32.5,1.09411462930483,3,8,FALSE
MMRd,CD8-all,"(-35,-30]","(0.729,1.46]",-32.5,1.09411462930483,3,8,FALSE
MMRd,Tcd8-HOBIT,"(-35,-30]","(0.729,1.46]",-32.5,1.09411462930483,2,8,FALSE
MMRd,Tcd8-CXCL13-comb,"(-35,-30]","(1.46,2.19]",-32.5,1.82352438217472,3,8,FALSE
MMRd,Tcd8-GZMK,"(-35,-30]","(2.19,2.92]",-32.5,2.55293413504461,5,8,TRUE
MMRd,Tcd8-GZMK,"(-35,-30]","(4.38,5.11]",-32.5,4.74116339365427,4,8,TRUE
MMRd,Myeloid-noDC-noGran,"(-40,-35]","(0.729,1.46]",-37.5,1.09411462930483,3,8,FALSE
MMRd,Tplzf-gdlike-comb,"(-40,-35]","(0.729,1.46]",-37.5,1.09411462930483,1,8,FALSE
MMRd,Tcd8-CXCL13-comb,"(-40,-35]","(1.46,2.19]",-37.5,1.82352438217472,4,8,TRUE
MMRd,Tcd4-CXCL13,"(-40,-35]","(2.19,2.92]",-37.5,2.55293413504461,4,8,TRUE
MMRd,Tcd8-GZMK,"(-40,-35]","(4.38,5.11]",-37.5,4.74116339365427,4,8,TRUE
MMRd,Tplzf-gdlike-comb,"(-40,-35]","[0,0.729]",-37.5,0.364704876434944,5,8,TRUE
MMRd,Tplzf-gdlike-comb,"(-45,-40]","(1.46,2.19]",-42.5,1.82352438217472,4,8,TRUE
MMRd,Tcd8-GZMK,"(-45,-40]","(2.92,3.65]",-42.5,3.2823438879145,4,8,TRUE
MMRd,Tcd8-CXCL13-comb,"(-45,-40]","[0,0.729]",-42.5,0.364704876434944,5,8,TRUE
MMRd,Tcd8-GZMK,"(-5,0]","(5.11,5.84]",-2.5,5.47057314652416,4,8,TRUE
MMRd,Tcd8-CXCL13-comb,"(-50,-45]","(1.46,2.19]",-47.5,1.82352438217472,3,8,FALSE
MMRd,CD8-all,"(-50,-45]","(1.46,2.19]",-47.5,1.82352438217472,4,8,TRUE
MMRd,Tcd4-CXCL13,"(-50,-45]","(2.19,2.92]",-47.5,2.55293413504461,4,8,TRUE
MMRd,Tcd4-CXCL13,"(-50,-45]","(4.38,5.11]",-47.5,4.74116339365427,4,8,TRUE
MMRd,Myeloid-mregDC,"(-55,-50]","(1.46,2.19]",-52.5,1.82352438217472,2,8,FALSE
MMRd,Tcd4-CXCL13,"(-55,-50]","(1.46,2.19]",-52.5,1.82352438217472,4,8,TRUE
MMRd,Tcd8-CXCL13-LAG3,"(-55,-50]","(3.65,4.38]",-52.5,4.01175364078438,3,8,FALSE
MMRd,Tcd8-GZMK,"(-55,-50]","(3.65,4.38]",-52.5,4.01175364078438,5,8,TRUE
MMRd,Tcd4-CXCL13,"(-55,-50]","[0,0.729]",-52.5,0.364704876434944,3,8,FALSE
MMRd,Myeloid-mregDC,"(-60,-55]","(1.46,2.19]",-57.5,1.82352438217472,3,8,FALSE
MMRd,Tcd4-Treg-comb,"(-60,-55]","(1.46,2.19]",-57.5,1.82352438217472,3,8,FALSE
MMRd,Tcd4-CXCL13,"(-60,-55]","(2.19,2.92]",-57.5,2.55293413504461,5,8,TRUE
MMRd,Tcd8-GZMK,"(-65,-60]","(1.46,2.19]",-62.5,1.82352438217472,4,8,TRUE
MMRd,CD8-all,"(-65,-60]","(1.46,2.19]",-62.5,1.82352438217472,4,8,TRUE
MMRd,Myeloid-mregDC,"(-65,-60]","(2.19,2.92]",-62.5,2.55293413504461,3,8,FALSE
MMRd,Tcd4-CXCL13,"(-65,-60]","(2.19,2.92]",-62.5,2.55293413504461,3,8,FALSE
MMRd,Tcd8-CXCL13-comb,"(-65,-60]","(2.19,2.92]",-62.5,2.55293413504461,3,8,FALSE
MMRd,Tplzf-gdlike-comb,"(-65,-60]","(2.92,3.65]",-62.5,3.2823438879145,3,8,FALSE
MMRd,Tcd8-CXCL13-comb,"(-65,-60]","[0,0.729]",-62.5,0.364704876434944,5,8,TRUE
MMRd,Myeloid-ISG,"(-70,-65]","(1.46,2.19]",-67.5,1.82352438217472,4,8,TRUE
MMRd,Tcd4-CXCL13,"(-70,-65]","(2.19,2.92]",-67.5,2.55293413504461,3,8,FALSE
MMRd,Tcd8-CXCL13-comb,"(-70,-65]","(2.19,2.92]",-67.5,2.55293413504461,2,8,FALSE
MMRd,Myeloid-ISG,"(-75,-70]","(1.46,2.19]",-72.5,1.82352438217472,3,8,FALSE
MMRd,Tplzf-gdlike-comb,"(-75,-70]","(2.19,2.92]",-72.5,2.55293413504461,2,8,FALSE
MMRd,Tcd8-CXCL13-comb,"(-75,-70]","(2.92,3.65]",-72.5,3.2823438879145,3,8,FALSE
MMRd,CD8-all,"(-75,-70]","(2.92,3.65]",-72.5,3.2823438879145,3,8,FALSE
MMRd,Tcd8-CXCL13-LAG3,"(-75,-70]","(3.65,4.38]",-72.5,4.01175364078438,2,8,FALSE
MMRd,Tcd8-CXCL13-comb,"(-75,-70]","[0,0.729]",-72.5,0.364704876434944,4,8,TRUE
MMRd,Myeloid-ISG,"(-80,-75]","(1.46,2.19]",-77.5,1.82352438217472,3,8,FALSE
MMRd,Tcd8-GZMK,"(-80,-75]","(1.46,2.19]",-77.5,1.82352438217472,3,8,FALSE
MMRd,CD8-all,"(-80,-75]","(1.46,2.19]",-77.5,1.82352438217472,4,8,TRUE
MMRd,Myeloid-mregDC,"(-85,-80]","(1.46,2.19]",-82.5,1.82352438217472,2,8,FALSE
MMRd,Myeloid-noDC-noGran,"(-85,-80]","(1.46,2.19]",-82.5,1.82352438217472,3,8,FALSE
MMRd,Tcd4-CXCL13,"(-85,-80]","(1.46,2.19]",-82.5,1.82352438217472,2,8,FALSE
MMRd,Tplzf-gdlike-comb,"(-85,-80]","(1.46,2.19]",-82.5,1.82352438217472,4,8,TRUE
MMRd,Myeloid-mregDC,"(-85,-80]","(2.19,2.92]",-82.5,2.55293413504461,3,8,FALSE
MMRd,Tplzf-gdlike-comb,"(-85,-80]","(2.19,2.92]",-82.5,2.55293413504461,3,8,FALSE
MMRd,Myeloid-noDC-noGran,"(-90,-85]","(1.46,2.19]",-87.5,1.82352438217472,4,8,TRUE
MMRd,Tcd4-Treg-comb,"(-90,-85]","(2.19,2.92]",-87.5,2.55293413504461,3,8,FALSE
MMRd,Tcd4-CXCL13,"(-90,-85]","(2.92,3.65]",-87.5,3.2823438879145,3,8,FALSE
MMRd,Tcd8-GZMK,"(-90,-85]","(2.92,3.65]",-87.5,3.2823438879145,3,8,FALSE
MMRd,CD8-all,"(-90,-85]","(2.92,3.65]",-87.5,3.2823438879145,4,8,TRUE
MMRd,Tplzf-gdlike-comb,"(-90,-85]","(2.92,3.65]",-87.5,3.2823438879145,2,8,FALSE
MMRd,Tcd4-Treg-comb,"(-90,-85]","[0,0.729]",-87.5,0.364704876434944,4,8,TRUE
MMRd,Tcd8-GZMK,"(-90,-85]","[0,0.729]",-87.5,0.364704876434944,3,8,FALSE
MMRd,Myeloid-noDC-noGran,"(-95,-90]","(1.46,2.19]",-92.5,1.82352438217472,4,8,TRUE
MMRd,Tcd4-Treg-comb,"(-95,-90]","(1.46,2.19]",-92.5,1.82352438217472,3,8,FALSE
MMRd,Tcd8-GZMK,"(-95,-90]","(2.19,2.92]",-92.5,2.55293413504461,3,8,FALSE
MMRd,CD8-all,"(-95,-90]","(2.19,2.92]",-92.5,2.55293413504461,3,8,FALSE
MMRd,Tplzf-gdlike-comb,"(-95,-90]","(2.19,2.92]",-92.5,2.55293413504461,3,8,FALSE
MMRd,Myeloid-mregDC,"(-95,-90]","(2.92,3.65]",-92.5,3.2823438879145,3,8,FALSE
MMRd,Tcd4-Treg-comb,"(-95,-90]","(2.92,3.65]",-92.5,3.2823438879145,3,8,FALSE
MMRd,Tcd8-GZMK,"(-95,-90]","(3.65,4.38]",-92.5,4.01175364078438,3,8,FALSE
MMRd,CD8-all,"(-95,-90]","(3.65,4.38]",-92.5,4.01175364078438,4,8,TRUE
MMRd,Tcd8-GZMK,"(0,5]","(5.11,5.84]",2.5,5.47057314652416,3,8,FALSE
MMRd,Tcd4-CXCL13,"(10,15]","(0.729,1.46]",12.5,1.09411462930483,4,8,TRUE
MMRd,Tcd8-CXCL13-LAG3,"(10,15]","(0.729,1.46]",12.5,1.09411462930483,2,8,FALSE
MMRd,Tcd4-Treg-comb,"(10,15]","(5.11,5.84]",12.5,5.47057314652416,1,8,FALSE
MMRd,Tcd8-GZMK,"(20,25]","(3.65,4.38]",22.5,4.01175364078438,4,8,TRUE
MMRd,Tcd8-HOBIT,"(35,40]","(2.19,2.92]",37.5,2.55293413504461,4,8,TRUE
MMRd,Tcd4-CXCL13,"(40,45]","(0.729,1.46]",42.5,1.09411462930483,3,8,FALSE
MMRd,Tcd8-CXCL13-LAG3,"(40,45]","(0.729,1.46]",42.5,1.09411462930483,3,8,FALSE
MMRd,Tcd8-CXCL13-LAG3,"(40,45]","(1.46,2.19]",42.5,1.82352438217472,5,8,TRUE
MMRd,Tcd8-CXCL13-LAG3,"(40,45]","(2.92,3.65]",42.5,3.2823438879145,4,8,TRUE
MMRd,Tcd4-CXCL13,"(45,50]","(0.729,1.46]",47.5,1.09411462930483,3,8,FALSE
MMRd,Tcd4-Treg-comb,"(45,50]","(1.46,2.19]",47.5,1.82352438217472,3,8,FALSE
MMRd,Tcd8-HOBIT,"(45,50]","(2.19,2.92]",47.5,2.55293413504461,3,8,FALSE
MMRd,Tcd8-GZMK,"(45,50]","(2.92,3.65]",47.5,3.2823438879145,4,8,TRUE
MMRd,Tcd4-CXCL13,"(45,50]","[0,0.729]",47.5,0.364704876434944,4,8,TRUE
MMRd,Tcd4-Treg-comb,"(5,10]","(5.11,5.84]",7.5,5.47057314652416,3,8,FALSE
MMRd,Tcd4-Treg-comb,"(50,55]","(0.729,1.46]",52.5,1.09411462930483,2,8,FALSE
MMRd,Tcd8-CXCL13-comb,"(50,55]","(0.729,1.46]",52.5,1.09411462930483,2,8,FALSE
MMRd,Tcd4-CXCL13,"(50,55]","(1.46,2.19]",52.5,1.82352438217472,4,8,TRUE
MMRd,Tcd4-Treg-comb,"(50,55]","(1.46,2.19]",52.5,1.82352438217472,3,8,FALSE
MMRd,Tcd4-Treg-comb,"(50,55]","(2.19,2.92]",52.5,2.55293413504461,4,8,TRUE
MMRd,Myeloid-ISG,"(55,60]","(0.729,1.46]",57.5,1.09411462930483,3,8,FALSE
MMRd,Tcd8-CXCL13-LAG3,"(55,60]","(0.729,1.46]",57.5,1.09411462930483,2,8,FALSE
MMRd,Tcd8-CXCL13-LAG3,"(55,60]","(1.46,2.19]",57.5,1.82352438217472,3,8,FALSE
MMRd,Tcd8-HOBIT,"(55,60]","(1.46,2.19]",57.5,1.82352438217472,3,8,FALSE
MMRd,Myeloid-mregDC,"(60,65]","(0.729,1.46]",62.5,1.09411462930483,1,8,FALSE
MMRd,Tcd4-Treg-comb,"(60,65]","(0.729,1.46]",62.5,1.09411462930483,2,8,FALSE
MMRd,Tcd8-CXCL13-comb,"(60,65]","(0.729,1.46]",62.5,1.09411462930483,2,8,FALSE
MMRd,CD8-all,"(60,65]","(0.729,1.46]",62.5,1.09411462930483,3,8,FALSE
MMRd,Tcd4-Treg-comb,"(60,65]","(1.46,2.19]",62.5,1.82352438217472,3,8,FALSE
MMRd,Tcd8-CXCL13-LAG3,"(60,65]","(1.46,2.19]",62.5,1.82352438217472,3,8,FALSE
MMRd,Tcd8-GZMK,"(60,65]","(2.19,2.92]",62.5,2.55293413504461,3,8,FALSE
MMRd,Tplzf-gdlike-comb,"(60,65]","(2.19,2.92]",62.5,2.55293413504461,3,8,FALSE
MMRd,Tcd8-HOBIT,"(60,65]","(2.92,3.65]",62.5,3.2823438879145,3,8,FALSE
MMRd,Tplzf-gdlike-comb,"(60,65]","(2.92,3.65]",62.5,3.2823438879145,4,8,TRUE
MMRd,Myeloid-ISG,"(65,70]","(0.729,1.46]",67.5,1.09411462930483,1,8,FALSE
MMRd,Tcd8-CXCL13-comb,"(65,70]","(0.729,1.46]",67.5,1.09411462930483,2,8,FALSE
MMRd,CD8-all,"(65,70]","(0.729,1.46]",67.5,1.09411462930483,4,8,TRUE
MMRd,Tcd8-HOBIT,"(65,70]","(0.729,1.46]",67.5,1.09411462930483,2,8,FALSE
MMRd,Tcd4-CXCL13,"(65,70]","(2.19,2.92]",67.5,2.55293413504461,3,8,FALSE
MMRd,Tcd8-CXCL13-LAG3,"(65,70]","(2.19,2.92]",67.5,2.55293413504461,3,8,FALSE
MMRd,Tcd8-HOBIT,"(65,70]","(2.19,2.92]",67.5,2.55293413504461,4,8,TRUE
MMRd,Tplzf-gdlike-comb,"(65,70]","(2.19,2.92]",67.5,2.55293413504461,4,8,TRUE
MMRd,Tcd4-CXCL13,"(70,75]","(1.46,2.19]",72.5,1.82352438217472,3,8,FALSE
MMRd,Tcd8-CXCL13-LAG3,"(70,75]","(1.46,2.19]",72.5,1.82352438217472,2,8,FALSE
MMRd,Tcd4-Treg-comb,"(70,75]","(2.19,2.92]",72.5,2.55293413504461,3,8,FALSE
MMRd,Myeloid-noDC-noGran,"(75,80]","(0.729,1.46]",77.5,1.09411462930483,2,8,FALSE
MMRd,Tcd4-CXCL13,"(75,80]","(0.729,1.46]",77.5,1.09411462930483,2,8,FALSE
MMRd,Tplzf-gdlike-comb,"(75,80]","(0.729,1.46]",77.5,1.09411462930483,3,8,FALSE
MMRd,Tcd8-CXCL13-LAG3,"(75,80]","[0,0.729]",77.5,0.364704876434944,3,8,FALSE
MMRd,Myeloid-ISG,"(80,85]","(1.46,2.19]",82.5,1.82352438217472,4,8,TRUE
MMRd,Myeloid-mregDC,"(85,90]","(0.729,1.46]",87.5,1.09411462930483,1,8,FALSE
MMRd,Myeloid-noDC-noGran,"(85,90]","(0.729,1.46]",87.5,1.09411462930483,2,8,FALSE
MMRd,Tcd8-CXCL13-LAG3,"(85,90]","(0.729,1.46]",87.5,1.09411462930483,2,8,FALSE
MMRd,CD8-all,"(85,90]","(0.729,1.46]",87.5,1.09411462930483,3,8,FALSE
MMRd,Tplzf-gdlike-comb,"(85,90]","(0.729,1.46]",87.5,1.09411462930483,2,8,FALSE
MMRd,Myeloid-ISG,"(85,90]","(1.46,2.19]",87.5,1.82352438217472,4,8,TRUE
MMRd,Tcd8-CXCL13-LAG3,"(85,90]","(1.46,2.19]",87.5,1.82352438217472,2,8,FALSE
MMRd,Myeloid-mregDC,"(85,90]","(2.92,3.65]",87.5,3.2823438879145,3,8,FALSE
MMRd,Tcd4-CXCL13,"(85,90]","(3.65,4.38]",87.5,4.01175364078438,3,8,FALSE
MMRd,Tplzf-gdlike-comb,"(90,95]","(0.729,1.46]",92.5,1.09411462930483,1,8,FALSE
MMRd,Tcd8-CXCL13-comb,"(90,95]","(1.46,2.19]",92.5,1.82352438217472,3,8,FALSE
MMRd,CD8-all,"(90,95]","(1.46,2.19]",92.5,1.82352438217472,4,8,TRUE
MMRd,Myeloid-mregDC,"(90,95]","(2.92,3.65]",92.5,3.2823438879145,1,8,FALSE
MMRd,Tcd4-Treg-comb,"(95,100]","(0.729,1.46]",97.5,1.09411462930483,1,8,FALSE
MMRd,Myeloid-ISG,"(95,100]","(1.46,2.19]",97.5,1.82352438217472,3,8,FALSE
MMRd,Tcd8-CXCL13-LAG3,"(95,100]","[0,0.729]",97.5,0.364704876434944,3,8,FALSE
MMRd,Myeloid-ISG,"[-100,-95]","(1.46,2.19]",-97.5,1.82352438217472,3,8,FALSE
MMRd,Myeloid-noDC-noGran,"[-100,-95]","(1.46,2.19]",-97.5,1.82352438217472,4,8,TRUE
MMRd,Tcd8-CXCL13-comb,"[-100,-95]","(2.19,2.92]",-97.5,2.55293413504461,2,8,FALSE
MMRd,CD8-all,"[-100,-95]","(2.19,2.92]",-97.5,2.55293413504461,3,8,FALSE
MMRd,Tcd8-GZMK,"[-100,-95]","[0,0.729]",-97.5,0.364704876434944,4,8,TRUE
MMRd,Tcd4-CXCL13,"(-10,-5]","(0.729,1.46]",-7.5,1.09411462930483,2,8,FALSE
MMRd,Tcd8-CXCL13-LAG3,"(-10,-5]","(0.729,1.46]",-7.5,1.09411462930483,2,8,FALSE
MMRd,Myeloid-mregDC,"(-15,-10]","(0.729,1.46]",-12.5,1.09411462930483,1,8,FALSE
MMRd,Tcd4-CXCL13,"(-15,-10]","(0.729,1.46]",-12.5,1.09411462930483,2,8,FALSE
MMRd,Tcd8-CXCL13-LAG3,"(-15,-10]","(0.729,1.46]",-12.5,1.09411462930483,1,8,FALSE
MMRd,Tcd8-HOBIT,"(-15,-10]","(5.84,6.56]",-12.5,6.19998289939405,1,8,FALSE
MMRd,CD8-all,"(-15,-10]","(5.84,6.56]",-12.5,6.19998289939405,2,8,FALSE
MMRd,Tcd4-CXCL13,"(-20,-15]","(0.729,1.46]",-17.5,1.09411462930483,1,8,FALSE
MMRd,Tcd4-Treg-comb,"(-20,-15]","(0.729,1.46]",-17.5,1.09411462930483,3,8,FALSE
MMRd,Tcd8-CXCL13-LAG3,"(-20,-15]","(0.729,1.46]",-17.5,1.09411462930483,1,8,FALSE
MMRd,Tcd8-HOBIT,"(-20,-15]","(0.729,1.46]",-17.5,1.09411462930483,1,8,FALSE
MMRd,Tcd8-CXCL13-LAG3,"(-20,-15]","(1.46,2.19]",-17.5,1.82352438217472,3,8,FALSE
MMRd,Myeloid-mregDC,"(-25,-20]","(0.729,1.46]",-22.5,1.09411462930483,1,8,FALSE
MMRd,Tcd4-CXCL13,"(-25,-20]","(0.729,1.46]",-22.5,1.09411462930483,1,8,FALSE
MMRd,Tcd4-Treg-comb,"(-25,-20]","(0.729,1.46]",-22.5,1.09411462930483,3,8,FALSE
MMRd,Tcd8-CXCL13-comb,"(-25,-20]","(0.729,1.46]",-22.5,1.09411462930483,1,8,FALSE
MMRd,CD8-all,"(-25,-20]","(0.729,1.46]",-22.5,1.09411462930483,2,8,FALSE
MMRd,Tcd8-GZMK,"(-25,-20]","(0.729,1.46]",-22.5,1.09411462930483,2,8,FALSE
MMRd,Tcd8-HOBIT,"(-25,-20]","(0.729,1.46]",-22.5,1.09411462930483,2,8,FALSE
MMRd,Tcd8-CXCL13-comb,"(-25,-20]","(1.46,2.19]",-22.5,1.82352438217472,3,8,FALSE
MMRd,CD8-all,"(-25,-20]","(1.46,2.19]",-22.5,1.82352438217472,3,8,FALSE
MMRd,Tcd8-CXCL13-LAG3,"(-25,-20]","(1.46,2.19]",-22.5,1.82352438217472,2,8,FALSE
MMRd,Tcd8-GZMK,"(-25,-20]","(1.46,2.19]",-22.5,1.82352438217472,2,8,FALSE
MMRd,Tcd8-HOBIT,"(-25,-20]","(1.46,2.19]",-22.5,1.82352438217472,3,8,FALSE
MMRd,Tcd8-GZMK,"(-25,-20]","(5.11,5.84]",-22.5,5.47057314652416,3,8,FALSE
MMRd,Myeloid-mregDC,"(-30,-25]","(0.729,1.46]",-27.5,1.09411462930483,1,8,FALSE
MMRd,Tcd4-CXCL13,"(-30,-25]","(0.729,1.46]",-27.5,1.09411462930483,1,8,FALSE
MMRd,Tcd8-CXCL13-comb,"(-30,-25]","(0.729,1.46]",-27.5,1.09411462930483,2,8,FALSE
MMRd,CD8-all,"(-30,-25]","(0.729,1.46]",-27.5,1.09411462930483,3,8,FALSE
MMRd,Tcd8-GZMK,"(-30,-25]","(0.729,1.46]",-27.5,1.09411462930483,2,8,FALSE
MMRd,Tcd8-HOBIT,"(-30,-25]","(0.729,1.46]",-27.5,1.09411462930483,1,8,FALSE
MMRd,Tplzf-gdlike-comb,"(-30,-25]","(0.729,1.46]",-27.5,1.09411462930483,2,8,FALSE
MMRd,Tcd8-HOBIT,"(-30,-25]","(1.46,2.19]",-27.5,1.82352438217472,3,8,FALSE
MMRd,Myeloid-mregDC,"(-35,-30]","(0.729,1.46]",-32.5,1.09411462930483,1,8,FALSE
MMRd,Tcd4-CXCL13,"(-35,-30]","(0.729,1.46]",-32.5,1.09411462930483,2,8,FALSE
MMRd,Tcd4-Treg-comb,"(-35,-30]","(0.729,1.46]",-32.5,1.09411462930483,1,8,FALSE
MMRd,Tcd8-CXCL13-comb,"(-35,-30]","(0.729,1.46]",-32.5,1.09411462930483,1,8,FALSE
MMRd,Myeloid-mregDC,"(-35,-30]","(1.46,2.19]",-32.5,1.82352438217472,3,8,FALSE
MMRd,Tcd4-CXCL13,"(-35,-30]","(1.46,2.19]",-32.5,1.82352438217472,2,8,FALSE
MMRd,Tcd8-CXCL13-LAG3,"(-35,-30]","(1.46,2.19]",-32.5,1.82352438217472,1,8,FALSE
MMRd,Tcd8-GZMK,"(-35,-30]","(1.46,2.19]",-32.5,1.82352438217472,2,8,FALSE
MMRd,Tcd8-HOBIT,"(-35,-30]","[0,0.729]",-32.5,0.364704876434944,2,8,FALSE
MMRd,Myeloid-mregDC,"(-40,-35]","(0.729,1.46]",-37.5,1.09411462930483,2,8,FALSE
MMRd,Myeloid-ISG,"(-40,-35]","(0.729,1.46]",-37.5,1.09411462930483,2,8,FALSE
MMRd,Tcd4-CXCL13,"(-40,-35]","(0.729,1.46]",-37.5,1.09411462930483,1,8,FALSE
MMRd,Tcd4-Treg-comb,"(-40,-35]","(0.729,1.46]",-37.5,1.09411462930483,2,8,FALSE
MMRd,Tcd8-CXCL13-comb,"(-40,-35]","(0.729,1.46]",-37.5,1.09411462930483,1,8,FALSE
MMRd,CD8-all,"(-40,-35]","(0.729,1.46]",-37.5,1.09411462930483,2,8,FALSE
MMRd,Tcd8-CXCL13-LAG3,"(-40,-35]","(0.729,1.46]",-37.5,1.09411462930483,1,8,FALSE
MMRd,Tcd8-GZMK,"(-40,-35]","(0.729,1.46]",-37.5,1.09411462930483,2,8,FALSE
MMRd,Tcd8-HOBIT,"(-40,-35]","(0.729,1.46]",-37.5,1.09411462930483,2,8,FALSE
MMRd,Tcd8-CXCL13-LAG3,"(-40,-35]","(1.46,2.19]",-37.5,1.82352438217472,2,8,FALSE
MMRd,Tcd8-HOBIT,"(-40,-35]","(1.46,2.19]",-37.5,1.82352438217472,2,8,FALSE
MMRd,Tplzf-gdlike-comb,"(-40,-35]","(1.46,2.19]",-37.5,1.82352438217472,2,8,FALSE
MMRd,Tplzf-gdlike-comb,"(-40,-35]","(2.19,2.92]",-37.5,2.55293413504461,2,8,FALSE
MMRd,Tcd8-CXCL13-LAG3,"(-40,-35]","[0,0.729]",-37.5,0.364704876434944,4,8,TRUE
MMRd,Myeloid-mregDC,"(-45,-40]","(0.729,1.46]",-42.5,1.09411462930483,1,8,FALSE
MMRd,Myeloid-ISG,"(-45,-40]","(0.729,1.46]",-42.5,1.09411462930483,2,8,FALSE
MMRd,Myeloid-noDC-noGran,"(-45,-40]","(0.729,1.46]",-42.5,1.09411462930483,2,8,FALSE
MMRd,Tcd4-CXCL13,"(-45,-40]","(0.729,1.46]",-42.5,1.09411462930483,1,8,FALSE
MMRd,Tcd4-Treg-comb,"(-45,-40]","(0.729,1.46]",-42.5,1.09411462930483,2,8,FALSE
MMRd,Tcd8-CXCL13-comb,"(-45,-40]","(0.729,1.46]",-42.5,1.09411462930483,1,8,FALSE
MMRd,CD8-all,"(-45,-40]","(0.729,1.46]",-42.5,1.09411462930483,2,8,FALSE
MMRd,Tcd8-HOBIT,"(-45,-40]","(0.729,1.46]",-42.5,1.09411462930483,1,8,FALSE
MMRd,Myeloid-mregDC,"(-45,-40]","(1.46,2.19]",-42.5,1.82352438217472,1,8,FALSE
MMRd,Tcd4-CXCL13,"(-45,-40]","(1.46,2.19]",-42.5,1.82352438217472,2,8,FALSE
MMRd,Tcd8-CXCL13-LAG3,"(-45,-40]","(1.46,2.19]",-42.5,1.82352438217472,2,8,FALSE
MMRd,CD8-all,"(-45,-40]","(1.46,2.19]",-42.5,1.82352438217472,3,8,FALSE
MMRd,Tcd8-GZMK,"(-45,-40]","(1.46,2.19]",-42.5,1.82352438217472,2,8,FALSE
MMRd,Tcd8-HOBIT,"(-45,-40]","(1.46,2.19]",-42.5,1.82352438217472,2,8,FALSE
MMRd,Tcd8-GZMK,"(-45,-40]","(2.19,2.92]",-42.5,2.55293413504461,3,8,FALSE
MMRd,Tcd8-GZMK,"(-45,-40]","(4.38,5.11]",-42.5,4.74116339365427,3,8,FALSE
MMRd,Tcd4-CXCL13,"(-45,-40]","[0,0.729]",-42.5,0.364704876434944,3,8,FALSE
MMRd,Tcd8-CXCL13-LAG3,"(-45,-40]","[0,0.729]",-42.5,0.364704876434944,3,8,FALSE
MMRd,Tcd8-HOBIT,"(-45,-40]","[0,0.729]",-42.5,0.364704876434944,3,8,FALSE
MMRd,Myeloid-mregDC,"(-50,-45]","(0.729,1.46]",-47.5,1.09411462930483,1,8,FALSE
MMRd,Myeloid-ISG,"(-50,-45]","(0.729,1.46]",-47.5,1.09411462930483,2,8,FALSE
MMRd,Myeloid-noDC-noGran,"(-50,-45]","(0.729,1.46]",-47.5,1.09411462930483,2,8,FALSE
MMRd,Tcd4-Treg-comb,"(-50,-45]","(0.729,1.46]",-47.5,1.09411462930483,2,8,FALSE
MMRd,Tcd8-CXCL13-comb,"(-50,-45]","(0.729,1.46]",-47.5,1.09411462930483,1,8,FALSE
MMRd,CD8-all,"(-50,-45]","(0.729,1.46]",-47.5,1.09411462930483,2,8,FALSE
MMRd,Tcd8-CXCL13-LAG3,"(-50,-45]","(0.729,1.46]",-47.5,1.09411462930483,1,8,FALSE
MMRd,Tcd8-GZMK,"(-50,-45]","(0.729,1.46]",-47.5,1.09411462930483,2,8,FALSE
MMRd,Tplzf-gdlike-comb,"(-50,-45]","(0.729,1.46]",-47.5,1.09411462930483,1,8,FALSE
MMRd,Myeloid-mregDC,"(-50,-45]","(1.46,2.19]",-47.5,1.82352438217472,2,8,FALSE
MMRd,Tcd8-GZMK,"(-50,-45]","(1.46,2.19]",-47.5,1.82352438217472,2,8,FALSE
MMRd,Tcd8-CXCL13-comb,"(-50,-45]","(2.19,2.92]",-47.5,2.55293413504461,3,8,FALSE
MMRd,Tcd8-CXCL13-LAG3,"(-50,-45]","(2.19,2.92]",-47.5,2.55293413504461,2,8,FALSE
MMRd,Tcd8-GZMK,"(-50,-45]","(2.19,2.92]",-47.5,2.55293413504461,2,8,FALSE
MMRd,Tcd8-CXCL13-LAG3,"(-50,-45]","(2.92,3.65]",-47.5,3.2823438879145,3,8,FALSE
MMRd,Tcd8-HOBIT,"(-50,-45]","(5.11,5.84]",-47.5,5.47057314652416,1,8,FALSE
MMRd,CD8-all,"(-50,-45]","(5.11,5.84]",-47.5,5.47057314652416,2,8,FALSE
MMRd,Tcd8-CXCL13-LAG3,"(-50,-45]","[0,0.729]",-47.5,0.364704876434944,2,8,FALSE
MMRd,Myeloid-mregDC,"(-55,-50]","(0.729,1.46]",-52.5,1.09411462930483,2,8,FALSE
MMRd,Myeloid-ISG,"(-55,-50]","(0.729,1.46]",-52.5,1.09411462930483,2,8,FALSE
MMRd,Myeloid-noDC-noGran,"(-55,-50]","(0.729,1.46]",-52.5,1.09411462930483,2,8,FALSE
MMRd,Tcd4-CXCL13,"(-55,-50]","(0.729,1.46]",-52.5,1.09411462930483,1,8,FALSE
MMRd,Tcd4-Treg-comb,"(-55,-50]","(0.729,1.46]",-52.5,1.09411462930483,2,8,FALSE
MMRd,Tcd8-CXCL13-comb,"(-55,-50]","(0.729,1.46]",-52.5,1.09411462930483,2,8,FALSE
MMRd,CD8-all,"(-55,-50]","(0.729,1.46]",-52.5,1.09411462930483,2,8,FALSE
MMRd,Tcd8-GZMK,"(-55,-50]","(0.729,1.46]",-52.5,1.09411462930483,2,8,FALSE
MMRd,Tcd8-HOBIT,"(-55,-50]","(0.729,1.46]",-52.5,1.09411462930483,2,8,FALSE
MMRd,Tcd8-CXCL13-comb,"(-55,-50]","(1.46,2.19]",-52.5,1.82352438217472,2,8,FALSE
MMRd,Tcd8-CXCL13-LAG3,"(-55,-50]","(1.46,2.19]",-52.5,1.82352438217472,2,8,FALSE
MMRd,Tcd8-GZMK,"(-55,-50]","(1.46,2.19]",-52.5,1.82352438217472,2,8,FALSE
MMRd,Tplzf-gdlike-comb,"(-55,-50]","(1.46,2.19]",-52.5,1.82352438217472,3,8,FALSE
MMRd,Tcd8-GZMK,"(-55,-50]","(2.19,2.92]",-52.5,2.55293413504461,2,8,FALSE
MMRd,Tcd8-GZMK,"(-55,-50]","(2.92,3.65]",-52.5,3.2823438879145,3,8,FALSE
MMRd,Tcd8-GZMK,"(-55,-50]","(5.11,5.84]",-52.5,5.47057314652416,1,8,FALSE
MMRd,Tcd8-CXCL13-LAG3,"(-55,-50]","[0,0.729]",-52.5,0.364704876434944,3,8,FALSE
MMRd,Tcd8-GZMK,"(-55,-50]","[0,0.729]",-52.5,0.364704876434944,3,8,FALSE
MMRd,Myeloid-ISG,"(-60,-55]","(0.729,1.46]",-57.5,1.09411462930483,2,8,FALSE
MMRd,Myeloid-noDC-noGran,"(-60,-55]","(0.729,1.46]",-57.5,1.09411462930483,2,8,FALSE
MMRd,Tcd4-CXCL13,"(-60,-55]","(0.729,1.46]",-57.5,1.09411462930483,1,8,FALSE
MMRd,Tcd4-Treg-comb,"(-60,-55]","(0.729,1.46]",-57.5,1.09411462930483,1,8,FALSE
MMRd,Tcd8-CXCL13-comb,"(-60,-55]","(0.729,1.46]",-57.5,1.09411462930483,1,8,FALSE
MMRd,CD8-all,"(-60,-55]","(0.729,1.46]",-57.5,1.09411462930483,1,8,FALSE
MMRd,Tcd8-GZMK,"(-60,-55]","(0.729,1.46]",-57.5,1.09411462930483,1,8,FALSE
MMRd,Tcd8-HOBIT,"(-60,-55]","(0.729,1.46]",-57.5,1.09411462930483,1,8,FALSE
MMRd,Tcd4-CXCL13,"(-60,-55]","(1.46,2.19]",-57.5,1.82352438217472,2,8,FALSE
MMRd,Tcd8-CXCL13-comb,"(-60,-55]","(1.46,2.19]",-57.5,1.82352438217472,2,8,FALSE
MMRd,CD8-all,"(-60,-55]","(1.46,2.19]",-57.5,1.82352438217472,3,8,FALSE
MMRd,Tcd8-CXCL13-LAG3,"(-60,-55]","(1.46,2.19]",-57.5,1.82352438217472,2,8,FALSE
MMRd,Tcd8-GZMK,"(-60,-55]","(1.46,2.19]",-57.5,1.82352438217472,2,8,FALSE
MMRd,Tcd8-HOBIT,"(-60,-55]","(1.46,2.19]",-57.5,1.82352438217472,3,8,FALSE
MMRd,Tplzf-gdlike-comb,"(-60,-55]","(1.46,2.19]",-57.5,1.82352438217472,3,8,FALSE
MMRd,Tcd8-CXCL13-comb,"(-60,-55]","(2.19,2.92]",-57.5,2.55293413504461,3,8,FALSE
MMRd,CD8-all,"(-60,-55]","(2.19,2.92]",-57.5,2.55293413504461,3,8,FALSE
MMRd,Tcd8-CXCL13-LAG3,"(-60,-55]","(2.19,2.92]",-57.5,2.55293413504461,3,8,FALSE
MMRd,Tcd8-GZMK,"(-60,-55]","(2.19,2.92]",-57.5,2.55293413504461,3,8,FALSE
MMRd,Tcd8-HOBIT,"(-60,-55]","(2.19,2.92]",-57.5,2.55293413504461,2,8,FALSE
MMRd,Tcd8-GZMK,"(-60,-55]","(2.92,3.65]",-57.5,3.2823438879145,3,8,FALSE
MMRd,Tcd8-HOBIT,"(-60,-55]","(2.92,3.65]",-57.5,3.2823438879145,2,8,FALSE
MMRd,Tcd8-CXCL13-LAG3,"(-60,-55]","(4.38,5.11]",-57.5,4.74116339365427,1,8,FALSE
MMRd,Tcd8-CXCL13-LAG3,"(-60,-55]","[0,0.729]",-57.5,0.364704876434944,4,8,TRUE
MMRd,Tcd8-HOBIT,"(-60,-55]","[0,0.729]",-57.5,0.364704876434944,3,8,FALSE
MMRd,Myeloid-mregDC,"(-65,-60]","(0.729,1.46]",-62.5,1.09411462930483,1,8,FALSE
MMRd,Myeloid-ISG,"(-65,-60]","(0.729,1.46]",-62.5,1.09411462930483,1,8,FALSE
MMRd,Myeloid-noDC-noGran,"(-65,-60]","(0.729,1.46]",-62.5,1.09411462930483,2,8,FALSE
MMRd,Tcd4-Treg-comb,"(-65,-60]","(0.729,1.46]",-62.5,1.09411462930483,2,8,FALSE
MMRd,Tcd8-CXCL13-LAG3,"(-65,-60]","(0.729,1.46]",-62.5,1.09411462930483,1,8,FALSE
MMRd,CD8-all,"(-65,-60]","(0.729,1.46]",-62.5,1.09411462930483,2,8,FALSE
MMRd,Tcd8-GZMK,"(-65,-60]","(0.729,1.46]",-62.5,1.09411462930483,2,8,FALSE
MMRd,Tcd8-HOBIT,"(-65,-60]","(0.729,1.46]",-62.5,1.09411462930483,1,8,FALSE
MMRd,Myeloid-ISG,"(-65,-60]","(1.46,2.19]",-62.5,1.82352438217472,2,8,FALSE
MMRd,Tcd4-CXCL13,"(-65,-60]","(1.46,2.19]",-62.5,1.82352438217472,2,8,FALSE
MMRd,Tcd8-CXCL13-comb,"(-65,-60]","(1.46,2.19]",-62.5,1.82352438217472,2,8,FALSE
MMRd,Tcd8-CXCL13-LAG3,"(-65,-60]","(1.46,2.19]",-62.5,1.82352438217472,2,8,FALSE
MMRd,Tcd8-HOBIT,"(-65,-60]","(1.46,2.19]",-62.5,1.82352438217472,2,8,FALSE
MMRd,Tcd8-GZMK,"(-65,-60]","(2.19,2.92]",-62.5,2.55293413504461,3,8,FALSE
MMRd,Tcd8-HOBIT,"(-65,-60]","(2.19,2.92]",-62.5,2.55293413504461,2,8,FALSE
MMRd,Tcd8-GZMK,"(-65,-60]","(2.92,3.65]",-62.5,3.2823438879145,3,8,FALSE
MMRd,Tcd8-GZMK,"(-65,-60]","(3.65,4.38]",-62.5,4.01175364078438,2,8,FALSE
MMRd,Tcd8-GZMK,"(-65,-60]","(4.38,5.11]",-62.5,4.74116339365427,1,8,FALSE
MMRd,Tcd4-CXCL13,"(-65,-60]","[0,0.729]",-62.5,0.364704876434944,3,8,FALSE
MMRd,Tcd8-GZMK,"(-65,-60]","[0,0.729]",-62.5,0.364704876434944,3,8,FALSE
MMRd,Tplzf-gdlike-comb,"(-65,-60]","[0,0.729]",-62.5,0.364704876434944,3,8,FALSE
MMRd,Myeloid-mregDC,"(-70,-65]","(0.729,1.46]",-67.5,1.09411462930483,1,8,FALSE
MMRd,Myeloid-ISG,"(-70,-65]","(0.729,1.46]",-67.5,1.09411462930483,1,8,FALSE
MMRd,Myeloid-noDC-noGran,"(-70,-65]","(0.729,1.46]",-67.5,1.09411462930483,2,8,FALSE
MMRd,Tcd4-CXCL13,"(-70,-65]","(0.729,1.46]",-67.5,1.09411462930483,1,8,FALSE
MMRd,Tcd4-Treg-comb,"(-70,-65]","(0.729,1.46]",-67.5,1.09411462930483,1,8,FALSE
MMRd,Tcd8-CXCL13-comb,"(-70,-65]","(0.729,1.46]",-67.5,1.09411462930483,1,8,FALSE
MMRd,CD8-all,"(-70,-65]","(0.729,1.46]",-67.5,1.09411462930483,2,8,FALSE
MMRd,Tcd8-GZMK,"(-70,-65]","(0.729,1.46]",-67.5,1.09411462930483,2,8,FALSE
MMRd,Tcd8-HOBIT,"(-70,-65]","(0.729,1.46]",-67.5,1.09411462930483,2,8,FALSE
MMRd,Tcd4-CXCL13,"(-70,-65]","(1.46,2.19]",-67.5,1.82352438217472,2,8,FALSE
MMRd,Tcd4-Treg-comb,"(-70,-65]","(1.46,2.19]",-67.5,1.82352438217472,3,8,FALSE
MMRd,Tcd8-CXCL13-comb,"(-70,-65]","(1.46,2.19]",-67.5,1.82352438217472,2,8,FALSE
MMRd,CD8-all,"(-70,-65]","(1.46,2.19]",-67.5,1.82352438217472,2,8,FALSE
MMRd,Tcd8-GZMK,"(-70,-65]","(1.46,2.19]",-67.5,1.82352438217472,2,8,FALSE
MMRd,Tcd8-HOBIT,"(-70,-65]","(1.46,2.19]",-67.5,1.82352438217472,2,8,FALSE
MMRd,Tcd8-GZMK,"(-70,-65]","(2.19,2.92]",-67.5,2.55293413504461,2,8,FALSE
MMRd,Tcd8-GZMK,"(-70,-65]","(2.92,3.65]",-67.5,3.2823438879145,2,8,FALSE
MMRd,Tcd8-HOBIT,"(-70,-65]","(2.92,3.65]",-67.5,3.2823438879145,2,8,FALSE
MMRd,Tcd4-CXCL13,"(-70,-65]","(3.65,4.38]",-67.5,4.01175364078438,2,8,FALSE
MMRd,Tcd8-GZMK,"(-70,-65]","(3.65,4.38]",-67.5,4.01175364078438,2,8,FALSE
MMRd,Tcd8-GZMK,"(-70,-65]","(4.38,5.11]",-67.5,4.74116339365427,2,8,FALSE
MMRd,Tcd8-HOBIT,"(-70,-65]","(4.38,5.11]",-67.5,4.74116339365427,3,8,FALSE
MMRd,Tcd4-Treg-comb,"(-70,-65]","(5.11,5.84]",-67.5,5.47057314652416,2,8,FALSE
MMRd,Tcd8-GZMK,"(-70,-65]","(5.11,5.84]",-67.5,5.47057314652416,1,8,FALSE
MMRd,CD8-all,"(-70,-65]","(5.11,5.84]",-67.5,5.47057314652416,1,8,FALSE
MMRd,Tcd8-CXCL13-LAG3,"(-70,-65]","[0,0.729]",-67.5,0.364704876434944,1,8,FALSE
MMRd,Myeloid-mregDC,"(-75,-70]","(0.729,1.46]",-72.5,1.09411462930483,1,8,FALSE
MMRd,Myeloid-ISG,"(-75,-70]","(0.729,1.46]",-72.5,1.09411462930483,2,8,FALSE
MMRd,Myeloid-noDC-noGran,"(-75,-70]","(0.729,1.46]",-72.5,1.09411462930483,2,8,FALSE
MMRd,Tcd4-CXCL13,"(-75,-70]","(0.729,1.46]",-72.5,1.09411462930483,2,8,FALSE
MMRd,Tcd4-Treg-comb,"(-75,-70]","(0.729,1.46]",-72.5,1.09411462930483,2,8,FALSE
MMRd,Tcd8-GZMK,"(-75,-70]","(0.729,1.46]",-72.5,1.09411462930483,2,8,FALSE
MMRd,CD8-all,"(-75,-70]","(0.729,1.46]",-72.5,1.09411462930483,2,8,FALSE
MMRd,Tcd8-HOBIT,"(-75,-70]","(0.729,1.46]",-72.5,1.09411462930483,2,8,FALSE
MMRd,Tplzf-gdlike-comb,"(-75,-70]","(0.729,1.46]",-72.5,1.09411462930483,1,8,FALSE
MMRd,Myeloid-mregDC,"(-75,-70]","(1.46,2.19]",-72.5,1.82352438217472,2,8,FALSE
MMRd,Tcd4-CXCL13,"(-75,-70]","(1.46,2.19]",-72.5,1.82352438217472,2,8,FALSE
MMRd,Tcd4-Treg-comb,"(-75,-70]","(1.46,2.19]",-72.5,1.82352438217472,3,8,FALSE
MMRd,Tcd8-CXCL13-comb,"(-75,-70]","(1.46,2.19]",-72.5,1.82352438217472,2,8,FALSE
MMRd,CD8-all,"(-75,-70]","(1.46,2.19]",-72.5,1.82352438217472,2,8,FALSE
MMRd,Tcd8-CXCL13-LAG3,"(-75,-70]","(1.46,2.19]",-72.5,1.82352438217472,2,8,FALSE
MMRd,Tcd8-GZMK,"(-75,-70]","(1.46,2.19]",-72.5,1.82352438217472,2,8,FALSE
MMRd,Tcd4-Treg-comb,"(-75,-70]","(2.19,2.92]",-72.5,2.55293413504461,2,8,FALSE
MMRd,Tcd8-CXCL13-LAG3,"(-75,-70]","(2.19,2.92]",-72.5,2.55293413504461,1,8,FALSE
MMRd,Tcd8-GZMK,"(-75,-70]","(2.19,2.92]",-72.5,2.55293413504461,2,8,FALSE
MMRd,Tcd8-HOBIT,"(-75,-70]","(2.19,2.92]",-72.5,2.55293413504461,2,8,FALSE
MMRd,Tcd4-CXCL13,"(-75,-70]","(2.92,3.65]",-72.5,3.2823438879145,2,8,FALSE
MMRd,Tcd8-GZMK,"(-75,-70]","(2.92,3.65]",-72.5,3.2823438879145,2,8,FALSE
MMRd,Tcd8-HOBIT,"(-75,-70]","(3.65,4.38]",-72.5,4.01175364078438,2,8,FALSE
MMRd,Tplzf-gdlike-comb,"(-75,-70]","(3.65,4.38]",-72.5,4.01175364078438,2,8,FALSE
MMRd,Tcd8-GZMK,"(-75,-70]","(4.38,5.11]",-72.5,4.74116339365427,1,8,FALSE
MMRd,Tcd8-HOBIT,"(-75,-70]","(5.11,5.84]",-72.5,5.47057314652416,1,8,FALSE
MMRd,Tcd8-GZMK,"(-75,-70]","[0,0.729]",-72.5,0.364704876434944,4,8,TRUE
MMRd,Tcd8-HOBIT,"(-75,-70]","[0,0.729]",-72.5,0.364704876434944,2,8,FALSE
MMRd,Tplzf-gdlike-comb,"(-75,-70]","[0,0.729]",-72.5,0.364704876434944,4,8,TRUE
MMRd,Myeloid-ISG,"(-80,-75]","(0.729,1.46]",-77.5,1.09411462930483,2,8,FALSE
MMRd,Myeloid-noDC-noGran,"(-80,-75]","(0.729,1.46]",-77.5,1.09411462930483,2,8,FALSE
MMRd,Tcd4-Treg-comb,"(-80,-75]","(0.729,1.46]",-77.5,1.09411462930483,2,8,FALSE
MMRd,Tcd8-GZMK,"(-80,-75]","(0.729,1.46]",-77.5,1.09411462930483,2,8,FALSE
MMRd,CD8-all,"(-80,-75]","(0.729,1.46]",-77.5,1.09411462930483,2,8,FALSE
MMRd,Tcd8-HOBIT,"(-80,-75]","(0.729,1.46]",-77.5,1.09411462930483,1,8,FALSE
MMRd,Myeloid-mregDC,"(-80,-75]","(1.46,2.19]",-77.5,1.82352438217472,2,8,FALSE
MMRd,Tcd4-CXCL13,"(-80,-75]","(1.46,2.19]",-77.5,1.82352438217472,2,8,FALSE
MMRd,Tcd8-CXCL13-LAG3,"(-80,-75]","(1.46,2.19]",-77.5,1.82352438217472,2,8,FALSE
MMRd,Tcd8-HOBIT,"(-80,-75]","(1.46,2.19]",-77.5,1.82352438217472,3,8,FALSE
MMRd,Tplzf-gdlike-comb,"(-80,-75]","(1.46,2.19]",-77.5,1.82352438217472,2,8,FALSE
MMRd,Tcd4-CXCL13,"(-80,-75]","(2.19,2.92]",-77.5,2.55293413504461,2,8,FALSE
MMRd,Tcd8-GZMK,"(-80,-75]","(2.19,2.92]",-77.5,2.55293413504461,2,8,FALSE
MMRd,Tcd8-HOBIT,"(-80,-75]","(2.19,2.92]",-77.5,2.55293413504461,3,8,FALSE
MMRd,Tcd8-GZMK,"(-80,-75]","(3.65,4.38]",-77.5,4.01175364078438,2,8,FALSE
MMRd,Tcd8-HOBIT,"(-80,-75]","(3.65,4.38]",-77.5,4.01175364078438,2,8,FALSE
MMRd,Tcd8-GZMK,"(-80,-75]","(4.38,5.11]",-77.5,4.74116339365427,1,8,FALSE
MMRd,Tcd4-CXCL13,"(-80,-75]","[0,0.729]",-77.5,0.364704876434944,3,8,FALSE
MMRd,Tcd8-GZMK,"(-80,-75]","[0,0.729]",-77.5,0.364704876434944,3,8,FALSE
MMRd,Tplzf-gdlike-comb,"(-80,-75]","[0,0.729]",-77.5,0.364704876434944,4,8,TRUE
MMRd,Myeloid-mregDC,"(-85,-80]","(0.729,1.46]",-82.5,1.09411462930483,1,8,FALSE
MMRd,Myeloid-ISG,"(-85,-80]","(0.729,1.46]",-82.5,1.09411462930483,2,8,FALSE
MMRd,Myeloid-noDC-noGran,"(-85,-80]","(0.729,1.46]",-82.5,1.09411462930483,2,8,FALSE
MMRd,Tcd4-CXCL13,"(-85,-80]","(0.729,1.46]",-82.5,1.09411462930483,1,8,FALSE
MMRd,Tcd4-Treg-comb,"(-85,-80]","(0.729,1.46]",-82.5,1.09411462930483,2,8,FALSE
MMRd,Tcd8-GZMK,"(-85,-80]","(0.729,1.46]",-82.5,1.09411462930483,2,8,FALSE
MMRd,CD8-all,"(-85,-80]","(0.729,1.46]",-82.5,1.09411462930483,2,8,FALSE
MMRd,Myeloid-ISG,"(-85,-80]","(1.46,2.19]",-82.5,1.82352438217472,2,8,FALSE
MMRd,Tcd4-Treg-comb,"(-85,-80]","(1.46,2.19]",-82.5,1.82352438217472,3,8,FALSE
MMRd,Tcd8-CXCL13-comb,"(-85,-80]","(1.46,2.19]",-82.5,1.82352438217472,2,8,FALSE
MMRd,CD8-all,"(-85,-80]","(1.46,2.19]",-82.5,1.82352438217472,2,8,FALSE
MMRd,Tcd8-GZMK,"(-85,-80]","(1.46,2.19]",-82.5,1.82352438217472,2,8,FALSE
MMRd,Tcd8-HOBIT,"(-85,-80]","(1.46,2.19]",-82.5,1.82352438217472,2,8,FALSE
MMRd,Tcd4-CXCL13,"(-85,-80]","(2.19,2.92]",-82.5,2.55293413504461,2,8,FALSE
MMRd,Tcd8-CXCL13-comb,"(-85,-80]","(2.19,2.92]",-82.5,2.55293413504461,2,8,FALSE
MMRd,CD8-all,"(-85,-80]","(2.19,2.92]",-82.5,2.55293413504461,2,8,FALSE
MMRd,Tcd8-GZMK,"(-85,-80]","(2.19,2.92]",-82.5,2.55293413504461,2,8,FALSE
MMRd,Tcd8-HOBIT,"(-85,-80]","(2.19,2.92]",-82.5,2.55293413504461,2,8,FALSE
MMRd,Tcd8-CXCL13-comb,"(-85,-80]","(2.92,3.65]",-82.5,3.2823438879145,2,8,FALSE
MMRd,Tcd8-GZMK,"(-85,-80]","(2.92,3.65]",-82.5,3.2823438879145,2,8,FALSE
MMRd,Tcd4-CXCL13,"(-85,-80]","(3.65,4.38]",-82.5,4.01175364078438,3,8,FALSE
MMRd,Tcd8-CXCL13-comb,"(-85,-80]","(3.65,4.38]",-82.5,4.01175364078438,3,8,FALSE
MMRd,CD8-all,"(-85,-80]","(3.65,4.38]",-82.5,4.01175364078438,3,8,FALSE
MMRd,Tcd8-GZMK,"(-85,-80]","(3.65,4.38]",-82.5,4.01175364078438,2,8,FALSE
MMRd,Tcd8-CXCL13-LAG3,"(-85,-80]","(4.38,5.11]",-82.5,4.74116339365427,1,8,FALSE
MMRd,Tcd8-GZMK,"(-85,-80]","(4.38,5.11]",-82.5,4.74116339365427,2,8,FALSE
MMRd,Tcd8-HOBIT,"(-85,-80]","(4.38,5.11]",-82.5,4.74116339365427,1,8,FALSE
MMRd,Myeloid-mregDC,"(-85,-80]","(5.11,5.84]",-82.5,5.47057314652416,1,8,FALSE
MMRd,Tcd4-Treg-comb,"(-85,-80]","(5.11,5.84]",-82.5,5.47057314652416,1,8,FALSE
MMRd,Tcd8-GZMK,"(-85,-80]","[0,0.729]",-82.5,0.364704876434944,3,8,FALSE
MMRd,Myeloid-mregDC,"(-90,-85]","(0.729,1.46]",-87.5,1.09411462930483,1,8,FALSE
MMRd,Myeloid-ISG,"(-90,-85]","(0.729,1.46]",-87.5,1.09411462930483,2,8,FALSE
MMRd,Myeloid-noDC-noGran,"(-90,-85]","(0.729,1.46]",-87.5,1.09411462930483,2,8,FALSE
MMRd,Tcd4-Treg-comb,"(-90,-85]","(0.729,1.46]",-87.5,1.09411462930483,2,8,FALSE
MMRd,Tcd8-GZMK,"(-90,-85]","(0.729,1.46]",-87.5,1.09411462930483,2,8,FALSE
MMRd,CD8-all,"(-90,-85]","(0.729,1.46]",-87.5,1.09411462930483,2,8,FALSE
MMRd,Myeloid-mregDC,"(-90,-85]","(1.46,2.19]",-87.5,1.82352438217472,2,8,FALSE
MMRd,Myeloid-ISG,"(-90,-85]","(1.46,2.19]",-87.5,1.82352438217472,2,8,FALSE
MMRd,Tcd4-CXCL13,"(-90,-85]","(1.46,2.19]",-87.5,1.82352438217472,2,8,FALSE
MMRd,Tcd4-Treg-comb,"(-90,-85]","(1.46,2.19]",-87.5,1.82352438217472,3,8,FALSE
MMRd,Tcd8-CXCL13-comb,"(-90,-85]","(1.46,2.19]",-87.5,1.82352438217472,2,8,FALSE
MMRd,CD8-all,"(-90,-85]","(1.46,2.19]",-87.5,1.82352438217472,2,8,FALSE
MMRd,Tcd8-GZMK,"(-90,-85]","(1.46,2.19]",-87.5,1.82352438217472,2,8,FALSE
MMRd,Myeloid-mregDC,"(-90,-85]","(2.19,2.92]",-87.5,2.55293413504461,2,8,FALSE
MMRd,Tcd4-CXCL13,"(-90,-85]","(2.19,2.92]",-87.5,2.55293413504461,2,8,FALSE
MMRd,Tcd8-CXCL13-LAG3,"(-90,-85]","(2.19,2.92]",-87.5,2.55293413504461,2,8,FALSE
MMRd,CD8-all,"(-90,-85]","(2.19,2.92]",-87.5,2.55293413504461,2,8,FALSE
MMRd,Tcd8-GZMK,"(-90,-85]","(2.19,2.92]",-87.5,2.55293413504461,2,8,FALSE
MMRd,Tplzf-gdlike-comb,"(-90,-85]","(2.19,2.92]",-87.5,2.55293413504461,3,8,FALSE
MMRd,Tcd8-CXCL13-comb,"(-90,-85]","(2.92,3.65]",-87.5,3.2823438879145,3,8,FALSE
MMRd,Tcd8-HOBIT,"(-90,-85]","(2.92,3.65]",-87.5,3.2823438879145,2,8,FALSE
MMRd,Tcd8-GZMK,"(-90,-85]","(3.65,4.38]",-87.5,4.01175364078438,2,8,FALSE
MMRd,Tcd8-HOBIT,"(-90,-85]","(3.65,4.38]",-87.5,4.01175364078438,2,8,FALSE
MMRd,Myeloid-mregDC,"(-90,-85]","(4.38,5.11]",-87.5,4.74116339365427,1,8,FALSE
MMRd,Tcd4-CXCL13,"(-90,-85]","(5.11,5.84]",-87.5,5.47057314652416,1,8,FALSE
MMRd,Tcd8-HOBIT,"(-90,-85]","[0,0.729]",-87.5,0.364704876434944,3,8,FALSE
MMRd,Myeloid-ISG,"(-95,-90]","(0.729,1.46]",-92.5,1.09411462930483,1,8,FALSE
MMRd,Myeloid-noDC-noGran,"(-95,-90]","(0.729,1.46]",-92.5,1.09411462930483,2,8,FALSE
MMRd,Tcd4-Treg-comb,"(-95,-90]","(0.729,1.46]",-92.5,1.09411462930483,1,8,FALSE
MMRd,Tcd8-GZMK,"(-95,-90]","(0.729,1.46]",-92.5,1.09411462930483,2,8,FALSE
MMRd,CD8-all,"(-95,-90]","(0.729,1.46]",-92.5,1.09411462930483,2,8,FALSE
MMRd,Myeloid-mregDC,"(-95,-90]","(1.46,2.19]",-92.5,1.82352438217472,2,8,FALSE
MMRd,Myeloid-ISG,"(-95,-90]","(1.46,2.19]",-92.5,1.82352438217472,3,8,FALSE
MMRd,Tcd4-CXCL13,"(-95,-90]","(1.46,2.19]",-92.5,1.82352438217472,2,8,FALSE
MMRd,Tcd8-CXCL13-comb,"(-95,-90]","(1.46,2.19]",-92.5,1.82352438217472,1,8,FALSE
MMRd,CD8-all,"(-95,-90]","(1.46,2.19]",-92.5,1.82352438217472,2,8,FALSE
MMRd,Tcd8-GZMK,"(-95,-90]","(1.46,2.19]",-92.5,1.82352438217472,2,8,FALSE
MMRd,Tcd8-HOBIT,"(-95,-90]","(1.46,2.19]",-92.5,1.82352438217472,2,8,FALSE
MMRd,Tplzf-gdlike-comb,"(-95,-90]","(1.46,2.19]",-92.5,1.82352438217472,1,8,FALSE
MMRd,Tcd4-CXCL13,"(-95,-90]","(2.19,2.92]",-92.5,2.55293413504461,2,8,FALSE
MMRd,Tcd4-Treg-comb,"(-95,-90]","(2.19,2.92]",-92.5,2.55293413504461,2,8,FALSE
MMRd,Tcd8-CXCL13-comb,"(-95,-90]","(2.19,2.92]",-92.5,2.55293413504461,2,8,FALSE
MMRd,Tcd8-HOBIT,"(-95,-90]","(2.19,2.92]",-92.5,2.55293413504461,2,8,FALSE
MMRd,Tcd4-CXCL13,"(-95,-90]","(2.92,3.65]",-92.5,3.2823438879145,2,8,FALSE
MMRd,Tcd8-HOBIT,"(-95,-90]","(2.92,3.65]",-92.5,3.2823438879145,2,8,FALSE
MMRd,CD8-all,"(-95,-90]","(2.92,3.65]",-92.5,3.2823438879145,3,8,FALSE
MMRd,Tcd8-CXCL13-comb,"(-95,-90]","(3.65,4.38]",-92.5,4.01175364078438,2,8,FALSE
MMRd,Tcd4-CXCL13,"(-95,-90]","(5.11,5.84]",-92.5,5.47057314652416,1,8,FALSE
MMRd,Tcd4-CXCL13,"(-95,-90]","[0,0.729]",-92.5,0.364704876434944,4,8,TRUE
MMRd,Tcd8-CXCL13-LAG3,"(0,5]","(5.11,5.84]",2.5,5.47057314652416,2,8,FALSE
MMRd,Tcd8-GZMK,"(10,15]","(4.38,5.11]",12.5,4.74116339365427,3,8,FALSE
MMRd,Tcd4-CXCL13,"(15,20]","(5.11,5.84]",17.5,5.47057314652416,3,8,FALSE
MMRd,Tcd8-CXCL13-comb,"(15,20]","(5.84,6.56]",17.5,6.19998289939405,1,8,FALSE
MMRd,Tcd4-CXCL13,"(20,25]","(0.729,1.46]",22.5,1.09411462930483,1,8,FALSE
MMRd,Tcd8-CXCL13-LAG3,"(20,25]","(3.65,4.38]",22.5,4.01175364078438,4,8,TRUE
MMRd,Myeloid-mregDC,"(20,25]","(5.84,6.56]",22.5,6.19998289939405,1,8,FALSE
MMRd,Tcd4-CXCL13,"(20,25]","(5.84,6.56]",22.5,6.19998289939405,1,8,FALSE
MMRd,Tcd8-CXCL13-LAG3,"(25,30]","(4.38,5.11]",27.5,4.74116339365427,4,8,TRUE
MMRd,Tcd8-CXCL13-LAG3,"(25,30]","(5.11,5.84]",27.5,5.47057314652416,2,8,FALSE
MMRd,Tcd4-CXCL13,"(30,35]","(0.729,1.46]",32.5,1.09411462930483,1,8,FALSE
MMRd,Tcd8-CXCL13-LAG3,"(30,35]","(0.729,1.46]",32.5,1.09411462930483,2,8,FALSE
MMRd,Myeloid-noDC-noGran,"(30,35]","(5.84,6.56]",32.5,6.19998289939405,1,8,FALSE
MMRd,Tcd8-CXCL13-LAG3,"(35,40]","(0.729,1.46]",37.5,1.09411462930483,1,8,FALSE
MMRd,Tcd8-CXCL13-LAG3,"(35,40]","(4.38,5.11]",37.5,4.74116339365427,3,8,FALSE
MMRd,Tcd8-CXCL13-comb,"(35,40]","(5.11,5.84]",37.5,5.47057314652416,3,8,FALSE
MMRd,CD8-all,"(35,40]","(5.11,5.84]",37.5,5.47057314652416,3,8,FALSE
MMRd,Tcd4-CXCL13,"(40,45]","(5.11,5.84]",42.5,5.47057314652416,2,8,FALSE
MMRd,Tcd8-CXCL13-comb,"(45,50]","(0.729,1.46]",47.5,1.09411462930483,3,8,FALSE
MMRd,Tcd8-CXCL13-LAG3,"(45,50]","(0.729,1.46]",47.5,1.09411462930483,2,8,FALSE
MMRd,Tcd8-HOBIT,"(45,50]","(0.729,1.46]",47.5,1.09411462930483,2,8,FALSE
MMRd,Tcd4-CXCL13,"(45,50]","(4.38,5.11]",47.5,4.74116339365427,3,8,FALSE
MMRd,Tcd8-GZMK,"(5,10]","(0.729,1.46]",7.5,1.09411462930483,1,8,FALSE
MMRd,Tcd4-CXCL13,"(50,55]","(2.19,2.92]",52.5,2.55293413504461,4,8,TRUE
MMRd,Tcd8-CXCL13-LAG3,"(50,55]","(2.19,2.92]",52.5,2.55293413504461,4,8,TRUE
MMRd,Tcd4-CXCL13,"(55,60]","(0.729,1.46]",57.5,1.09411462930483,1,8,FALSE
MMRd,Tcd4-Treg-comb,"(55,60]","(1.46,2.19]",57.5,1.82352438217472,3,8,FALSE
MMRd,Tcd4-CXCL13,"(55,60]","[0,0.729]",57.5,0.364704876434944,3,8,FALSE
MMRd,Tcd8-CXCL13-LAG3,"(60,65]","(0.729,1.46]",62.5,1.09411462930483,1,8,FALSE
MMRd,Tcd8-HOBIT,"(60,65]","(0.729,1.46]",62.5,1.09411462930483,2,8,FALSE
MMRd,Tcd8-CXCL13-comb,"(60,65]","(2.92,3.65]",62.5,3.2823438879145,4,8,TRUE
MMRd,Tcd4-CXCL13,"(60,65]","[0,0.729]",62.5,0.364704876434944,3,8,FALSE
MMRd,Tcd8-CXCL13-LAG3,"(60,65]","[0,0.729]",62.5,0.364704876434944,3,8,FALSE
MMRd,Tcd4-CXCL13,"(65,70]","(0.729,1.46]",67.5,1.09411462930483,2,8,FALSE
MMRd,Tcd8-CXCL13-LAG3,"(65,70]","(0.729,1.46]",67.5,1.09411462930483,2,8,FALSE
MMRd,Tcd4-CXCL13,"(65,70]","(1.46,2.19]",67.5,1.82352438217472,4,8,TRUE
MMRd,Tcd4-Treg-comb,"(65,70]","(2.19,2.92]",67.5,2.55293413504461,3,8,FALSE
MMRd,Tcd4-CXCL13,"(65,70]","[0,0.729]",67.5,0.364704876434944,3,8,FALSE
MMRd,Tcd8-CXCL13-LAG3,"(65,70]","[0,0.729]",67.5,0.364704876434944,3,8,FALSE
MMRd,Myeloid-ISG,"(70,75]","(0.729,1.46]",72.5,1.09411462930483,1,8,FALSE
MMRd,Tcd8-GZMK,"(70,75]","[0,0.729]",72.5,0.364704876434944,2,8,FALSE
MMRd,Tcd8-CXCL13-LAG3,"(75,80]","(0.729,1.46]",77.5,1.09411462930483,1,8,FALSE
MMRd,CD8-all,"(75,80]","(0.729,1.46]",77.5,1.09411462930483,2,8,FALSE
MMRd,Tcd8-HOBIT,"(75,80]","(0.729,1.46]",77.5,1.09411462930483,1,8,FALSE
MMRd,Tcd4-CXCL13,"(75,80]","(1.46,2.19]",77.5,1.82352438217472,3,8,FALSE
MMRd,Tcd8-HOBIT,"(75,80]","(1.46,2.19]",77.5,1.82352438217472,3,8,FALSE
MMRd,Myeloid-ISG,"(80,85]","(0.729,1.46]",82.5,1.09411462930483,2,8,FALSE
MMRd,Tcd4-CXCL13,"(80,85]","(0.729,1.46]",82.5,1.09411462930483,2,8,FALSE
MMRd,Tcd8-CXCL13-comb,"(80,85]","(0.729,1.46]",82.5,1.09411462930483,2,8,FALSE
MMRd,CD8-all,"(80,85]","(0.729,1.46]",82.5,1.09411462930483,2,8,FALSE
MMRd,Tcd8-HOBIT,"(80,85]","(0.729,1.46]",82.5,1.09411462930483,2,8,FALSE
MMRd,Tplzf-gdlike-comb,"(80,85]","(0.729,1.46]",82.5,1.09411462930483,2,8,FALSE
MMRd,Tcd4-CXCL13,"(80,85]","[0,0.729]",82.5,0.364704876434944,3,8,FALSE
MMRd,Tcd8-HOBIT,"(80,85]","[0,0.729]",82.5,0.364704876434944,3,8,FALSE
MMRd,Tcd8-HOBIT,"(85,90]","(0.729,1.46]",87.5,1.09411462930483,1,8,FALSE
MMRd,Tcd8-HOBIT,"(85,90]","(1.46,2.19]",87.5,1.82352438217472,2,8,FALSE
MMRd,Tcd4-CXCL13,"(85,90]","[0,0.729]",87.5,0.364704876434944,3,8,FALSE
MMRd,Tcd8-CXCL13-LAG3,"(85,90]","[0,0.729]",87.5,0.364704876434944,2,8,FALSE
MMRd,Myeloid-ISG,"(90,95]","(0.729,1.46]",92.5,1.09411462930483,1,8,FALSE
MMRd,Tcd8-HOBIT,"(90,95]","(0.729,1.46]",92.5,1.09411462930483,2,8,FALSE
MMRd,CD8-all,"(90,95]","(0.729,1.46]",92.5,1.09411462930483,2,8,FALSE
MMRd,Myeloid-ISG,"(90,95]","(1.46,2.19]",92.5,1.82352438217472,1,8,FALSE
MMRd,Tcd8-CXCL13-LAG3,"(90,95]","(2.19,2.92]",92.5,2.55293413504461,2,8,FALSE
MMRd,CD8-all,"(90,95]","(2.19,2.92]",92.5,2.55293413504461,4,8,TRUE
MMRd,Tcd8-CXCL13-LAG3,"(90,95]","(2.92,3.65]",92.5,3.2823438879145,2,8,FALSE
MMRd,Tcd4-Treg-comb,"(90,95]","[0,0.729]",92.5,0.364704876434944,3,8,FALSE
MMRd,Myeloid-ISG,"(95,100]","(0.729,1.46]",97.5,1.09411462930483,1,8,FALSE
MMRd,Myeloid-noDC-noGran,"(95,100]","(0.729,1.46]",97.5,1.09411462930483,1,8,FALSE
MMRd,Tcd4-CXCL13,"(95,100]","(0.729,1.46]",97.5,1.09411462930483,1,8,FALSE
MMRd,Myeloid-ISG,"(95,100]","(3.65,4.38]",97.5,4.01175364078438,2,8,FALSE
MMRd,Tplzf-gdlike-comb,"(95,100]","[0,0.729]",97.5,0.364704876434944,3,8,FALSE
MMRd,Myeloid-ISG,"[-100,-95]","(0.729,1.46]",-97.5,1.09411462930483,1,8,FALSE
MMRd,Myeloid-noDC-noGran,"[-100,-95]","(0.729,1.46]",-97.5,1.09411462930483,1,8,FALSE
MMRd,Tcd4-Treg-comb,"[-100,-95]","(0.729,1.46]",-97.5,1.09411462930483,2,8,FALSE
MMRd,Tcd4-CXCL13,"[-100,-95]","(1.46,2.19]",-97.5,1.82352438217472,2,8,FALSE
MMRd,Tcd4-Treg-comb,"[-100,-95]","(1.46,2.19]",-97.5,1.82352438217472,2,8,FALSE
MMRd,Tcd8-GZMK,"[-100,-95]","(1.46,2.19]",-97.5,1.82352438217472,2,8,FALSE
MMRd,CD8-all,"[-100,-95]","(1.46,2.19]",-97.5,1.82352438217472,2,8,FALSE
MMRd,Tcd8-HOBIT,"[-100,-95]","(1.46,2.19]",-97.5,1.82352438217472,2,8,FALSE
MMRd,Myeloid-mregDC,"[-100,-95]","(2.19,2.92]",-97.5,2.55293413504461,2,8,FALSE
MMRd,Tcd4-CXCL13,"[-100,-95]","(2.19,2.92]",-97.5,2.55293413504461,2,8,FALSE
MMRd,Tcd4-Treg-comb,"[-100,-95]","(2.19,2.92]",-97.5,2.55293413504461,2,8,FALSE
MMRd,Tcd8-GZMK,"[-100,-95]","(2.19,2.92]",-97.5,2.55293413504461,2,8,FALSE
MMRd,Tcd8-HOBIT,"[-100,-95]","(2.19,2.92]",-97.5,2.55293413504461,2,8,FALSE
MMRd,Tcd4-CXCL13,"[-100,-95]","(2.92,3.65]",-97.5,3.2823438879145,2,8,FALSE
MMRd,Tcd4-Treg-comb,"[-100,-95]","(2.92,3.65]",-97.5,3.2823438879145,2,8,FALSE
MMRd,Tcd8-CXCL13-comb,"[-100,-95]","(2.92,3.65]",-97.5,3.2823438879145,3,8,FALSE
MMRd,CD8-all,"[-100,-95]","(2.92,3.65]",-97.5,3.2823438879145,3,8,FALSE
MMRd,Tcd8-GZMK,"[-100,-95]","(2.92,3.65]",-97.5,3.2823438879145,3,8,FALSE
MMRd,Tplzf-gdlike-comb,"[-100,-95]","(2.92,3.65]",-97.5,3.2823438879145,2,8,FALSE
MMRd,Tcd8-CXCL13-comb,"[-100,-95]","(3.65,4.38]",-97.5,4.01175364078438,2,8,FALSE
MMRd,Tcd8-GZMK,"[-100,-95]","(3.65,4.38]",-97.5,4.01175364078438,2,8,FALSE
MMRd,Tcd8-HOBIT,"[-100,-95]","(3.65,4.38]",-97.5,4.01175364078438,2,8,FALSE
MMRd,Myeloid-mregDC,"[-100,-95]","(4.38,5.11]",-97.5,4.74116339365427,1,8,FALSE
MMRd,Tcd8-GZMK,"[-100,-95]","(4.38,5.11]",-97.5,4.74116339365427,2,8,FALSE
MMRd,CD8-all,"[-100,-95]","(4.38,5.11]",-97.5,4.74116339365427,2,8,FALSE
MMRd,Tcd8-CXCL13-comb,"[-100,-95]","(5.11,5.84]",-97.5,5.47057314652416,1,8,FALSE
MMRd,CD8-all,"[-100,-95]","(5.11,5.84]",-97.5,5.47057314652416,1,8,FALSE
MMRd,Tcd8-HOBIT,"[-100,-95]","[0,0.729]",-97.5,0.364704876434944,3,8,FALSE
MMRd,Tplzf-gdlike-comb,"(-10,-5]","(5.84,6.56]",-7.5,6.19998289939405,1,8,FALSE
MMRd,Myeloid-mregDC,"(-15,-10]","(5.84,6.56]",-12.5,6.19998289939405,1,8,FALSE
MMRd,Tcd8-CXCL13-LAG3,"(-15,-10]","(5.84,6.56]",-12.5,6.19998289939405,1,8,FALSE
MMRd,Tplzf-gdlike-comb,"(-20,-15]","(5.11,5.84]",-17.5,5.47057314652416,1,8,FALSE
MMRd,Myeloid-mregDC,"(-20,-15]","(5.84,6.56]",-17.5,6.19998289939405,1,8,FALSE
MMRd,Myeloid-ISG,"(-20,-15]","(5.84,6.56]",-17.5,6.19998289939405,1,8,FALSE
MMRd,Myeloid-noDC-noGran,"(-20,-15]","(5.84,6.56]",-17.5,6.19998289939405,1,8,FALSE
MMRd,Tcd4-Treg-comb,"(-20,-15]","(5.84,6.56]",-17.5,6.19998289939405,1,8,FALSE
MMRd,Tcd8-CXCL13-comb,"(-20,-15]","(5.84,6.56]",-17.5,6.19998289939405,1,8,FALSE
MMRd,CD8-all,"(-20,-15]","(5.84,6.56]",-17.5,6.19998289939405,1,8,FALSE
MMRd,Tcd8-GZMK,"(-20,-15]","(5.84,6.56]",-17.5,6.19998289939405,1,8,FALSE
MMRd,Tcd8-HOBIT,"(-20,-15]","(5.84,6.56]",-17.5,6.19998289939405,1,8,FALSE
MMRd,Tplzf-gdlike-comb,"(-20,-15]","(5.84,6.56]",-17.5,6.19998289939405,1,8,FALSE
MMRd,Tplzf-gdlike-comb,"(-25,-20]","(5.84,6.56]",-22.5,6.19998289939405,1,8,FALSE
MMRd,Tcd8-CXCL13-LAG3,"(-30,-25]","(5.11,5.84]",-27.5,5.47057314652416,1,8,FALSE
MMRd,Tcd8-HOBIT,"(-30,-25]","(5.11,5.84]",-27.5,5.47057314652416,1,8,FALSE
MMRd,Tplzf-gdlike-comb,"(-30,-25]","(5.11,5.84]",-27.5,5.47057314652416,1,8,FALSE
MMRd,Tcd8-CXCL13-LAG3,"(-30,-25]","(5.84,6.56]",-27.5,6.19998289939405,1,8,FALSE
MMRd,Tcd8-HOBIT,"(-35,-30]","(5.11,5.84]",-32.5,5.47057314652416,1,8,FALSE
MMRd,Myeloid-ISG,"(-35,-30]","(5.84,6.56]",-32.5,6.19998289939405,1,8,FALSE
MMRd,Myeloid-noDC-noGran,"(-35,-30]","(5.84,6.56]",-32.5,6.19998289939405,1,8,FALSE
MMRd,Tcd8-GZMK,"(-40,-35]","(5.11,5.84]",-37.5,5.47057314652416,1,8,FALSE
MMRd,Tcd8-HOBIT,"(-40,-35]","(5.11,5.84]",-37.5,5.47057314652416,1,8,FALSE
MMRd,Tcd8-GZMK,"(-40,-35]","(5.84,6.56]",-37.5,6.19998289939405,1,8,FALSE
MMRd,CD8-all,"(-40,-35]","(5.84,6.56]",-37.5,6.19998289939405,1,8,FALSE
MMRd,Tcd8-GZMK,"(-45,-40]","(5.11,5.84]",-42.5,5.47057314652416,1,8,FALSE
MMRd,Myeloid-ISG,"(-45,-40]","(5.84,6.56]",-42.5,6.19998289939405,1,8,FALSE
MMRd,Tcd4-Treg-comb,"(-45,-40]","(5.84,6.56]",-42.5,6.19998289939405,1,8,FALSE
MMRd,Tcd4-CXCL13,"(-5,0]","(5.84,6.56]",-2.5,6.19998289939405,1,8,FALSE
MMRd,Tcd8-HOBIT,"(-5,0]","(5.84,6.56]",-2.5,6.19998289939405,1,8,FALSE
MMRd,Tcd4-CXCL13,"(-50,-45]","(5.11,5.84]",-47.5,5.47057314652416,1,8,FALSE
MMRd,Tcd8-CXCL13-comb,"(-50,-45]","(5.11,5.84]",-47.5,5.47057314652416,1,8,FALSE
MMRd,Tcd8-GZMK,"(-50,-45]","(5.11,5.84]",-47.5,5.47057314652416,1,8,FALSE
MMRd,Tcd8-HOBIT,"(-55,-50]","(5.11,5.84]",-52.5,5.47057314652416,1,8,FALSE
MMRd,Tplzf-gdlike-comb,"(-60,-55]","(4.38,5.11]",-57.5,4.74116339365427,1,8,FALSE
MMRd,Tcd8-CXCL13-comb,"(-60,-55]","(5.11,5.84]",-57.5,5.47057314652416,1,8,FALSE
MMRd,CD8-all,"(-60,-55]","(5.11,5.84]",-57.5,5.47057314652416,1,8,FALSE
MMRd,Tcd8-GZMK,"(-60,-55]","(5.11,5.84]",-57.5,5.47057314652416,1,8,FALSE
MMRd,Tplzf-gdlike-comb,"(-60,-55]","(5.11,5.84]",-57.5,5.47057314652416,1,8,FALSE
MMRd,Tcd8-GZMK,"(-65,-60]","(5.11,5.84]",-62.5,5.47057314652416,1,8,FALSE
MMRd,Tplzf-gdlike-comb,"(-65,-60]","(5.11,5.84]",-62.5,5.47057314652416,1,8,FALSE
MMRd,Tcd4-CXCL13,"(-80,-75]","(3.65,4.38]",-77.5,4.01175364078438,2,8,FALSE
MMRd,Tcd8-HOBIT,"(-80,-75]","(5.11,5.84]",-77.5,5.47057314652416,1,8,FALSE
MMRd,CD8-all,"(-80,-75]","(5.11,5.84]",-77.5,5.47057314652416,1,8,FALSE
MMRd,Tplzf-gdlike-comb,"(-85,-80]","(3.65,4.38]",-82.5,4.01175364078438,1,8,FALSE
MMRd,Tplzf-gdlike-comb,"(-85,-80]","(4.38,5.11]",-82.5,4.74116339365427,1,8,FALSE
MMRd,Tcd8-CXCL13-LAG3,"(-95,-90]","(3.65,4.38]",-92.5,4.01175364078438,2,8,FALSE
MMRd,Tcd8-HOBIT,"(0,5]","(5.84,6.56]",2.5,6.19998289939405,1,8,FALSE
MMRd,CD8-all,"(0,5]","(5.84,6.56]",2.5,6.19998289939405,1,8,FALSE
MMRd,Tcd8-CXCL13-LAG3,"(10,15]","(5.11,5.84]",12.5,5.47057314652416,1,8,FALSE
MMRd,Tcd8-GZMK,"(10,15]","(5.84,6.56]",12.5,6.19998289939405,1,8,FALSE
MMRd,CD8-all,"(10,15]","(5.84,6.56]",12.5,6.19998289939405,1,8,FALSE
MMRd,Tcd8-HOBIT,"(15,20]","(5.11,5.84]",17.5,5.47057314652416,2,8,FALSE
MMRd,Tplzf-gdlike-comb,"(15,20]","(5.11,5.84]",17.5,5.47057314652416,2,8,FALSE
MMRd,Tcd8-GZMK,"(20,25]","(2.92,3.65]",22.5,3.2823438879145,3,8,FALSE
MMRd,Tcd8-GZMK,"(25,30]","(1.46,2.19]",27.5,1.82352438217472,2,8,FALSE
MMRd,Tcd8-HOBIT,"(25,30]","(4.38,5.11]",27.5,4.74116339365427,3,8,FALSE
MMRd,Tplzf-gdlike-comb,"(25,30]","(4.38,5.11]",27.5,4.74116339365427,2,8,FALSE
MMRd,Tcd8-CXCL13-LAG3,"(30,35]","(3.65,4.38]",32.5,4.01175364078438,3,8,FALSE
MMRd,Tcd8-GZMK,"(30,35]","(3.65,4.38]",32.5,4.01175364078438,3,8,FALSE
MMRd,Tcd8-HOBIT,"(30,35]","(3.65,4.38]",32.5,4.01175364078438,2,8,FALSE
MMRd,Tcd4-Treg-comb,"(30,35]","(5.11,5.84]",32.5,5.47057314652416,2,8,FALSE
MMRd,Tcd8-HOBIT,"(30,35]","(5.11,5.84]",32.5,5.47057314652416,2,8,FALSE
MMRd,Tcd8-GZMK,"(35,40]","(2.92,3.65]",37.5,3.2823438879145,2,8,FALSE
MMRd,Tcd8-GZMK,"(35,40]","(3.65,4.38]",37.5,4.01175364078438,3,8,FALSE
MMRd,Tcd4-CXCL13,"(35,40]","[0,0.729]",37.5,0.364704876434944,3,8,FALSE
MMRd,Tcd8-CXCL13-LAG3,"(40,45]","(3.65,4.38]",42.5,4.01175364078438,3,8,FALSE
MMRd,Tcd8-HOBIT,"(40,45]","(3.65,4.38]",42.5,4.01175364078438,3,8,FALSE
MMRd,Tcd4-Treg-comb,"(40,45]","(4.38,5.11]",42.5,4.74116339365427,2,8,FALSE
MMRd,Tcd8-CXCL13-comb,"(40,45]","(4.38,5.11]",42.5,4.74116339365427,2,8,FALSE
MMRd,Tcd8-HOBIT,"(40,45]","(4.38,5.11]",42.5,4.74116339365427,3,8,FALSE
MMRd,Tplzf-gdlike-comb,"(40,45]","(5.11,5.84]",42.5,5.47057314652416,1,8,FALSE
MMRd,Tcd4-Treg-comb,"(45,50]","(0.729,1.46]",47.5,1.09411462930483,1,8,FALSE
MMRd,Myeloid-mregDC,"(45,50]","(1.46,2.19]",47.5,1.82352438217472,1,8,FALSE
MMRd,Tcd8-HOBIT,"(45,50]","(3.65,4.38]",47.5,4.01175364078438,3,8,FALSE
MMRd,Tcd4-Treg-comb,"(45,50]","(4.38,5.11]",47.5,4.74116339365427,2,8,FALSE
MMRd,Tcd8-CXCL13-LAG3,"(45,50]","(4.38,5.11]",47.5,4.74116339365427,2,8,FALSE
MMRd,Tcd8-HOBIT,"(45,50]","(5.11,5.84]",47.5,5.47057314652416,1,8,FALSE
MMRd,Tplzf-gdlike-comb,"(5,10]","(5.11,5.84]",7.5,5.47057314652416,1,8,FALSE
MMRd,Tcd8-GZMK,"(5,10]","(5.84,6.56]",7.5,6.19998289939405,1,8,FALSE
MMRd,Tplzf-gdlike-comb,"(5,10]","(5.84,6.56]",7.5,6.19998289939405,1,8,FALSE
MMRd,Myeloid-mregDC,"(50,55]","(1.46,2.19]",52.5,1.82352438217472,1,8,FALSE
MMRd,Tcd8-GZMK,"(50,55]","(2.19,2.92]",52.5,2.55293413504461,3,8,FALSE
MMRd,Tcd4-CXCL13,"(50,55]","(2.92,3.65]",52.5,3.2823438879145,3,8,FALSE
MMRd,Tcd8-GZMK,"(50,55]","(2.92,3.65]",52.5,3.2823438879145,2,8,FALSE
MMRd,Tcd4-CXCL13,"(50,55]","(3.65,4.38]",52.5,4.01175364078438,2,8,FALSE
MMRd,Tcd8-GZMK,"(50,55]","(3.65,4.38]",52.5,4.01175364078438,2,8,FALSE
MMRd,Tcd4-CXCL13,"(50,55]","(4.38,5.11]",52.5,4.74116339365427,2,8,FALSE
MMRd,Tcd4-Treg-comb,"(50,55]","(4.38,5.11]",52.5,4.74116339365427,2,8,FALSE
MMRd,Tcd8-GZMK,"(55,60]","(1.46,2.19]",57.5,1.82352438217472,2,8,FALSE
MMRd,Tcd8-GZMK,"(55,60]","(2.19,2.92]",57.5,2.55293413504461,2,8,FALSE
MMRd,Tplzf-gdlike-comb,"(55,60]","(3.65,4.38]",57.5,4.01175364078438,3,8,FALSE
MMRd,Myeloid-ISG,"(55,60]","(5.11,5.84]",57.5,5.47057314652416,2,8,FALSE
MMRd,Tcd8-GZMK,"(55,60]","[0,0.729]",57.5,0.364704876434944,2,8,FALSE
MMRd,Tcd4-CXCL13,"(60,65]","(1.46,2.19]",62.5,1.82352438217472,2,8,FALSE
MMRd,Tcd8-GZMK,"(60,65]","(1.46,2.19]",62.5,1.82352438217472,1,8,FALSE
MMRd,Tcd4-CXCL13,"(60,65]","(2.19,2.92]",62.5,2.55293413504461,3,8,FALSE
MMRd,Tcd8-HOBIT,"(60,65]","(2.19,2.92]",62.5,2.55293413504461,3,8,FALSE
MMRd,Tcd4-Treg-comb,"(60,65]","(2.92,3.65]",62.5,3.2823438879145,3,8,FALSE
MMRd,Tcd8-GZMK,"(60,65]","(2.92,3.65]",62.5,3.2823438879145,3,8,FALSE
MMRd,Tcd8-CXCL13-LAG3,"(60,65]","(3.65,4.38]",62.5,4.01175364078438,3,8,FALSE
MMRd,Tcd8-CXCL13-comb,"(60,65]","(3.65,4.38]",62.5,4.01175364078438,3,8,FALSE
MMRd,Tcd8-CXCL13-comb,"(60,65]","(4.38,5.11]",62.5,4.74116339365427,2,8,FALSE
MMRd,Tplzf-gdlike-comb,"(60,65]","(4.38,5.11]",62.5,4.74116339365427,1,8,FALSE
MMRd,Tcd8-GZMK,"(65,70]","(1.46,2.19]",67.5,1.82352438217472,2,8,FALSE
MMRd,Tcd4-Treg-comb,"(65,70]","(2.92,3.65]",67.5,3.2823438879145,3,8,FALSE
MMRd,Tcd8-CXCL13-LAG3,"(65,70]","(2.92,3.65]",67.5,3.2823438879145,3,8,FALSE
MMRd,Tcd8-GZMK,"(65,70]","(2.92,3.65]",67.5,3.2823438879145,1,8,FALSE
MMRd,Tcd8-HOBIT,"(65,70]","(2.92,3.65]",67.5,3.2823438879145,3,8,FALSE
MMRd,Tcd8-GZMK,"(65,70]","(3.65,4.38]",67.5,4.01175364078438,1,8,FALSE
MMRd,Tcd8-HOBIT,"(65,70]","(3.65,4.38]",67.5,4.01175364078438,3,8,FALSE
MMRd,Tcd8-HOBIT,"(65,70]","(4.38,5.11]",67.5,4.74116339365427,2,8,FALSE
MMRd,Myeloid-ISG,"(65,70]","(5.11,5.84]",67.5,5.47057314652416,1,8,FALSE
MMRd,Tcd8-HOBIT,"(70,75]","(0.729,1.46]",72.5,1.09411462930483,2,8,FALSE
MMRd,Tcd8-GZMK,"(70,75]","(1.46,2.19]",72.5,1.82352438217472,2,8,FALSE
MMRd,Tcd8-CXCL13-comb,"(70,75]","(2.19,2.92]",72.5,2.55293413504461,3,8,FALSE
MMRd,CD8-all,"(70,75]","(2.19,2.92]",72.5,2.55293413504461,3,8,FALSE
MMRd,Tcd8-CXCL13-LAG3,"(70,75]","(2.19,2.92]",72.5,2.55293413504461,3,8,FALSE
MMRd,Tcd8-GZMK,"(70,75]","(2.19,2.92]",72.5,2.55293413504461,2,8,FALSE
MMRd,Tcd8-HOBIT,"(70,75]","(2.19,2.92]",72.5,2.55293413504461,2,8,FALSE
MMRd,Tcd4-CXCL13,"(70,75]","(2.92,3.65]",72.5,3.2823438879145,3,8,FALSE
MMRd,Tcd8-CXCL13-LAG3,"(70,75]","(2.92,3.65]",72.5,3.2823438879145,3,8,FALSE
MMRd,Tcd8-GZMK,"(70,75]","(2.92,3.65]",72.5,3.2823438879145,3,8,FALSE
MMRd,Tcd8-HOBIT,"(70,75]","(2.92,3.65]",72.5,3.2823438879145,3,8,FALSE
MMRd,Tplzf-gdlike-comb,"(70,75]","(2.92,3.65]",72.5,3.2823438879145,3,8,FALSE
MMRd,Tcd8-CXCL13-comb,"(70,75]","(4.38,5.11]",72.5,4.74116339365427,1,8,FALSE
MMRd,Tplzf-gdlike-comb,"(70,75]","(5.11,5.84]",72.5,5.47057314652416,1,8,FALSE
MMRd,Tcd8-GZMK,"(75,80]","(1.46,2.19]",77.5,1.82352438217472,1,8,FALSE
MMRd,Tcd8-CXCL13-LAG3,"(75,80]","(2.19,2.92]",77.5,2.55293413504461,3,8,FALSE
MMRd,Tcd8-GZMK,"(75,80]","(2.19,2.92]",77.5,2.55293413504461,2,8,FALSE
MMRd,Tcd8-HOBIT,"(75,80]","(2.19,2.92]",77.5,2.55293413504461,2,8,FALSE
MMRd,Tcd4-Treg-comb,"(75,80]","(2.92,3.65]",77.5,3.2823438879145,2,8,FALSE
MMRd,Tcd8-GZMK,"(75,80]","(2.92,3.65]",77.5,3.2823438879145,2,8,FALSE
MMRd,Tcd8-HOBIT,"(75,80]","(2.92,3.65]",77.5,3.2823438879145,2,8,FALSE
MMRd,Tcd4-CXCL13,"(75,80]","(3.65,4.38]",77.5,4.01175364078438,3,8,FALSE
MMRd,Tcd4-Treg-comb,"(75,80]","(3.65,4.38]",77.5,4.01175364078438,2,8,FALSE
MMRd,Tcd8-GZMK,"(75,80]","(3.65,4.38]",77.5,4.01175364078438,2,8,FALSE
MMRd,Tplzf-gdlike-comb,"(75,80]","(3.65,4.38]",77.5,4.01175364078438,2,8,FALSE
MMRd,Tcd4-Treg-comb,"(75,80]","[0,0.729]",77.5,0.364704876434944,2,8,FALSE
MMRd,Tcd8-GZMK,"(75,80]","[0,0.729]",77.5,0.364704876434944,2,8,FALSE
MMRd,Tcd4-Treg-comb,"(80,85]","(1.46,2.19]",82.5,1.82352438217472,2,8,FALSE
MMRd,Tcd8-HOBIT,"(80,85]","(1.46,2.19]",82.5,1.82352438217472,2,8,FALSE
MMRd,Tcd4-Treg-comb,"(80,85]","(2.19,2.92]",82.5,2.55293413504461,2,8,FALSE
MMRd,Tcd8-CXCL13-comb,"(80,85]","(2.19,2.92]",82.5,2.55293413504461,2,8,FALSE
MMRd,Tcd8-GZMK,"(80,85]","(2.19,2.92]",82.5,2.55293413504461,2,8,FALSE
MMRd,Myeloid-mregDC,"(80,85]","(2.92,3.65]",82.5,3.2823438879145,2,8,FALSE
MMRd,Tcd4-Treg-comb,"(80,85]","(2.92,3.65]",82.5,3.2823438879145,3,8,FALSE
MMRd,Tcd8-CXCL13-comb,"(80,85]","(2.92,3.65]",82.5,3.2823438879145,3,8,FALSE
MMRd,Tcd8-HOBIT,"(80,85]","(2.92,3.65]",82.5,3.2823438879145,3,8,FALSE
MMRd,Tplzf-gdlike-comb,"(80,85]","(2.92,3.65]",82.5,3.2823438879145,3,8,FALSE
MMRd,Tcd4-CXCL13,"(80,85]","(3.65,4.38]",82.5,4.01175364078438,3,8,FALSE
MMRd,Tcd4-CXCL13,"(80,85]","(4.38,5.11]",82.5,4.74116339365427,2,8,FALSE
MMRd,Tplzf-gdlike-comb,"(80,85]","(4.38,5.11]",82.5,4.74116339365427,3,8,FALSE
MMRd,Tcd8-CXCL13-LAG3,"(80,85]","[0,0.729]",82.5,0.364704876434944,1,8,FALSE
MMRd,Tcd4-Treg-comb,"(85,90]","(2.19,2.92]",87.5,2.55293413504461,2,8,FALSE
MMRd,Tcd8-HOBIT,"(85,90]","(2.19,2.92]",87.5,2.55293413504461,2,8,FALSE
MMRd,Tcd4-CXCL13,"(85,90]","(2.92,3.65]",87.5,3.2823438879145,2,8,FALSE
MMRd,Tcd8-HOBIT,"(85,90]","(2.92,3.65]",87.5,3.2823438879145,3,8,FALSE
MMRd,Tplzf-gdlike-comb,"(85,90]","(2.92,3.65]",87.5,3.2823438879145,2,8,FALSE
MMRd,Tcd8-HOBIT,"(85,90]","(3.65,4.38]",87.5,4.01175364078438,2,8,FALSE
MMRd,Tcd8-CXCL13-comb,"(85,90]","(4.38,5.11]",87.5,4.74116339365427,2,8,FALSE
MMRd,Myeloid-noDC-noGran,"(85,90]","(5.11,5.84]",87.5,5.47057314652416,2,8,FALSE
MMRd,Tcd8-GZMK,"(85,90]","[0,0.729]",87.5,0.364704876434944,1,8,FALSE
MMRd,Tcd4-CXCL13,"(90,95]","(1.46,2.19]",92.5,1.82352438217472,2,8,FALSE
MMRd,Tcd4-Treg-comb,"(90,95]","(1.46,2.19]",92.5,1.82352438217472,2,8,FALSE
MMRd,Tcd8-HOBIT,"(90,95]","(1.46,2.19]",92.5,1.82352438217472,2,8,FALSE
MMRd,Tcd4-CXCL13,"(90,95]","(2.19,2.92]",92.5,2.55293413504461,2,8,FALSE
MMRd,Tcd4-Treg-comb,"(90,95]","(2.19,2.92]",92.5,2.55293413504461,2,8,FALSE
MMRd,Tcd8-CXCL13-comb,"(90,95]","(2.19,2.92]",92.5,2.55293413504461,2,8,FALSE
MMRd,Tcd8-HOBIT,"(90,95]","(2.19,2.92]",92.5,2.55293413504461,3,8,FALSE
MMRd,Tcd4-Treg-comb,"(90,95]","(2.92,3.65]",92.5,3.2823438879145,3,8,FALSE
MMRd,Tcd8-CXCL13-comb,"(90,95]","(2.92,3.65]",92.5,3.2823438879145,3,8,FALSE
MMRd,Tcd8-GZMK,"(90,95]","(2.92,3.65]",92.5,3.2823438879145,2,8,FALSE
MMRd,Tcd8-HOBIT,"(90,95]","(2.92,3.65]",92.5,3.2823438879145,2,8,FALSE
MMRd,Tcd8-CXCL13-LAG3,"(90,95]","(3.65,4.38]",92.5,4.01175364078438,1,8,FALSE
MMRd,Myeloid-mregDC,"(90,95]","(4.38,5.11]",92.5,4.74116339365427,1,8,FALSE
MMRd,Tcd8-CXCL13-comb,"(90,95]","(4.38,5.11]",92.5,4.74116339365427,1,8,FALSE
MMRd,CD8-all,"(90,95]","(4.38,5.11]",92.5,4.74116339365427,2,8,FALSE
MMRd,Tcd8-HOBIT,"(90,95]","(4.38,5.11]",92.5,4.74116339365427,1,8,FALSE
MMRd,Tcd4-CXCL13,"(90,95]","[0,0.729]",92.5,0.364704876434944,2,8,FALSE
MMRd,Tcd8-CXCL13-comb,"(90,95]","[0,0.729]",92.5,0.364704876434944,2,8,FALSE
MMRd,Tcd8-GZMK,"(90,95]","[0,0.729]",92.5,0.364704876434944,1,8,FALSE
MMRd,Tcd8-HOBIT,"(90,95]","[0,0.729]",92.5,0.364704876434944,2,8,FALSE
MMRd,Tcd8-CXCL13-LAG3,"(95,100]","(2.19,2.92]",97.5,2.55293413504461,3,8,FALSE
MMRd,Tcd8-GZMK,"(95,100]","(2.19,2.92]",97.5,2.55293413504461,2,8,FALSE
MMRd,Tcd8-HOBIT,"(95,100]","(2.19,2.92]",97.5,2.55293413504461,2,8,FALSE
MMRd,Tplzf-gdlike-comb,"(95,100]","(2.19,2.92]",97.5,2.55293413504461,2,8,FALSE
MMRd,Tcd4-CXCL13,"(95,100]","(2.92,3.65]",97.5,3.2823438879145,1,8,FALSE
MMRd,Tcd4-Treg-comb,"(95,100]","(2.92,3.65]",97.5,3.2823438879145,2,8,FALSE
MMRd,Tcd8-CXCL13-LAG3,"(95,100]","(2.92,3.65]",97.5,3.2823438879145,2,8,FALSE
MMRd,Tcd8-GZMK,"(95,100]","(2.92,3.65]",97.5,3.2823438879145,1,8,FALSE
MMRd,Tplzf-gdlike-comb,"(95,100]","(2.92,3.65]",97.5,3.2823438879145,3,8,FALSE
MMRd,Tcd4-Treg-comb,"(95,100]","(3.65,4.38]",97.5,4.01175364078438,2,8,FALSE
MMRd,Myeloid-noDC-noGran,"(95,100]","(5.11,5.84]",97.5,5.47057314652416,1,8,FALSE
MMRd,Tcd8-CXCL13-comb,"(95,100]","(5.11,5.84]",97.5,5.47057314652416,1,8,FALSE
MMRd,CD8-all,"(95,100]","(5.11,5.84]",97.5,5.47057314652416,2,8,FALSE
MMRd,Tcd8-HOBIT,"(95,100]","[0,0.729]",97.5,0.364704876434944,2,8,FALSE
MMRd,Tplzf-gdlike-comb,"(-20,-15]","(0.729,1.46]",-17.5,1.09411462930483,1,8,FALSE
MMRd,Tcd8-CXCL13-comb,"(-45,-40]","(1.46,2.19]",-42.5,1.82352438217472,2,8,FALSE
MMRd,Tcd8-HOBIT,"(-50,-45]","(1.46,2.19]",-47.5,1.82352438217472,2,8,FALSE
MMRd,Tcd8-CXCL13-LAG3,"(-55,-50]","(2.92,3.65]",-52.5,3.2823438879145,2,8,FALSE
MMRd,Tplzf-gdlike-comb,"(-60,-55]","(2.19,2.92]",-57.5,2.55293413504461,2,8,FALSE
MMRd,Tcd8-CXCL13-LAG3,"(-65,-60]","(2.92,3.65]",-62.5,3.2823438879145,1,8,FALSE
MMRd,Tplzf-gdlike-comb,"(-75,-70]","(1.46,2.19]",-72.5,1.82352438217472,2,8,FALSE
MMRd,Tcd8-CXCL13-comb,"(-80,-75]","(1.46,2.19]",-77.5,1.82352438217472,2,8,FALSE
MMRd,Tcd8-CXCL13-LAG3,"(-80,-75]","(2.92,3.65]",-77.5,3.2823438879145,2,8,FALSE
MMRd,Tcd8-CXCL13-LAG3,"(-80,-75]","[0,0.729]",-77.5,0.364704876434944,2,8,FALSE
MMRd,Tcd8-CXCL13-LAG3,"(-85,-80]","[0,0.729]",-82.5,0.364704876434944,1,8,FALSE
MMRd,Tcd8-GZMK,"(20,25]","(0.729,1.46]",22.5,1.09411462930483,1,8,FALSE
MMRd,Tcd4-Treg-comb,"(35,40]","(0.729,1.46]",37.5,1.09411462930483,1,8,FALSE
MMRd,Tcd8-GZMK,"(45,50]","(0.729,1.46]",47.5,1.09411462930483,1,8,FALSE
MMRd,Tcd4-Treg-comb,"(55,60]","(0.729,1.46]",57.5,1.09411462930483,1,8,FALSE
MMRd,Tcd8-HOBIT,"(55,60]","(3.65,4.38]",57.5,4.01175364078438,2,8,FALSE
MMRd,Tcd4-CXCL13,"(60,65]","(0.729,1.46]",62.5,1.09411462930483,1,8,FALSE
MMRd,Tcd4-Treg-comb,"(65,70]","(0.729,1.46]",67.5,1.09411462930483,1,8,FALSE
MMRd,Tcd8-GZMK,"(65,70]","(0.729,1.46]",67.5,1.09411462930483,1,8,FALSE
MMRd,Tplzf-gdlike-comb,"(65,70]","(0.729,1.46]",67.5,1.09411462930483,1,8,FALSE
MMRd,Myeloid-mregDC,"(65,70]","(1.46,2.19]",67.5,1.82352438217472,1,8,FALSE
MMRd,Tcd8-GZMK,"(70,75]","(0.729,1.46]",72.5,1.09411462930483,1,8,FALSE
MMRd,Tcd8-GZMK,"(70,75]","(4.38,5.11]",72.5,4.74116339365427,2,8,FALSE
MMRd,Tcd4-Treg-comb,"(75,80]","(0.729,1.46]",77.5,1.09411462930483,1,8,FALSE
MMRd,Tcd8-CXCL13-comb,"(75,80]","(0.729,1.46]",77.5,1.09411462930483,1,8,FALSE
MMRd,Myeloid-mregDC,"(75,80]","(1.46,2.19]",77.5,1.82352438217472,1,8,FALSE
MMRd,Tcd4-CXCL13,"(75,80]","(2.19,2.92]",77.5,2.55293413504461,2,8,FALSE
MMRd,Tcd8-CXCL13-LAG3,"(75,80]","(3.65,4.38]",77.5,4.01175364078438,2,8,FALSE
MMRd,Tcd8-HOBIT,"(75,80]","(3.65,4.38]",77.5,4.01175364078438,2,8,FALSE
MMRd,Tcd8-CXCL13-LAG3,"(75,80]","(4.38,5.11]",77.5,4.74116339365427,1,8,FALSE
MMRd,Tcd8-HOBIT,"(75,80]","[0,0.729]",77.5,0.364704876434944,1,8,FALSE
MMRd,Myeloid-mregDC,"(80,85]","(1.46,2.19]",82.5,1.82352438217472,1,8,FALSE
MMRd,Tcd8-CXCL13-LAG3,"(80,85]","(1.46,2.19]",82.5,1.82352438217472,1,8,FALSE
MMRd,Tcd8-GZMK,"(80,85]","(1.46,2.19]",82.5,1.82352438217472,1,8,FALSE
MMRd,Tcd4-CXCL13,"(80,85]","(2.19,2.92]",82.5,2.55293413504461,1,8,FALSE
MMRd,Tcd4-CXCL13,"(80,85]","(2.92,3.65]",82.5,3.2823438879145,2,8,FALSE
MMRd,Tcd8-GZMK,"(80,85]","(2.92,3.65]",82.5,3.2823438879145,1,8,FALSE
MMRd,Tcd4-Treg-comb,"(80,85]","(3.65,4.38]",82.5,4.01175364078438,1,8,FALSE
MMRd,Tcd8-CXCL13-LAG3,"(80,85]","(3.65,4.38]",82.5,4.01175364078438,2,8,FALSE
MMRd,Tcd8-CXCL13-comb,"(85,90]","(0.729,1.46]",87.5,1.09411462930483,1,8,FALSE
MMRd,Tcd4-CXCL13,"(85,90]","(1.46,2.19]",87.5,1.82352438217472,1,8,FALSE
MMRd,Tcd4-Treg-comb,"(85,90]","(1.46,2.19]",87.5,1.82352438217472,1,8,FALSE
MMRd,Tcd4-CXCL13,"(85,90]","(2.19,2.92]",87.5,2.55293413504461,1,8,FALSE
MMRd,Tcd8-CXCL13-LAG3,"(85,90]","(2.92,3.65]",87.5,3.2823438879145,1,8,FALSE
MMRd,Tcd8-GZMK,"(85,90]","(2.92,3.65]",87.5,3.2823438879145,1,8,FALSE
MMRd,Tcd4-Treg-comb,"(85,90]","(3.65,4.38]",87.5,4.01175364078438,1,8,FALSE
MMRd,Tcd4-CXCL13,"(85,90]","(4.38,5.11]",87.5,4.74116339365427,2,8,FALSE
MMRd,Tcd4-Treg-comb,"(85,90]","(4.38,5.11]",87.5,4.74116339365427,1,8,FALSE
MMRd,Tcd4-CXCL13,"(90,95]","(0.729,1.46]",92.5,1.09411462930483,1,8,FALSE
MMRd,Tcd8-CXCL13-comb,"(90,95]","(0.729,1.46]",92.5,1.09411462930483,1,8,FALSE
MMRd,Tcd8-CXCL13-LAG3,"(90,95]","(0.729,1.46]",92.5,1.09411462930483,1,8,FALSE
MMRd,Myeloid-mregDC,"(90,95]","(1.46,2.19]",92.5,1.82352438217472,1,8,FALSE
MMRd,Tcd8-CXCL13-LAG3,"(90,95]","(1.46,2.19]",92.5,1.82352438217472,1,8,FALSE
MMRd,Tplzf-gdlike-comb,"(90,95]","(1.46,2.19]",92.5,1.82352438217472,1,8,FALSE
MMRd,Tcd8-GZMK,"(90,95]","(2.19,2.92]",92.5,2.55293413504461,1,8,FALSE
MMRd,Tcd4-Treg-comb,"(90,95]","(3.65,4.38]",92.5,4.01175364078438,1,8,FALSE
MMRd,Tcd8-HOBIT,"(90,95]","(3.65,4.38]",92.5,4.01175364078438,1,8,FALSE
MMRd,Tplzf-gdlike-comb,"(90,95]","(3.65,4.38]",92.5,4.01175364078438,2,8,FALSE
MMRd,Myeloid-mregDC,"(95,100]","(1.46,2.19]",97.5,1.82352438217472,1,8,FALSE
MMRd,Tcd4-CXCL13,"(95,100]","(1.46,2.19]",97.5,1.82352438217472,1,8,FALSE
MMRd,Tcd4-Treg-comb,"(95,100]","(1.46,2.19]",97.5,1.82352438217472,1,8,FALSE
MMRd,Tcd8-CXCL13-comb,"(95,100]","(1.46,2.19]",97.5,1.82352438217472,1,8,FALSE
MMRd,Tcd8-CXCL13-LAG3,"(95,100]","(1.46,2.19]",97.5,1.82352438217472,1,8,FALSE
MMRd,Tcd8-HOBIT,"(95,100]","(1.46,2.19]",97.5,1.82352438217472,1,8,FALSE
MMRd,Tplzf-gdlike-comb,"(95,100]","(1.46,2.19]",97.5,1.82352438217472,1,8,FALSE
MMRd,Tcd4-CXCL13,"(95,100]","(2.19,2.92]",97.5,2.55293413504461,1,8,FALSE
MMRd,Tcd4-Treg-comb,"(95,100]","(2.19,2.92]",97.5,2.55293413504461,1,8,FALSE
MMRd,Myeloid-mregDC,"(95,100]","(2.92,3.65]",97.5,3.2823438879145,1,8,FALSE
MMRd,Tcd8-HOBIT,"(95,100]","(2.92,3.65]",97.5,3.2823438879145,2,8,FALSE
MMRd,Tcd8-CXCL13-LAG3,"(95,100]","(3.65,4.38]",97.5,4.01175364078438,2,8,FALSE
MMRd,Tcd8-GZMK,"(95,100]","(3.65,4.38]",97.5,4.01175364078438,1,8,FALSE
MMRd,Tcd8-HOBIT,"(95,100]","(3.65,4.38]",97.5,4.01175364078438,2,8,FALSE
MMRd,Tplzf-gdlike-comb,"(95,100]","(3.65,4.38]",97.5,4.01175364078438,2,8,FALSE
MMRd,Tplzf-gdlike-comb,"(-25,-20]","(0.729,1.46]",-22.5,1.09411462930483,1,8,FALSE
MMRd,Tcd8-CXCL13-LAG3,"(-30,-25]","(0.729,1.46]",-27.5,1.09411462930483,1,8,FALSE
MMRd,Tplzf-gdlike-comb,"(-35,-30]","(0.729,1.46]",-32.5,1.09411462930483,1,8,FALSE
MMRd,Tcd8-CXCL13-LAG3,"(-35,-30]","(4.38,5.11]",-32.5,4.74116339365427,1,8,FALSE
MMRd,Tcd8-GZMK,"(-45,-40]","(0.729,1.46]",-42.5,1.09411462930483,1,8,FALSE
MMRd,Tcd4-CXCL13,"(-50,-45]","(0.729,1.46]",-47.5,1.09411462930483,1,8,FALSE
MMRd,Tcd8-CXCL13-LAG3,"(-50,-45]","(1.46,2.19]",-47.5,1.82352438217472,1,8,FALSE
MMRd,Tplzf-gdlike-comb,"(-50,-45]","(2.19,2.92]",-47.5,2.55293413504461,1,8,FALSE
MMRd,Tcd8-HOBIT,"(-50,-45]","(2.92,3.65]",-47.5,3.2823438879145,1,8,FALSE
MMRd,Tcd8-CXCL13-LAG3,"(-55,-50]","(2.19,2.92]",-52.5,2.55293413504461,1,8,FALSE
MMRd,Tcd8-CXCL13-LAG3,"(-60,-55]","(2.92,3.65]",-57.5,3.2823438879145,1,8,FALSE
MMRd,Tcd8-CXCL13-comb,"(-65,-60]","(0.729,1.46]",-62.5,1.09411462930483,1,8,FALSE
MMRd,Tplzf-gdlike-comb,"(-65,-60]","(1.46,2.19]",-62.5,1.82352438217472,1,8,FALSE
MMRd,Tcd8-CXCL13-LAG3,"(-65,-60]","(2.19,2.92]",-62.5,2.55293413504461,1,8,FALSE
MMRd,Myeloid-mregDC,"(-70,-65]","(1.46,2.19]",-67.5,1.82352438217472,1,8,FALSE
MMRd,Tcd8-CXCL13-LAG3,"(-70,-65]","(2.92,3.65]",-67.5,3.2823438879145,1,8,FALSE
MMRd,Tcd8-HOBIT,"(-75,-70]","(1.46,2.19]",-72.5,1.82352438217472,1,8,FALSE
MMRd,Tcd8-CXCL13-LAG3,"(-75,-70]","(2.92,3.65]",-72.5,3.2823438879145,1,8,FALSE
MMRd,Tcd8-HOBIT,"(-75,-70]","(2.92,3.65]",-72.5,3.2823438879145,1,8,FALSE
MMRd,Tplzf-gdlike-comb,"(-75,-70]","(2.92,3.65]",-72.5,3.2823438879145,1,8,FALSE
MMRd,Tcd8-HOBIT,"(-75,-70]","(4.38,5.11]",-72.5,4.74116339365427,1,8,FALSE
MMRd,Tcd8-CXCL13-comb,"(-80,-75]","(0.729,1.46]",-77.5,1.09411462930483,1,8,FALSE
MMRd,Tcd8-CXCL13-LAG3,"(-80,-75]","(2.19,2.92]",-77.5,2.55293413504461,1,8,FALSE
MMRd,Tplzf-gdlike-comb,"(-80,-75]","(2.19,2.92]",-77.5,2.55293413504461,1,8,FALSE
MMRd,Tcd4-CXCL13,"(-80,-75]","(2.92,3.65]",-77.5,3.2823438879145,1,8,FALSE
MMRd,Tplzf-gdlike-comb,"(-80,-75]","(2.92,3.65]",-77.5,3.2823438879145,1,8,FALSE
MMRd,Tcd8-CXCL13-LAG3,"(-80,-75]","(3.65,4.38]",-77.5,4.01175364078438,1,8,FALSE
MMRd,Tplzf-gdlike-comb,"(-80,-75]","(3.65,4.38]",-77.5,4.01175364078438,1,8,FALSE
MMRd,Tcd8-HOBIT,"(-85,-80]","(0.729,1.46]",-82.5,1.09411462930483,1,8,FALSE
MMRd,Tplzf-gdlike-comb,"(-85,-80]","(0.729,1.46]",-82.5,1.09411462930483,1,8,FALSE
MMRd,Tcd8-CXCL13-LAG3,"(-85,-80]","(2.19,2.92]",-82.5,2.55293413504461,1,8,FALSE
MMRd,Tcd8-CXCL13-LAG3,"(-85,-80]","(2.92,3.65]",-82.5,3.2823438879145,1,8,FALSE
MMRd,Tcd8-CXCL13-LAG3,"(-85,-80]","(3.65,4.38]",-82.5,4.01175364078438,1,8,FALSE
MMRd,Tcd8-HOBIT,"(-90,-85]","(0.729,1.46]",-87.5,1.09411462930483,1,8,FALSE
MMRd,Tplzf-gdlike-comb,"(-90,-85]","(0.729,1.46]",-87.5,1.09411462930483,1,8,FALSE
MMRd,Tcd8-HOBIT,"(-90,-85]","(1.46,2.19]",-87.5,1.82352438217472,1,8,FALSE
MMRd,Tplzf-gdlike-comb,"(-90,-85]","(1.46,2.19]",-87.5,1.82352438217472,1,8,FALSE
MMRd,Tcd8-CXCL13-comb,"(-90,-85]","(2.19,2.92]",-87.5,2.55293413504461,1,8,FALSE
MMRd,Tcd8-HOBIT,"(-90,-85]","(2.19,2.92]",-87.5,2.55293413504461,1,8,FALSE
MMRd,Tcd8-CXCL13-LAG3,"(-90,-85]","(2.92,3.65]",-87.5,3.2823438879145,1,8,FALSE
MMRd,Tcd4-CXCL13,"(-90,-85]","(3.65,4.38]",-87.5,4.01175364078438,1,8,FALSE
MMRd,Tplzf-gdlike-comb,"(-90,-85]","(3.65,4.38]",-87.5,4.01175364078438,1,8,FALSE
MMRd,Tcd8-CXCL13-comb,"(-90,-85]","(4.38,5.11]",-87.5,4.74116339365427,1,8,FALSE
MMRd,Myeloid-mregDC,"(-95,-90]","(0.729,1.46]",-92.5,1.09411462930483,1,8,FALSE
MMRd,Tcd8-HOBIT,"(-95,-90]","(0.729,1.46]",-92.5,1.09411462930483,1,8,FALSE
MMRd,Tcd8-CXCL13-LAG3,"(-95,-90]","(1.46,2.19]",-92.5,1.82352438217472,1,8,FALSE
MMRd,Tcd8-CXCL13-LAG3,"(-95,-90]","(2.19,2.92]",-92.5,2.55293413504461,1,8,FALSE
MMRd,Tcd8-CXCL13-comb,"(-95,-90]","(2.92,3.65]",-92.5,3.2823438879145,1,8,FALSE
MMRd,Tcd8-CXCL13-LAG3,"(-95,-90]","(2.92,3.65]",-92.5,3.2823438879145,1,8,FALSE
MMRd,Tcd8-GZMK,"(-95,-90]","(2.92,3.65]",-92.5,3.2823438879145,1,8,FALSE
MMRd,Tplzf-gdlike-comb,"(-95,-90]","(2.92,3.65]",-92.5,3.2823438879145,1,8,FALSE
MMRd,Tcd8-HOBIT,"(-95,-90]","(3.65,4.38]",-92.5,4.01175364078438,1,8,FALSE
MMRd,Tplzf-gdlike-comb,"(-95,-90]","(3.65,4.38]",-92.5,4.01175364078438,1,8,FALSE
MMRd,Tcd4-CXCL13,"(10,15]","(5.11,5.84]",12.5,5.47057314652416,1,8,FALSE
MMRd,Tcd8-GZMK,"(10,15]","(5.11,5.84]",12.5,5.47057314652416,1,8,FALSE
MMRd,Tcd8-HOBIT,"(20,25]","(4.38,5.11]",22.5,4.74116339365427,1,8,FALSE
MMRd,Tcd8-CXCL13-LAG3,"(20,25]","(5.11,5.84]",22.5,5.47057314652416,1,8,FALSE
MMRd,Tcd8-GZMK,"(20,25]","(5.11,5.84]",22.5,5.47057314652416,1,8,FALSE
MMRd,Tcd8-HOBIT,"(20,25]","(5.11,5.84]",22.5,5.47057314652416,1,8,FALSE
MMRd,Tcd4-Treg-comb,"(25,30]","(5.11,5.84]",27.5,5.47057314652416,1,8,FALSE
MMRd,Tplzf-gdlike-comb,"(25,30]","(5.11,5.84]",27.5,5.47057314652416,1,8,FALSE
MMRd,Myeloid-ISG,"(25,30]","(5.84,6.56]",27.5,6.19998289939405,1,8,FALSE
MMRd,Tcd4-CXCL13,"(30,35]","(5.11,5.84]",32.5,5.47057314652416,1,8,FALSE
MMRd,Tcd8-CXCL13-LAG3,"(30,35]","(5.11,5.84]",32.5,5.47057314652416,1,8,FALSE
MMRd,Tcd8-GZMK,"(30,35]","(5.11,5.84]",32.5,5.47057314652416,1,8,FALSE
MMRd,Tplzf-gdlike-comb,"(35,40]","(4.38,5.11]",37.5,4.74116339365427,1,8,FALSE
MMRd,Tcd8-GZMK,"(40,45]","(4.38,5.11]",42.5,4.74116339365427,1,8,FALSE
MMRd,Tcd8-CXCL13-LAG3,"(40,45]","(5.11,5.84]",42.5,5.47057314652416,1,8,FALSE
MMRd,CD8-all,"(40,45]","(5.11,5.84]",42.5,5.47057314652416,1,8,FALSE
MMRd,Tcd8-GZMK,"(40,45]","(5.11,5.84]",42.5,5.47057314652416,1,8,FALSE
MMRd,Tcd8-GZMK,"(45,50]","(3.65,4.38]",47.5,4.01175364078438,1,8,FALSE
MMRd,Tcd8-GZMK,"(45,50]","(4.38,5.11]",47.5,4.74116339365427,1,8,FALSE
MMRd,Tcd8-CXCL13-LAG3,"(45,50]","(5.11,5.84]",47.5,5.47057314652416,1,8,FALSE
MMRd,Tcd8-HOBIT,"(50,55]","(4.38,5.11]",52.5,4.74116339365427,1,8,FALSE
MMRd,Myeloid-ISG,"(50,55]","(5.11,5.84]",52.5,5.47057314652416,1,8,FALSE
MMRd,Tcd8-CXCL13-comb,"(50,55]","(5.11,5.84]",52.5,5.47057314652416,1,8,FALSE
MMRd,CD8-all,"(50,55]","(5.11,5.84]",52.5,5.47057314652416,1,8,FALSE
MMRd,Tcd8-CXCL13-LAG3,"(50,55]","(5.11,5.84]",52.5,5.47057314652416,1,8,FALSE
MMRd,Tcd8-GZMK,"(55,60]","(3.65,4.38]",57.5,4.01175364078438,1,8,FALSE
MMRd,Tcd8-GZMK,"(55,60]","(4.38,5.11]",57.5,4.74116339365427,1,8,FALSE
MMRd,Tcd4-CXCL13,"(55,60]","(5.11,5.84]",57.5,5.47057314652416,1,8,FALSE
MMRd,Tcd8-CXCL13-LAG3,"(60,65]","(4.38,5.11]",62.5,4.74116339365427,1,8,FALSE
MMRd,Tcd8-HOBIT,"(60,65]","(4.38,5.11]",62.5,4.74116339365427,1,8,FALSE
MMRd,Tcd4-CXCL13,"(60,65]","(5.11,5.84]",62.5,5.47057314652416,1,8,FALSE
MMRd,Tcd4-Treg-comb,"(65,70]","(4.38,5.11]",67.5,4.74116339365427,1,8,FALSE
MMRd,Tcd8-CXCL13-LAG3,"(65,70]","(4.38,5.11]",67.5,4.74116339365427,1,8,FALSE
MMRd,Tcd8-CXCL13-LAG3,"(65,70]","(5.11,5.84]",67.5,5.47057314652416,1,8,FALSE
MMRd,CD8-all,"(65,70]","(5.11,5.84]",67.5,5.47057314652416,1,8,FALSE
MMRd,Tcd8-CXCL13-LAG3,"(70,75]","(3.65,4.38]",72.5,4.01175364078438,1,8,FALSE
MMRd,Tcd4-Treg-comb,"(70,75]","(4.38,5.11]",72.5,4.74116339365427,1,8,FALSE
MMRd,Tcd8-CXCL13-LAG3,"(70,75]","(4.38,5.11]",72.5,4.74116339365427,1,8,FALSE
MMRd,Tplzf-gdlike-comb,"(70,75]","(4.38,5.11]",72.5,4.74116339365427,1,8,FALSE
MMRd,Tcd4-Treg-comb,"(70,75]","(5.11,5.84]",72.5,5.47057314652416,1,8,FALSE
MMRd,Tcd8-CXCL13-LAG3,"(70,75]","(5.11,5.84]",72.5,5.47057314652416,1,8,FALSE
MMRd,CD8-all,"(70,75]","(5.11,5.84]",72.5,5.47057314652416,1,8,FALSE
MMRd,Tplzf-gdlike-comb,"(75,80]","(4.38,5.11]",77.5,4.74116339365427,1,8,FALSE
MMRd,Tcd8-CXCL13-comb,"(75,80]","(5.11,5.84]",77.5,5.47057314652416,1,8,FALSE
MMRd,CD8-all,"(75,80]","(5.11,5.84]",77.5,5.47057314652416,1,8,FALSE
MMRd,Tcd8-GZMK,"(80,85]","(4.38,5.11]",82.5,4.74116339365427,1,8,FALSE
MMRd,Tcd8-HOBIT,"(85,90]","(4.38,5.11]",87.5,4.74116339365427,1,8,FALSE
MMRd,Tplzf-gdlike-comb,"(85,90]","(4.38,5.11]",87.5,4.74116339365427,1,8,FALSE
MMRd,Tcd4-CXCL13,"(85,90]","(5.11,5.84]",87.5,5.47057314652416,1,8,FALSE
MMRd,Tcd8-CXCL13-LAG3,"(90,95]","(4.38,5.11]",92.5,4.74116339365427,1,8,FALSE
MMRd,Tcd8-GZMK,"(90,95]","(4.38,5.11]",92.5,4.74116339365427,1,8,FALSE
MMRd,Tcd4-CXCL13,"(95,100]","(3.65,4.38]",97.5,4.01175364078438,1,8,FALSE
MMRd,Tcd8-HOBIT,"(95,100]","(4.38,5.11]",97.5,4.74116339365427,1,8,FALSE
MMRd,Tcd8-GZMK,"(95,100]","(5.11,5.84]",97.5,5.47057314652416,1,8,FALSE
MMRd,Tcd8-HOBIT,"[-100,-95]","(0.729,1.46]",-97.5,1.09411462930483,1,8,FALSE
MMRd,CD8-all,"[-100,-95]","(0.729,1.46]",-97.5,1.09411462930483,1,8,FALSE
MMRd,Tcd8-CXCL13-comb,"[-100,-95]","(1.46,2.19]",-97.5,1.82352438217472,1,8,FALSE
MMRd,Tplzf-gdlike-comb,"[-100,-95]","(1.46,2.19]",-97.5,1.82352438217472,1,8,FALSE
MMRd,Tcd8-CXCL13-LAG3,"[-100,-95]","(2.19,2.92]",-97.5,2.55293413504461,1,8,FALSE
MMRd,Tplzf-gdlike-comb,"[-100,-95]","(2.19,2.92]",-97.5,2.55293413504461,1,8,FALSE
MMRd,Tcd8-HOBIT,"[-100,-95]","(2.92,3.65]",-97.5,3.2823438879145,1,8,FALSE
MMRd,Tcd4-CXCL13,"[-100,-95]","(3.65,4.38]",-97.5,4.01175364078438,1,8,FALSE
MMRd,Tcd8-CXCL13-LAG3,"[-100,-95]","(3.65,4.38]",-97.5,4.01175364078438,1,8,FALSE
MMRd,Tplzf-gdlike-comb,"[-100,-95]","(3.65,4.38]",-97.5,4.01175364078438,1,8,FALSE
MMRp,Myeloid-mregDC,"(-10,-5]","(1.46,2.19]",-7.5,1.82352438217472,6,6,TRUE
MMRp,Myeloid-ISG,"(-10,-5]","(1.46,2.19]",-7.5,1.82352438217472,6,6,TRUE
MMRp,Myeloid-noDC-noGran,"(-10,-5]","(1.46,2.19]",-7.5,1.82352438217472,6,6,TRUE
MMRp,Tcd4-Treg-comb,"(-10,-5]","(1.46,2.19]",-7.5,1.82352438217472,6,6,TRUE
MMRp,Tcd8-GZMK,"(-10,-5]","(1.46,2.19]",-7.5,1.82352438217472,4,6,TRUE
MMRp,CD8-all,"(-10,-5]","(1.46,2.19]",-7.5,1.82352438217472,6,6,TRUE
MMRp,Tcd8-HOBIT,"(-10,-5]","(1.46,2.19]",-7.5,1.82352438217472,4,6,TRUE
MMRp,Myeloid-mregDC,"(-10,-5]","(2.19,2.92]",-7.5,2.55293413504461,6,6,TRUE
MMRp,Myeloid-ISG,"(-10,-5]","(2.19,2.92]",-7.5,2.55293413504461,6,6,TRUE
MMRp,Myeloid-noDC-noGran,"(-10,-5]","(2.19,2.92]",-7.5,2.55293413504461,6,6,TRUE
MMRp,Tcd4-CXCL13,"(-10,-5]","(2.19,2.92]",-7.5,2.55293413504461,4,6,TRUE
MMRp,Tcd4-Treg-comb,"(-10,-5]","(2.19,2.92]",-7.5,2.55293413504461,6,6,TRUE
MMRp,Tcd8-CXCL13-comb,"(-10,-5]","(2.19,2.92]",-7.5,2.55293413504461,5,6,TRUE
MMRp,CD8-all,"(-10,-5]","(2.19,2.92]",-7.5,2.55293413504461,6,6,TRUE
MMRp,Tcd8-GZMK,"(-10,-5]","(2.19,2.92]",-7.5,2.55293413504461,5,6,TRUE
MMRp,Myeloid-mregDC,"(-10,-5]","(2.92,3.65]",-7.5,3.2823438879145,6,6,TRUE
MMRp,Myeloid-ISG,"(-10,-5]","(2.92,3.65]",-7.5,3.2823438879145,6,6,TRUE
MMRp,Myeloid-noDC-noGran,"(-10,-5]","(2.92,3.65]",-7.5,3.2823438879145,6,6,TRUE
MMRp,Tcd4-Treg-comb,"(-10,-5]","(2.92,3.65]",-7.5,3.2823438879145,6,6,TRUE
MMRp,Tcd8-CXCL13-comb,"(-10,-5]","(2.92,3.65]",-7.5,3.2823438879145,4,6,TRUE
MMRp,CD8-all,"(-10,-5]","(2.92,3.65]",-7.5,3.2823438879145,5,6,TRUE
MMRp,Tcd8-GZMK,"(-10,-5]","(2.92,3.65]",-7.5,3.2823438879145,3,6,TRUE
MMRp,Tcd8-HOBIT,"(-10,-5]","(2.92,3.65]",-7.5,3.2823438879145,3,6,TRUE
MMRp,Tplzf-gdlike-comb,"(-10,-5]","(2.92,3.65]",-7.5,3.2823438879145,4,6,TRUE
MMRp,Myeloid-mregDC,"(-10,-5]","(3.65,4.38]",-7.5,4.01175364078438,5,6,TRUE
MMRp,Myeloid-ISG,"(-10,-5]","(3.65,4.38]",-7.5,4.01175364078438,6,6,TRUE
MMRp,Myeloid-noDC-noGran,"(-10,-5]","(3.65,4.38]",-7.5,4.01175364078438,6,6,TRUE
MMRp,Tcd4-CXCL13,"(-10,-5]","(3.65,4.38]",-7.5,4.01175364078438,3,6,TRUE
MMRp,Tcd4-Treg-comb,"(-10,-5]","(3.65,4.38]",-7.5,4.01175364078438,4,6,TRUE
MMRp,Tcd8-CXCL13-comb,"(-10,-5]","(3.65,4.38]",-7.5,4.01175364078438,3,6,TRUE
MMRp,CD8-all,"(-10,-5]","(3.65,4.38]",-7.5,4.01175364078438,4,6,TRUE
MMRp,Tcd8-CXCL13-LAG3,"(-10,-5]","(3.65,4.38]",-7.5,4.01175364078438,3,6,TRUE
MMRp,Tcd8-GZMK,"(-10,-5]","(3.65,4.38]",-7.5,4.01175364078438,3,6,TRUE
MMRp,Tcd8-HOBIT,"(-10,-5]","(3.65,4.38]",-7.5,4.01175364078438,4,6,TRUE
MMRp,Tplzf-gdlike-comb,"(-10,-5]","(3.65,4.38]",-7.5,4.01175364078438,3,6,TRUE
MMRp,Myeloid-mregDC,"(-10,-5]","(4.38,5.11]",-7.5,4.74116339365427,4,6,TRUE
MMRp,Myeloid-ISG,"(-10,-5]","(4.38,5.11]",-7.5,4.74116339365427,4,6,TRUE
MMRp,Myeloid-noDC-noGran,"(-10,-5]","(4.38,5.11]",-7.5,4.74116339365427,4,6,TRUE
MMRp,Tcd4-CXCL13,"(-10,-5]","(4.38,5.11]",-7.5,4.74116339365427,3,6,TRUE
MMRp,Tcd4-Treg-comb,"(-10,-5]","(4.38,5.11]",-7.5,4.74116339365427,4,6,TRUE
MMRp,Tcd8-CXCL13-LAG3,"(-10,-5]","(4.38,5.11]",-7.5,4.74116339365427,2,6,FALSE
MMRp,CD8-all,"(-10,-5]","(4.38,5.11]",-7.5,4.74116339365427,4,6,TRUE
MMRp,Tcd8-HOBIT,"(-10,-5]","(4.38,5.11]",-7.5,4.74116339365427,3,6,TRUE
MMRp,Tplzf-gdlike-comb,"(-10,-5]","(4.38,5.11]",-7.5,4.74116339365427,3,6,TRUE
MMRp,Myeloid-mregDC,"(-10,-5]","(5.11,5.84]",-7.5,5.47057314652416,3,6,TRUE
MMRp,Myeloid-ISG,"(-10,-5]","(5.11,5.84]",-7.5,5.47057314652416,4,6,TRUE
MMRp,Myeloid-noDC-noGran,"(-10,-5]","(5.11,5.84]",-7.5,5.47057314652416,4,6,TRUE
MMRp,Tcd8-GZMK,"(-10,-5]","(5.11,5.84]",-7.5,5.47057314652416,1,6,FALSE
MMRp,CD8-all,"(-10,-5]","(5.11,5.84]",-7.5,5.47057314652416,3,6,TRUE
MMRp,Myeloid-mregDC,"(-10,-5]","[0,0.729]",-7.5,0.364704876434944,6,6,TRUE
MMRp,Myeloid-ISG,"(-10,-5]","[0,0.729]",-7.5,0.364704876434944,6,6,TRUE
MMRp,Myeloid-noDC-noGran,"(-10,-5]","[0,0.729]",-7.5,0.364704876434944,6,6,TRUE
MMRp,Tcd4-CXCL13,"(-10,-5]","[0,0.729]",-7.5,0.364704876434944,6,6,TRUE
MMRp,Tcd4-Treg-comb,"(-10,-5]","[0,0.729]",-7.5,0.364704876434944,6,6,TRUE
MMRp,Tplzf-gdlike-comb,"(-10,-5]","[0,0.729]",-7.5,0.364704876434944,6,6,TRUE
MMRp,Myeloid-mregDC,"(-15,-10]","(1.46,2.19]",-12.5,1.82352438217472,6,6,TRUE
MMRp,Myeloid-ISG,"(-15,-10]","(1.46,2.19]",-12.5,1.82352438217472,6,6,TRUE
MMRp,Myeloid-noDC-noGran,"(-15,-10]","(1.46,2.19]",-12.5,1.82352438217472,6,6,TRUE
MMRp,Tcd4-Treg-comb,"(-15,-10]","(1.46,2.19]",-12.5,1.82352438217472,6,6,TRUE
MMRp,Myeloid-mregDC,"(-15,-10]","(2.19,2.92]",-12.5,2.55293413504461,6,6,TRUE
MMRp,Myeloid-ISG,"(-15,-10]","(2.19,2.92]",-12.5,2.55293413504461,6,6,TRUE
MMRp,Myeloid-noDC-noGran,"(-15,-10]","(2.19,2.92]",-12.5,2.55293413504461,6,6,TRUE
MMRp,Tcd4-Treg-comb,"(-15,-10]","(2.19,2.92]",-12.5,2.55293413504461,6,6,TRUE
MMRp,Tcd8-CXCL13-comb,"(-15,-10]","(2.19,2.92]",-12.5,2.55293413504461,4,6,TRUE
MMRp,CD8-all,"(-15,-10]","(2.19,2.92]",-12.5,2.55293413504461,6,6,TRUE
MMRp,Tcd8-GZMK,"(-15,-10]","(2.19,2.92]",-12.5,2.55293413504461,5,6,TRUE
MMRp,Myeloid-mregDC,"(-15,-10]","(2.92,3.65]",-12.5,3.2823438879145,6,6,TRUE
MMRp,Myeloid-ISG,"(-15,-10]","(2.92,3.65]",-12.5,3.2823438879145,6,6,TRUE
MMRp,Myeloid-noDC-noGran,"(-15,-10]","(2.92,3.65]",-12.5,3.2823438879145,6,6,TRUE
MMRp,Tcd4-CXCL13,"(-15,-10]","(2.92,3.65]",-12.5,3.2823438879145,3,6,TRUE
MMRp,Tcd4-Treg-comb,"(-15,-10]","(2.92,3.65]",-12.5,3.2823438879145,5,6,TRUE
MMRp,Tcd8-CXCL13-comb,"(-15,-10]","(2.92,3.65]",-12.5,3.2823438879145,4,6,TRUE
MMRp,CD8-all,"(-15,-10]","(2.92,3.65]",-12.5,3.2823438879145,6,6,TRUE
MMRp,Myeloid-mregDC,"(-15,-10]","(3.65,4.38]",-12.5,4.01175364078438,3,6,TRUE
MMRp,Myeloid-ISG,"(-15,-10]","(3.65,4.38]",-12.5,4.01175364078438,5,6,TRUE
MMRp,Myeloid-noDC-noGran,"(-15,-10]","(3.65,4.38]",-12.5,4.01175364078438,6,6,TRUE
MMRp,Tcd4-CXCL13,"(-15,-10]","(3.65,4.38]",-12.5,4.01175364078438,3,6,TRUE
MMRp,Tcd4-Treg-comb,"(-15,-10]","(3.65,4.38]",-12.5,4.01175364078438,3,6,TRUE
MMRp,Tcd8-CXCL13-comb,"(-15,-10]","(3.65,4.38]",-12.5,4.01175364078438,4,6,TRUE
MMRp,CD8-all,"(-15,-10]","(3.65,4.38]",-12.5,4.01175364078438,4,6,TRUE
MMRp,Tcd8-GZMK,"(-15,-10]","(3.65,4.38]",-12.5,4.01175364078438,3,6,TRUE
MMRp,Tcd8-HOBIT,"(-15,-10]","(3.65,4.38]",-12.5,4.01175364078438,3,6,TRUE
MMRp,Tplzf-gdlike-comb,"(-15,-10]","(3.65,4.38]",-12.5,4.01175364078438,3,6,TRUE
MMRp,Myeloid-mregDC,"(-15,-10]","(4.38,5.11]",-12.5,4.74116339365427,4,6,TRUE
MMRp,Myeloid-ISG,"(-15,-10]","(4.38,5.11]",-12.5,4.74116339365427,4,6,TRUE
MMRp,Myeloid-noDC-noGran,"(-15,-10]","(4.38,5.11]",-12.5,4.74116339365427,4,6,TRUE
MMRp,Tcd4-CXCL13,"(-15,-10]","(4.38,5.11]",-12.5,4.74116339365427,3,6,TRUE
MMRp,Tcd4-Treg-comb,"(-15,-10]","(4.38,5.11]",-12.5,4.74116339365427,3,6,TRUE
MMRp,Tcd8-HOBIT,"(-15,-10]","(4.38,5.11]",-12.5,4.74116339365427,1,6,FALSE
MMRp,CD8-all,"(-15,-10]","(4.38,5.11]",-12.5,4.74116339365427,4,6,TRUE
MMRp,Myeloid-mregDC,"(-15,-10]","(5.11,5.84]",-12.5,5.47057314652416,3,6,TRUE
MMRp,Myeloid-ISG,"(-15,-10]","(5.11,5.84]",-12.5,5.47057314652416,4,6,TRUE
MMRp,Myeloid-noDC-noGran,"(-15,-10]","(5.11,5.84]",-12.5,5.47057314652416,4,6,TRUE
MMRp,Tcd4-Treg-comb,"(-15,-10]","(5.11,5.84]",-12.5,5.47057314652416,3,6,TRUE
MMRp,Myeloid-mregDC,"(-15,-10]","[0,0.729]",-12.5,0.364704876434944,6,6,TRUE
MMRp,Myeloid-ISG,"(-15,-10]","[0,0.729]",-12.5,0.364704876434944,6,6,TRUE
MMRp,Myeloid-noDC-noGran,"(-15,-10]","[0,0.729]",-12.5,0.364704876434944,6,6,TRUE
MMRp,Tcd4-Treg-comb,"(-15,-10]","[0,0.729]",-12.5,0.364704876434944,6,6,TRUE
MMRp,Tcd8-CXCL13-comb,"(-15,-10]","[0,0.729]",-12.5,0.364704876434944,5,6,TRUE
MMRp,CD8-all,"(-15,-10]","[0,0.729]",-12.5,0.364704876434944,6,6,TRUE
MMRp,Myeloid-mregDC,"(-20,-15]","(1.46,2.19]",-17.5,1.82352438217472,6,6,TRUE
MMRp,Myeloid-ISG,"(-20,-15]","(1.46,2.19]",-17.5,1.82352438217472,5,6,TRUE
MMRp,Myeloid-noDC-noGran,"(-20,-15]","(1.46,2.19]",-17.5,1.82352438217472,6,6,TRUE
MMRp,Tcd4-Treg-comb,"(-20,-15]","(1.46,2.19]",-17.5,1.82352438217472,6,6,TRUE
MMRp,Myeloid-mregDC,"(-20,-15]","(2.19,2.92]",-17.5,2.55293413504461,6,6,TRUE
MMRp,Myeloid-ISG,"(-20,-15]","(2.19,2.92]",-17.5,2.55293413504461,6,6,TRUE
MMRp,Myeloid-noDC-noGran,"(-20,-15]","(2.19,2.92]",-17.5,2.55293413504461,6,6,TRUE
MMRp,Tcd4-CXCL13,"(-20,-15]","(2.19,2.92]",-17.5,2.55293413504461,3,6,TRUE
MMRp,Tcd4-Treg-comb,"(-20,-15]","(2.19,2.92]",-17.5,2.55293413504461,6,6,TRUE
MMRp,Tcd8-CXCL13-comb,"(-20,-15]","(2.19,2.92]",-17.5,2.55293413504461,4,6,TRUE
MMRp,CD8-all,"(-20,-15]","(2.19,2.92]",-17.5,2.55293413504461,6,6,TRUE
MMRp,Tcd8-GZMK,"(-20,-15]","(2.19,2.92]",-17.5,2.55293413504461,4,6,TRUE
MMRp,Myeloid-mregDC,"(-20,-15]","(2.92,3.65]",-17.5,3.2823438879145,6,6,TRUE
MMRp,Myeloid-ISG,"(-20,-15]","(2.92,3.65]",-17.5,3.2823438879145,6,6,TRUE
MMRp,Myeloid-noDC-noGran,"(-20,-15]","(2.92,3.65]",-17.5,3.2823438879145,6,6,TRUE
MMRp,Tcd4-Treg-comb,"(-20,-15]","(2.92,3.65]",-17.5,3.2823438879145,6,6,TRUE
MMRp,Tcd8-CXCL13-comb,"(-20,-15]","(2.92,3.65]",-17.5,3.2823438879145,4,6,TRUE
MMRp,CD8-all,"(-20,-15]","(2.92,3.65]",-17.5,3.2823438879145,5,6,TRUE
MMRp,Tcd8-CXCL13-LAG3,"(-20,-15]","(2.92,3.65]",-17.5,3.2823438879145,2,6,FALSE
MMRp,Tcd8-GZMK,"(-20,-15]","(2.92,3.65]",-17.5,3.2823438879145,3,6,TRUE
MMRp,Tcd8-HOBIT,"(-20,-15]","(2.92,3.65]",-17.5,3.2823438879145,3,6,TRUE
MMRp,Tplzf-gdlike-comb,"(-20,-15]","(2.92,3.65]",-17.5,3.2823438879145,3,6,TRUE
MMRp,Myeloid-mregDC,"(-20,-15]","(3.65,4.38]",-17.5,4.01175364078438,4,6,TRUE
MMRp,Myeloid-ISG,"(-20,-15]","(3.65,4.38]",-17.5,4.01175364078438,5,6,TRUE
MMRp,Myeloid-noDC-noGran,"(-20,-15]","(3.65,4.38]",-17.5,4.01175364078438,5,6,TRUE
MMRp,Tcd4-Treg-comb,"(-20,-15]","(3.65,4.38]",-17.5,4.01175364078438,4,6,TRUE
MMRp,Myeloid-mregDC,"(-20,-15]","(4.38,5.11]",-17.5,4.74116339365427,3,6,TRUE
MMRp,Myeloid-ISG,"(-20,-15]","(4.38,5.11]",-17.5,4.74116339365427,4,6,TRUE
MMRp,Myeloid-noDC-noGran,"(-20,-15]","(4.38,5.11]",-17.5,4.74116339365427,4,6,TRUE
MMRp,Tcd4-Treg-comb,"(-20,-15]","(4.38,5.11]",-17.5,4.74116339365427,3,6,TRUE
MMRp,Tcd8-GZMK,"(-20,-15]","(4.38,5.11]",-17.5,4.74116339365427,3,6,TRUE
MMRp,CD8-all,"(-20,-15]","(4.38,5.11]",-17.5,4.74116339365427,3,6,TRUE
MMRp,Tcd8-HOBIT,"(-20,-15]","(4.38,5.11]",-17.5,4.74116339365427,3,6,TRUE
MMRp,Myeloid-mregDC,"(-20,-15]","(5.11,5.84]",-17.5,5.47057314652416,2,6,FALSE
MMRp,Myeloid-ISG,"(-20,-15]","(5.11,5.84]",-17.5,5.47057314652416,3,6,TRUE
MMRp,Myeloid-noDC-noGran,"(-20,-15]","(5.11,5.84]",-17.5,5.47057314652416,3,6,TRUE
MMRp,Myeloid-mregDC,"(-20,-15]","[0,0.729]",-17.5,0.364704876434944,6,6,TRUE
MMRp,Myeloid-ISG,"(-20,-15]","[0,0.729]",-17.5,0.364704876434944,6,6,TRUE
MMRp,Myeloid-noDC-noGran,"(-20,-15]","[0,0.729]",-17.5,0.364704876434944,6,6,TRUE
MMRp,Tcd4-Treg-comb,"(-20,-15]","[0,0.729]",-17.5,0.364704876434944,6,6,TRUE
MMRp,Tcd8-CXCL13-comb,"(-20,-15]","[0,0.729]",-17.5,0.364704876434944,6,6,TRUE
MMRp,CD8-all,"(-20,-15]","[0,0.729]",-17.5,0.364704876434944,6,6,TRUE
MMRp,Myeloid-mregDC,"(-25,-20]","(1.46,2.19]",-22.5,1.82352438217472,6,6,TRUE
MMRp,Myeloid-ISG,"(-25,-20]","(1.46,2.19]",-22.5,1.82352438217472,6,6,TRUE
MMRp,Myeloid-noDC-noGran,"(-25,-20]","(1.46,2.19]",-22.5,1.82352438217472,6,6,TRUE
MMRp,Tcd4-Treg-comb,"(-25,-20]","(1.46,2.19]",-22.5,1.82352438217472,6,6,TRUE
MMRp,Myeloid-mregDC,"(-25,-20]","(2.19,2.92]",-22.5,2.55293413504461,6,6,TRUE
MMRp,Myeloid-ISG,"(-25,-20]","(2.19,2.92]",-22.5,2.55293413504461,6,6,TRUE
MMRp,Myeloid-noDC-noGran,"(-25,-20]","(2.19,2.92]",-22.5,2.55293413504461,6,6,TRUE
MMRp,Tcd4-CXCL13,"(-25,-20]","(2.19,2.92]",-22.5,2.55293413504461,4,6,TRUE
MMRp,Tcd4-Treg-comb,"(-25,-20]","(2.19,2.92]",-22.5,2.55293413504461,6,6,TRUE
MMRp,Tcd8-CXCL13-comb,"(-25,-20]","(2.19,2.92]",-22.5,2.55293413504461,5,6,TRUE
MMRp,CD8-all,"(-25,-20]","(2.19,2.92]",-22.5,2.55293413504461,5,6,TRUE
MMRp,Tcd8-GZMK,"(-25,-20]","(2.19,2.92]",-22.5,2.55293413504461,4,6,TRUE
MMRp,Myeloid-mregDC,"(-25,-20]","(2.92,3.65]",-22.5,3.2823438879145,6,6,TRUE
MMRp,Myeloid-ISG,"(-25,-20]","(2.92,3.65]",-22.5,3.2823438879145,5,6,TRUE
MMRp,Myeloid-noDC-noGran,"(-25,-20]","(2.92,3.65]",-22.5,3.2823438879145,6,6,TRUE
MMRp,Tcd4-Treg-comb,"(-25,-20]","(2.92,3.65]",-22.5,3.2823438879145,4,6,TRUE
MMRp,Tcd8-CXCL13-comb,"(-25,-20]","(2.92,3.65]",-22.5,3.2823438879145,4,6,TRUE
MMRp,CD8-all,"(-25,-20]","(2.92,3.65]",-22.5,3.2823438879145,4,6,TRUE
MMRp,Tcd8-CXCL13-LAG3,"(-25,-20]","(2.92,3.65]",-22.5,3.2823438879145,1,6,FALSE
MMRp,Tcd8-HOBIT,"(-25,-20]","(2.92,3.65]",-22.5,3.2823438879145,4,6,TRUE
MMRp,Tplzf-gdlike-comb,"(-25,-20]","(2.92,3.65]",-22.5,3.2823438879145,3,6,TRUE
MMRp,Myeloid-mregDC,"(-25,-20]","(3.65,4.38]",-22.5,4.01175364078438,3,6,TRUE
MMRp,Myeloid-ISG,"(-25,-20]","(3.65,4.38]",-22.5,4.01175364078438,5,6,TRUE
MMRp,Myeloid-noDC-noGran,"(-25,-20]","(3.65,4.38]",-22.5,4.01175364078438,5,6,TRUE
MMRp,Tcd4-CXCL13,"(-25,-20]","(3.65,4.38]",-22.5,4.01175364078438,3,6,TRUE
MMRp,Tcd4-Treg-comb,"(-25,-20]","(3.65,4.38]",-22.5,4.01175364078438,4,6,TRUE
MMRp,Tcd8-CXCL13-comb,"(-25,-20]","(3.65,4.38]",-22.5,4.01175364078438,4,6,TRUE
MMRp,CD8-all,"(-25,-20]","(3.65,4.38]",-22.5,4.01175364078438,4,6,TRUE
MMRp,Tcd8-GZMK,"(-25,-20]","(3.65,4.38]",-22.5,4.01175364078438,3,6,TRUE
MMRp,Tcd8-HOBIT,"(-25,-20]","(3.65,4.38]",-22.5,4.01175364078438,1,6,FALSE
MMRp,Tplzf-gdlike-comb,"(-25,-20]","(3.65,4.38]",-22.5,4.01175364078438,4,6,TRUE
MMRp,Myeloid-mregDC,"(-25,-20]","(4.38,5.11]",-22.5,4.74116339365427,4,6,TRUE
MMRp,Myeloid-ISG,"(-25,-20]","(4.38,5.11]",-22.5,4.74116339365427,4,6,TRUE
MMRp,Myeloid-noDC-noGran,"(-25,-20]","(4.38,5.11]",-22.5,4.74116339365427,4,6,TRUE
MMRp,Tcd4-Treg-comb,"(-25,-20]","(4.38,5.11]",-22.5,4.74116339365427,4,6,TRUE
MMRp,Myeloid-mregDC,"(-25,-20]","(5.11,5.84]",-22.5,5.47057314652416,2,6,FALSE
MMRp,Myeloid-ISG,"(-25,-20]","(5.11,5.84]",-22.5,5.47057314652416,2,6,FALSE
MMRp,Myeloid-noDC-noGran,"(-25,-20]","(5.11,5.84]",-22.5,5.47057314652416,2,6,FALSE
MMRp,Myeloid-mregDC,"(-25,-20]","[0,0.729]",-22.5,0.364704876434944,6,6,TRUE
MMRp,Myeloid-ISG,"(-25,-20]","[0,0.729]",-22.5,0.364704876434944,6,6,TRUE
MMRp,Myeloid-noDC-noGran,"(-25,-20]","[0,0.729]",-22.5,0.364704876434944,6,6,TRUE
MMRp,Tcd4-CXCL13,"(-25,-20]","[0,0.729]",-22.5,0.364704876434944,6,6,TRUE
MMRp,Tcd4-Treg-comb,"(-25,-20]","[0,0.729]",-22.5,0.364704876434944,6,6,TRUE
MMRp,Tcd8-CXCL13-comb,"(-25,-20]","[0,0.729]",-22.5,0.364704876434944,5,6,TRUE
MMRp,CD8-all,"(-25,-20]","[0,0.729]",-22.5,0.364704876434944,5,6,TRUE
MMRp,Tcd8-GZMK,"(-25,-20]","[0,0.729]",-22.5,0.364704876434944,5,6,TRUE
MMRp,Myeloid-mregDC,"(-30,-25]","(1.46,2.19]",-27.5,1.82352438217472,6,6,TRUE
MMRp,Myeloid-ISG,"(-30,-25]","(1.46,2.19]",-27.5,1.82352438217472,4,6,TRUE
MMRp,Myeloid-noDC-noGran,"(-30,-25]","(1.46,2.19]",-27.5,1.82352438217472,6,6,TRUE
MMRp,Tcd4-CXCL13,"(-30,-25]","(1.46,2.19]",-27.5,1.82352438217472,5,6,TRUE
MMRp,Tcd8-HOBIT,"(-30,-25]","(1.46,2.19]",-27.5,1.82352438217472,4,6,TRUE
MMRp,CD8-all,"(-30,-25]","(1.46,2.19]",-27.5,1.82352438217472,5,6,TRUE
MMRp,Myeloid-mregDC,"(-30,-25]","(2.19,2.92]",-27.5,2.55293413504461,6,6,TRUE
MMRp,Myeloid-ISG,"(-30,-25]","(2.19,2.92]",-27.5,2.55293413504461,6,6,TRUE
MMRp,Myeloid-noDC-noGran,"(-30,-25]","(2.19,2.92]",-27.5,2.55293413504461,6,6,TRUE
MMRp,Tcd4-CXCL13,"(-30,-25]","(2.19,2.92]",-27.5,2.55293413504461,3,6,TRUE
MMRp,Tcd4-Treg-comb,"(-30,-25]","(2.19,2.92]",-27.5,2.55293413504461,5,6,TRUE
MMRp,Tcd8-GZMK,"(-30,-25]","(2.19,2.92]",-27.5,2.55293413504461,3,6,TRUE
MMRp,CD8-all,"(-30,-25]","(2.19,2.92]",-27.5,2.55293413504461,5,6,TRUE
MMRp,Tcd8-HOBIT,"(-30,-25]","(2.19,2.92]",-27.5,2.55293413504461,3,6,TRUE
MMRp,Myeloid-mregDC,"(-30,-25]","(2.92,3.65]",-27.5,3.2823438879145,3,6,TRUE
MMRp,Myeloid-ISG,"(-30,-25]","(2.92,3.65]",-27.5,3.2823438879145,4,6,TRUE
MMRp,Myeloid-noDC-noGran,"(-30,-25]","(2.92,3.65]",-27.5,3.2823438879145,5,6,TRUE
MMRp,Tcd4-CXCL13,"(-30,-25]","(2.92,3.65]",-27.5,3.2823438879145,3,6,TRUE
MMRp,Tcd4-Treg-comb,"(-30,-25]","(2.92,3.65]",-27.5,3.2823438879145,4,6,TRUE
MMRp,Tcd8-CXCL13-comb,"(-30,-25]","(2.92,3.65]",-27.5,3.2823438879145,2,6,FALSE
MMRp,CD8-all,"(-30,-25]","(2.92,3.65]",-27.5,3.2823438879145,3,6,TRUE
MMRp,Tcd8-HOBIT,"(-30,-25]","(2.92,3.65]",-27.5,3.2823438879145,2,6,FALSE
MMRp,Myeloid-mregDC,"(-30,-25]","(3.65,4.38]",-27.5,4.01175364078438,3,6,TRUE
MMRp,Myeloid-ISG,"(-30,-25]","(3.65,4.38]",-27.5,4.01175364078438,5,6,TRUE
MMRp,Myeloid-noDC-noGran,"(-30,-25]","(3.65,4.38]",-27.5,4.01175364078438,5,6,TRUE
MMRp,Tcd4-CXCL13,"(-30,-25]","(3.65,4.38]",-27.5,4.01175364078438,4,6,TRUE
MMRp,Tcd4-Treg-comb,"(-30,-25]","(3.65,4.38]",-27.5,4.01175364078438,3,6,TRUE
MMRp,Tcd8-CXCL13-comb,"(-30,-25]","(3.65,4.38]",-27.5,4.01175364078438,4,6,TRUE
MMRp,CD8-all,"(-30,-25]","(3.65,4.38]",-27.5,4.01175364078438,4,6,TRUE
MMRp,Myeloid-mregDC,"(-30,-25]","(4.38,5.11]",-27.5,4.74116339365427,2,6,FALSE
MMRp,Myeloid-ISG,"(-30,-25]","(4.38,5.11]",-27.5,4.74116339365427,4,6,TRUE
MMRp,Myeloid-noDC-noGran,"(-30,-25]","(4.38,5.11]",-27.5,4.74116339365427,4,6,TRUE
MMRp,Tcd4-CXCL13,"(-30,-25]","(4.38,5.11]",-27.5,4.74116339365427,2,6,FALSE
MMRp,Tcd4-Treg-comb,"(-30,-25]","(4.38,5.11]",-27.5,4.74116339365427,2,6,FALSE
MMRp,Myeloid-ISG,"(-30,-25]","(5.11,5.84]",-27.5,5.47057314652416,3,6,TRUE
MMRp,Myeloid-noDC-noGran,"(-30,-25]","(5.11,5.84]",-27.5,5.47057314652416,3,6,TRUE
MMRp,Myeloid-mregDC,"(-30,-25]","[0,0.729]",-27.5,0.364704876434944,6,6,TRUE
MMRp,Myeloid-ISG,"(-30,-25]","[0,0.729]",-27.5,0.364704876434944,6,6,TRUE
MMRp,Myeloid-noDC-noGran,"(-30,-25]","[0,0.729]",-27.5,0.364704876434944,6,6,TRUE
MMRp,Tcd4-Treg-comb,"(-30,-25]","[0,0.729]",-27.5,0.364704876434944,6,6,TRUE
MMRp,Tcd8-GZMK,"(-30,-25]","[0,0.729]",-27.5,0.364704876434944,4,6,TRUE
MMRp,CD8-all,"(-30,-25]","[0,0.729]",-27.5,0.364704876434944,6,6,TRUE
MMRp,Tcd8-HOBIT,"(-30,-25]","[0,0.729]",-27.5,0.364704876434944,6,6,TRUE
MMRp,Tplzf-gdlike-comb,"(-30,-25]","[0,0.729]",-27.5,0.364704876434944,5,6,TRUE
MMRp,Myeloid-ISG,"(-35,-30]","(1.46,2.19]",-32.5,1.82352438217472,5,6,TRUE
MMRp,Myeloid-noDC-noGran,"(-35,-30]","(1.46,2.19]",-32.5,1.82352438217472,6,6,TRUE
MMRp,Tcd8-HOBIT,"(-35,-30]","(1.46,2.19]",-32.5,1.82352438217472,3,6,TRUE
MMRp,CD8-all,"(-35,-30]","(1.46,2.19]",-32.5,1.82352438217472,4,6,TRUE
MMRp,Myeloid-mregDC,"(-35,-30]","(2.19,2.92]",-32.5,2.55293413504461,5,6,TRUE
MMRp,Myeloid-ISG,"(-35,-30]","(2.19,2.92]",-32.5,2.55293413504461,5,6,TRUE
MMRp,Myeloid-noDC-noGran,"(-35,-30]","(2.19,2.92]",-32.5,2.55293413504461,6,6,TRUE
MMRp,Tcd4-Treg-comb,"(-35,-30]","(2.19,2.92]",-32.5,2.55293413504461,5,6,TRUE
MMRp,Tcd8-CXCL13-comb,"(-35,-30]","(2.19,2.92]",-32.5,2.55293413504461,3,6,TRUE
MMRp,CD8-all,"(-35,-30]","(2.19,2.92]",-32.5,2.55293413504461,3,6,TRUE
MMRp,Tcd8-GZMK,"(-35,-30]","(2.19,2.92]",-32.5,2.55293413504461,3,6,TRUE
MMRp,Myeloid-mregDC,"(-35,-30]","(2.92,3.65]",-32.5,3.2823438879145,4,6,TRUE
MMRp,Myeloid-ISG,"(-35,-30]","(2.92,3.65]",-32.5,3.2823438879145,4,6,TRUE
MMRp,Myeloid-noDC-noGran,"(-35,-30]","(2.92,3.65]",-32.5,3.2823438879145,4,6,TRUE
MMRp,Tcd4-Treg-comb,"(-35,-30]","(2.92,3.65]",-32.5,3.2823438879145,3,6,TRUE
MMRp,Tcd8-CXCL13-comb,"(-35,-30]","(2.92,3.65]",-32.5,3.2823438879145,3,6,TRUE
MMRp,CD8-all,"(-35,-30]","(2.92,3.65]",-32.5,3.2823438879145,3,6,TRUE
MMRp,Tplzf-gdlike-comb,"(-35,-30]","(2.92,3.65]",-32.5,3.2823438879145,3,6,TRUE
MMRp,Myeloid-mregDC,"(-35,-30]","(3.65,4.38]",-32.5,4.01175364078438,3,6,TRUE
MMRp,Myeloid-ISG,"(-35,-30]","(3.65,4.38]",-32.5,4.01175364078438,4,6,TRUE
MMRp,Myeloid-noDC-noGran,"(-35,-30]","(3.65,4.38]",-32.5,4.01175364078438,4,6,TRUE
MMRp,Tcd4-Treg-comb,"(-35,-30]","(3.65,4.38]",-32.5,4.01175364078438,3,6,TRUE
MMRp,Myeloid-ISG,"(-35,-30]","(4.38,5.11]",-32.5,4.74116339365427,4,6,TRUE
MMRp,Myeloid-noDC-noGran,"(-35,-30]","(4.38,5.11]",-32.5,4.74116339365427,4,6,TRUE
MMRp,Tcd8-GZMK,"(-35,-30]","(4.38,5.11]",-32.5,4.74116339365427,2,6,FALSE
MMRp,CD8-all,"(-35,-30]","(4.38,5.11]",-32.5,4.74116339365427,2,6,FALSE
MMRp,Myeloid-mregDC,"(-35,-30]","(5.11,5.84]",-32.5,5.47057314652416,3,6,TRUE
MMRp,Myeloid-ISG,"(-35,-30]","(5.11,5.84]",-32.5,5.47057314652416,3,6,TRUE
MMRp,Myeloid-noDC-noGran,"(-35,-30]","(5.11,5.84]",-32.5,5.47057314652416,3,6,TRUE
MMRp,Myeloid-ISG,"(-35,-30]","[0,0.729]",-32.5,0.364704876434944,6,6,TRUE
MMRp,Myeloid-noDC-noGran,"(-35,-30]","[0,0.729]",-32.5,0.364704876434944,6,6,TRUE
MMRp,Tcd4-CXCL13,"(-35,-30]","[0,0.729]",-32.5,0.364704876434944,6,6,TRUE
MMRp,Tcd4-Treg-comb,"(-35,-30]","[0,0.729]",-32.5,0.364704876434944,6,6,TRUE
MMRp,Tcd8-CXCL13-comb,"(-35,-30]","[0,0.729]",-32.5,0.364704876434944,5,6,TRUE
MMRp,CD8-all,"(-35,-30]","[0,0.729]",-32.5,0.364704876434944,5,6,TRUE
MMRp,Tplzf-gdlike-comb,"(-35,-30]","[0,0.729]",-32.5,0.364704876434944,6,6,TRUE
MMRp,Myeloid-mregDC,"(-40,-35]","(1.46,2.19]",-37.5,1.82352438217472,6,6,TRUE
MMRp,Myeloid-ISG,"(-40,-35]","(1.46,2.19]",-37.5,1.82352438217472,6,6,TRUE
MMRp,Myeloid-noDC-noGran,"(-40,-35]","(1.46,2.19]",-37.5,1.82352438217472,6,6,TRUE
MMRp,Myeloid-mregDC,"(-40,-35]","(2.19,2.92]",-37.5,2.55293413504461,3,6,TRUE
MMRp,Myeloid-ISG,"(-40,-35]","(2.19,2.92]",-37.5,2.55293413504461,5,6,TRUE
MMRp,Myeloid-noDC-noGran,"(-40,-35]","(2.19,2.92]",-37.5,2.55293413504461,6,6,TRUE
MMRp,Tcd4-CXCL13,"(-40,-35]","(2.19,2.92]",-37.5,2.55293413504461,4,6,TRUE
MMRp,Tcd4-Treg-comb,"(-40,-35]","(2.19,2.92]",-37.5,2.55293413504461,4,6,TRUE
MMRp,Tcd8-GZMK,"(-40,-35]","(2.19,2.92]",-37.5,2.55293413504461,3,6,TRUE
MMRp,CD8-all,"(-40,-35]","(2.19,2.92]",-37.5,2.55293413504461,3,6,TRUE
MMRp,Myeloid-mregDC,"(-40,-35]","(2.92,3.65]",-37.5,3.2823438879145,4,6,TRUE
MMRp,Myeloid-ISG,"(-40,-35]","(2.92,3.65]",-37.5,3.2823438879145,5,6,TRUE
MMRp,Myeloid-noDC-noGran,"(-40,-35]","(2.92,3.65]",-37.5,3.2823438879145,5,6,TRUE
MMRp,Tcd4-Treg-comb,"(-40,-35]","(2.92,3.65]",-37.5,3.2823438879145,3,6,TRUE
MMRp,Tcd8-CXCL13-comb,"(-40,-35]","(2.92,3.65]",-37.5,3.2823438879145,3,6,TRUE
MMRp,CD8-all,"(-40,-35]","(2.92,3.65]",-37.5,3.2823438879145,3,6,TRUE
MMRp,Tcd8-GZMK,"(-40,-35]","(2.92,3.65]",-37.5,3.2823438879145,2,6,FALSE
MMRp,Tcd8-HOBIT,"(-40,-35]","(2.92,3.65]",-37.5,3.2823438879145,1,6,FALSE
MMRp,Myeloid-mregDC,"(-40,-35]","(3.65,4.38]",-37.5,4.01175364078438,3,6,TRUE
MMRp,Myeloid-ISG,"(-40,-35]","(3.65,4.38]",-37.5,4.01175364078438,4,6,TRUE
MMRp,Myeloid-noDC-noGran,"(-40,-35]","(3.65,4.38]",-37.5,4.01175364078438,4,6,TRUE
MMRp,Tcd4-CXCL13,"(-40,-35]","(3.65,4.38]",-37.5,4.01175364078438,3,6,TRUE
MMRp,Tcd4-Treg-comb,"(-40,-35]","(3.65,4.38]",-37.5,4.01175364078438,3,6,TRUE
MMRp,Tcd8-CXCL13-comb,"(-40,-35]","(3.65,4.38]",-37.5,4.01175364078438,2,6,FALSE
MMRp,CD8-all,"(-40,-35]","(3.65,4.38]",-37.5,4.01175364078438,2,6,FALSE
MMRp,Tcd8-GZMK,"(-40,-35]","(3.65,4.38]",-37.5,4.01175364078438,1,6,FALSE
MMRp,Myeloid-mregDC,"(-40,-35]","(4.38,5.11]",-37.5,4.74116339365427,2,6,FALSE
MMRp,Myeloid-ISG,"(-40,-35]","(4.38,5.11]",-37.5,4.74116339365427,3,6,TRUE
MMRp,Myeloid-noDC-noGran,"(-40,-35]","(4.38,5.11]",-37.5,4.74116339365427,4,6,TRUE
MMRp,Tcd4-Treg-comb,"(-40,-35]","(4.38,5.11]",-37.5,4.74116339365427,4,6,TRUE
MMRp,Myeloid-ISG,"(-40,-35]","(5.11,5.84]",-37.5,5.47057314652416,2,6,FALSE
MMRp,Myeloid-noDC-noGran,"(-40,-35]","(5.11,5.84]",-37.5,5.47057314652416,2,6,FALSE
MMRp,Myeloid-mregDC,"(-40,-35]","[0,0.729]",-37.5,0.364704876434944,6,6,TRUE
MMRp,Myeloid-ISG,"(-40,-35]","[0,0.729]",-37.5,0.364704876434944,6,6,TRUE
MMRp,Myeloid-noDC-noGran,"(-40,-35]","[0,0.729]",-37.5,0.364704876434944,6,6,TRUE
MMRp,Tcd4-Treg-comb,"(-40,-35]","[0,0.729]",-37.5,0.364704876434944,6,6,TRUE
MMRp,Tcd8-CXCL13-comb,"(-40,-35]","[0,0.729]",-37.5,0.364704876434944,5,6,TRUE
MMRp,CD8-all,"(-40,-35]","[0,0.729]",-37.5,0.364704876434944,5,6,TRUE
MMRp,Myeloid-mregDC,"(-45,-40]","(1.46,2.19]",-42.5,1.82352438217472,6,6,TRUE
MMRp,Myeloid-ISG,"(-45,-40]","(1.46,2.19]",-42.5,1.82352438217472,5,6,TRUE
MMRp,Myeloid-noDC-noGran,"(-45,-40]","(1.46,2.19]",-42.5,1.82352438217472,6,6,TRUE
MMRp,Tcd4-CXCL13,"(-45,-40]","(1.46,2.19]",-42.5,1.82352438217472,3,6,TRUE
MMRp,Tcd4-Treg-comb,"(-45,-40]","(1.46,2.19]",-42.5,1.82352438217472,4,6,TRUE
MMRp,Tcd8-GZMK,"(-45,-40]","(1.46,2.19]",-42.5,1.82352438217472,4,6,TRUE
MMRp,CD8-all,"(-45,-40]","(1.46,2.19]",-42.5,1.82352438217472,4,6,TRUE
MMRp,Myeloid-mregDC,"(-45,-40]","(2.19,2.92]",-42.5,2.55293413504461,3,6,TRUE
MMRp,Myeloid-ISG,"(-45,-40]","(2.19,2.92]",-42.5,2.55293413504461,4,6,TRUE
MMRp,Myeloid-noDC-noGran,"(-45,-40]","(2.19,2.92]",-42.5,2.55293413504461,5,6,TRUE
MMRp,Tcd4-Treg-comb,"(-45,-40]","(2.19,2.92]",-42.5,2.55293413504461,4,6,TRUE
MMRp,Tcd8-GZMK,"(-45,-40]","(2.19,2.92]",-42.5,2.55293413504461,2,6,FALSE
MMRp,CD8-all,"(-45,-40]","(2.19,2.92]",-42.5,2.55293413504461,3,6,TRUE
MMRp,Myeloid-mregDC,"(-45,-40]","(2.92,3.65]",-42.5,3.2823438879145,4,6,TRUE
MMRp,Myeloid-ISG,"(-45,-40]","(2.92,3.65]",-42.5,3.2823438879145,3,6,TRUE
MMRp,Myeloid-noDC-noGran,"(-45,-40]","(2.92,3.65]",-42.5,3.2823438879145,5,6,TRUE
MMRp,Tcd4-Treg-comb,"(-45,-40]","(2.92,3.65]",-42.5,3.2823438879145,3,6,TRUE
MMRp,Tcd8-CXCL13-comb,"(-45,-40]","(2.92,3.65]",-42.5,3.2823438879145,3,6,TRUE
MMRp,CD8-all,"(-45,-40]","(2.92,3.65]",-42.5,3.2823438879145,4,6,TRUE
MMRp,Tcd8-GZMK,"(-45,-40]","(2.92,3.65]",-42.5,3.2823438879145,4,6,TRUE
MMRp,Myeloid-mregDC,"(-45,-40]","(3.65,4.38]",-42.5,4.01175364078438,3,6,TRUE
MMRp,Myeloid-ISG,"(-45,-40]","(3.65,4.38]",-42.5,4.01175364078438,3,6,TRUE
MMRp,Myeloid-noDC-noGran,"(-45,-40]","(3.65,4.38]",-42.5,4.01175364078438,4,6,TRUE
MMRp,Tcd4-Treg-comb,"(-45,-40]","(3.65,4.38]",-42.5,4.01175364078438,4,6,TRUE
MMRp,Tcd8-CXCL13-comb,"(-45,-40]","(3.65,4.38]",-42.5,4.01175364078438,3,6,TRUE
MMRp,CD8-all,"(-45,-40]","(3.65,4.38]",-42.5,4.01175364078438,3,6,TRUE
MMRp,Tcd8-GZMK,"(-45,-40]","(3.65,4.38]",-42.5,4.01175364078438,2,6,FALSE
MMRp,Myeloid-mregDC,"(-45,-40]","(4.38,5.11]",-42.5,4.74116339365427,4,6,TRUE
MMRp,Myeloid-ISG,"(-45,-40]","(4.38,5.11]",-42.5,4.74116339365427,4,6,TRUE
MMRp,Myeloid-noDC-noGran,"(-45,-40]","(4.38,5.11]",-42.5,4.74116339365427,4,6,TRUE
MMRp,Tcd4-Treg-comb,"(-45,-40]","(4.38,5.11]",-42.5,4.74116339365427,3,6,TRUE
MMRp,Myeloid-mregDC,"(-45,-40]","[0,0.729]",-42.5,0.364704876434944,6,6,TRUE
MMRp,Myeloid-ISG,"(-45,-40]","[0,0.729]",-42.5,0.364704876434944,6,6,TRUE
MMRp,Myeloid-noDC-noGran,"(-45,-40]","[0,0.729]",-42.5,0.364704876434944,6,6,TRUE
MMRp,Tcd4-Treg-comb,"(-45,-40]","[0,0.729]",-42.5,0.364704876434944,6,6,TRUE
MMRp,Tcd8-CXCL13-comb,"(-45,-40]","[0,0.729]",-42.5,0.364704876434944,5,6,TRUE
MMRp,CD8-all,"(-45,-40]","[0,0.729]",-42.5,0.364704876434944,5,6,TRUE
MMRp,Tcd8-GZMK,"(-45,-40]","[0,0.729]",-42.5,0.364704876434944,5,6,TRUE
MMRp,Myeloid-mregDC,"(-5,0]","(1.46,2.19]",-2.5,1.82352438217472,6,6,TRUE
MMRp,Myeloid-ISG,"(-5,0]","(1.46,2.19]",-2.5,1.82352438217472,6,6,TRUE
MMRp,Myeloid-noDC-noGran,"(-5,0]","(1.46,2.19]",-2.5,1.82352438217472,6,6,TRUE
MMRp,Myeloid-mregDC,"(-5,0]","(2.19,2.92]",-2.5,2.55293413504461,6,6,TRUE
MMRp,Myeloid-ISG,"(-5,0]","(2.19,2.92]",-2.5,2.55293413504461,6,6,TRUE
MMRp,Myeloid-noDC-noGran,"(-5,0]","(2.19,2.92]",-2.5,2.55293413504461,6,6,TRUE
MMRp,Tcd4-CXCL13,"(-5,0]","(2.19,2.92]",-2.5,2.55293413504461,4,6,TRUE
MMRp,Tcd8-CXCL13-comb,"(-5,0]","(2.19,2.92]",-2.5,2.55293413504461,6,6,TRUE
MMRp,CD8-all,"(-5,0]","(2.19,2.92]",-2.5,2.55293413504461,6,6,TRUE
MMRp,Tcd8-HOBIT,"(-5,0]","(2.19,2.92]",-2.5,2.55293413504461,5,6,TRUE
MMRp,Tplzf-gdlike-comb,"(-5,0]","(2.19,2.92]",-2.5,2.55293413504461,4,6,TRUE
MMRp,Myeloid-mregDC,"(-5,0]","(2.92,3.65]",-2.5,3.2823438879145,5,6,TRUE
MMRp,Myeloid-ISG,"(-5,0]","(2.92,3.65]",-2.5,3.2823438879145,6,6,TRUE
MMRp,Myeloid-noDC-noGran,"(-5,0]","(2.92,3.65]",-2.5,3.2823438879145,6,6,TRUE
MMRp,Tcd4-CXCL13,"(-5,0]","(2.92,3.65]",-2.5,3.2823438879145,3,6,TRUE
MMRp,Tcd4-Treg-comb,"(-5,0]","(2.92,3.65]",-2.5,3.2823438879145,5,6,TRUE
MMRp,Tcd8-CXCL13-comb,"(-5,0]","(2.92,3.65]",-2.5,3.2823438879145,4,6,TRUE
MMRp,CD8-all,"(-5,0]","(2.92,3.65]",-2.5,3.2823438879145,4,6,TRUE
MMRp,Tcd8-CXCL13-LAG3,"(-5,0]","(2.92,3.65]",-2.5,3.2823438879145,3,6,TRUE
MMRp,Tcd8-GZMK,"(-5,0]","(2.92,3.65]",-2.5,3.2823438879145,4,6,TRUE
MMRp,Tcd8-HOBIT,"(-5,0]","(2.92,3.65]",-2.5,3.2823438879145,4,6,TRUE
MMRp,Tplzf-gdlike-comb,"(-5,0]","(2.92,3.65]",-2.5,3.2823438879145,3,6,TRUE
MMRp,Myeloid-mregDC,"(-5,0]","(3.65,4.38]",-2.5,4.01175364078438,6,6,TRUE
MMRp,Myeloid-ISG,"(-5,0]","(3.65,4.38]",-2.5,4.01175364078438,5,6,TRUE
MMRp,Myeloid-noDC-noGran,"(-5,0]","(3.65,4.38]",-2.5,4.01175364078438,5,6,TRUE
MMRp,Tcd4-CXCL13,"(-5,0]","(3.65,4.38]",-2.5,4.01175364078438,3,6,TRUE
MMRp,Tcd4-Treg-comb,"(-5,0]","(3.65,4.38]",-2.5,4.01175364078438,5,6,TRUE
MMRp,Tcd8-CXCL13-comb,"(-5,0]","(3.65,4.38]",-2.5,4.01175364078438,5,6,TRUE
MMRp,CD8-all,"(-5,0]","(3.65,4.38]",-2.5,4.01175364078438,6,6,TRUE
MMRp,Tcd8-GZMK,"(-5,0]","(3.65,4.38]",-2.5,4.01175364078438,4,6,TRUE
MMRp,Tplzf-gdlike-comb,"(-5,0]","(3.65,4.38]",-2.5,4.01175364078438,2,6,FALSE
MMRp,Myeloid-mregDC,"(-5,0]","(4.38,5.11]",-2.5,4.74116339365427,4,6,TRUE
MMRp,Myeloid-ISG,"(-5,0]","(4.38,5.11]",-2.5,4.74116339365427,4,6,TRUE
MMRp,Myeloid-noDC-noGran,"(-5,0]","(4.38,5.11]",-2.5,4.74116339365427,4,6,TRUE
MMRp,Tcd4-CXCL13,"(-5,0]","(4.38,5.11]",-2.5,4.74116339365427,2,6,FALSE
MMRp,Tcd4-Treg-comb,"(-5,0]","(4.38,5.11]",-2.5,4.74116339365427,4,6,TRUE
MMRp,Tcd8-HOBIT,"(-5,0]","(4.38,5.11]",-2.5,4.74116339365427,3,6,TRUE
MMRp,CD8-all,"(-5,0]","(4.38,5.11]",-2.5,4.74116339365427,3,6,TRUE
MMRp,Tplzf-gdlike-comb,"(-5,0]","(4.38,5.11]",-2.5,4.74116339365427,1,6,FALSE
MMRp,Myeloid-mregDC,"(-5,0]","(5.11,5.84]",-2.5,5.47057314652416,3,6,TRUE
MMRp,Myeloid-ISG,"(-5,0]","(5.11,5.84]",-2.5,5.47057314652416,3,6,TRUE
MMRp,Myeloid-noDC-noGran,"(-5,0]","(5.11,5.84]",-2.5,5.47057314652416,3,6,TRUE
MMRp,Tcd8-CXCL13-comb,"(-5,0]","(5.11,5.84]",-2.5,5.47057314652416,2,6,FALSE
MMRp,CD8-all,"(-5,0]","(5.11,5.84]",-2.5,5.47057314652416,2,6,FALSE
MMRp,Tplzf-gdlike-comb,"(-5,0]","(5.11,5.84]",-2.5,5.47057314652416,1,6,FALSE
MMRp,Myeloid-ISG,"(-5,0]","(5.84,6.56]",-2.5,6.19998289939405,1,6,FALSE
MMRp,Myeloid-noDC-noGran,"(-5,0]","(5.84,6.56]",-2.5,6.19998289939405,1,6,FALSE
MMRp,Myeloid-mregDC,"(-5,0]","[0,0.729]",-2.5,0.364704876434944,6,6,TRUE
MMRp,Myeloid-ISG,"(-5,0]","[0,0.729]",-2.5,0.364704876434944,6,6,TRUE
MMRp,Myeloid-noDC-noGran,"(-5,0]","[0,0.729]",-2.5,0.364704876434944,6,6,TRUE
MMRp,Tcd4-Treg-comb,"(-5,0]","[0,0.729]",-2.5,0.364704876434944,6,6,TRUE
MMRp,Myeloid-mregDC,"(-50,-45]","(1.46,2.19]",-47.5,1.82352438217472,4,6,TRUE
MMRp,Myeloid-ISG,"(-50,-45]","(1.46,2.19]",-47.5,1.82352438217472,5,6,TRUE
MMRp,Myeloid-noDC-noGran,"(-50,-45]","(1.46,2.19]",-47.5,1.82352438217472,6,6,TRUE
MMRp,Tcd8-GZMK,"(-50,-45]","(1.46,2.19]",-47.5,1.82352438217472,2,6,FALSE
MMRp,CD8-all,"(-50,-45]","(1.46,2.19]",-47.5,1.82352438217472,3,6,TRUE
MMRp,Tcd8-HOBIT,"(-50,-45]","(1.46,2.19]",-47.5,1.82352438217472,2,6,FALSE
MMRp,Myeloid-mregDC,"(-50,-45]","(2.19,2.92]",-47.5,2.55293413504461,4,6,TRUE
MMRp,Myeloid-ISG,"(-50,-45]","(2.19,2.92]",-47.5,2.55293413504461,5,6,TRUE
MMRp,Myeloid-noDC-noGran,"(-50,-45]","(2.19,2.92]",-47.5,2.55293413504461,5,6,TRUE
MMRp,Tcd4-CXCL13,"(-50,-45]","(2.19,2.92]",-47.5,2.55293413504461,3,6,TRUE
MMRp,Tcd4-Treg-comb,"(-50,-45]","(2.19,2.92]",-47.5,2.55293413504461,4,6,TRUE
MMRp,Myeloid-mregDC,"(-50,-45]","(2.92,3.65]",-47.5,3.2823438879145,4,6,TRUE
MMRp,Myeloid-ISG,"(-50,-45]","(2.92,3.65]",-47.5,3.2823438879145,4,6,TRUE
MMRp,Myeloid-noDC-noGran,"(-50,-45]","(2.92,3.65]",-47.5,3.2823438879145,5,6,TRUE
MMRp,Tcd4-CXCL13,"(-50,-45]","(2.92,3.65]",-47.5,3.2823438879145,3,6,TRUE
MMRp,Tcd4-Treg-comb,"(-50,-45]","(2.92,3.65]",-47.5,3.2823438879145,3,6,TRUE
MMRp,Myeloid-mregDC,"(-50,-45]","(3.65,4.38]",-47.5,4.01175364078438,4,6,TRUE
MMRp,Myeloid-ISG,"(-50,-45]","(3.65,4.38]",-47.5,4.01175364078438,4,6,TRUE
MMRp,Myeloid-noDC-noGran,"(-50,-45]","(3.65,4.38]",-47.5,4.01175364078438,4,6,TRUE
MMRp,Myeloid-mregDC,"(-50,-45]","(4.38,5.11]",-47.5,4.74116339365427,2,6,FALSE
MMRp,Myeloid-ISG,"(-50,-45]","(4.38,5.11]",-47.5,4.74116339365427,3,6,TRUE
MMRp,Myeloid-noDC-noGran,"(-50,-45]","(4.38,5.11]",-47.5,4.74116339365427,4,6,TRUE
MMRp,Myeloid-mregDC,"(-50,-45]","[0,0.729]",-47.5,0.364704876434944,6,6,TRUE
MMRp,Myeloid-ISG,"(-50,-45]","[0,0.729]",-47.5,0.364704876434944,6,6,TRUE
MMRp,Myeloid-noDC-noGran,"(-50,-45]","[0,0.729]",-47.5,0.364704876434944,6,6,TRUE
MMRp,Tcd4-CXCL13,"(-50,-45]","[0,0.729]",-47.5,0.364704876434944,4,6,TRUE
MMRp,Tcd4-Treg-comb,"(-50,-45]","[0,0.729]",-47.5,0.364704876434944,5,6,TRUE
MMRp,Tcd8-CXCL13-comb,"(-50,-45]","[0,0.729]",-47.5,0.364704876434944,5,6,TRUE
MMRp,CD8-all,"(-50,-45]","[0,0.729]",-47.5,0.364704876434944,6,6,TRUE
MMRp,Tcd8-HOBIT,"(-50,-45]","[0,0.729]",-47.5,0.364704876434944,3,6,TRUE
MMRp,Tplzf-gdlike-comb,"(-50,-45]","[0,0.729]",-47.5,0.364704876434944,3,6,TRUE
MMRp,Myeloid-mregDC,"(-55,-50]","(1.46,2.19]",-52.5,1.82352438217472,4,6,TRUE
MMRp,Myeloid-ISG,"(-55,-50]","(1.46,2.19]",-52.5,1.82352438217472,4,6,TRUE
MMRp,Myeloid-noDC-noGran,"(-55,-50]","(1.46,2.19]",-52.5,1.82352438217472,5,6,TRUE
MMRp,Myeloid-mregDC,"(-55,-50]","(2.19,2.92]",-52.5,2.55293413504461,4,6,TRUE
MMRp,Myeloid-ISG,"(-55,-50]","(2.19,2.92]",-52.5,2.55293413504461,3,6,TRUE
MMRp,Myeloid-noDC-noGran,"(-55,-50]","(2.19,2.92]",-52.5,2.55293413504461,5,6,TRUE
MMRp,Tcd4-CXCL13,"(-55,-50]","(2.19,2.92]",-52.5,2.55293413504461,2,6,FALSE
MMRp,Tcd4-Treg-comb,"(-55,-50]","(2.19,2.92]",-52.5,2.55293413504461,3,6,TRUE
MMRp,Tcd8-CXCL13-comb,"(-55,-50]","(2.19,2.92]",-52.5,2.55293413504461,3,6,TRUE
MMRp,CD8-all,"(-55,-50]","(2.19,2.92]",-52.5,2.55293413504461,3,6,TRUE
MMRp,Tcd8-GZMK,"(-55,-50]","(2.19,2.92]",-52.5,2.55293413504461,3,6,TRUE
MMRp,Myeloid-mregDC,"(-55,-50]","(2.92,3.65]",-52.5,3.2823438879145,3,6,TRUE
MMRp,Myeloid-ISG,"(-55,-50]","(2.92,3.65]",-52.5,3.2823438879145,4,6,TRUE
MMRp,Myeloid-noDC-noGran,"(-55,-50]","(2.92,3.65]",-52.5,3.2823438879145,5,6,TRUE
MMRp,Tcd4-CXCL13,"(-55,-50]","(2.92,3.65]",-52.5,3.2823438879145,3,6,TRUE
MMRp,Tcd4-Treg-comb,"(-55,-50]","(2.92,3.65]",-52.5,3.2823438879145,3,6,TRUE
MMRp,Tcd8-CXCL13-comb,"(-55,-50]","(2.92,3.65]",-52.5,3.2823438879145,3,6,TRUE
MMRp,CD8-all,"(-55,-50]","(2.92,3.65]",-52.5,3.2823438879145,3,6,TRUE
MMRp,Tcd8-HOBIT,"(-55,-50]","(2.92,3.65]",-52.5,3.2823438879145,2,6,FALSE
MMRp,Myeloid-mregDC,"(-55,-50]","(3.65,4.38]",-52.5,4.01175364078438,4,6,TRUE
MMRp,Myeloid-ISG,"(-55,-50]","(3.65,4.38]",-52.5,4.01175364078438,3,6,TRUE
MMRp,Myeloid-noDC-noGran,"(-55,-50]","(3.65,4.38]",-52.5,4.01175364078438,4,6,TRUE
MMRp,Tcd4-Treg-comb,"(-55,-50]","(3.65,4.38]",-52.5,4.01175364078438,3,6,TRUE
MMRp,Myeloid-ISG,"(-55,-50]","(4.38,5.11]",-52.5,4.74116339365427,4,6,TRUE
MMRp,Myeloid-noDC-noGran,"(-55,-50]","(4.38,5.11]",-52.5,4.74116339365427,4,6,TRUE
MMRp,Tcd4-Treg-comb,"(-55,-50]","(4.38,5.11]",-52.5,4.74116339365427,2,6,FALSE
MMRp,Myeloid-mregDC,"(-55,-50]","[0,0.729]",-52.5,0.364704876434944,6,6,TRUE
MMRp,Myeloid-ISG,"(-55,-50]","[0,0.729]",-52.5,0.364704876434944,6,6,TRUE
MMRp,Myeloid-noDC-noGran,"(-55,-50]","[0,0.729]",-52.5,0.364704876434944,6,6,TRUE
MMRp,Tcd4-Treg-comb,"(-55,-50]","[0,0.729]",-52.5,0.364704876434944,5,6,TRUE
MMRp,Myeloid-ISG,"(-60,-55]","(1.46,2.19]",-57.5,1.82352438217472,4,6,TRUE
MMRp,Myeloid-noDC-noGran,"(-60,-55]","(1.46,2.19]",-57.5,1.82352438217472,4,6,TRUE
MMRp,Tcd4-Treg-comb,"(-60,-55]","(1.46,2.19]",-57.5,1.82352438217472,4,6,TRUE
MMRp,Tcd8-GZMK,"(-60,-55]","(1.46,2.19]",-57.5,1.82352438217472,3,6,TRUE
MMRp,CD8-all,"(-60,-55]","(1.46,2.19]",-57.5,1.82352438217472,4,6,TRUE
MMRp,Myeloid-mregDC,"(-60,-55]","(2.19,2.92]",-57.5,2.55293413504461,4,6,TRUE
MMRp,Myeloid-ISG,"(-60,-55]","(2.19,2.92]",-57.5,2.55293413504461,4,6,TRUE
MMRp,Myeloid-noDC-noGran,"(-60,-55]","(2.19,2.92]",-57.5,2.55293413504461,5,6,TRUE
MMRp,Tcd4-Treg-comb,"(-60,-55]","(2.19,2.92]",-57.5,2.55293413504461,3,6,TRUE
MMRp,Myeloid-mregDC,"(-60,-55]","(2.92,3.65]",-57.5,3.2823438879145,4,6,TRUE
MMRp,Myeloid-ISG,"(-60,-55]","(2.92,3.65]",-57.5,3.2823438879145,3,6,TRUE
MMRp,Myeloid-noDC-noGran,"(-60,-55]","(2.92,3.65]",-57.5,3.2823438879145,5,6,TRUE
MMRp,Myeloid-mregDC,"(-60,-55]","(3.65,4.38]",-57.5,4.01175364078438,3,6,TRUE
MMRp,Myeloid-ISG,"(-60,-55]","(3.65,4.38]",-57.5,4.01175364078438,3,6,TRUE
MMRp,Myeloid-noDC-noGran,"(-60,-55]","(3.65,4.38]",-57.5,4.01175364078438,4,6,TRUE
MMRp,Tcd4-Treg-comb,"(-60,-55]","(3.65,4.38]",-57.5,4.01175364078438,3,6,TRUE
MMRp,Myeloid-ISG,"(-60,-55]","(4.38,5.11]",-57.5,4.74116339365427,4,6,TRUE
MMRp,Myeloid-noDC-noGran,"(-60,-55]","(4.38,5.11]",-57.5,4.74116339365427,4,6,TRUE
MMRp,Myeloid-mregDC,"(-60,-55]","[0,0.729]",-57.5,0.364704876434944,6,6,TRUE
MMRp,Myeloid-ISG,"(-60,-55]","[0,0.729]",-57.5,0.364704876434944,5,6,TRUE
MMRp,Myeloid-noDC-noGran,"(-60,-55]","[0,0.729]",-57.5,0.364704876434944,6,6,TRUE
MMRp,Tcd4-Treg-comb,"(-60,-55]","[0,0.729]",-57.5,0.364704876434944,5,6,TRUE
MMRp,Myeloid-mregDC,"(-65,-60]","(1.46,2.19]",-62.5,1.82352438217472,3,6,TRUE
MMRp,Myeloid-ISG,"(-65,-60]","(1.46,2.19]",-62.5,1.82352438217472,4,6,TRUE
MMRp,Myeloid-noDC-noGran,"(-65,-60]","(1.46,2.19]",-62.5,1.82352438217472,5,6,TRUE
MMRp,Myeloid-mregDC,"(-65,-60]","(2.19,2.92]",-62.5,2.55293413504461,3,6,TRUE
MMRp,Myeloid-ISG,"(-65,-60]","(2.19,2.92]",-62.5,2.55293413504461,4,6,TRUE
MMRp,Myeloid-noDC-noGran,"(-65,-60]","(2.19,2.92]",-62.5,2.55293413504461,4,6,TRUE
MMRp,Tcd4-CXCL13,"(-65,-60]","(2.19,2.92]",-62.5,2.55293413504461,3,6,TRUE
MMRp,Tcd4-Treg-comb,"(-65,-60]","(2.19,2.92]",-62.5,2.55293413504461,3,6,TRUE
MMRp,Myeloid-mregDC,"(-65,-60]","(2.92,3.65]",-62.5,3.2823438879145,3,6,TRUE
MMRp,Myeloid-ISG,"(-65,-60]","(2.92,3.65]",-62.5,3.2823438879145,4,6,TRUE
MMRp,Myeloid-noDC-noGran,"(-65,-60]","(2.92,3.65]",-62.5,3.2823438879145,4,6,TRUE
MMRp,Tcd4-Treg-comb,"(-65,-60]","(2.92,3.65]",-62.5,3.2823438879145,3,6,TRUE
MMRp,Tcd8-CXCL13-LAG3,"(-65,-60]","(2.92,3.65]",-62.5,3.2823438879145,2,6,FALSE
MMRp,CD8-all,"(-65,-60]","(2.92,3.65]",-62.5,3.2823438879145,3,6,TRUE
MMRp,Myeloid-mregDC,"(-65,-60]","(3.65,4.38]",-62.5,4.01175364078438,2,6,FALSE
MMRp,Myeloid-ISG,"(-65,-60]","(3.65,4.38]",-62.5,4.01175364078438,3,6,TRUE
MMRp,Myeloid-noDC-noGran,"(-65,-60]","(3.65,4.38]",-62.5,4.01175364078438,4,6,TRUE
MMRp,Tcd4-Treg-comb,"(-65,-60]","(3.65,4.38]",-62.5,4.01175364078438,3,6,TRUE
MMRp,Tcd8-CXCL13-comb,"(-65,-60]","(3.65,4.38]",-62.5,4.01175364078438,2,6,FALSE
MMRp,CD8-all,"(-65,-60]","(3.65,4.38]",-62.5,4.01175364078438,3,6,TRUE
MMRp,Myeloid-ISG,"(-65,-60]","(4.38,5.11]",-62.5,4.74116339365427,3,6,TRUE
MMRp,Myeloid-noDC-noGran,"(-65,-60]","(4.38,5.11]",-62.5,4.74116339365427,4,6,TRUE
MMRp,Myeloid-mregDC,"(-65,-60]","[0,0.729]",-62.5,0.364704876434944,5,6,TRUE
MMRp,Myeloid-ISG,"(-65,-60]","[0,0.729]",-62.5,0.364704876434944,5,6,TRUE
MMRp,Myeloid-noDC-noGran,"(-65,-60]","[0,0.729]",-62.5,0.364704876434944,6,6,TRUE
MMRp,Tcd4-Treg-comb,"(-65,-60]","[0,0.729]",-62.5,0.364704876434944,6,6,TRUE
MMRp,Tcd8-CXCL13-LAG3,"(-65,-60]","[0,0.729]",-62.5,0.364704876434944,3,6,TRUE
MMRp,CD8-all,"(-65,-60]","[0,0.729]",-62.5,0.364704876434944,4,6,TRUE
MMRp,Tcd8-GZMK,"(-65,-60]","[0,0.729]",-62.5,0.364704876434944,4,6,TRUE
MMRp,Tplzf-gdlike-comb,"(-65,-60]","[0,0.729]",-62.5,0.364704876434944,3,6,TRUE
MMRp,Myeloid-ISG,"(-70,-65]","(1.46,2.19]",-67.5,1.82352438217472,4,6,TRUE
MMRp,Myeloid-noDC-noGran,"(-70,-65]","(1.46,2.19]",-67.5,1.82352438217472,4,6,TRUE
MMRp,Tcd4-Treg-comb,"(-70,-65]","(1.46,2.19]",-67.5,1.82352438217472,3,6,TRUE
MMRp,Tcd8-CXCL13-comb,"(-70,-65]","(1.46,2.19]",-67.5,1.82352438217472,3,6,TRUE
MMRp,CD8-all,"(-70,-65]","(1.46,2.19]",-67.5,1.82352438217472,3,6,TRUE
MMRp,Myeloid-ISG,"(-70,-65]","(2.19,2.92]",-67.5,2.55293413504461,3,6,TRUE
MMRp,Myeloid-noDC-noGran,"(-70,-65]","(2.19,2.92]",-67.5,2.55293413504461,5,6,TRUE
MMRp,Myeloid-mregDC,"(-70,-65]","(2.92,3.65]",-67.5,3.2823438879145,3,6,TRUE
MMRp,Myeloid-ISG,"(-70,-65]","(2.92,3.65]",-67.5,3.2823438879145,3,6,TRUE
MMRp,Myeloid-noDC-noGran,"(-70,-65]","(2.92,3.65]",-67.5,3.2823438879145,4,6,TRUE
MMRp,Tcd4-CXCL13,"(-70,-65]","(2.92,3.65]",-67.5,3.2823438879145,1,6,FALSE
MMRp,Tcd4-Treg-comb,"(-70,-65]","(2.92,3.65]",-67.5,3.2823438879145,3,6,TRUE
MMRp,Myeloid-mregDC,"(-70,-65]","(3.65,4.38]",-67.5,4.01175364078438,3,6,TRUE
MMRp,Myeloid-ISG,"(-70,-65]","(3.65,4.38]",-67.5,4.01175364078438,3,6,TRUE
MMRp,Myeloid-noDC-noGran,"(-70,-65]","(3.65,4.38]",-67.5,4.01175364078438,3,6,TRUE
MMRp,Tcd4-Treg-comb,"(-70,-65]","(3.65,4.38]",-67.5,4.01175364078438,3,6,TRUE
MMRp,Myeloid-ISG,"(-70,-65]","(4.38,5.11]",-67.5,4.74116339365427,2,6,FALSE
MMRp,Myeloid-noDC-noGran,"(-70,-65]","(4.38,5.11]",-67.5,4.74116339365427,3,6,TRUE
MMRp,Myeloid-mregDC,"(-70,-65]","[0,0.729]",-67.5,0.364704876434944,6,6,TRUE
MMRp,Myeloid-ISG,"(-70,-65]","[0,0.729]",-67.5,0.364704876434944,6,6,TRUE
MMRp,Myeloid-noDC-noGran,"(-70,-65]","[0,0.729]",-67.5,0.364704876434944,6,6,TRUE
MMRp,Tcd4-CXCL13,"(-70,-65]","[0,0.729]",-67.5,0.364704876434944,4,6,TRUE
MMRp,Tcd4-Treg-comb,"(-70,-65]","[0,0.729]",-67.5,0.364704876434944,5,6,TRUE
MMRp,Tcd8-HOBIT,"(-70,-65]","[0,0.729]",-67.5,0.364704876434944,4,6,TRUE
MMRp,CD8-all,"(-70,-65]","[0,0.729]",-67.5,0.364704876434944,5,6,TRUE
MMRp,Tplzf-gdlike-comb,"(-70,-65]","[0,0.729]",-67.5,0.364704876434944,3,6,TRUE
MMRp,Myeloid-ISG,"(-75,-70]","(1.46,2.19]",-72.5,1.82352438217472,4,6,TRUE
MMRp,Myeloid-noDC-noGran,"(-75,-70]","(1.46,2.19]",-72.5,1.82352438217472,5,6,TRUE
MMRp,Myeloid-ISG,"(-75,-70]","(2.19,2.92]",-72.5,2.55293413504461,4,6,TRUE
MMRp,Myeloid-noDC-noGran,"(-75,-70]","(2.19,2.92]",-72.5,2.55293413504461,4,6,TRUE
MMRp,Tcd8-CXCL13-comb,"(-75,-70]","(2.19,2.92]",-72.5,2.55293413504461,2,6,FALSE
MMRp,CD8-all,"(-75,-70]","(2.19,2.92]",-72.5,2.55293413504461,2,6,FALSE
MMRp,Tcd8-HOBIT,"(-75,-70]","(2.19,2.92]",-72.5,2.55293413504461,2,6,FALSE
MMRp,Myeloid-mregDC,"(-75,-70]","(2.92,3.65]",-72.5,3.2823438879145,3,6,TRUE
MMRp,Myeloid-ISG,"(-75,-70]","(2.92,3.65]",-72.5,3.2823438879145,3,6,TRUE
MMRp,Myeloid-noDC-noGran,"(-75,-70]","(2.92,3.65]",-72.5,3.2823438879145,4,6,TRUE
MMRp,Tcd4-Treg-comb,"(-75,-70]","(2.92,3.65]",-72.5,3.2823438879145,4,6,TRUE
MMRp,Tcd8-HOBIT,"(-75,-70]","(2.92,3.65]",-72.5,3.2823438879145,1,6,FALSE
MMRp,CD8-all,"(-75,-70]","(2.92,3.65]",-72.5,3.2823438879145,2,6,FALSE
MMRp,Myeloid-ISG,"(-75,-70]","(3.65,4.38]",-72.5,4.01175364078438,3,6,TRUE
MMRp,Myeloid-noDC-noGran,"(-75,-70]","(3.65,4.38]",-72.5,4.01175364078438,3,6,TRUE
MMRp,Tcd8-GZMK,"(-75,-70]","(3.65,4.38]",-72.5,4.01175364078438,2,6,FALSE
MMRp,CD8-all,"(-75,-70]","(3.65,4.38]",-72.5,4.01175364078438,2,6,FALSE
MMRp,Tcd8-HOBIT,"(-75,-70]","(3.65,4.38]",-72.5,4.01175364078438,1,6,FALSE
MMRp,Myeloid-ISG,"(-75,-70]","(4.38,5.11]",-72.5,4.74116339365427,3,6,TRUE
MMRp,Myeloid-noDC-noGran,"(-75,-70]","(4.38,5.11]",-72.5,4.74116339365427,3,6,TRUE
MMRp,Myeloid-mregDC,"(-75,-70]","[0,0.729]",-72.5,0.364704876434944,5,6,TRUE
MMRp,Myeloid-ISG,"(-75,-70]","[0,0.729]",-72.5,0.364704876434944,5,6,TRUE
MMRp,Myeloid-noDC-noGran,"(-75,-70]","[0,0.729]",-72.5,0.364704876434944,6,6,TRUE
MMRp,Tcd4-Treg-comb,"(-75,-70]","[0,0.729]",-72.5,0.364704876434944,4,6,TRUE
MMRp,Tcd8-CXCL13-comb,"(-75,-70]","[0,0.729]",-72.5,0.364704876434944,3,6,TRUE
MMRp,CD8-all,"(-75,-70]","[0,0.729]",-72.5,0.364704876434944,5,6,TRUE
MMRp,Myeloid-noDC-noGran,"(-80,-75]","(1.46,2.19]",-77.5,1.82352438217472,4,6,TRUE
MMRp,Tcd4-CXCL13,"(-80,-75]","(1.46,2.19]",-77.5,1.82352438217472,3,6,TRUE
MMRp,Myeloid-mregDC,"(-80,-75]","(2.19,2.92]",-77.5,2.55293413504461,3,6,TRUE
MMRp,Myeloid-ISG,"(-80,-75]","(2.19,2.92]",-77.5,2.55293413504461,4,6,TRUE
MMRp,Myeloid-noDC-noGran,"(-80,-75]","(2.19,2.92]",-77.5,2.55293413504461,5,6,TRUE
MMRp,Tcd4-Treg-comb,"(-80,-75]","(2.19,2.92]",-77.5,2.55293413504461,4,6,TRUE
MMRp,Myeloid-ISG,"(-80,-75]","(2.92,3.65]",-77.5,3.2823438879145,3,6,TRUE
MMRp,Myeloid-noDC-noGran,"(-80,-75]","(2.92,3.65]",-77.5,3.2823438879145,4,6,TRUE
MMRp,Myeloid-ISG,"(-80,-75]","(3.65,4.38]",-77.5,4.01175364078438,3,6,TRUE
MMRp,Myeloid-noDC-noGran,"(-80,-75]","(3.65,4.38]",-77.5,4.01175364078438,3,6,TRUE
MMRp,Tcd4-Treg-comb,"(-80,-75]","(3.65,4.38]",-77.5,4.01175364078438,3,6,TRUE
MMRp,Tcd8-GZMK,"(-80,-75]","(3.65,4.38]",-77.5,4.01175364078438,1,6,FALSE
MMRp,CD8-all,"(-80,-75]","(3.65,4.38]",-77.5,4.01175364078438,1,6,FALSE
MMRp,Myeloid-ISG,"(-80,-75]","(4.38,5.11]",-77.5,4.74116339365427,3,6,TRUE
MMRp,Myeloid-noDC-noGran,"(-80,-75]","(4.38,5.11]",-77.5,4.74116339365427,3,6,TRUE
MMRp,Tcd8-CXCL13-comb,"(-80,-75]","(4.38,5.11]",-77.5,4.74116339365427,2,6,FALSE
MMRp,CD8-all,"(-80,-75]","(4.38,5.11]",-77.5,4.74116339365427,3,6,TRUE
MMRp,Myeloid-mregDC,"(-80,-75]","[0,0.729]",-77.5,0.364704876434944,4,6,TRUE
MMRp,Myeloid-ISG,"(-80,-75]","[0,0.729]",-77.5,0.364704876434944,4,6,TRUE
MMRp,Myeloid-noDC-noGran,"(-80,-75]","[0,0.729]",-77.5,0.364704876434944,6,6,TRUE
MMRp,Tcd4-Treg-comb,"(-80,-75]","[0,0.729]",-77.5,0.364704876434944,4,6,TRUE
MMRp,Myeloid-mregDC,"(-85,-80]","(1.46,2.19]",-82.5,1.82352438217472,3,6,TRUE
MMRp,Myeloid-ISG,"(-85,-80]","(1.46,2.19]",-82.5,1.82352438217472,3,6,TRUE
MMRp,Myeloid-noDC-noGran,"(-85,-80]","(1.46,2.19]",-82.5,1.82352438217472,4,6,TRUE
MMRp,Tcd4-CXCL13,"(-85,-80]","(1.46,2.19]",-82.5,1.82352438217472,3,6,TRUE
MMRp,Myeloid-mregDC,"(-85,-80]","(2.19,2.92]",-82.5,2.55293413504461,4,6,TRUE
MMRp,Myeloid-ISG,"(-85,-80]","(2.19,2.92]",-82.5,2.55293413504461,3,6,TRUE
MMRp,Myeloid-noDC-noGran,"(-85,-80]","(2.19,2.92]",-82.5,2.55293413504461,4,6,TRUE
MMRp,Tcd4-Treg-comb,"(-85,-80]","(2.19,2.92]",-82.5,2.55293413504461,3,6,TRUE
MMRp,Tcd8-GZMK,"(-85,-80]","(2.19,2.92]",-82.5,2.55293413504461,3,6,TRUE
MMRp,CD8-all,"(-85,-80]","(2.19,2.92]",-82.5,2.55293413504461,3,6,TRUE
MMRp,Myeloid-ISG,"(-85,-80]","(2.92,3.65]",-82.5,3.2823438879145,4,6,TRUE
MMRp,Myeloid-noDC-noGran,"(-85,-80]","(2.92,3.65]",-82.5,3.2823438879145,4,6,TRUE
MMRp,Tcd4-Treg-comb,"(-85,-80]","(2.92,3.65]",-82.5,3.2823438879145,3,6,TRUE
MMRp,Myeloid-mregDC,"(-85,-80]","(3.65,4.38]",-82.5,4.01175364078438,3,6,TRUE
MMRp,Myeloid-noDC-noGran,"(-85,-80]","(3.65,4.38]",-82.5,4.01175364078438,3,6,TRUE
MMRp,Tcd4-Treg-comb,"(-85,-80]","(3.65,4.38]",-82.5,4.01175364078438,3,6,TRUE
MMRp,Myeloid-ISG,"(-85,-80]","(4.38,5.11]",-82.5,4.74116339365427,3,6,TRUE
MMRp,Myeloid-noDC-noGran,"(-85,-80]","(4.38,5.11]",-82.5,4.74116339365427,3,6,TRUE
MMRp,Tcd4-Treg-comb,"(-85,-80]","(4.38,5.11]",-82.5,4.74116339365427,3,6,TRUE
MMRp,Myeloid-mregDC,"(-85,-80]","[0,0.729]",-82.5,0.364704876434944,4,6,TRUE
MMRp,Myeloid-ISG,"(-85,-80]","[0,0.729]",-82.5,0.364704876434944,4,6,TRUE
MMRp,Myeloid-noDC-noGran,"(-85,-80]","[0,0.729]",-82.5,0.364704876434944,5,6,TRUE
MMRp,Tcd4-Treg-comb,"(-85,-80]","[0,0.729]",-82.5,0.364704876434944,5,6,TRUE
MMRp,Tcd8-CXCL13-LAG3,"(-85,-80]","[0,0.729]",-82.5,0.364704876434944,2,6,FALSE
MMRp,CD8-all,"(-85,-80]","[0,0.729]",-82.5,0.364704876434944,4,6,TRUE
MMRp,Tcd8-GZMK,"(-85,-80]","[0,0.729]",-82.5,0.364704876434944,4,6,TRUE
MMRp,Tplzf-gdlike-comb,"(-85,-80]","[0,0.729]",-82.5,0.364704876434944,3,6,TRUE
MMRp,Myeloid-mregDC,"(-90,-85]","(1.46,2.19]",-87.5,1.82352438217472,2,6,FALSE
MMRp,Myeloid-ISG,"(-90,-85]","(1.46,2.19]",-87.5,1.82352438217472,4,6,TRUE
MMRp,Myeloid-noDC-noGran,"(-90,-85]","(1.46,2.19]",-87.5,1.82352438217472,4,6,TRUE
MMRp,Myeloid-mregDC,"(-90,-85]","(2.19,2.92]",-87.5,2.55293413504461,4,6,TRUE
MMRp,Myeloid-ISG,"(-90,-85]","(2.19,2.92]",-87.5,2.55293413504461,2,6,FALSE
MMRp,Myeloid-noDC-noGran,"(-90,-85]","(2.19,2.92]",-87.5,2.55293413504461,4,6,TRUE
MMRp,Tcd4-Treg-comb,"(-90,-85]","(2.19,2.92]",-87.5,2.55293413504461,4,6,TRUE
MMRp,Myeloid-mregDC,"(-90,-85]","(2.92,3.65]",-87.5,3.2823438879145,3,6,TRUE
MMRp,Myeloid-ISG,"(-90,-85]","(2.92,3.65]",-87.5,3.2823438879145,3,6,TRUE
MMRp,Myeloid-noDC-noGran,"(-90,-85]","(2.92,3.65]",-87.5,3.2823438879145,4,6,TRUE
MMRp,Tcd4-Treg-comb,"(-90,-85]","(2.92,3.65]",-87.5,3.2823438879145,3,6,TRUE
MMRp,Tcd8-GZMK,"(-90,-85]","(2.92,3.65]",-87.5,3.2823438879145,1,6,FALSE
MMRp,CD8-all,"(-90,-85]","(2.92,3.65]",-87.5,3.2823438879145,3,6,TRUE
MMRp,Tplzf-gdlike-comb,"(-90,-85]","(2.92,3.65]",-87.5,3.2823438879145,1,6,FALSE
MMRp,Myeloid-mregDC,"(-90,-85]","(3.65,4.38]",-87.5,4.01175364078438,2,6,FALSE
MMRp,Myeloid-ISG,"(-90,-85]","(3.65,4.38]",-87.5,4.01175364078438,2,6,FALSE
MMRp,Myeloid-noDC-noGran,"(-90,-85]","(3.65,4.38]",-87.5,4.01175364078438,4,6,TRUE
MMRp,Tcd4-Treg-comb,"(-90,-85]","(3.65,4.38]",-87.5,4.01175364078438,2,6,FALSE
MMRp,Myeloid-ISG,"(-90,-85]","(4.38,5.11]",-87.5,4.74116339365427,2,6,FALSE
MMRp,Myeloid-noDC-noGran,"(-90,-85]","(4.38,5.11]",-87.5,4.74116339365427,2,6,FALSE
MMRp,Myeloid-mregDC,"(-90,-85]","[0,0.729]",-87.5,0.364704876434944,5,6,TRUE
MMRp,Myeloid-ISG,"(-90,-85]","[0,0.729]",-87.5,0.364704876434944,5,6,TRUE
MMRp,Myeloid-noDC-noGran,"(-90,-85]","[0,0.729]",-87.5,0.364704876434944,5,6,TRUE
MMRp,Tcd4-CXCL13,"(-90,-85]","[0,0.729]",-87.5,0.364704876434944,4,6,TRUE
MMRp,Tcd4-Treg-comb,"(-90,-85]","[0,0.729]",-87.5,0.364704876434944,5,6,TRUE
MMRp,Myeloid-mregDC,"(-95,-90]","(1.46,2.19]",-92.5,1.82352438217472,2,6,FALSE
MMRp,Myeloid-ISG,"(-95,-90]","(1.46,2.19]",-92.5,1.82352438217472,3,6,TRUE
MMRp,Myeloid-noDC-noGran,"(-95,-90]","(1.46,2.19]",-92.5,1.82352438217472,4,6,TRUE
MMRp,Myeloid-ISG,"(-95,-90]","(2.19,2.92]",-92.5,2.55293413504461,4,6,TRUE
MMRp,Myeloid-noDC-noGran,"(-95,-90]","(2.19,2.92]",-92.5,2.55293413504461,4,6,TRUE
MMRp,Tcd4-CXCL13,"(-95,-90]","(2.19,2.92]",-92.5,2.55293413504461,3,6,TRUE
MMRp,Myeloid-mregDC,"(-95,-90]","(2.92,3.65]",-92.5,3.2823438879145,3,6,TRUE
MMRp,Myeloid-ISG,"(-95,-90]","(2.92,3.65]",-92.5,3.2823438879145,3,6,TRUE
MMRp,Myeloid-noDC-noGran,"(-95,-90]","(2.92,3.65]",-92.5,3.2823438879145,4,6,TRUE
MMRp,Tcd4-Treg-comb,"(-95,-90]","(2.92,3.65]",-92.5,3.2823438879145,3,6,TRUE
MMRp,Tcd8-CXCL13-comb,"(-95,-90]","(2.92,3.65]",-92.5,3.2823438879145,2,6,FALSE
MMRp,CD8-all,"(-95,-90]","(2.92,3.65]",-92.5,3.2823438879145,3,6,TRUE
MMRp,Myeloid-ISG,"(-95,-90]","(3.65,4.38]",-92.5,4.01175364078438,3,6,TRUE
MMRp,Myeloid-noDC-noGran,"(-95,-90]","(3.65,4.38]",-92.5,4.01175364078438,4,6,TRUE
MMRp,Myeloid-ISG,"(-95,-90]","(4.38,5.11]",-92.5,4.74116339365427,2,6,FALSE
MMRp,Myeloid-noDC-noGran,"(-95,-90]","(4.38,5.11]",-92.5,4.74116339365427,3,6,TRUE
MMRp,Myeloid-mregDC,"(-95,-90]","[0,0.729]",-92.5,0.364704876434944,4,6,TRUE
MMRp,Myeloid-ISG,"(-95,-90]","[0,0.729]",-92.5,0.364704876434944,4,6,TRUE
MMRp,Myeloid-noDC-noGran,"(-95,-90]","[0,0.729]",-92.5,0.364704876434944,5,6,TRUE
MMRp,Tcd4-CXCL13,"(-95,-90]","[0,0.729]",-92.5,0.364704876434944,3,6,TRUE
MMRp,Tcd4-Treg-comb,"(-95,-90]","[0,0.729]",-92.5,0.364704876434944,4,6,TRUE
MMRp,Tcd8-HOBIT,"(-95,-90]","[0,0.729]",-92.5,0.364704876434944,3,6,TRUE
MMRp,CD8-all,"(-95,-90]","[0,0.729]",-92.5,0.364704876434944,4,6,TRUE
MMRp,Myeloid-noDC-noGran,"(0,5]","(0.729,1.46]",2.5,1.09411462930483,6,6,TRUE
MMRp,Myeloid-noDC-noGran,"(0,5]","(1.46,2.19]",2.5,1.82352438217472,6,6,TRUE
MMRp,Tcd4-Treg-comb,"(0,5]","(1.46,2.19]",2.5,1.82352438217472,6,6,TRUE
MMRp,Myeloid-mregDC,"(0,5]","(2.19,2.92]",2.5,2.55293413504461,5,6,TRUE
MMRp,Myeloid-ISG,"(0,5]","(2.19,2.92]",2.5,2.55293413504461,6,6,TRUE
MMRp,Myeloid-noDC-noGran,"(0,5]","(2.19,2.92]",2.5,2.55293413504461,6,6,TRUE
MMRp,Tcd4-Treg-comb,"(0,5]","(2.19,2.92]",2.5,2.55293413504461,5,6,TRUE
MMRp,Tcd8-CXCL13-comb,"(0,5]","(2.19,2.92]",2.5,2.55293413504461,4,6,TRUE
MMRp,CD8-all,"(0,5]","(2.19,2.92]",2.5,2.55293413504461,5,6,TRUE
MMRp,Tcd8-HOBIT,"(0,5]","(2.19,2.92]",2.5,2.55293413504461,3,6,TRUE
MMRp,Myeloid-mregDC,"(0,5]","(2.92,3.65]",2.5,3.2823438879145,3,6,TRUE
MMRp,Myeloid-ISG,"(0,5]","(2.92,3.65]",2.5,3.2823438879145,5,6,TRUE
MMRp,Myeloid-noDC-noGran,"(0,5]","(2.92,3.65]",2.5,3.2823438879145,6,6,TRUE
MMRp,Tcd4-CXCL13,"(0,5]","(2.92,3.65]",2.5,3.2823438879145,3,6,TRUE
MMRp,Tcd8-CXCL13-comb,"(0,5]","(2.92,3.65]",2.5,3.2823438879145,3,6,TRUE
MMRp,CD8-all,"(0,5]","(2.92,3.65]",2.5,3.2823438879145,4,6,TRUE
MMRp,Tcd8-CXCL13-LAG3,"(0,5]","(2.92,3.65]",2.5,3.2823438879145,4,6,TRUE
MMRp,Tcd8-HOBIT,"(0,5]","(2.92,3.65]",2.5,3.2823438879145,2,6,FALSE
MMRp,Myeloid-mregDC,"(0,5]","(3.65,4.38]",2.5,4.01175364078438,4,6,TRUE
MMRp,Myeloid-ISG,"(0,5]","(3.65,4.38]",2.5,4.01175364078438,6,6,TRUE
MMRp,Myeloid-noDC-noGran,"(0,5]","(3.65,4.38]",2.5,4.01175364078438,6,6,TRUE
MMRp,Tcd4-Treg-comb,"(0,5]","(3.65,4.38]",2.5,4.01175364078438,4,6,TRUE
MMRp,Tcd8-CXCL13-comb,"(0,5]","(3.65,4.38]",2.5,4.01175364078438,3,6,TRUE
MMRp,CD8-all,"(0,5]","(3.65,4.38]",2.5,4.01175364078438,3,6,TRUE
MMRp,Tcd8-CXCL13-LAG3,"(0,5]","(3.65,4.38]",2.5,4.01175364078438,2,6,FALSE
MMRp,Tcd8-HOBIT,"(0,5]","(3.65,4.38]",2.5,4.01175364078438,3,6,TRUE
MMRp,Tplzf-gdlike-comb,"(0,5]","(3.65,4.38]",2.5,4.01175364078438,1,6,FALSE
MMRp,Myeloid-mregDC,"(0,5]","(4.38,5.11]",2.5,4.74116339365427,3,6,TRUE
MMRp,Myeloid-ISG,"(0,5]","(4.38,5.11]",2.5,4.74116339365427,4,6,TRUE
MMRp,Myeloid-noDC-noGran,"(0,5]","(4.38,5.11]",2.5,4.74116339365427,4,6,TRUE
MMRp,Tcd4-CXCL13,"(0,5]","(4.38,5.11]",2.5,4.74116339365427,2,6,FALSE
MMRp,Tcd4-Treg-comb,"(0,5]","(4.38,5.11]",2.5,4.74116339365427,3,6,TRUE
MMRp,Tcd8-CXCL13-comb,"(0,5]","(4.38,5.11]",2.5,4.74116339365427,2,6,FALSE
MMRp,CD8-all,"(0,5]","(4.38,5.11]",2.5,4.74116339365427,3,6,TRUE
MMRp,Tplzf-gdlike-comb,"(0,5]","(4.38,5.11]",2.5,4.74116339365427,2,6,FALSE
MMRp,Myeloid-mregDC,"(0,5]","(5.11,5.84]",2.5,5.47057314652416,3,6,TRUE
MMRp,Myeloid-ISG,"(0,5]","(5.11,5.84]",2.5,5.47057314652416,3,6,TRUE
MMRp,Myeloid-noDC-noGran,"(0,5]","(5.11,5.84]",2.5,5.47057314652416,3,6,TRUE
MMRp,Tcd8-CXCL13-LAG3,"(0,5]","(5.11,5.84]",2.5,5.47057314652416,1,6,FALSE
MMRp,CD8-all,"(0,5]","(5.11,5.84]",2.5,5.47057314652416,3,6,TRUE
MMRp,Tcd8-HOBIT,"(0,5]","(5.11,5.84]",2.5,5.47057314652416,2,6,FALSE
MMRp,Myeloid-ISG,"(0,5]","(5.84,6.56]",2.5,6.19998289939405,1,6,FALSE
MMRp,Myeloid-noDC-noGran,"(0,5]","(5.84,6.56]",2.5,6.19998289939405,1,6,FALSE
MMRp,Myeloid-mregDC,"(0,5]","[0,0.729]",2.5,0.364704876434944,6,6,TRUE
MMRp,Myeloid-ISG,"(0,5]","[0,0.729]",2.5,0.364704876434944,6,6,TRUE
MMRp,Myeloid-noDC-noGran,"(0,5]","[0,0.729]",2.5,0.364704876434944,6,6,TRUE
MMRp,Tcd4-CXCL13,"(0,5]","[0,0.729]",2.5,0.364704876434944,6,6,TRUE
MMRp,Tcd4-Treg-comb,"(0,5]","[0,0.729]",2.5,0.364704876434944,6,6,TRUE
MMRp,Tcd8-GZMK,"(0,5]","[0,0.729]",2.5,0.364704876434944,6,6,TRUE
MMRp,CD8-all,"(0,5]","[0,0.729]",2.5,0.364704876434944,6,6,TRUE
MMRp,Myeloid-noDC-noGran,"(10,15]","(1.46,2.19]",12.5,1.82352438217472,6,6,TRUE
MMRp,Myeloid-noDC-noGran,"(10,15]","(2.19,2.92]",12.5,2.55293413504461,6,6,TRUE
MMRp,Tcd4-Treg-comb,"(10,15]","(2.19,2.92]",12.5,2.55293413504461,2,6,FALSE
MMRp,Tcd8-CXCL13-comb,"(10,15]","(2.19,2.92]",12.5,2.55293413504461,3,6,TRUE
MMRp,CD8-all,"(10,15]","(2.19,2.92]",12.5,2.55293413504461,4,6,TRUE
MMRp,Tcd8-HOBIT,"(10,15]","(2.19,2.92]",12.5,2.55293413504461,3,6,TRUE
MMRp,Tplzf-gdlike-comb,"(10,15]","(2.19,2.92]",12.5,2.55293413504461,3,6,TRUE
MMRp,Myeloid-mregDC,"(10,15]","(2.92,3.65]",12.5,3.2823438879145,1,6,FALSE
MMRp,Myeloid-ISG,"(10,15]","(2.92,3.65]",12.5,3.2823438879145,4,6,TRUE
MMRp,Myeloid-noDC-noGran,"(10,15]","(2.92,3.65]",12.5,3.2823438879145,5,6,TRUE
MMRp,Tcd4-CXCL13,"(10,15]","(2.92,3.65]",12.5,3.2823438879145,2,6,FALSE
MMRp,Tcd8-HOBIT,"(10,15]","(2.92,3.65]",12.5,3.2823438879145,2,6,FALSE
MMRp,CD8-all,"(10,15]","(2.92,3.65]",12.5,3.2823438879145,3,6,TRUE
MMRp,Myeloid-mregDC,"(10,15]","(3.65,4.38]",12.5,4.01175364078438,1,6,FALSE
MMRp,Myeloid-ISG,"(10,15]","(3.65,4.38]",12.5,4.01175364078438,3,6,TRUE
MMRp,Myeloid-noDC-noGran,"(10,15]","(3.65,4.38]",12.5,4.01175364078438,3,6,TRUE
MMRp,Tcd4-CXCL13,"(10,15]","(3.65,4.38]",12.5,4.01175364078438,3,6,TRUE
MMRp,Tcd8-CXCL13-comb,"(10,15]","(3.65,4.38]",12.5,4.01175364078438,2,6,FALSE
MMRp,CD8-all,"(10,15]","(3.65,4.38]",12.5,4.01175364078438,2,6,FALSE
MMRp,Myeloid-ISG,"(10,15]","(4.38,5.11]",12.5,4.74116339365427,1,6,FALSE
MMRp,Myeloid-noDC-noGran,"(10,15]","(4.38,5.11]",12.5,4.74116339365427,3,6,TRUE
MMRp,Myeloid-mregDC,"(10,15]","(5.11,5.84]",12.5,5.47057314652416,1,6,FALSE
MMRp,Myeloid-ISG,"(10,15]","(5.11,5.84]",12.5,5.47057314652416,1,6,FALSE
MMRp,Myeloid-noDC-noGran,"(10,15]","(5.11,5.84]",12.5,5.47057314652416,1,6,FALSE
MMRp,Tcd4-Treg-comb,"(10,15]","(5.11,5.84]",12.5,5.47057314652416,1,6,FALSE
MMRp,Tcd8-CXCL13-comb,"(10,15]","(5.11,5.84]",12.5,5.47057314652416,1,6,FALSE
MMRp,CD8-all,"(10,15]","(5.11,5.84]",12.5,5.47057314652416,2,6,FALSE
MMRp,Myeloid-noDC-noGran,"(10,15]","(5.84,6.56]",12.5,6.19998289939405,1,6,FALSE
MMRp,Myeloid-noDC-noGran,"(10,15]","[0,0.729]",12.5,0.364704876434944,6,6,TRUE
MMRp,Tcd4-Treg-comb,"(10,15]","[0,0.729]",12.5,0.364704876434944,6,6,TRUE
MMRp,Tcd8-CXCL13-comb,"(10,15]","[0,0.729]",12.5,0.364704876434944,6,6,TRUE
MMRp,CD8-all,"(10,15]","[0,0.729]",12.5,0.364704876434944,6,6,TRUE
MMRp,Myeloid-ISG,"(15,20]","(1.46,2.19]",17.5,1.82352438217472,4,6,TRUE
MMRp,Myeloid-noDC-noGran,"(15,20]","(1.46,2.19]",17.5,1.82352438217472,6,6,TRUE
MMRp,Myeloid-noDC-noGran,"(15,20]","(2.19,2.92]",17.5,2.55293413504461,6,6,TRUE
MMRp,Tcd8-CXCL13-comb,"(15,20]","(2.19,2.92]",17.5,2.55293413504461,3,6,TRUE
MMRp,CD8-all,"(15,20]","(2.19,2.92]",17.5,2.55293413504461,4,6,TRUE
MMRp,Tcd8-HOBIT,"(15,20]","(2.19,2.92]",17.5,2.55293413504461,2,6,FALSE
MMRp,Myeloid-mregDC,"(15,20]","(2.92,3.65]",17.5,3.2823438879145,1,6,FALSE
MMRp,Myeloid-ISG,"(15,20]","(2.92,3.65]",17.5,3.2823438879145,3,6,TRUE
MMRp,Myeloid-noDC-noGran,"(15,20]","(2.92,3.65]",17.5,3.2823438879145,3,6,TRUE
MMRp,Tcd8-CXCL13-comb,"(15,20]","(2.92,3.65]",17.5,3.2823438879145,2,6,FALSE
MMRp,CD8-all,"(15,20]","(2.92,3.65]",17.5,3.2823438879145,3,6,TRUE
MMRp,Tcd8-CXCL13-LAG3,"(15,20]","(2.92,3.65]",17.5,3.2823438879145,1,6,FALSE
MMRp,Tcd8-GZMK,"(15,20]","(2.92,3.65]",17.5,3.2823438879145,1,6,FALSE
MMRp,Tplzf-gdlike-comb,"(15,20]","(2.92,3.65]",17.5,3.2823438879145,2,6,FALSE
MMRp,Myeloid-mregDC,"(15,20]","(3.65,4.38]",17.5,4.01175364078438,2,6,FALSE
MMRp,Myeloid-ISG,"(15,20]","(3.65,4.38]",17.5,4.01175364078438,3,6,TRUE
MMRp,Myeloid-noDC-noGran,"(15,20]","(3.65,4.38]",17.5,4.01175364078438,3,6,TRUE
MMRp,Tcd8-CXCL13-comb,"(15,20]","(3.65,4.38]",17.5,4.01175364078438,1,6,FALSE
MMRp,CD8-all,"(15,20]","(3.65,4.38]",17.5,4.01175364078438,2,6,FALSE
MMRp,Tcd8-GZMK,"(15,20]","(3.65,4.38]",17.5,4.01175364078438,1,6,FALSE
MMRp,Myeloid-ISG,"(15,20]","(4.38,5.11]",17.5,4.74116339365427,1,6,FALSE
MMRp,Myeloid-noDC-noGran,"(15,20]","(4.38,5.11]",17.5,4.74116339365427,2,6,FALSE
MMRp,Tcd8-HOBIT,"(15,20]","(4.38,5.11]",17.5,4.74116339365427,1,6,FALSE
MMRp,CD8-all,"(15,20]","(4.38,5.11]",17.5,4.74116339365427,2,6,FALSE
MMRp,Myeloid-ISG,"(15,20]","(5.11,5.84]",17.5,5.47057314652416,1,6,FALSE
MMRp,Myeloid-noDC-noGran,"(15,20]","(5.11,5.84]",17.5,5.47057314652416,1,6,FALSE
MMRp,Myeloid-ISG,"(15,20]","(5.84,6.56]",17.5,6.19998289939405,1,6,FALSE
MMRp,Myeloid-noDC-noGran,"(15,20]","(5.84,6.56]",17.5,6.19998289939405,1,6,FALSE
MMRp,Myeloid-noDC-noGran,"(15,20]","[0,0.729]",17.5,0.364704876434944,6,6,TRUE
MMRp,Tplzf-gdlike-comb,"(15,20]","[0,0.729]",17.5,0.364704876434944,5,6,TRUE
MMRp,Myeloid-ISG,"(20,25]","(2.19,2.92]",22.5,2.55293413504461,3,6,TRUE
MMRp,Myeloid-noDC-noGran,"(20,25]","(2.19,2.92]",22.5,2.55293413504461,6,6,TRUE
MMRp,Tcd8-CXCL13-comb,"(20,25]","(2.19,2.92]",22.5,2.55293413504461,3,6,TRUE
MMRp,CD8-all,"(20,25]","(2.19,2.92]",22.5,2.55293413504461,5,6,TRUE
MMRp,Tcd8-HOBIT,"(20,25]","(2.19,2.92]",22.5,2.55293413504461,2,6,FALSE
MMRp,Tplzf-gdlike-comb,"(20,25]","(2.19,2.92]",22.5,2.55293413504461,2,6,FALSE
MMRp,Myeloid-ISG,"(20,25]","(2.92,3.65]",22.5,3.2823438879145,2,6,FALSE
MMRp,Myeloid-noDC-noGran,"(20,25]","(2.92,3.65]",22.5,3.2823438879145,6,6,TRUE
MMRp,Tcd4-CXCL13,"(20,25]","(2.92,3.65]",22.5,3.2823438879145,2,6,FALSE
MMRp,Tcd8-CXCL13-comb,"(20,25]","(2.92,3.65]",22.5,3.2823438879145,1,6,FALSE
MMRp,CD8-all,"(20,25]","(2.92,3.65]",22.5,3.2823438879145,2,6,FALSE
MMRp,Tcd8-CXCL13-LAG3,"(20,25]","(2.92,3.65]",22.5,3.2823438879145,2,6,FALSE
MMRp,Tcd8-HOBIT,"(20,25]","(2.92,3.65]",22.5,3.2823438879145,2,6,FALSE
MMRp,Myeloid-ISG,"(20,25]","(3.65,4.38]",22.5,4.01175364078438,1,6,FALSE
MMRp,Myeloid-noDC-noGran,"(20,25]","(3.65,4.38]",22.5,4.01175364078438,2,6,FALSE
MMRp,Tcd8-CXCL13-comb,"(20,25]","(3.65,4.38]",22.5,4.01175364078438,1,6,FALSE
MMRp,CD8-all,"(20,25]","(3.65,4.38]",22.5,4.01175364078438,2,6,FALSE
MMRp,Tplzf-gdlike-comb,"(20,25]","(3.65,4.38]",22.5,4.01175364078438,1,6,FALSE
MMRp,Myeloid-mregDC,"(20,25]","(4.38,5.11]",22.5,4.74116339365427,1,6,FALSE
MMRp,Myeloid-ISG,"(20,25]","(4.38,5.11]",22.5,4.74116339365427,2,6,FALSE
MMRp,Myeloid-noDC-noGran,"(20,25]","(4.38,5.11]",22.5,4.74116339365427,2,6,FALSE
MMRp,Tcd8-CXCL13-LAG3,"(20,25]","(4.38,5.11]",22.5,4.74116339365427,1,6,FALSE
MMRp,CD8-all,"(20,25]","(4.38,5.11]",22.5,4.74116339365427,2,6,FALSE
MMRp,Tplzf-gdlike-comb,"(20,25]","(4.38,5.11]",22.5,4.74116339365427,1,6,FALSE
MMRp,Myeloid-noDC-noGran,"(20,25]","[0,0.729]",22.5,0.364704876434944,6,6,TRUE
MMRp,Tplzf-gdlike-comb,"(20,25]","[0,0.729]",22.5,0.364704876434944,4,6,TRUE
MMRp,Myeloid-ISG,"(25,30]","(1.46,2.19]",27.5,1.82352438217472,4,6,TRUE
MMRp,Myeloid-noDC-noGran,"(25,30]","(1.46,2.19]",27.5,1.82352438217472,6,6,TRUE
MMRp,Myeloid-mregDC,"(25,30]","(2.19,2.92]",27.5,2.55293413504461,1,6,FALSE
MMRp,Myeloid-ISG,"(25,30]","(2.19,2.92]",27.5,2.55293413504461,3,6,TRUE
MMRp,Myeloid-noDC-noGran,"(25,30]","(2.19,2.92]",27.5,2.55293413504461,6,6,TRUE
MMRp,Tcd4-CXCL13,"(25,30]","(2.19,2.92]",27.5,2.55293413504461,2,6,FALSE
MMRp,Tcd8-GZMK,"(25,30]","(2.19,2.92]",27.5,2.55293413504461,1,6,FALSE
MMRp,CD8-all,"(25,30]","(2.19,2.92]",27.5,2.55293413504461,3,6,TRUE
MMRp,Tplzf-gdlike-comb,"(25,30]","(2.19,2.92]",27.5,2.55293413504461,3,6,TRUE
MMRp,Myeloid-mregDC,"(25,30]","(2.92,3.65]",27.5,3.2823438879145,1,6,FALSE
MMRp,Myeloid-ISG,"(25,30]","(2.92,3.65]",27.5,3.2823438879145,2,6,FALSE
MMRp,Myeloid-noDC-noGran,"(25,30]","(2.92,3.65]",27.5,3.2823438879145,3,6,TRUE
MMRp,Tcd8-CXCL13-LAG3,"(25,30]","(2.92,3.65]",27.5,3.2823438879145,1,6,FALSE
MMRp,CD8-all,"(25,30]","(2.92,3.65]",27.5,3.2823438879145,2,6,FALSE
MMRp,Tplzf-gdlike-comb,"(25,30]","(2.92,3.65]",27.5,3.2823438879145,1,6,FALSE
MMRp,Myeloid-ISG,"(25,30]","(3.65,4.38]",27.5,4.01175364078438,2,6,FALSE
MMRp,Myeloid-noDC-noGran,"(25,30]","(3.65,4.38]",27.5,4.01175364078438,3,6,TRUE
MMRp,Tcd8-CXCL13-LAG3,"(25,30]","(3.65,4.38]",27.5,4.01175364078438,1,6,FALSE
MMRp,CD8-all,"(25,30]","(3.65,4.38]",27.5,4.01175364078438,2,6,FALSE
MMRp,Tcd8-CXCL13-comb,"(25,30]","(3.65,4.38]",27.5,4.01175364078438,1,6,FALSE
MMRp,Tcd8-GZMK,"(25,30]","(3.65,4.38]",27.5,4.01175364078438,1,6,FALSE
MMRp,Myeloid-ISG,"(25,30]","(4.38,5.11]",27.5,4.74116339365427,1,6,FALSE
MMRp,Myeloid-noDC-noGran,"(25,30]","(4.38,5.11]",27.5,4.74116339365427,1,6,FALSE
MMRp,Myeloid-ISG,"(25,30]","[0,0.729]",27.5,0.364704876434944,6,6,TRUE
MMRp,Myeloid-noDC-noGran,"(25,30]","[0,0.729]",27.5,0.364704876434944,6,6,TRUE
MMRp,Tcd8-CXCL13-comb,"(25,30]","[0,0.729]",27.5,0.364704876434944,4,6,TRUE
MMRp,CD8-all,"(25,30]","[0,0.729]",27.5,0.364704876434944,4,6,TRUE
MMRp,Tcd8-CXCL13-LAG3,"(30,35]","(1.46,2.19]",32.5,1.82352438217472,2,6,FALSE
MMRp,CD8-all,"(30,35]","(1.46,2.19]",32.5,1.82352438217472,4,6,TRUE
MMRp,Myeloid-mregDC,"(30,35]","(2.19,2.92]",32.5,2.55293413504461,1,6,FALSE
MMRp,Myeloid-ISG,"(30,35]","(2.19,2.92]",32.5,2.55293413504461,2,6,FALSE
MMRp,Myeloid-noDC-noGran,"(30,35]","(2.19,2.92]",32.5,2.55293413504461,5,6,TRUE
MMRp,Tcd4-CXCL13,"(30,35]","(2.19,2.92]",32.5,2.55293413504461,2,6,FALSE
MMRp,Myeloid-ISG,"(30,35]","(2.92,3.65]",32.5,3.2823438879145,2,6,FALSE
MMRp,Myeloid-noDC-noGran,"(30,35]","(2.92,3.65]",32.5,3.2823438879145,5,6,TRUE
MMRp,Tcd8-CXCL13-comb,"(30,35]","(2.92,3.65]",32.5,3.2823438879145,1,6,FALSE
MMRp,CD8-all,"(30,35]","(2.92,3.65]",32.5,3.2823438879145,2,6,FALSE
MMRp,Tcd8-GZMK,"(30,35]","(2.92,3.65]",32.5,3.2823438879145,1,6,FALSE
MMRp,Tcd8-HOBIT,"(30,35]","(2.92,3.65]",32.5,3.2823438879145,2,6,FALSE
MMRp,Myeloid-ISG,"(30,35]","(3.65,4.38]",32.5,4.01175364078438,2,6,FALSE
MMRp,Myeloid-noDC-noGran,"(30,35]","(3.65,4.38]",32.5,4.01175364078438,2,6,FALSE
MMRp,Tcd4-CXCL13,"(30,35]","(3.65,4.38]",32.5,4.01175364078438,1,6,FALSE
MMRp,Tcd8-HOBIT,"(30,35]","(3.65,4.38]",32.5,4.01175364078438,2,6,FALSE
MMRp,CD8-all,"(30,35]","(3.65,4.38]",32.5,4.01175364078438,2,6,FALSE
MMRp,Myeloid-mregDC,"(30,35]","(4.38,5.11]",32.5,4.74116339365427,1,6,FALSE
MMRp,Myeloid-ISG,"(30,35]","(4.38,5.11]",32.5,4.74116339365427,2,6,FALSE
MMRp,Myeloid-noDC-noGran,"(30,35]","(4.38,5.11]",32.5,4.74116339365427,3,6,TRUE
MMRp,Tcd8-CXCL13-LAG3,"(30,35]","(4.38,5.11]",32.5,4.74116339365427,1,6,FALSE
MMRp,CD8-all,"(30,35]","(4.38,5.11]",32.5,4.74116339365427,1,6,FALSE
MMRp,Myeloid-ISG,"(30,35]","[0,0.729]",32.5,0.364704876434944,6,6,TRUE
MMRp,Myeloid-noDC-noGran,"(30,35]","[0,0.729]",32.5,0.364704876434944,6,6,TRUE
MMRp,Myeloid-noDC-noGran,"(35,40]","(2.19,2.92]",37.5,2.55293413504461,6,6,TRUE
MMRp,Tcd4-CXCL13,"(35,40]","(2.19,2.92]",37.5,2.55293413504461,1,6,FALSE
MMRp,Myeloid-noDC-noGran,"(35,40]","(2.92,3.65]",37.5,3.2823438879145,5,6,TRUE
MMRp,Tcd8-HOBIT,"(35,40]","(2.92,3.65]",37.5,3.2823438879145,1,6,FALSE
MMRp,CD8-all,"(35,40]","(2.92,3.65]",37.5,3.2823438879145,3,6,TRUE
MMRp,Myeloid-ISG,"(35,40]","(3.65,4.38]",37.5,4.01175364078438,2,6,FALSE
MMRp,Myeloid-noDC-noGran,"(35,40]","(3.65,4.38]",37.5,4.01175364078438,2,6,FALSE
MMRp,Myeloid-ISG,"(35,40]","(4.38,5.11]",37.5,4.74116339365427,1,6,FALSE
MMRp,Myeloid-noDC-noGran,"(35,40]","(4.38,5.11]",37.5,4.74116339365427,2,6,FALSE
MMRp,Tcd8-HOBIT,"(35,40]","(4.38,5.11]",37.5,4.74116339365427,1,6,FALSE
MMRp,CD8-all,"(35,40]","(4.38,5.11]",37.5,4.74116339365427,1,6,FALSE
MMRp,Myeloid-ISG,"(35,40]","(5.11,5.84]",37.5,5.47057314652416,1,6,FALSE
MMRp,Myeloid-noDC-noGran,"(35,40]","(5.11,5.84]",37.5,5.47057314652416,1,6,FALSE
MMRp,Myeloid-ISG,"(35,40]","[0,0.729]",37.5,0.364704876434944,6,6,TRUE
MMRp,Myeloid-noDC-noGran,"(35,40]","[0,0.729]",37.5,0.364704876434944,6,6,TRUE
MMRp,Myeloid-noDC-noGran,"(40,45]","(1.46,2.19]",42.5,1.82352438217472,5,6,TRUE
MMRp,Myeloid-noDC-noGran,"(40,45]","(2.19,2.92]",42.5,2.55293413504461,6,6,TRUE
MMRp,Myeloid-ISG,"(40,45]","(2.92,3.65]",42.5,3.2823438879145,3,6,TRUE
MMRp,Myeloid-noDC-noGran,"(40,45]","(2.92,3.65]",42.5,3.2823438879145,4,6,TRUE
MMRp,Tcd8-CXCL13-LAG3,"(40,45]","(2.92,3.65]",42.5,3.2823438879145,1,6,FALSE
MMRp,CD8-all,"(40,45]","(2.92,3.65]",42.5,3.2823438879145,2,6,FALSE
MMRp,Tcd8-CXCL13-comb,"(40,45]","(2.92,3.65]",42.5,3.2823438879145,2,6,FALSE
MMRp,Myeloid-ISG,"(40,45]","(3.65,4.38]",42.5,4.01175364078438,1,6,FALSE
MMRp,Myeloid-noDC-noGran,"(40,45]","(3.65,4.38]",42.5,4.01175364078438,2,6,FALSE
MMRp,Tplzf-gdlike-comb,"(40,45]","(3.65,4.38]",42.5,4.01175364078438,2,6,FALSE
MMRp,Myeloid-noDC-noGran,"(40,45]","(4.38,5.11]",42.5,4.74116339365427,1,6,FALSE
MMRp,Tcd4-CXCL13,"(40,45]","(4.38,5.11]",42.5,4.74116339365427,1,6,FALSE
MMRp,Myeloid-mregDC,"(40,45]","[0,0.729]",42.5,0.364704876434944,5,6,TRUE
MMRp,Myeloid-ISG,"(40,45]","[0,0.729]",42.5,0.364704876434944,6,6,TRUE
MMRp,Myeloid-noDC-noGran,"(40,45]","[0,0.729]",42.5,0.364704876434944,6,6,TRUE
MMRp,Tcd8-CXCL13-LAG3,"(45,50]","(1.46,2.19]",47.5,1.82352438217472,1,6,FALSE
MMRp,CD8-all,"(45,50]","(1.46,2.19]",47.5,1.82352438217472,3,6,TRUE
MMRp,Tcd8-HOBIT,"(45,50]","(1.46,2.19]",47.5,1.82352438217472,2,6,FALSE
MMRp,Myeloid-noDC-noGran,"(45,50]","(2.19,2.92]",47.5,2.55293413504461,3,6,TRUE
MMRp,Tcd8-HOBIT,"(45,50]","(2.19,2.92]",47.5,2.55293413504461,1,6,FALSE
MMRp,CD8-all,"(45,50]","(2.19,2.92]",47.5,2.55293413504461,2,6,FALSE
MMRp,Myeloid-ISG,"(45,50]","(2.92,3.65]",47.5,3.2823438879145,1,6,FALSE
MMRp,Myeloid-noDC-noGran,"(45,50]","(2.92,3.65]",47.5,3.2823438879145,3,6,TRUE
MMRp,Tcd8-HOBIT,"(45,50]","(2.92,3.65]",47.5,3.2823438879145,1,6,FALSE
MMRp,CD8-all,"(45,50]","(2.92,3.65]",47.5,3.2823438879145,2,6,FALSE
MMRp,Myeloid-mregDC,"(45,50]","(3.65,4.38]",47.5,4.01175364078438,1,6,FALSE
MMRp,Myeloid-ISG,"(45,50]","(3.65,4.38]",47.5,4.01175364078438,1,6,FALSE
MMRp,Myeloid-noDC-noGran,"(45,50]","(3.65,4.38]",47.5,4.01175364078438,1,6,FALSE
MMRp,Tcd8-CXCL13-LAG3,"(45,50]","(3.65,4.38]",47.5,4.01175364078438,1,6,FALSE
MMRp,CD8-all,"(45,50]","(3.65,4.38]",47.5,4.01175364078438,1,6,FALSE
MMRp,Myeloid-noDC-noGran,"(45,50]","(4.38,5.11]",47.5,4.74116339365427,2,6,FALSE
MMRp,Myeloid-noDC-noGran,"(45,50]","[0,0.729]",47.5,0.364704876434944,6,6,TRUE
MMRp,Tcd4-CXCL13,"(45,50]","[0,0.729]",47.5,0.364704876434944,4,6,TRUE
MMRp,Myeloid-ISG,"(5,10]","(1.46,2.19]",7.5,1.82352438217472,5,6,TRUE
MMRp,Myeloid-noDC-noGran,"(5,10]","(1.46,2.19]",7.5,1.82352438217472,6,6,TRUE
MMRp,Tcd4-CXCL13,"(5,10]","(1.46,2.19]",7.5,1.82352438217472,4,6,TRUE
MMRp,Tcd8-CXCL13-comb,"(5,10]","(1.46,2.19]",7.5,1.82352438217472,5,6,TRUE
MMRp,CD8-all,"(5,10]","(1.46,2.19]",7.5,1.82352438217472,5,6,TRUE
MMRp,Myeloid-ISG,"(5,10]","(2.19,2.92]",7.5,2.55293413504461,6,6,TRUE
MMRp,Myeloid-noDC-noGran,"(5,10]","(2.19,2.92]",7.5,2.55293413504461,6,6,TRUE
MMRp,Tcd4-CXCL13,"(5,10]","(2.19,2.92]",7.5,2.55293413504461,4,6,TRUE
MMRp,Tcd4-Treg-comb,"(5,10]","(2.19,2.92]",7.5,2.55293413504461,3,6,TRUE
MMRp,Tcd8-CXCL13-comb,"(5,10]","(2.19,2.92]",7.5,2.55293413504461,3,6,TRUE
MMRp,CD8-all,"(5,10]","(2.19,2.92]",7.5,2.55293413504461,4,6,TRUE
MMRp,Tcd8-GZMK,"(5,10]","(2.19,2.92]",7.5,2.55293413504461,3,6,TRUE
MMRp,Tcd8-HOBIT,"(5,10]","(2.19,2.92]",7.5,2.55293413504461,4,6,TRUE
MMRp,Myeloid-mregDC,"(5,10]","(2.92,3.65]",7.5,3.2823438879145,4,6,TRUE
MMRp,Myeloid-ISG,"(5,10]","(2.92,3.65]",7.5,3.2823438879145,5,6,TRUE
MMRp,Myeloid-noDC-noGran,"(5,10]","(2.92,3.65]",7.5,3.2823438879145,6,6,TRUE
MMRp,Tcd4-CXCL13,"(5,10]","(2.92,3.65]",7.5,3.2823438879145,2,6,FALSE
MMRp,Tcd8-CXCL13-comb,"(5,10]","(2.92,3.65]",7.5,3.2823438879145,3,6,TRUE
MMRp,CD8-all,"(5,10]","(2.92,3.65]",7.5,3.2823438879145,3,6,TRUE
MMRp,Myeloid-mregDC,"(5,10]","(3.65,4.38]",7.5,4.01175364078438,2,6,FALSE
MMRp,Myeloid-ISG,"(5,10]","(3.65,4.38]",7.5,4.01175364078438,3,6,TRUE
MMRp,Myeloid-noDC-noGran,"(5,10]","(3.65,4.38]",7.5,4.01175364078438,5,6,TRUE
MMRp,Tcd4-Treg-comb,"(5,10]","(3.65,4.38]",7.5,4.01175364078438,3,6,TRUE
MMRp,Tcd8-CXCL13-comb,"(5,10]","(3.65,4.38]",7.5,4.01175364078438,2,6,FALSE
MMRp,CD8-all,"(5,10]","(3.65,4.38]",7.5,4.01175364078438,3,6,TRUE
MMRp,Myeloid-mregDC,"(5,10]","(4.38,5.11]",7.5,4.74116339365427,2,6,FALSE
MMRp,Myeloid-ISG,"(5,10]","(4.38,5.11]",7.5,4.74116339365427,3,6,TRUE
MMRp,Myeloid-noDC-noGran,"(5,10]","(4.38,5.11]",7.5,4.74116339365427,3,6,TRUE
MMRp,Tcd8-HOBIT,"(5,10]","(4.38,5.11]",7.5,4.74116339365427,1,6,FALSE
MMRp,CD8-all,"(5,10]","(4.38,5.11]",7.5,4.74116339365427,1,6,FALSE
MMRp,Myeloid-mregDC,"(5,10]","(5.11,5.84]",7.5,5.47057314652416,1,6,FALSE
MMRp,Myeloid-ISG,"(5,10]","(5.11,5.84]",7.5,5.47057314652416,2,6,FALSE
MMRp,Myeloid-noDC-noGran,"(5,10]","(5.11,5.84]",7.5,5.47057314652416,2,6,FALSE
MMRp,Myeloid-ISG,"(5,10]","[0,0.729]",7.5,0.364704876434944,6,6,TRUE
MMRp,Myeloid-noDC-noGran,"(5,10]","[0,0.729]",7.5,0.364704876434944,6,6,TRUE
MMRp,Tplzf-gdlike-comb,"(5,10]","[0,0.729]",7.5,0.364704876434944,6,6,TRUE
MMRp,Myeloid-noDC-noGran,"(50,55]","(1.46,2.19]",52.5,1.82352438217472,4,6,TRUE
MMRp,Myeloid-noDC-noGran,"(50,55]","(2.19,2.92]",52.5,2.55293413504461,2,6,FALSE
MMRp,Tcd8-CXCL13-LAG3,"(50,55]","(2.19,2.92]",52.5,2.55293413504461,2,6,FALSE
MMRp,CD8-all,"(50,55]","(2.19,2.92]",52.5,2.55293413504461,3,6,TRUE
MMRp,Myeloid-ISG,"(50,55]","(2.92,3.65]",52.5,3.2823438879145,2,6,FALSE
MMRp,Myeloid-noDC-noGran,"(50,55]","(2.92,3.65]",52.5,3.2823438879145,2,6,FALSE
MMRp,Tcd8-CXCL13-comb,"(50,55]","(2.92,3.65]",52.5,3.2823438879145,1,6,FALSE
MMRp,CD8-all,"(50,55]","(2.92,3.65]",52.5,3.2823438879145,2,6,FALSE
MMRp,Tcd8-HOBIT,"(50,55]","(2.92,3.65]",52.5,3.2823438879145,1,6,FALSE
MMRp,Myeloid-mregDC,"(50,55]","(3.65,4.38]",52.5,4.01175364078438,1,6,FALSE
MMRp,Myeloid-noDC-noGran,"(50,55]","(3.65,4.38]",52.5,4.01175364078438,2,6,FALSE
MMRp,Myeloid-ISG,"(50,55]","(4.38,5.11]",52.5,4.74116339365427,1,6,FALSE
MMRp,Myeloid-noDC-noGran,"(50,55]","(4.38,5.11]",52.5,4.74116339365427,1,6,FALSE
MMRp,Myeloid-ISG,"(50,55]","[0,0.729]",52.5,0.364704876434944,6,6,TRUE
MMRp,Myeloid-noDC-noGran,"(50,55]","[0,0.729]",52.5,0.364704876434944,6,6,TRUE
MMRp,Myeloid-ISG,"(55,60]","(2.19,2.92]",57.5,2.55293413504461,2,6,FALSE
MMRp,Myeloid-noDC-noGran,"(55,60]","(2.19,2.92]",57.5,2.55293413504461,3,6,TRUE
MMRp,Myeloid-ISG,"(55,60]","(2.92,3.65]",57.5,3.2823438879145,2,6,FALSE
MMRp,Myeloid-noDC-noGran,"(55,60]","(2.92,3.65]",57.5,3.2823438879145,3,6,TRUE
MMRp,Myeloid-ISG,"(55,60]","(3.65,4.38]",57.5,4.01175364078438,1,6,FALSE
MMRp,Myeloid-noDC-noGran,"(55,60]","(3.65,4.38]",57.5,4.01175364078438,2,6,FALSE
MMRp,Myeloid-noDC-noGran,"(55,60]","(4.38,5.11]",57.5,4.74116339365427,1,6,FALSE
MMRp,Myeloid-noDC-noGran,"(55,60]","(5.11,5.84]",57.5,5.47057314652416,1,6,FALSE
MMRp,Myeloid-mregDC,"(55,60]","[0,0.729]",57.5,0.364704876434944,2,6,FALSE
MMRp,Myeloid-ISG,"(55,60]","[0,0.729]",57.5,0.364704876434944,5,6,TRUE
MMRp,Myeloid-noDC-noGran,"(55,60]","[0,0.729]",57.5,0.364704876434944,6,6,TRUE
MMRp,Myeloid-noDC-noGran,"(60,65]","(2.19,2.92]",62.5,2.55293413504461,5,6,TRUE
MMRp,Myeloid-noDC-noGran,"(60,65]","(2.92,3.65]",62.5,3.2823438879145,4,6,TRUE
MMRp,Myeloid-ISG,"(60,65]","(3.65,4.38]",62.5,4.01175364078438,1,6,FALSE
MMRp,Myeloid-noDC-noGran,"(60,65]","(3.65,4.38]",62.5,4.01175364078438,1,6,FALSE
MMRp,Myeloid-noDC-noGran,"(60,65]","(4.38,5.11]",62.5,4.74116339365427,1,6,FALSE
MMRp,Myeloid-ISG,"(60,65]","(5.11,5.84]",62.5,5.47057314652416,1,6,FALSE
MMRp,Myeloid-noDC-noGran,"(60,65]","(5.11,5.84]",62.5,5.47057314652416,1,6,FALSE
MMRp,Myeloid-ISG,"(60,65]","[0,0.729]",62.5,0.364704876434944,4,6,TRUE
MMRp,Myeloid-noDC-noGran,"(60,65]","[0,0.729]",62.5,0.364704876434944,6,6,TRUE
MMRp,Myeloid-noDC-noGran,"(65,70]","(2.19,2.92]",67.5,2.55293413504461,4,6,TRUE
MMRp,Myeloid-mregDC,"(65,70]","(2.92,3.65]",67.5,3.2823438879145,1,6,FALSE
MMRp,Myeloid-ISG,"(65,70]","(2.92,3.65]",67.5,3.2823438879145,1,6,FALSE
MMRp,Myeloid-noDC-noGran,"(65,70]","(2.92,3.65]",67.5,3.2823438879145,2,6,FALSE
MMRp,Tcd4-CXCL13,"(65,70]","(2.92,3.65]",67.5,3.2823438879145,1,6,FALSE
MMRp,Myeloid-ISG,"(65,70]","(4.38,5.11]",67.5,4.74116339365427,1,6,FALSE
MMRp,Myeloid-noDC-noGran,"(65,70]","(4.38,5.11]",67.5,4.74116339365427,1,6,FALSE
MMRp,Tcd8-CXCL13-comb,"(65,70]","(4.38,5.11]",67.5,4.74116339365427,1,6,FALSE
MMRp,CD8-all,"(65,70]","(4.38,5.11]",67.5,4.74116339365427,1,6,FALSE
MMRp,Tcd8-HOBIT,"(65,70]","(4.38,5.11]",67.5,4.74116339365427,1,6,FALSE
MMRp,Myeloid-noDC-noGran,"(65,70]","(5.11,5.84]",67.5,5.47057314652416,1,6,FALSE
MMRp,Myeloid-ISG,"(65,70]","[0,0.729]",67.5,0.364704876434944,5,6,TRUE
MMRp,Myeloid-noDC-noGran,"(65,70]","[0,0.729]",67.5,0.364704876434944,6,6,TRUE
MMRp,Myeloid-mregDC,"(70,75]","(2.92,3.65]",72.5,3.2823438879145,2,6,FALSE
MMRp,Myeloid-ISG,"(70,75]","(2.92,3.65]",72.5,3.2823438879145,1,6,FALSE
MMRp,Myeloid-noDC-noGran,"(70,75]","(2.92,3.65]",72.5,3.2823438879145,1,6,FALSE
MMRp,Tcd8-GZMK,"(70,75]","(2.92,3.65]",72.5,3.2823438879145,1,6,FALSE
MMRp,CD8-all,"(70,75]","(2.92,3.65]",72.5,3.2823438879145,1,6,FALSE
MMRp,Tplzf-gdlike-comb,"(70,75]","(2.92,3.65]",72.5,3.2823438879145,1,6,FALSE
MMRp,Myeloid-ISG,"(70,75]","(3.65,4.38]",72.5,4.01175364078438,1,6,FALSE
MMRp,Myeloid-noDC-noGran,"(70,75]","(3.65,4.38]",72.5,4.01175364078438,2,6,FALSE
MMRp,Myeloid-noDC-noGran,"(70,75]","(4.38,5.11]",72.5,4.74116339365427,1,6,FALSE
MMRp,Myeloid-ISG,"(70,75]","(5.11,5.84]",72.5,5.47057314652416,1,6,FALSE
MMRp,Myeloid-noDC-noGran,"(70,75]","(5.11,5.84]",72.5,5.47057314652416,1,6,FALSE
MMRp,Myeloid-mregDC,"(70,75]","[0,0.729]",72.5,0.364704876434944,2,6,FALSE
MMRp,Myeloid-ISG,"(70,75]","[0,0.729]",72.5,0.364704876434944,4,6,TRUE
MMRp,Myeloid-noDC-noGran,"(70,75]","[0,0.729]",72.5,0.364704876434944,6,6,TRUE
MMRp,Myeloid-noDC-noGran,"(75,80]","(3.65,4.38]",77.5,4.01175364078438,1,6,FALSE
MMRp,Tcd8-CXCL13-comb,"(75,80]","(3.65,4.38]",77.5,4.01175364078438,1,6,FALSE
MMRp,CD8-all,"(75,80]","(3.65,4.38]",77.5,4.01175364078438,1,6,FALSE
MMRp,Myeloid-noDC-noGran,"(75,80]","(4.38,5.11]",77.5,4.74116339365427,1,6,FALSE
MMRp,Myeloid-ISG,"(75,80]","[0,0.729]",77.5,0.364704876434944,6,6,TRUE
MMRp,Myeloid-noDC-noGran,"(75,80]","[0,0.729]",77.5,0.364704876434944,6,6,TRUE
MMRp,Myeloid-noDC-noGran,"(80,85]","(2.19,2.92]",82.5,2.55293413504461,5,6,TRUE
MMRp,Myeloid-noDC-noGran,"(80,85]","(2.92,3.65]",82.5,3.2823438879145,4,6,TRUE
MMRp,Myeloid-ISG,"(80,85]","(3.65,4.38]",82.5,4.01175364078438,1,6,FALSE
MMRp,Myeloid-noDC-noGran,"(80,85]","(3.65,4.38]",82.5,4.01175364078438,2,6,FALSE
MMRp,Myeloid-ISG,"(80,85]","(4.38,5.11]",82.5,4.74116339365427,1,6,FALSE
MMRp,Myeloid-noDC-noGran,"(80,85]","(4.38,5.11]",82.5,4.74116339365427,1,6,FALSE
MMRp,Myeloid-noDC-noGran,"(80,85]","(5.11,5.84]",82.5,5.47057314652416,1,6,FALSE
MMRp,Myeloid-ISG,"(80,85]","[0,0.729]",82.5,0.364704876434944,6,6,TRUE
MMRp,Myeloid-noDC-noGran,"(80,85]","[0,0.729]",82.5,0.364704876434944,6,6,TRUE
MMRp,Myeloid-noDC-noGran,"(85,90]","(3.65,4.38]",87.5,4.01175364078438,2,6,FALSE
MMRp,Tplzf-gdlike-comb,"(85,90]","(3.65,4.38]",87.5,4.01175364078438,1,6,FALSE
MMRp,Myeloid-ISG,"(85,90]","[0,0.729]",87.5,0.364704876434944,6,6,TRUE
MMRp,Myeloid-noDC-noGran,"(85,90]","[0,0.729]",87.5,0.364704876434944,6,6,TRUE
MMRp,Tplzf-gdlike-comb,"(85,90]","[0,0.729]",87.5,0.364704876434944,3,6,TRUE
MMRp,Tplzf-gdlike-comb,"(90,95]","(2.19,2.92]",92.5,2.55293413504461,1,6,FALSE
MMRp,Myeloid-noDC-noGran,"(90,95]","(3.65,4.38]",92.5,4.01175364078438,2,6,FALSE
MMRp,Myeloid-ISG,"(90,95]","(4.38,5.11]",92.5,4.74116339365427,1,6,FALSE
MMRp,Myeloid-noDC-noGran,"(90,95]","(4.38,5.11]",92.5,4.74116339365427,1,6,FALSE
MMRp,Myeloid-noDC-noGran,"(90,95]","[0,0.729]",92.5,0.364704876434944,6,6,TRUE
MMRp,Myeloid-ISG,"(95,100]","(3.65,4.38]",97.5,4.01175364078438,1,6,FALSE
MMRp,Myeloid-noDC-noGran,"(95,100]","(3.65,4.38]",97.5,4.01175364078438,1,6,FALSE
MMRp,Tplzf-gdlike-comb,"(95,100]","(3.65,4.38]",97.5,4.01175364078438,1,6,FALSE
MMRp,Myeloid-noDC-noGran,"(95,100]","(4.38,5.11]",97.5,4.74116339365427,1,6,FALSE
MMRp,Myeloid-noDC-noGran,"(95,100]","[0,0.729]",97.5,0.364704876434944,6,6,TRUE
MMRp,Myeloid-ISG,"[-100,-95]","(1.46,2.19]",-97.5,1.82352438217472,3,6,TRUE
MMRp,Myeloid-noDC-noGran,"[-100,-95]","(1.46,2.19]",-97.5,1.82352438217472,4,6,TRUE
MMRp,Myeloid-ISG,"[-100,-95]","(2.19,2.92]",-97.5,2.55293413504461,3,6,TRUE
MMRp,Myeloid-noDC-noGran,"[-100,-95]","(2.19,2.92]",-97.5,2.55293413504461,4,6,TRUE
MMRp,Myeloid-mregDC,"[-100,-95]","(2.92,3.65]",-97.5,3.2823438879145,2,6,FALSE
MMRp,Myeloid-ISG,"[-100,-95]","(2.92,3.65]",-97.5,3.2823438879145,3,6,TRUE
MMRp,Myeloid-noDC-noGran,"[-100,-95]","(2.92,3.65]",-97.5,3.2823438879145,4,6,TRUE
MMRp,Tcd4-Treg-comb,"[-100,-95]","(2.92,3.65]",-97.5,3.2823438879145,3,6,TRUE
MMRp,Tcd8-CXCL13-comb,"[-100,-95]","(2.92,3.65]",-97.5,3.2823438879145,3,6,TRUE
MMRp,CD8-all,"[-100,-95]","(2.92,3.65]",-97.5,3.2823438879145,4,6,TRUE
MMRp,Tcd8-HOBIT,"[-100,-95]","(2.92,3.65]",-97.5,3.2823438879145,1,6,FALSE
MMRp,Myeloid-mregDC,"[-100,-95]","(3.65,4.38]",-97.5,4.01175364078438,2,6,FALSE
MMRp,Myeloid-ISG,"[-100,-95]","(3.65,4.38]",-97.5,4.01175364078438,3,6,TRUE
MMRp,Myeloid-noDC-noGran,"[-100,-95]","(3.65,4.38]",-97.5,4.01175364078438,4,6,TRUE
MMRp,Myeloid-mregDC,"[-100,-95]","(4.38,5.11]",-97.5,4.74116339365427,1,6,FALSE
MMRp,Myeloid-ISG,"[-100,-95]","(4.38,5.11]",-97.5,4.74116339365427,3,6,TRUE
MMRp,Myeloid-noDC-noGran,"[-100,-95]","(4.38,5.11]",-97.5,4.74116339365427,3,6,TRUE
MMRp,Myeloid-mregDC,"[-100,-95]","[0,0.729]",-97.5,0.364704876434944,4,6,TRUE
MMRp,Myeloid-ISG,"[-100,-95]","[0,0.729]",-97.5,0.364704876434944,4,6,TRUE
MMRp,Myeloid-noDC-noGran,"[-100,-95]","[0,0.729]",-97.5,0.364704876434944,5,6,TRUE
MMRp,Tcd4-Treg-comb,"[-100,-95]","[0,0.729]",-97.5,0.364704876434944,5,6,TRUE
MMRp,Tcd8-CXCL13-comb,"[-100,-95]","[0,0.729]",-97.5,0.364704876434944,3,6,TRUE
MMRp,CD8-all,"[-100,-95]","[0,0.729]",-97.5,0.364704876434944,5,6,TRUE
MMRp,Myeloid-mregDC,"(-10,-5]","(0.729,1.46]",-7.5,1.09411462930483,5,6,TRUE
MMRp,Myeloid-ISG,"(-10,-5]","(0.729,1.46]",-7.5,1.09411462930483,5,6,TRUE
MMRp,Myeloid-noDC-noGran,"(-10,-5]","(0.729,1.46]",-7.5,1.09411462930483,5,6,TRUE
MMRp,Tcd4-Treg-comb,"(-10,-5]","(0.729,1.46]",-7.5,1.09411462930483,5,6,TRUE
MMRp,Tcd8-GZMK,"(-10,-5]","(0.729,1.46]",-7.5,1.09411462930483,5,6,TRUE
MMRp,CD8-all,"(-10,-5]","(0.729,1.46]",-7.5,1.09411462930483,5,6,TRUE
MMRp,Tcd4-CXCL13,"(-10,-5]","(1.46,2.19]",-7.5,1.82352438217472,5,6,TRUE
MMRp,Tcd8-CXCL13-comb,"(-10,-5]","(1.46,2.19]",-7.5,1.82352438217472,5,6,TRUE
MMRp,Tplzf-gdlike-comb,"(-10,-5]","(1.46,2.19]",-7.5,1.82352438217472,4,6,TRUE
MMRp,Tcd4-CXCL13,"(-10,-5]","(2.92,3.65]",-7.5,3.2823438879145,3,6,TRUE
MMRp,Tcd8-CXCL13-LAG3,"(-10,-5]","[0,0.729]",-7.5,0.364704876434944,4,6,TRUE
MMRp,CD8-all,"(-10,-5]","[0,0.729]",-7.5,0.364704876434944,5,6,TRUE
MMRp,Tcd8-CXCL13-comb,"(-10,-5]","[0,0.729]",-7.5,0.364704876434944,5,6,TRUE
MMRp,Tcd8-GZMK,"(-10,-5]","[0,0.729]",-7.5,0.364704876434944,5,6,TRUE
MMRp,Tcd8-HOBIT,"(-10,-5]","[0,0.729]",-7.5,0.364704876434944,5,6,TRUE
MMRp,Myeloid-mregDC,"(-15,-10]","(0.729,1.46]",-12.5,1.09411462930483,5,6,TRUE
MMRp,Myeloid-ISG,"(-15,-10]","(0.729,1.46]",-12.5,1.09411462930483,5,6,TRUE
MMRp,Myeloid-noDC-noGran,"(-15,-10]","(0.729,1.46]",-12.5,1.09411462930483,5,6,TRUE
MMRp,Tcd4-Treg-comb,"(-15,-10]","(0.729,1.46]",-12.5,1.09411462930483,5,6,TRUE
MMRp,Tcd8-CXCL13-comb,"(-15,-10]","(0.729,1.46]",-12.5,1.09411462930483,3,6,TRUE
MMRp,CD8-all,"(-15,-10]","(0.729,1.46]",-12.5,1.09411462930483,4,6,TRUE
MMRp,Tcd8-CXCL13-comb,"(-15,-10]","(1.46,2.19]",-12.5,1.82352438217472,4,6,TRUE
MMRp,CD8-all,"(-15,-10]","(1.46,2.19]",-12.5,1.82352438217472,5,6,TRUE
MMRp,Tcd8-GZMK,"(-15,-10]","(1.46,2.19]",-12.5,1.82352438217472,5,6,TRUE
MMRp,Tplzf-gdlike-comb,"(-15,-10]","(1.46,2.19]",-12.5,1.82352438217472,4,6,TRUE
MMRp,Tcd4-CXCL13,"(-15,-10]","(2.19,2.92]",-12.5,2.55293413504461,5,6,TRUE
MMRp,Tplzf-gdlike-comb,"(-15,-10]","(2.19,2.92]",-12.5,2.55293413504461,3,6,TRUE
MMRp,Tcd4-CXCL13,"(-15,-10]","[0,0.729]",-12.5,0.364704876434944,5,6,TRUE
MMRp,Tcd8-GZMK,"(-15,-10]","[0,0.729]",-12.5,0.364704876434944,5,6,TRUE
MMRp,Tplzf-gdlike-comb,"(-15,-10]","[0,0.729]",-12.5,0.364704876434944,5,6,TRUE
MMRp,Myeloid-noDC-noGran,"(-20,-15]","(0.729,1.46]",-17.5,1.09411462930483,5,6,TRUE
MMRp,Tcd4-Treg-comb,"(-20,-15]","(0.729,1.46]",-17.5,1.09411462930483,5,6,TRUE
MMRp,Tcd4-CXCL13,"(-20,-15]","(1.46,2.19]",-17.5,1.82352438217472,5,6,TRUE
MMRp,Tcd8-GZMK,"(-20,-15]","(1.46,2.19]",-17.5,1.82352438217472,5,6,TRUE
MMRp,CD8-all,"(-20,-15]","(1.46,2.19]",-17.5,1.82352438217472,5,6,TRUE
MMRp,Tcd8-HOBIT,"(-20,-15]","(2.19,2.92]",-17.5,2.55293413504461,3,6,TRUE
MMRp,Tcd4-CXCL13,"(-20,-15]","[0,0.729]",-17.5,0.364704876434944,5,6,TRUE
MMRp,Tplzf-gdlike-comb,"(-20,-15]","[0,0.729]",-17.5,0.364704876434944,5,6,TRUE
MMRp,Tcd4-CXCL13,"(-25,-20]","(1.46,2.19]",-22.5,1.82352438217472,5,6,TRUE
MMRp,Tcd8-CXCL13-comb,"(-25,-20]","(1.46,2.19]",-22.5,1.82352438217472,5,6,TRUE
MMRp,CD8-all,"(-25,-20]","(1.46,2.19]",-22.5,1.82352438217472,5,6,TRUE
MMRp,Tcd4-CXCL13,"(-25,-20]","(2.92,3.65]",-22.5,3.2823438879145,3,6,TRUE
MMRp,Tcd4-Treg-comb,"(-30,-25]","(1.46,2.19]",-27.5,1.82352438217472,5,6,TRUE
MMRp,Tcd8-CXCL13-comb,"(-30,-25]","[0,0.729]",-27.5,0.364704876434944,5,6,TRUE
MMRp,Tcd4-Treg-comb,"(-35,-30]","(1.46,2.19]",-32.5,1.82352438217472,4,6,TRUE
MMRp,Myeloid-mregDC,"(-35,-30]","[0,0.729]",-32.5,0.364704876434944,5,6,TRUE
MMRp,Tcd4-CXCL13,"(-40,-35]","[0,0.729]",-37.5,0.364704876434944,5,6,TRUE
MMRp,Myeloid-mregDC,"(-5,0]","(0.729,1.46]",-2.5,1.09411462930483,5,6,TRUE
MMRp,Myeloid-ISG,"(-5,0]","(0.729,1.46]",-2.5,1.09411462930483,5,6,TRUE
MMRp,Myeloid-noDC-noGran,"(-5,0]","(0.729,1.46]",-2.5,1.09411462930483,5,6,TRUE
MMRp,Tcd4-CXCL13,"(-5,0]","(0.729,1.46]",-2.5,1.09411462930483,5,6,TRUE
MMRp,Tcd4-Treg-comb,"(-5,0]","(0.729,1.46]",-2.5,1.09411462930483,5,6,TRUE
MMRp,Tcd8-CXCL13-comb,"(-5,0]","(0.729,1.46]",-2.5,1.09411462930483,5,6,TRUE
MMRp,CD8-all,"(-5,0]","(0.729,1.46]",-2.5,1.09411462930483,5,6,TRUE
MMRp,Tplzf-gdlike-comb,"(-5,0]","(0.729,1.46]",-2.5,1.09411462930483,5,6,TRUE
MMRp,Tcd4-CXCL13,"(-5,0]","(1.46,2.19]",-2.5,1.82352438217472,5,6,TRUE
MMRp,Tcd4-Treg-comb,"(-5,0]","(1.46,2.19]",-2.5,1.82352438217472,5,6,TRUE
MMRp,Tcd8-CXCL13-comb,"(-5,0]","(1.46,2.19]",-2.5,1.82352438217472,5,6,TRUE
MMRp,CD8-all,"(-5,0]","(1.46,2.19]",-2.5,1.82352438217472,5,6,TRUE
MMRp,Tcd8-CXCL13-LAG3,"(-5,0]","(1.46,2.19]",-2.5,1.82352438217472,4,6,TRUE
MMRp,Tplzf-gdlike-comb,"(-5,0]","(1.46,2.19]",-2.5,1.82352438217472,5,6,TRUE
MMRp,Tcd4-Treg-comb,"(-5,0]","(2.19,2.92]",-2.5,2.55293413504461,5,6,TRUE
MMRp,Tcd4-CXCL13,"(-5,0]","[0,0.729]",-2.5,0.364704876434944,5,6,TRUE
MMRp,Tcd8-CXCL13-comb,"(-5,0]","[0,0.729]",-2.5,0.364704876434944,5,6,TRUE
MMRp,CD8-all,"(-5,0]","[0,0.729]",-2.5,0.364704876434944,5,6,TRUE
MMRp,Tcd8-CXCL13-LAG3,"(-5,0]","[0,0.729]",-2.5,0.364704876434944,5,6,TRUE
MMRp,Tcd8-GZMK,"(-5,0]","[0,0.729]",-2.5,0.364704876434944,5,6,TRUE
MMRp,Tcd8-HOBIT,"(-5,0]","[0,0.729]",-2.5,0.364704876434944,5,6,TRUE
MMRp,Tplzf-gdlike-comb,"(-5,0]","[0,0.729]",-2.5,0.364704876434944,5,6,TRUE
MMRp,Tcd4-CXCL13,"(-55,-50]","[0,0.729]",-52.5,0.364704876434944,4,6,TRUE
MMRp,CD8-all,"(-60,-55]","[0,0.729]",-57.5,0.364704876434944,4,6,TRUE
MMRp,Tcd4-CXCL13,"(-65,-60]","[0,0.729]",-62.5,0.364704876434944,4,6,TRUE
MMRp,Tcd4-Treg-comb,"(-70,-65]","(2.19,2.92]",-67.5,2.55293413504461,4,6,TRUE
MMRp,Myeloid-mregDC,"(0,5]","(0.729,1.46]",2.5,1.09411462930483,4,6,TRUE
MMRp,Tcd4-Treg-comb,"(0,5]","(0.729,1.46]",2.5,1.09411462930483,5,6,TRUE
MMRp,Myeloid-mregDC,"(0,5]","(1.46,2.19]",2.5,1.82352438217472,4,6,TRUE
MMRp,Myeloid-ISG,"(0,5]","(1.46,2.19]",2.5,1.82352438217472,5,6,TRUE
MMRp,Tcd4-CXCL13,"(0,5]","(1.46,2.19]",2.5,1.82352438217472,4,6,TRUE
MMRp,Tcd4-CXCL13,"(0,5]","(2.19,2.92]",2.5,2.55293413504461,2,6,FALSE
MMRp,Tcd8-CXCL13-comb,"(0,5]","[0,0.729]",2.5,0.364704876434944,5,6,TRUE
MMRp,Tcd8-HOBIT,"(0,5]","[0,0.729]",2.5,0.364704876434944,5,6,TRUE
MMRp,Tplzf-gdlike-comb,"(0,5]","[0,0.729]",2.5,0.364704876434944,5,6,TRUE
MMRp,Myeloid-noDC-noGran,"(10,15]","(0.729,1.46]",12.5,1.09411462930483,5,6,TRUE
MMRp,Tcd4-Treg-comb,"(10,15]","(0.729,1.46]",12.5,1.09411462930483,2,6,FALSE
MMRp,Tcd4-Treg-comb,"(10,15]","(1.46,2.19]",12.5,1.82352438217472,3,6,TRUE
MMRp,Tcd8-CXCL13-comb,"(10,15]","(1.46,2.19]",12.5,1.82352438217472,2,6,FALSE
MMRp,CD8-all,"(10,15]","(1.46,2.19]",12.5,1.82352438217472,3,6,TRUE
MMRp,Myeloid-ISG,"(10,15]","(2.19,2.92]",12.5,2.55293413504461,4,6,TRUE
MMRp,Myeloid-mregDC,"(10,15]","[0,0.729]",12.5,0.364704876434944,5,6,TRUE
MMRp,Myeloid-ISG,"(10,15]","[0,0.729]",12.5,0.364704876434944,5,6,TRUE
MMRp,Tcd4-CXCL13,"(10,15]","[0,0.729]",12.5,0.364704876434944,2,6,FALSE
MMRp,Tcd8-HOBIT,"(10,15]","[0,0.729]",12.5,0.364704876434944,5,6,TRUE
MMRp,Myeloid-noDC-noGran,"(15,20]","(0.729,1.46]",17.5,1.09411462930483,5,6,TRUE
MMRp,Tcd8-GZMK,"(15,20]","(0.729,1.46]",17.5,1.09411462930483,2,6,FALSE
MMRp,CD8-all,"(15,20]","(0.729,1.46]",17.5,1.09411462930483,3,6,TRUE
MMRp,Tcd8-CXCL13-comb,"(15,20]","(1.46,2.19]",17.5,1.82352438217472,3,6,TRUE
MMRp,CD8-all,"(15,20]","(1.46,2.19]",17.5,1.82352438217472,3,6,TRUE
MMRp,Tcd8-CXCL13-LAG3,"(15,20]","(1.46,2.19]",17.5,1.82352438217472,2,6,FALSE
MMRp,Tplzf-gdlike-comb,"(15,20]","(1.46,2.19]",17.5,1.82352438217472,3,6,TRUE
MMRp,Myeloid-ISG,"(15,20]","(2.19,2.92]",17.5,2.55293413504461,4,6,TRUE
MMRp,Myeloid-mregDC,"(15,20]","[0,0.729]",17.5,0.364704876434944,4,6,TRUE
MMRp,Tcd4-CXCL13,"(15,20]","[0,0.729]",17.5,0.364704876434944,3,6,TRUE
MMRp,Tcd4-Treg-comb,"(15,20]","[0,0.729]",17.5,0.364704876434944,5,6,TRUE
MMRp,Tcd8-CXCL13-LAG3,"(15,20]","[0,0.729]",17.5,0.364704876434944,4,6,TRUE
MMRp,CD8-all,"(15,20]","[0,0.729]",17.5,0.364704876434944,5,6,TRUE
MMRp,Tcd8-GZMK,"(15,20]","[0,0.729]",17.5,0.364704876434944,3,6,TRUE
MMRp,Tcd4-Treg-comb,"(20,25]","(0.729,1.46]",22.5,1.09411462930483,1,6,FALSE
MMRp,Myeloid-noDC-noGran,"(20,25]","(1.46,2.19]",22.5,1.82352438217472,4,6,TRUE
MMRp,Tcd4-CXCL13,"(20,25]","(1.46,2.19]",22.5,1.82352438217472,1,6,FALSE
MMRp,Tcd8-CXCL13-LAG3,"(20,25]","(2.19,2.92]",22.5,2.55293413504461,3,6,TRUE
MMRp,Myeloid-mregDC,"(20,25]","[0,0.729]",22.5,0.364704876434944,5,6,TRUE
MMRp,Myeloid-ISG,"(20,25]","[0,0.729]",22.5,0.364704876434944,5,6,TRUE
MMRp,Tcd4-CXCL13,"(20,25]","[0,0.729]",22.5,0.364704876434944,3,6,TRUE
MMRp,Tcd4-Treg-comb,"(20,25]","[0,0.729]",22.5,0.364704876434944,4,6,TRUE
MMRp,Tcd8-CXCL13-comb,"(20,25]","[0,0.729]",22.5,0.364704876434944,5,6,TRUE
MMRp,CD8-all,"(20,25]","[0,0.729]",22.5,0.364704876434944,5,6,TRUE
MMRp,Tcd4-Treg-comb,"(25,30]","(1.46,2.19]",27.5,1.82352438217472,2,6,FALSE
MMRp,Tcd8-HOBIT,"(25,30]","(1.46,2.19]",27.5,1.82352438217472,4,6,TRUE
MMRp,CD8-all,"(25,30]","(1.46,2.19]",27.5,1.82352438217472,5,6,TRUE
MMRp,Tcd4-Treg-comb,"(25,30]","(2.19,2.92]",27.5,2.55293413504461,2,6,FALSE
MMRp,Tcd8-CXCL13-LAG3,"(25,30]","(2.19,2.92]",27.5,2.55293413504461,1,6,FALSE
MMRp,Myeloid-mregDC,"(25,30]","[0,0.729]",27.5,0.364704876434944,5,6,TRUE
MMRp,Tcd4-Treg-comb,"(25,30]","[0,0.729]",27.5,0.364704876434944,5,6,TRUE
MMRp,Tplzf-gdlike-comb,"(25,30]","[0,0.729]",27.5,0.364704876434944,4,6,TRUE
MMRp,Myeloid-ISG,"(30,35]","(0.729,1.46]",32.5,1.09411462930483,1,6,FALSE
MMRp,Myeloid-noDC-noGran,"(30,35]","(0.729,1.46]",32.5,1.09411462930483,3,6,TRUE
MMRp,Myeloid-noDC-noGran,"(30,35]","(1.46,2.19]",32.5,1.82352438217472,5,6,TRUE
MMRp,Tcd8-CXCL13-comb,"(30,35]","(1.46,2.19]",32.5,1.82352438217472,3,6,TRUE
MMRp,Tplzf-gdlike-comb,"(30,35]","(1.46,2.19]",32.5,1.82352438217472,2,6,FALSE
MMRp,Myeloid-mregDC,"(30,35]","[0,0.729]",32.5,0.364704876434944,4,6,TRUE
MMRp,Tcd4-Treg-comb,"(30,35]","[0,0.729]",32.5,0.364704876434944,4,6,TRUE
MMRp,Tcd8-CXCL13-comb,"(30,35]","[0,0.729]",32.5,0.364704876434944,2,6,FALSE
MMRp,CD8-all,"(30,35]","[0,0.729]",32.5,0.364704876434944,5,6,TRUE
MMRp,Tcd8-HOBIT,"(30,35]","[0,0.729]",32.5,0.364704876434944,4,6,TRUE
MMRp,Tplzf-gdlike-comb,"(30,35]","[0,0.729]",32.5,0.364704876434944,4,6,TRUE
MMRp,Tcd4-Treg-comb,"(35,40]","(0.729,1.46]",37.5,1.09411462930483,1,6,FALSE
MMRp,Myeloid-noDC-noGran,"(35,40]","(1.46,2.19]",37.5,1.82352438217472,5,6,TRUE
MMRp,Tcd8-CXCL13-LAG3,"(35,40]","(1.46,2.19]",37.5,1.82352438217472,3,6,TRUE
MMRp,CD8-all,"(35,40]","(1.46,2.19]",37.5,1.82352438217472,5,6,TRUE
MMRp,Tcd8-HOBIT,"(35,40]","(1.46,2.19]",37.5,1.82352438217472,3,6,TRUE
MMRp,Myeloid-mregDC,"(35,40]","[0,0.729]",37.5,0.364704876434944,4,6,TRUE
MMRp,Tcd4-CXCL13,"(35,40]","[0,0.729]",37.5,0.364704876434944,4,6,TRUE
MMRp,Tcd4-Treg-comb,"(35,40]","[0,0.729]",37.5,0.364704876434944,2,6,FALSE
MMRp,Tcd8-CXCL13-comb,"(35,40]","[0,0.729]",37.5,0.364704876434944,3,6,TRUE
MMRp,CD8-all,"(35,40]","[0,0.729]",37.5,0.364704876434944,5,6,TRUE
MMRp,Myeloid-mregDC,"(40,45]","(0.729,1.46]",42.5,1.09411462930483,1,6,FALSE
MMRp,Myeloid-mregDC,"(40,45]","(1.46,2.19]",42.5,1.82352438217472,2,6,FALSE
MMRp,Myeloid-ISG,"(40,45]","(2.19,2.92]",42.5,2.55293413504461,4,6,TRUE
MMRp,Tcd8-CXCL13-comb,"(40,45]","(2.19,2.92]",42.5,2.55293413504461,1,6,FALSE
MMRp,CD8-all,"(40,45]","(2.19,2.92]",42.5,2.55293413504461,2,6,FALSE
MMRp,Tcd4-Treg-comb,"(40,45]","[0,0.729]",42.5,0.364704876434944,3,6,TRUE
MMRp,Tcd8-CXCL13-comb,"(40,45]","[0,0.729]",42.5,0.364704876434944,3,6,TRUE
MMRp,CD8-all,"(40,45]","[0,0.729]",42.5,0.364704876434944,3,6,TRUE
MMRp,Tcd8-GZMK,"(40,45]","[0,0.729]",42.5,0.364704876434944,1,6,FALSE
MMRp,Myeloid-noDC-noGran,"(45,50]","(0.729,1.46]",47.5,1.09411462930483,5,6,TRUE
MMRp,Myeloid-noDC-noGran,"(45,50]","(1.46,2.19]",47.5,1.82352438217472,4,6,TRUE
MMRp,Myeloid-mregDC,"(45,50]","[0,0.729]",47.5,0.364704876434944,3,6,TRUE
MMRp,Myeloid-ISG,"(45,50]","[0,0.729]",47.5,0.364704876434944,5,6,TRUE
MMRp,Tcd4-Treg-comb,"(45,50]","[0,0.729]",47.5,0.364704876434944,4,6,TRUE
MMRp,Tcd8-CXCL13-LAG3,"(45,50]","[0,0.729]",47.5,0.364704876434944,2,6,FALSE
MMRp,CD8-all,"(45,50]","[0,0.729]",47.5,0.364704876434944,5,6,TRUE
MMRp,Tplzf-gdlike-comb,"(45,50]","[0,0.729]",47.5,0.364704876434944,4,6,TRUE
MMRp,Myeloid-noDC-noGran,"(5,10]","(0.729,1.46]",7.5,1.09411462930483,5,6,TRUE
MMRp,Myeloid-mregDC,"(5,10]","(1.46,2.19]",7.5,1.82352438217472,4,6,TRUE
MMRp,Tcd4-Treg-comb,"(5,10]","(1.46,2.19]",7.5,1.82352438217472,4,6,TRUE
MMRp,Tcd4-CXCL13,"(5,10]","(3.65,4.38]",7.5,4.01175364078438,2,6,FALSE
MMRp,Myeloid-mregDC,"(5,10]","[0,0.729]",7.5,0.364704876434944,5,6,TRUE
MMRp,Tcd4-CXCL13,"(5,10]","[0,0.729]",7.5,0.364704876434944,4,6,TRUE
MMRp,Tcd4-Treg-comb,"(5,10]","[0,0.729]",7.5,0.364704876434944,5,6,TRUE
MMRp,Tcd8-GZMK,"(5,10]","[0,0.729]",7.5,0.364704876434944,2,6,FALSE
MMRp,CD8-all,"(5,10]","[0,0.729]",7.5,0.364704876434944,5,6,TRUE
MMRp,Tcd8-HOBIT,"(5,10]","[0,0.729]",7.5,0.364704876434944,5,6,TRUE
MMRp,Myeloid-noDC-noGran,"(50,55]","(0.729,1.46]",52.5,1.09411462930483,4,6,TRUE
MMRp,Myeloid-mregDC,"(50,55]","(1.46,2.19]",52.5,1.82352438217472,1,6,FALSE
MMRp,Myeloid-mregDC,"(50,55]","[0,0.729]",52.5,0.364704876434944,4,6,TRUE
MMRp,Tcd4-CXCL13,"(50,55]","[0,0.729]",52.5,0.364704876434944,2,6,FALSE
MMRp,Tcd4-Treg-comb,"(50,55]","[0,0.729]",52.5,0.364704876434944,2,6,FALSE
MMRp,Tcd8-HOBIT,"(50,55]","[0,0.729]",52.5,0.364704876434944,4,6,TRUE
MMRp,CD8-all,"(50,55]","[0,0.729]",52.5,0.364704876434944,4,6,TRUE
MMRp,Tplzf-gdlike-comb,"(50,55]","[0,0.729]",52.5,0.364704876434944,5,6,TRUE
MMRp,Myeloid-noDC-noGran,"(55,60]","(1.46,2.19]",57.5,1.82352438217472,4,6,TRUE
MMRp,Tcd8-HOBIT,"(55,60]","[0,0.729]",57.5,0.364704876434944,2,6,FALSE
MMRp,CD8-all,"(55,60]","[0,0.729]",57.5,0.364704876434944,3,6,TRUE
MMRp,Tplzf-gdlike-comb,"(55,60]","[0,0.729]",57.5,0.364704876434944,3,6,TRUE
MMRp,Myeloid-noDC-noGran,"(60,65]","(1.46,2.19]",62.5,1.82352438217472,5,6,TRUE
MMRp,Myeloid-mregDC,"(60,65]","[0,0.729]",62.5,0.364704876434944,2,6,FALSE
MMRp,Tcd4-CXCL13,"(60,65]","[0,0.729]",62.5,0.364704876434944,2,6,FALSE
MMRp,Tcd4-Treg-comb,"(60,65]","[0,0.729]",62.5,0.364704876434944,4,6,TRUE
MMRp,Tcd8-HOBIT,"(60,65]","[0,0.729]",62.5,0.364704876434944,3,6,TRUE
MMRp,CD8-all,"(60,65]","[0,0.729]",62.5,0.364704876434944,5,6,TRUE
MMRp,Myeloid-noDC-noGran,"(65,70]","(0.729,1.46]",67.5,1.09411462930483,3,6,TRUE
MMRp,Tcd8-CXCL13-comb,"(65,70]","(2.19,2.92]",67.5,2.55293413504461,1,6,FALSE
MMRp,CD8-all,"(65,70]","(2.19,2.92]",67.5,2.55293413504461,2,6,FALSE
MMRp,Myeloid-mregDC,"(65,70]","[0,0.729]",67.5,0.364704876434944,3,6,TRUE
MMRp,Tcd4-Treg-comb,"(65,70]","[0,0.729]",67.5,0.364704876434944,3,6,TRUE
MMRp,CD8-all,"(65,70]","[0,0.729]",67.5,0.364704876434944,5,6,TRUE
MMRp,Myeloid-noDC-noGran,"(70,75]","(1.46,2.19]",72.5,1.82352438217472,4,6,TRUE
MMRp,Myeloid-noDC-noGran,"(70,75]","(2.19,2.92]",72.5,2.55293413504461,3,6,TRUE
MMRp,Tcd8-CXCL13-LAG3,"(70,75]","[0,0.729]",72.5,0.364704876434944,1,6,FALSE
MMRp,CD8-all,"(70,75]","[0,0.729]",72.5,0.364704876434944,5,6,TRUE
MMRp,Myeloid-ISG,"(75,80]","(0.729,1.46]",77.5,1.09411462930483,1,6,FALSE
MMRp,Myeloid-noDC-noGran,"(75,80]","(0.729,1.46]",77.5,1.09411462930483,3,6,TRUE
MMRp,Myeloid-ISG,"(75,80]","(1.46,2.19]",77.5,1.82352438217472,1,6,FALSE
MMRp,Myeloid-noDC-noGran,"(75,80]","(1.46,2.19]",77.5,1.82352438217472,3,6,TRUE
MMRp,Myeloid-mregDC,"(75,80]","(2.19,2.92]",77.5,2.55293413504461,1,6,FALSE
MMRp,Myeloid-noDC-noGran,"(75,80]","(2.19,2.92]",77.5,2.55293413504461,4,6,TRUE
MMRp,CD8-all,"(75,80]","[0,0.729]",77.5,0.364704876434944,4,6,TRUE
MMRp,Tplzf-gdlike-comb,"(75,80]","[0,0.729]",77.5,0.364704876434944,4,6,TRUE
MMRp,Myeloid-mregDC,"(80,85]","(1.46,2.19]",82.5,1.82352438217472,1,6,FALSE
MMRp,Tcd4-Treg-comb,"(80,85]","[0,0.729]",82.5,0.364704876434944,2,6,FALSE
MMRp,Tcd8-CXCL13-LAG3,"(80,85]","[0,0.729]",82.5,0.364704876434944,2,6,FALSE
MMRp,CD8-all,"(80,85]","[0,0.729]",82.5,0.364704876434944,4,6,TRUE
MMRp,Myeloid-noDC-noGran,"(85,90]","(1.46,2.19]",87.5,1.82352438217472,4,6,TRUE
MMRp,Tcd8-CXCL13-comb,"(85,90]","[0,0.729]",87.5,0.364704876434944,1,6,FALSE
MMRp,CD8-all,"(85,90]","[0,0.729]",87.5,0.364704876434944,4,6,TRUE
MMRp,Myeloid-mregDC,"(90,95]","[0,0.729]",92.5,0.364704876434944,2,6,FALSE
MMRp,Tcd4-Treg-comb,"(90,95]","[0,0.729]",92.5,0.364704876434944,2,6,FALSE
MMRp,Tcd8-GZMK,"(90,95]","[0,0.729]",92.5,0.364704876434944,2,6,FALSE
MMRp,CD8-all,"(90,95]","[0,0.729]",92.5,0.364704876434944,3,6,TRUE
MMRp,Myeloid-noDC-noGran,"(95,100]","(2.19,2.92]",97.5,2.55293413504461,2,6,FALSE
MMRp,Myeloid-ISG,"(95,100]","[0,0.729]",97.5,0.364704876434944,4,6,TRUE
MMRp,Tcd4-CXCL13,"(95,100]","[0,0.729]",97.5,0.364704876434944,2,6,FALSE
MMRp,Tcd8-HOBIT,"(95,100]","[0,0.729]",97.5,0.364704876434944,2,6,FALSE
MMRp,CD8-all,"(95,100]","[0,0.729]",97.5,0.364704876434944,4,6,TRUE
MMRp,Tcd4-CXCL13,"(-10,-5]","(0.729,1.46]",-7.5,1.09411462930483,4,6,TRUE
MMRp,Tcd8-CXCL13-comb,"(-10,-5]","(0.729,1.46]",-7.5,1.09411462930483,3,6,TRUE
MMRp,Tcd8-CXCL13-LAG3,"(-10,-5]","(0.729,1.46]",-7.5,1.09411462930483,2,6,FALSE
MMRp,Tcd8-HOBIT,"(-10,-5]","(0.729,1.46]",-7.5,1.09411462930483,3,6,TRUE
MMRp,Tplzf-gdlike-comb,"(-10,-5]","(0.729,1.46]",-7.5,1.09411462930483,3,6,TRUE
MMRp,Tcd8-CXCL13-LAG3,"(-10,-5]","(1.46,2.19]",-7.5,1.82352438217472,3,6,TRUE
MMRp,Tcd8-HOBIT,"(-10,-5]","(2.19,2.92]",-7.5,2.55293413504461,4,6,TRUE
MMRp,Tplzf-gdlike-comb,"(-10,-5]","(2.19,2.92]",-7.5,2.55293413504461,2,6,FALSE
MMRp,Tcd8-CXCL13-LAG3,"(-10,-5]","(2.92,3.65]",-7.5,3.2823438879145,2,6,FALSE
MMRp,Tcd8-CXCL13-comb,"(-10,-5]","(4.38,5.11]",-7.5,4.74116339365427,2,6,FALSE
MMRp,Tcd8-GZMK,"(-10,-5]","(4.38,5.11]",-7.5,4.74116339365427,2,6,FALSE
MMRp,Tcd4-CXCL13,"(-10,-5]","(5.11,5.84]",-7.5,5.47057314652416,2,6,FALSE
MMRp,Tcd8-HOBIT,"(-10,-5]","(5.11,5.84]",-7.5,5.47057314652416,2,6,FALSE
MMRp,Tcd4-CXCL13,"(-15,-10]","(0.729,1.46]",-12.5,1.09411462930483,4,6,TRUE
MMRp,Tcd8-HOBIT,"(-15,-10]","(0.729,1.46]",-12.5,1.09411462930483,2,6,FALSE
MMRp,Tplzf-gdlike-comb,"(-15,-10]","(0.729,1.46]",-12.5,1.09411462930483,1,6,FALSE
MMRp,Tcd4-CXCL13,"(-15,-10]","(1.46,2.19]",-12.5,1.82352438217472,4,6,TRUE
MMRp,Tcd8-HOBIT,"(-15,-10]","(1.46,2.19]",-12.5,1.82352438217472,3,6,TRUE
MMRp,Tcd8-CXCL13-LAG3,"(-15,-10]","(2.19,2.92]",-12.5,2.55293413504461,2,6,FALSE
MMRp,Tcd8-HOBIT,"(-15,-10]","(2.19,2.92]",-12.5,2.55293413504461,4,6,TRUE
MMRp,Tcd8-GZMK,"(-15,-10]","(2.92,3.65]",-12.5,3.2823438879145,3,6,TRUE
MMRp,Tcd8-HOBIT,"(-15,-10]","(2.92,3.65]",-12.5,3.2823438879145,2,6,FALSE
MMRp,Tplzf-gdlike-comb,"(-15,-10]","(2.92,3.65]",-12.5,3.2823438879145,2,6,FALSE
MMRp,Tcd8-GZMK,"(-15,-10]","(4.38,5.11]",-12.5,4.74116339365427,1,6,FALSE
MMRp,Tplzf-gdlike-comb,"(-15,-10]","(4.38,5.11]",-12.5,4.74116339365427,1,6,FALSE
MMRp,Tcd8-CXCL13-LAG3,"(-15,-10]","[0,0.729]",-12.5,0.364704876434944,3,6,TRUE
MMRp,Tcd8-HOBIT,"(-15,-10]","[0,0.729]",-12.5,0.364704876434944,4,6,TRUE
MMRp,Myeloid-mregDC,"(-20,-15]","(0.729,1.46]",-17.5,1.09411462930483,4,6,TRUE
MMRp,Myeloid-ISG,"(-20,-15]","(0.729,1.46]",-17.5,1.09411462930483,3,6,TRUE
MMRp,Tcd4-CXCL13,"(-20,-15]","(0.729,1.46]",-17.5,1.09411462930483,4,6,TRUE
MMRp,Tcd8-CXCL13-comb,"(-20,-15]","(0.729,1.46]",-17.5,1.09411462930483,3,6,TRUE
MMRp,CD8-all,"(-20,-15]","(0.729,1.46]",-17.5,1.09411462930483,3,6,TRUE
MMRp,Tcd8-CXCL13-comb,"(-20,-15]","(1.46,2.19]",-17.5,1.82352438217472,4,6,TRUE
MMRp,Tcd8-CXCL13-LAG3,"(-20,-15]","(1.46,2.19]",-17.5,1.82352438217472,2,6,FALSE
MMRp,Tcd8-HOBIT,"(-20,-15]","(1.46,2.19]",-17.5,1.82352438217472,3,6,TRUE
MMRp,Tplzf-gdlike-comb,"(-20,-15]","(1.46,2.19]",-17.5,1.82352438217472,2,6,FALSE
MMRp,Tcd8-CXCL13-LAG3,"(-20,-15]","(2.19,2.92]",-17.5,2.55293413504461,3,6,TRUE
MMRp,Tplzf-gdlike-comb,"(-20,-15]","(2.19,2.92]",-17.5,2.55293413504461,2,6,FALSE
MMRp,Tcd4-CXCL13,"(-20,-15]","(2.92,3.65]",-17.5,3.2823438879145,3,6,TRUE
MMRp,Tcd4-CXCL13,"(-20,-15]","(3.65,4.38]",-17.5,4.01175364078438,2,6,FALSE
MMRp,Tcd8-CXCL13-LAG3,"(-20,-15]","(3.65,4.38]",-17.5,4.01175364078438,2,6,FALSE
MMRp,CD8-all,"(-20,-15]","(3.65,4.38]",-17.5,4.01175364078438,3,6,TRUE
MMRp,Tcd8-CXCL13-comb,"(-20,-15]","(3.65,4.38]",-17.5,4.01175364078438,3,6,TRUE
MMRp,Tcd8-GZMK,"(-20,-15]","(3.65,4.38]",-17.5,4.01175364078438,1,6,FALSE
MMRp,Tcd8-HOBIT,"(-20,-15]","(3.65,4.38]",-17.5,4.01175364078438,2,6,FALSE
MMRp,Tcd4-CXCL13,"(-20,-15]","(4.38,5.11]",-17.5,4.74116339365427,2,6,FALSE
MMRp,Tcd8-GZMK,"(-20,-15]","[0,0.729]",-17.5,0.364704876434944,4,6,TRUE
MMRp,Tcd8-HOBIT,"(-20,-15]","[0,0.729]",-17.5,0.364704876434944,4,6,TRUE
MMRp,Myeloid-mregDC,"(-25,-20]","(0.729,1.46]",-22.5,1.09411462930483,4,6,TRUE
MMRp,Myeloid-ISG,"(-25,-20]","(0.729,1.46]",-22.5,1.09411462930483,3,6,TRUE
MMRp,Myeloid-noDC-noGran,"(-25,-20]","(0.729,1.46]",-22.5,1.09411462930483,4,6,TRUE
MMRp,Tcd4-CXCL13,"(-25,-20]","(0.729,1.46]",-22.5,1.09411462930483,3,6,TRUE
MMRp,Tcd4-Treg-comb,"(-25,-20]","(0.729,1.46]",-22.5,1.09411462930483,4,6,TRUE
MMRp,Tplzf-gdlike-comb,"(-25,-20]","(0.729,1.46]",-22.5,1.09411462930483,2,6,FALSE
MMRp,Tcd8-GZMK,"(-25,-20]","(1.46,2.19]",-22.5,1.82352438217472,4,6,TRUE
MMRp,Tplzf-gdlike-comb,"(-25,-20]","(1.46,2.19]",-22.5,1.82352438217472,4,6,TRUE
MMRp,Tplzf-gdlike-comb,"(-25,-20]","(2.19,2.92]",-22.5,2.55293413504461,2,6,FALSE
MMRp,Tcd8-CXCL13-LAG3,"(-25,-20]","(3.65,4.38]",-22.5,4.01175364078438,2,6,FALSE
MMRp,Tcd8-CXCL13-LAG3,"(-25,-20]","[0,0.729]",-22.5,0.364704876434944,3,6,TRUE
MMRp,Tcd8-HOBIT,"(-25,-20]","[0,0.729]",-22.5,0.364704876434944,4,6,TRUE
MMRp,Tplzf-gdlike-comb,"(-25,-20]","[0,0.729]",-22.5,0.364704876434944,4,6,TRUE
MMRp,Myeloid-mregDC,"(-30,-25]","(0.729,1.46]",-27.5,1.09411462930483,3,6,TRUE
MMRp,Myeloid-ISG,"(-30,-25]","(0.729,1.46]",-27.5,1.09411462930483,3,6,TRUE
MMRp,Myeloid-noDC-noGran,"(-30,-25]","(0.729,1.46]",-27.5,1.09411462930483,4,6,TRUE
MMRp,Tcd4-Treg-comb,"(-30,-25]","(0.729,1.46]",-27.5,1.09411462930483,4,6,TRUE
MMRp,Tcd8-HOBIT,"(-30,-25]","(0.729,1.46]",-27.5,1.09411462930483,2,6,FALSE
MMRp,CD8-all,"(-30,-25]","(0.729,1.46]",-27.5,1.09411462930483,4,6,TRUE
MMRp,Tcd8-CXCL13-comb,"(-30,-25]","(1.46,2.19]",-27.5,1.82352438217472,3,6,TRUE
MMRp,Tcd8-GZMK,"(-30,-25]","(1.46,2.19]",-27.5,1.82352438217472,4,6,TRUE
MMRp,Tplzf-gdlike-comb,"(-30,-25]","(1.46,2.19]",-27.5,1.82352438217472,2,6,FALSE
MMRp,Tcd8-CXCL13-comb,"(-30,-25]","(2.19,2.92]",-27.5,2.55293413504461,3,6,TRUE
MMRp,Tcd8-CXCL13-LAG3,"(-30,-25]","(2.92,3.65]",-27.5,3.2823438879145,2,6,FALSE
MMRp,Tcd8-GZMK,"(-30,-25]","(2.92,3.65]",-27.5,3.2823438879145,2,6,FALSE
MMRp,Tplzf-gdlike-comb,"(-30,-25]","(2.92,3.65]",-27.5,3.2823438879145,2,6,FALSE
MMRp,Tcd8-HOBIT,"(-30,-25]","(3.65,4.38]",-27.5,4.01175364078438,1,6,FALSE
MMRp,Tplzf-gdlike-comb,"(-30,-25]","(3.65,4.38]",-27.5,4.01175364078438,2,6,FALSE
MMRp,Tcd4-CXCL13,"(-30,-25]","[0,0.729]",-27.5,0.364704876434944,4,6,TRUE
MMRp,Myeloid-ISG,"(-35,-30]","(0.729,1.46]",-32.5,1.09411462930483,3,6,TRUE
MMRp,Myeloid-noDC-noGran,"(-35,-30]","(0.729,1.46]",-32.5,1.09411462930483,3,6,TRUE
MMRp,Tcd4-CXCL13,"(-35,-30]","(0.729,1.46]",-32.5,1.09411462930483,3,6,TRUE
MMRp,Tcd4-Treg-comb,"(-35,-30]","(0.729,1.46]",-32.5,1.09411462930483,3,6,TRUE
MMRp,Myeloid-mregDC,"(-35,-30]","(1.46,2.19]",-32.5,1.82352438217472,3,6,TRUE
MMRp,Tcd4-CXCL13,"(-35,-30]","(1.46,2.19]",-32.5,1.82352438217472,3,6,TRUE
MMRp,Tcd8-GZMK,"(-35,-30]","(1.46,2.19]",-32.5,1.82352438217472,3,6,TRUE
MMRp,Tcd4-CXCL13,"(-35,-30]","(2.19,2.92]",-32.5,2.55293413504461,3,6,TRUE
MMRp,Tcd8-CXCL13-LAG3,"(-35,-30]","(2.19,2.92]",-32.5,2.55293413504461,1,6,FALSE
MMRp,Tcd8-HOBIT,"(-35,-30]","(2.19,2.92]",-32.5,2.55293413504461,2,6,FALSE
MMRp,Tplzf-gdlike-comb,"(-35,-30]","(2.19,2.92]",-32.5,2.55293413504461,2,6,FALSE
MMRp,Tcd4-CXCL13,"(-35,-30]","(2.92,3.65]",-32.5,3.2823438879145,3,6,TRUE
MMRp,Tcd8-GZMK,"(-35,-30]","(2.92,3.65]",-32.5,3.2823438879145,2,6,FALSE
MMRp,Tcd8-HOBIT,"(-35,-30]","(2.92,3.65]",-32.5,3.2823438879145,2,6,FALSE
MMRp,Tcd4-CXCL13,"(-35,-30]","(3.65,4.38]",-32.5,4.01175364078438,2,6,FALSE
MMRp,Tcd8-CXCL13-comb,"(-35,-30]","(3.65,4.38]",-32.5,4.01175364078438,2,6,FALSE
MMRp,CD8-all,"(-35,-30]","(3.65,4.38]",-32.5,4.01175364078438,2,6,FALSE
MMRp,Tcd8-CXCL13-LAG3,"(-35,-30]","(3.65,4.38]",-32.5,4.01175364078438,1,6,FALSE
MMRp,Tcd8-HOBIT,"(-35,-30]","(3.65,4.38]",-32.5,4.01175364078438,2,6,FALSE
MMRp,Tplzf-gdlike-comb,"(-35,-30]","(3.65,4.38]",-32.5,4.01175364078438,2,6,FALSE
MMRp,Myeloid-mregDC,"(-35,-30]","(4.38,5.11]",-32.5,4.74116339365427,2,6,FALSE
MMRp,Tcd4-CXCL13,"(-35,-30]","(4.38,5.11]",-32.5,4.74116339365427,2,6,FALSE
MMRp,Tcd4-Treg-comb,"(-35,-30]","(4.38,5.11]",-32.5,4.74116339365427,2,6,FALSE
MMRp,Tcd8-GZMK,"(-35,-30]","[0,0.729]",-32.5,0.364704876434944,4,6,TRUE
MMRp,Tcd8-HOBIT,"(-35,-30]","[0,0.729]",-32.5,0.364704876434944,3,6,TRUE
MMRp,Myeloid-ISG,"(-40,-35]","(0.729,1.46]",-37.5,1.09411462930483,3,6,TRUE
MMRp,Myeloid-noDC-noGran,"(-40,-35]","(0.729,1.46]",-37.5,1.09411462930483,3,6,TRUE
MMRp,Tcd4-Treg-comb,"(-40,-35]","(0.729,1.46]",-37.5,1.09411462930483,3,6,TRUE
MMRp,Tcd4-CXCL13,"(-40,-35]","(1.46,2.19]",-37.5,1.82352438217472,3,6,TRUE
MMRp,Tcd4-Treg-comb,"(-40,-35]","(1.46,2.19]",-37.5,1.82352438217472,4,6,TRUE
MMRp,Tcd8-CXCL13-comb,"(-40,-35]","(1.46,2.19]",-37.5,1.82352438217472,2,6,FALSE
MMRp,CD8-all,"(-40,-35]","(1.46,2.19]",-37.5,1.82352438217472,3,6,TRUE
MMRp,Tcd8-CXCL13-LAG3,"(-40,-35]","(2.19,2.92]",-37.5,2.55293413504461,2,6,FALSE
MMRp,Tcd8-CXCL13-comb,"(-40,-35]","(2.19,2.92]",-37.5,2.55293413504461,2,6,FALSE
MMRp,Tplzf-gdlike-comb,"(-40,-35]","(2.19,2.92]",-37.5,2.55293413504461,2,6,FALSE
MMRp,Tcd4-CXCL13,"(-40,-35]","(2.92,3.65]",-37.5,3.2823438879145,2,6,FALSE
MMRp,Tcd8-CXCL13-LAG3,"(-40,-35]","(2.92,3.65]",-37.5,3.2823438879145,1,6,FALSE
MMRp,Tplzf-gdlike-comb,"(-40,-35]","(2.92,3.65]",-37.5,3.2823438879145,2,6,FALSE
MMRp,Tcd8-GZMK,"(-40,-35]","[0,0.729]",-37.5,0.364704876434944,4,6,TRUE
MMRp,Tplzf-gdlike-comb,"(-40,-35]","[0,0.729]",-37.5,0.364704876434944,2,6,FALSE
MMRp,Myeloid-ISG,"(-45,-40]","(0.729,1.46]",-42.5,1.09411462930483,3,6,TRUE
MMRp,Myeloid-noDC-noGran,"(-45,-40]","(0.729,1.46]",-42.5,1.09411462930483,3,6,TRUE
MMRp,Tcd4-Treg-comb,"(-45,-40]","(0.729,1.46]",-42.5,1.09411462930483,3,6,TRUE
MMRp,Tplzf-gdlike-comb,"(-45,-40]","(1.46,2.19]",-42.5,1.82352438217472,3,6,TRUE
MMRp,Tcd4-CXCL13,"(-45,-40]","(2.19,2.92]",-42.5,2.55293413504461,2,6,FALSE
MMRp,Tcd8-CXCL13-comb,"(-45,-40]","(2.19,2.92]",-42.5,2.55293413504461,2,6,FALSE
MMRp,Tcd8-HOBIT,"(-45,-40]","(2.19,2.92]",-42.5,2.55293413504461,2,6,FALSE
MMRp,Tcd4-CXCL13,"(-45,-40]","(2.92,3.65]",-42.5,3.2823438879145,2,6,FALSE
MMRp,Tcd8-HOBIT,"(-45,-40]","(2.92,3.65]",-42.5,3.2823438879145,2,6,FALSE
MMRp,Tplzf-gdlike-comb,"(-45,-40]","(2.92,3.65]",-42.5,3.2823438879145,2,6,FALSE
MMRp,Tcd8-HOBIT,"(-45,-40]","(3.65,4.38]",-42.5,4.01175364078438,1,6,FALSE
MMRp,Tcd4-CXCL13,"(-45,-40]","(4.38,5.11]",-42.5,4.74116339365427,2,6,FALSE
MMRp,Tcd4-CXCL13,"(-45,-40]","[0,0.729]",-42.5,0.364704876434944,3,6,TRUE
MMRp,Tcd8-CXCL13-LAG3,"(-45,-40]","[0,0.729]",-42.5,0.364704876434944,2,6,FALSE
MMRp,Tcd8-HOBIT,"(-45,-40]","[0,0.729]",-42.5,0.364704876434944,4,6,TRUE
MMRp,Tplzf-gdlike-comb,"(-45,-40]","[0,0.729]",-42.5,0.364704876434944,3,6,TRUE
MMRp,Tcd8-CXCL13-LAG3,"(-5,0]","(0.729,1.46]",-2.5,1.09411462930483,3,6,TRUE
MMRp,Tcd8-GZMK,"(-5,0]","(0.729,1.46]",-2.5,1.09411462930483,3,6,TRUE
MMRp,Tcd8-HOBIT,"(-5,0]","(0.729,1.46]",-2.5,1.09411462930483,3,6,TRUE
MMRp,Tcd8-GZMK,"(-5,0]","(1.46,2.19]",-2.5,1.82352438217472,3,6,TRUE
MMRp,Tcd8-HOBIT,"(-5,0]","(1.46,2.19]",-2.5,1.82352438217472,4,6,TRUE
MMRp,Tcd8-CXCL13-LAG3,"(-5,0]","(2.19,2.92]",-2.5,2.55293413504461,2,6,FALSE
MMRp,Tcd8-GZMK,"(-5,0]","(2.19,2.92]",-2.5,2.55293413504461,2,6,FALSE
MMRp,Tcd8-CXCL13-LAG3,"(-5,0]","(3.65,4.38]",-2.5,4.01175364078438,2,6,FALSE
MMRp,Tcd8-HOBIT,"(-5,0]","(3.65,4.38]",-2.5,4.01175364078438,2,6,FALSE
MMRp,Tcd8-CXCL13-comb,"(-5,0]","(4.38,5.11]",-2.5,4.74116339365427,2,6,FALSE
MMRp,Tcd8-CXCL13-LAG3,"(-5,0]","(4.38,5.11]",-2.5,4.74116339365427,2,6,FALSE
MMRp,Myeloid-mregDC,"(-50,-45]","(0.729,1.46]",-47.5,1.09411462930483,2,6,FALSE
MMRp,Myeloid-ISG,"(-50,-45]","(0.729,1.46]",-47.5,1.09411462930483,2,6,FALSE
MMRp,Myeloid-noDC-noGran,"(-50,-45]","(0.729,1.46]",-47.5,1.09411462930483,3,6,TRUE
MMRp,Tcd4-Treg-comb,"(-50,-45]","(0.729,1.46]",-47.5,1.09411462930483,3,6,TRUE
MMRp,Tcd4-Treg-comb,"(-50,-45]","(1.46,2.19]",-47.5,1.82352438217472,3,6,TRUE
MMRp,Tcd8-CXCL13-comb,"(-50,-45]","(1.46,2.19]",-47.5,1.82352438217472,2,6,FALSE
MMRp,Tplzf-gdlike-comb,"(-50,-45]","(1.46,2.19]",-47.5,1.82352438217472,2,6,FALSE
MMRp,Tcd8-CXCL13-comb,"(-50,-45]","(2.19,2.92]",-47.5,2.55293413504461,2,6,FALSE
MMRp,CD8-all,"(-50,-45]","(2.19,2.92]",-47.5,2.55293413504461,3,6,TRUE
MMRp,Tplzf-gdlike-comb,"(-50,-45]","(2.19,2.92]",-47.5,2.55293413504461,2,6,FALSE
MMRp,Tcd8-CXCL13-comb,"(-50,-45]","(2.92,3.65]",-47.5,3.2823438879145,1,6,FALSE
MMRp,CD8-all,"(-50,-45]","(2.92,3.65]",-47.5,3.2823438879145,2,6,FALSE
MMRp,Tcd8-GZMK,"(-50,-45]","(2.92,3.65]",-47.5,3.2823438879145,1,6,FALSE
MMRp,Tcd8-HOBIT,"(-50,-45]","(2.92,3.65]",-47.5,3.2823438879145,2,6,FALSE
MMRp,Tcd4-CXCL13,"(-50,-45]","(3.65,4.38]",-47.5,4.01175364078438,3,6,TRUE
MMRp,Tcd4-Treg-comb,"(-50,-45]","(3.65,4.38]",-47.5,4.01175364078438,2,6,FALSE
MMRp,Tcd8-GZMK,"(-50,-45]","(3.65,4.38]",-47.5,4.01175364078438,2,6,FALSE
MMRp,CD8-all,"(-50,-45]","(3.65,4.38]",-47.5,4.01175364078438,2,6,FALSE
MMRp,Tcd8-HOBIT,"(-50,-45]","(3.65,4.38]",-47.5,4.01175364078438,2,6,FALSE
MMRp,Tplzf-gdlike-comb,"(-50,-45]","(3.65,4.38]",-47.5,4.01175364078438,1,6,FALSE
MMRp,Tcd8-CXCL13-LAG3,"(-50,-45]","[0,0.729]",-47.5,0.364704876434944,3,6,TRUE
MMRp,Myeloid-ISG,"(-55,-50]","(0.729,1.46]",-52.5,1.09411462930483,3,6,TRUE
MMRp,Myeloid-noDC-noGran,"(-55,-50]","(0.729,1.46]",-52.5,1.09411462930483,3,6,TRUE
MMRp,Tcd4-Treg-comb,"(-55,-50]","(0.729,1.46]",-52.5,1.09411462930483,2,6,FALSE
MMRp,Tcd4-Treg-comb,"(-55,-50]","(1.46,2.19]",-52.5,1.82352438217472,3,6,TRUE
MMRp,Tcd8-CXCL13-comb,"(-55,-50]","(1.46,2.19]",-52.5,1.82352438217472,2,6,FALSE
MMRp,CD8-all,"(-55,-50]","(1.46,2.19]",-52.5,1.82352438217472,2,6,FALSE
MMRp,Tcd8-GZMK,"(-55,-50]","(1.46,2.19]",-52.5,1.82352438217472,2,6,FALSE
MMRp,Tcd8-HOBIT,"(-55,-50]","(2.19,2.92]",-52.5,2.55293413504461,1,6,FALSE
MMRp,Tplzf-gdlike-comb,"(-55,-50]","(2.19,2.92]",-52.5,2.55293413504461,3,6,TRUE
MMRp,Tcd8-CXCL13-LAG3,"(-55,-50]","(2.92,3.65]",-52.5,3.2823438879145,1,6,FALSE
MMRp,Tcd4-CXCL13,"(-55,-50]","(3.65,4.38]",-52.5,4.01175364078438,2,6,FALSE
MMRp,Tcd8-CXCL13-comb,"(-55,-50]","(3.65,4.38]",-52.5,4.01175364078438,2,6,FALSE
MMRp,CD8-all,"(-55,-50]","(3.65,4.38]",-52.5,4.01175364078438,2,6,FALSE
MMRp,Tcd8-HOBIT,"(-55,-50]","(3.65,4.38]",-52.5,4.01175364078438,1,6,FALSE
MMRp,Tplzf-gdlike-comb,"(-55,-50]","(3.65,4.38]",-52.5,4.01175364078438,2,6,FALSE
MMRp,Tcd8-CXCL13-comb,"(-55,-50]","[0,0.729]",-52.5,0.364704876434944,4,6,TRUE
MMRp,CD8-all,"(-55,-50]","[0,0.729]",-52.5,0.364704876434944,4,6,TRUE
MMRp,Tcd8-CXCL13-LAG3,"(-55,-50]","[0,0.729]",-52.5,0.364704876434944,2,6,FALSE
MMRp,Tcd8-GZMK,"(-55,-50]","[0,0.729]",-52.5,0.364704876434944,3,6,TRUE
MMRp,Tcd8-HOBIT,"(-55,-50]","[0,0.729]",-52.5,0.364704876434944,2,6,FALSE
MMRp,Myeloid-mregDC,"(-60,-55]","(0.729,1.46]",-57.5,1.09411462930483,3,6,TRUE
MMRp,Myeloid-ISG,"(-60,-55]","(0.729,1.46]",-57.5,1.09411462930483,3,6,TRUE
MMRp,Myeloid-noDC-noGran,"(-60,-55]","(0.729,1.46]",-57.5,1.09411462930483,3,6,TRUE
MMRp,Tcd4-CXCL13,"(-60,-55]","(0.729,1.46]",-57.5,1.09411462930483,3,6,TRUE
MMRp,Tcd4-Treg-comb,"(-60,-55]","(0.729,1.46]",-57.5,1.09411462930483,2,6,FALSE
MMRp,Myeloid-mregDC,"(-60,-55]","(1.46,2.19]",-57.5,1.82352438217472,3,6,TRUE
MMRp,Tcd4-CXCL13,"(-60,-55]","(1.46,2.19]",-57.5,1.82352438217472,2,6,FALSE
MMRp,Tcd8-HOBIT,"(-60,-55]","(1.46,2.19]",-57.5,1.82352438217472,2,6,FALSE
MMRp,Tcd4-CXCL13,"(-60,-55]","(2.19,2.92]",-57.5,2.55293413504461,2,6,FALSE
MMRp,Tcd8-CXCL13-comb,"(-60,-55]","(2.19,2.92]",-57.5,2.55293413504461,2,6,FALSE
MMRp,CD8-all,"(-60,-55]","(2.19,2.92]",-57.5,2.55293413504461,2,6,FALSE
MMRp,Tcd8-GZMK,"(-60,-55]","(2.19,2.92]",-57.5,2.55293413504461,2,6,FALSE
MMRp,Tplzf-gdlike-comb,"(-60,-55]","(2.19,2.92]",-57.5,2.55293413504461,2,6,FALSE
MMRp,Tcd4-Treg-comb,"(-60,-55]","(2.92,3.65]",-57.5,3.2823438879145,2,6,FALSE
MMRp,Tcd8-CXCL13-comb,"(-60,-55]","(2.92,3.65]",-57.5,3.2823438879145,2,6,FALSE
MMRp,CD8-all,"(-60,-55]","(2.92,3.65]",-57.5,3.2823438879145,2,6,FALSE
MMRp,Tcd8-GZMK,"(-60,-55]","(2.92,3.65]",-57.5,3.2823438879145,2,6,FALSE
MMRp,Tplzf-gdlike-comb,"(-60,-55]","(2.92,3.65]",-57.5,3.2823438879145,2,6,FALSE
MMRp,Tcd4-Treg-comb,"(-60,-55]","(4.38,5.11]",-57.5,4.74116339365427,2,6,FALSE
MMRp,Tcd4-CXCL13,"(-60,-55]","[0,0.729]",-57.5,0.364704876434944,3,6,TRUE
MMRp,Tcd8-CXCL13-comb,"(-60,-55]","[0,0.729]",-57.5,0.364704876434944,3,6,TRUE
MMRp,Tcd8-GZMK,"(-60,-55]","[0,0.729]",-57.5,0.364704876434944,3,6,TRUE
MMRp,Tcd8-HOBIT,"(-60,-55]","[0,0.729]",-57.5,0.364704876434944,2,6,FALSE
MMRp,Myeloid-mregDC,"(-65,-60]","(0.729,1.46]",-62.5,1.09411462930483,2,6,FALSE
MMRp,Myeloid-ISG,"(-65,-60]","(0.729,1.46]",-62.5,1.09411462930483,3,6,TRUE
MMRp,Myeloid-noDC-noGran,"(-65,-60]","(0.729,1.46]",-62.5,1.09411462930483,3,6,TRUE
MMRp,Tcd4-Treg-comb,"(-65,-60]","(0.729,1.46]",-62.5,1.09411462930483,2,6,FALSE
MMRp,Tcd4-Treg-comb,"(-65,-60]","(1.46,2.19]",-62.5,1.82352438217472,3,6,TRUE
MMRp,Tcd8-CXCL13-comb,"(-65,-60]","(1.46,2.19]",-62.5,1.82352438217472,2,6,FALSE
MMRp,CD8-all,"(-65,-60]","(1.46,2.19]",-62.5,1.82352438217472,2,6,FALSE
MMRp,Tcd8-GZMK,"(-65,-60]","(1.46,2.19]",-62.5,1.82352438217472,2,6,FALSE
MMRp,Tplzf-gdlike-comb,"(-65,-60]","(1.46,2.19]",-62.5,1.82352438217472,2,6,FALSE
MMRp,Tplzf-gdlike-comb,"(-65,-60]","(2.19,2.92]",-62.5,2.55293413504461,2,6,FALSE
MMRp,Tcd4-CXCL13,"(-65,-60]","(2.92,3.65]",-62.5,3.2823438879145,2,6,FALSE
MMRp,Tcd8-HOBIT,"(-65,-60]","(2.92,3.65]",-62.5,3.2823438879145,2,6,FALSE
MMRp,Tcd8-HOBIT,"(-65,-60]","(3.65,4.38]",-62.5,4.01175364078438,1,6,FALSE
MMRp,Tplzf-gdlike-comb,"(-65,-60]","(3.65,4.38]",-62.5,4.01175364078438,1,6,FALSE
MMRp,Tcd8-CXCL13-comb,"(-65,-60]","[0,0.729]",-62.5,0.364704876434944,3,6,TRUE
MMRp,Myeloid-ISG,"(-70,-65]","(0.729,1.46]",-67.5,1.09411462930483,2,6,FALSE
MMRp,Myeloid-noDC-noGran,"(-70,-65]","(0.729,1.46]",-67.5,1.09411462930483,3,6,TRUE
MMRp,Myeloid-mregDC,"(-70,-65]","(1.46,2.19]",-67.5,1.82352438217472,3,6,TRUE
MMRp,Myeloid-mregDC,"(-70,-65]","(2.19,2.92]",-67.5,2.55293413504461,2,6,FALSE
MMRp,Tcd4-CXCL13,"(-70,-65]","(2.19,2.92]",-67.5,2.55293413504461,2,6,FALSE
MMRp,Tcd8-CXCL13-comb,"(-70,-65]","(2.19,2.92]",-67.5,2.55293413504461,2,6,FALSE
MMRp,CD8-all,"(-70,-65]","(2.19,2.92]",-67.5,2.55293413504461,2,6,FALSE
MMRp,Tplzf-gdlike-comb,"(-70,-65]","(2.19,2.92]",-67.5,2.55293413504461,1,6,FALSE
MMRp,Tcd8-CXCL13-comb,"(-70,-65]","(2.92,3.65]",-67.5,3.2823438879145,1,6,FALSE
MMRp,CD8-all,"(-70,-65]","(2.92,3.65]",-67.5,3.2823438879145,2,6,FALSE
MMRp,Tplzf-gdlike-comb,"(-70,-65]","(4.38,5.11]",-67.5,4.74116339365427,1,6,FALSE
MMRp,Tcd8-CXCL13-LAG3,"(-70,-65]","[0,0.729]",-67.5,0.364704876434944,2,6,FALSE
MMRp,Tcd8-CXCL13-comb,"(-70,-65]","[0,0.729]",-67.5,0.364704876434944,3,6,TRUE
MMRp,Tcd8-GZMK,"(-70,-65]","[0,0.729]",-67.5,0.364704876434944,3,6,TRUE
MMRp,Myeloid-ISG,"(-75,-70]","(0.729,1.46]",-72.5,1.09411462930483,2,6,FALSE
MMRp,Myeloid-noDC-noGran,"(-75,-70]","(0.729,1.46]",-72.5,1.09411462930483,3,6,TRUE
MMRp,Tcd4-Treg-comb,"(-75,-70]","(0.729,1.46]",-72.5,1.09411462930483,3,6,TRUE
MMRp,Myeloid-mregDC,"(-75,-70]","(1.46,2.19]",-72.5,1.82352438217472,3,6,TRUE
MMRp,Tcd4-CXCL13,"(-75,-70]","(1.46,2.19]",-72.5,1.82352438217472,2,6,FALSE
MMRp,Tcd4-Treg-comb,"(-75,-70]","(1.46,2.19]",-72.5,1.82352438217472,3,6,TRUE
MMRp,Tcd8-GZMK,"(-75,-70]","(1.46,2.19]",-72.5,1.82352438217472,2,6,FALSE
MMRp,CD8-all,"(-75,-70]","(1.46,2.19]",-72.5,1.82352438217472,3,6,TRUE
MMRp,Myeloid-mregDC,"(-75,-70]","(2.19,2.92]",-72.5,2.55293413504461,2,6,FALSE
MMRp,Tcd4-Treg-comb,"(-75,-70]","(2.19,2.92]",-72.5,2.55293413504461,3,6,TRUE
MMRp,Tcd4-CXCL13,"(-75,-70]","(2.92,3.65]",-72.5,3.2823438879145,2,6,FALSE
MMRp,Tplzf-gdlike-comb,"(-75,-70]","(2.92,3.65]",-72.5,3.2823438879145,2,6,FALSE
MMRp,Myeloid-mregDC,"(-75,-70]","(3.65,4.38]",-72.5,4.01175364078438,2,6,FALSE
MMRp,Tcd4-Treg-comb,"(-75,-70]","(3.65,4.38]",-72.5,4.01175364078438,2,6,FALSE
MMRp,Myeloid-mregDC,"(-75,-70]","(4.38,5.11]",-72.5,4.74116339365427,2,6,FALSE
MMRp,Tcd8-GZMK,"(-75,-70]","[0,0.729]",-72.5,0.364704876434944,3,6,TRUE
MMRp,Tcd8-HOBIT,"(-75,-70]","[0,0.729]",-72.5,0.364704876434944,3,6,TRUE
MMRp,Tplzf-gdlike-comb,"(-75,-70]","[0,0.729]",-72.5,0.364704876434944,3,6,TRUE
MMRp,Myeloid-ISG,"(-80,-75]","(0.729,1.46]",-77.5,1.09411462930483,3,6,TRUE
MMRp,Myeloid-noDC-noGran,"(-80,-75]","(0.729,1.46]",-77.5,1.09411462930483,3,6,TRUE
MMRp,Tcd4-CXCL13,"(-80,-75]","(0.729,1.46]",-77.5,1.09411462930483,2,6,FALSE
MMRp,Tcd4-Treg-comb,"(-80,-75]","(0.729,1.46]",-77.5,1.09411462930483,1,6,FALSE
MMRp,Myeloid-mregDC,"(-80,-75]","(1.46,2.19]",-77.5,1.82352438217472,2,6,FALSE
MMRp,Myeloid-ISG,"(-80,-75]","(1.46,2.19]",-77.5,1.82352438217472,3,6,TRUE
MMRp,Tcd4-Treg-comb,"(-80,-75]","(1.46,2.19]",-77.5,1.82352438217472,3,6,TRUE
MMRp,Tcd8-CXCL13-LAG3,"(-80,-75]","(1.46,2.19]",-77.5,1.82352438217472,1,6,FALSE
MMRp,CD8-all,"(-80,-75]","(1.46,2.19]",-77.5,1.82352438217472,2,6,FALSE
MMRp,Tplzf-gdlike-comb,"(-80,-75]","(2.19,2.92]",-77.5,2.55293413504461,1,6,FALSE
MMRp,Myeloid-mregDC,"(-80,-75]","(2.92,3.65]",-77.5,3.2823438879145,2,6,FALSE
MMRp,Tcd4-CXCL13,"(-80,-75]","(2.92,3.65]",-77.5,3.2823438879145,2,6,FALSE
MMRp,Tcd4-Treg-comb,"(-80,-75]","(2.92,3.65]",-77.5,3.2823438879145,2,6,FALSE
MMRp,Tcd8-CXCL13-comb,"(-80,-75]","(2.92,3.65]",-77.5,3.2823438879145,2,6,FALSE
MMRp,CD8-all,"(-80,-75]","(2.92,3.65]",-77.5,3.2823438879145,2,6,FALSE
MMRp,Tcd8-HOBIT,"(-80,-75]","(2.92,3.65]",-77.5,3.2823438879145,1,6,FALSE
MMRp,Myeloid-mregDC,"(-80,-75]","(4.38,5.11]",-77.5,4.74116339365427,2,6,FALSE
MMRp,Tcd8-GZMK,"(-80,-75]","(4.38,5.11]",-77.5,4.74116339365427,2,6,FALSE
MMRp,Tcd4-CXCL13,"(-80,-75]","[0,0.729]",-77.5,0.364704876434944,3,6,TRUE
MMRp,Tcd8-HOBIT,"(-80,-75]","[0,0.729]",-77.5,0.364704876434944,3,6,TRUE
MMRp,CD8-all,"(-80,-75]","[0,0.729]",-77.5,0.364704876434944,3,6,TRUE
MMRp,Myeloid-ISG,"(-85,-80]","(0.729,1.46]",-82.5,1.09411462930483,3,6,TRUE
MMRp,Myeloid-noDC-noGran,"(-85,-80]","(0.729,1.46]",-82.5,1.09411462930483,3,6,TRUE
MMRp,Tcd4-Treg-comb,"(-85,-80]","(0.729,1.46]",-82.5,1.09411462930483,2,6,FALSE
MMRp,Tcd8-CXCL13-comb,"(-85,-80]","(0.729,1.46]",-82.5,1.09411462930483,2,6,FALSE
MMRp,CD8-all,"(-85,-80]","(0.729,1.46]",-82.5,1.09411462930483,2,6,FALSE
MMRp,Tcd4-Treg-comb,"(-85,-80]","(1.46,2.19]",-82.5,1.82352438217472,3,6,TRUE
MMRp,Tcd8-CXCL13-comb,"(-85,-80]","(2.19,2.92]",-82.5,2.55293413504461,2,6,FALSE
MMRp,Myeloid-mregDC,"(-85,-80]","(2.92,3.65]",-82.5,3.2823438879145,3,6,TRUE
MMRp,Tcd4-CXCL13,"(-85,-80]","(2.92,3.65]",-82.5,3.2823438879145,2,6,FALSE
MMRp,Tcd8-CXCL13-comb,"(-85,-80]","(2.92,3.65]",-82.5,3.2823438879145,1,6,FALSE
MMRp,CD8-all,"(-85,-80]","(2.92,3.65]",-82.5,3.2823438879145,2,6,FALSE
MMRp,Myeloid-mregDC,"(-85,-80]","(4.38,5.11]",-82.5,4.74116339365427,2,6,FALSE
MMRp,Tcd4-CXCL13,"(-85,-80]","[0,0.729]",-82.5,0.364704876434944,3,6,TRUE
MMRp,Tcd8-CXCL13-comb,"(-85,-80]","[0,0.729]",-82.5,0.364704876434944,2,6,FALSE
MMRp,Myeloid-ISG,"(-90,-85]","(0.729,1.46]",-87.5,1.09411462930483,2,6,FALSE
MMRp,Myeloid-noDC-noGran,"(-90,-85]","(0.729,1.46]",-87.5,1.09411462930483,3,6,TRUE
MMRp,Tcd4-CXCL13,"(-90,-85]","(1.46,2.19]",-87.5,1.82352438217472,2,6,FALSE
MMRp,Tcd4-Treg-comb,"(-90,-85]","(1.46,2.19]",-87.5,1.82352438217472,2,6,FALSE
MMRp,Tcd8-GZMK,"(-90,-85]","(2.19,2.92]",-87.5,2.55293413504461,1,6,FALSE
MMRp,CD8-all,"(-90,-85]","(2.19,2.92]",-87.5,2.55293413504461,3,6,TRUE
MMRp,Tcd4-CXCL13,"(-90,-85]","(2.92,3.65]",-87.5,3.2823438879145,2,6,FALSE
MMRp,Tcd8-CXCL13-comb,"(-90,-85]","(2.92,3.65]",-87.5,3.2823438879145,1,6,FALSE
MMRp,Tcd8-CXCL13-comb,"(-90,-85]","[0,0.729]",-87.5,0.364704876434944,2,6,FALSE
MMRp,CD8-all,"(-90,-85]","[0,0.729]",-87.5,0.364704876434944,3,6,TRUE
MMRp,Tcd4-Treg-comb,"(-95,-90]","(1.46,2.19]",-92.5,1.82352438217472,2,6,FALSE
MMRp,Myeloid-mregDC,"(-95,-90]","(2.19,2.92]",-92.5,2.55293413504461,3,6,TRUE
MMRp,Tcd4-Treg-comb,"(-95,-90]","(2.19,2.92]",-92.5,2.55293413504461,2,6,FALSE
MMRp,Tcd8-CXCL13-comb,"(-95,-90]","(2.19,2.92]",-92.5,2.55293413504461,2,6,FALSE
MMRp,CD8-all,"(-95,-90]","(2.19,2.92]",-92.5,2.55293413504461,2,6,FALSE
MMRp,Tcd4-CXCL13,"(-95,-90]","(2.92,3.65]",-92.5,3.2823438879145,2,6,FALSE
MMRp,Tcd8-GZMK,"(-95,-90]","(2.92,3.65]",-92.5,3.2823438879145,2,6,FALSE
MMRp,Tcd8-HOBIT,"(-95,-90]","(2.92,3.65]",-92.5,3.2823438879145,1,6,FALSE
MMRp,Tcd8-GZMK,"(-95,-90]","[0,0.729]",-92.5,0.364704876434944,2,6,FALSE
MMRp,Myeloid-ISG,"(0,5]","(0.729,1.46]",2.5,1.09411462930483,4,6,TRUE
MMRp,Tcd4-CXCL13,"(0,5]","(0.729,1.46]",2.5,1.09411462930483,3,6,TRUE
MMRp,Tcd8-CXCL13-comb,"(0,5]","(0.729,1.46]",2.5,1.09411462930483,3,6,TRUE
MMRp,CD8-all,"(0,5]","(0.729,1.46]",2.5,1.09411462930483,3,6,TRUE
MMRp,Tcd8-CXCL13-LAG3,"(0,5]","(0.729,1.46]",2.5,1.09411462930483,2,6,FALSE
MMRp,Tcd8-GZMK,"(0,5]","(0.729,1.46]",2.5,1.09411462930483,2,6,FALSE
MMRp,Tcd8-HOBIT,"(0,5]","(0.729,1.46]",2.5,1.09411462930483,3,6,TRUE
MMRp,Tplzf-gdlike-comb,"(0,5]","(0.729,1.46]",2.5,1.09411462930483,3,6,TRUE
MMRp,Tcd8-CXCL13-comb,"(0,5]","(1.46,2.19]",2.5,1.82352438217472,3,6,TRUE
MMRp,CD8-all,"(0,5]","(1.46,2.19]",2.5,1.82352438217472,3,6,TRUE
MMRp,Tcd8-CXCL13-LAG3,"(0,5]","(1.46,2.19]",2.5,1.82352438217472,3,6,TRUE
MMRp,Tcd8-GZMK,"(0,5]","(1.46,2.19]",2.5,1.82352438217472,3,6,TRUE
MMRp,Tcd8-HOBIT,"(0,5]","(1.46,2.19]",2.5,1.82352438217472,3,6,TRUE
MMRp,Tplzf-gdlike-comb,"(0,5]","(1.46,2.19]",2.5,1.82352438217472,3,6,TRUE
MMRp,Tcd8-CXCL13-LAG3,"(0,5]","(2.19,2.92]",2.5,2.55293413504461,2,6,FALSE
MMRp,Tplzf-gdlike-comb,"(0,5]","(2.19,2.92]",2.5,2.55293413504461,2,6,FALSE
MMRp,Tcd4-Treg-comb,"(0,5]","(2.92,3.65]",2.5,3.2823438879145,2,6,FALSE
MMRp,Tcd8-GZMK,"(0,5]","(2.92,3.65]",2.5,3.2823438879145,2,6,FALSE
MMRp,Tplzf-gdlike-comb,"(0,5]","(2.92,3.65]",2.5,3.2823438879145,2,6,FALSE
MMRp,Tcd4-CXCL13,"(0,5]","(3.65,4.38]",2.5,4.01175364078438,2,6,FALSE
MMRp,Tcd8-HOBIT,"(0,5]","(4.38,5.11]",2.5,4.74116339365427,1,6,FALSE
MMRp,Tcd8-CXCL13-comb,"(0,5]","(5.11,5.84]",2.5,5.47057314652416,1,6,FALSE
MMRp,Tcd8-CXCL13-LAG3,"(0,5]","[0,0.729]",2.5,0.364704876434944,4,6,TRUE
MMRp,Myeloid-mregDC,"(10,15]","(0.729,1.46]",12.5,1.09411462930483,1,6,FALSE
MMRp,Tcd4-CXCL13,"(10,15]","(0.729,1.46]",12.5,1.09411462930483,2,6,FALSE
MMRp,Tcd8-CXCL13-comb,"(10,15]","(0.729,1.46]",12.5,1.09411462930483,1,6,FALSE
MMRp,CD8-all,"(10,15]","(0.729,1.46]",12.5,1.09411462930483,1,6,FALSE
MMRp,Tcd8-CXCL13-LAG3,"(10,15]","(0.729,1.46]",12.5,1.09411462930483,1,6,FALSE
MMRp,Tcd8-GZMK,"(10,15]","(0.729,1.46]",12.5,1.09411462930483,1,6,FALSE
MMRp,Tcd8-HOBIT,"(10,15]","(0.729,1.46]",12.5,1.09411462930483,1,6,FALSE
MMRp,Tplzf-gdlike-comb,"(10,15]","(0.729,1.46]",12.5,1.09411462930483,1,6,FALSE
MMRp,Tcd4-CXCL13,"(10,15]","(1.46,2.19]",12.5,1.82352438217472,1,6,FALSE
MMRp,Tcd8-CXCL13-LAG3,"(10,15]","(1.46,2.19]",12.5,1.82352438217472,2,6,FALSE
MMRp,Tcd8-GZMK,"(10,15]","(1.46,2.19]",12.5,1.82352438217472,1,6,FALSE
MMRp,Tcd8-HOBIT,"(10,15]","(1.46,2.19]",12.5,1.82352438217472,2,6,FALSE
MMRp,Tplzf-gdlike-comb,"(10,15]","(1.46,2.19]",12.5,1.82352438217472,3,6,TRUE
MMRp,Myeloid-mregDC,"(10,15]","(2.19,2.92]",12.5,2.55293413504461,2,6,FALSE
MMRp,Tcd8-CXCL13-comb,"(10,15]","(2.92,3.65]",12.5,3.2823438879145,2,6,FALSE
MMRp,Tcd8-CXCL13-LAG3,"(10,15]","(2.92,3.65]",12.5,3.2823438879145,1,6,FALSE
MMRp,Tcd8-GZMK,"(10,15]","(2.92,3.65]",12.5,3.2823438879145,1,6,FALSE
MMRp,Tplzf-gdlike-comb,"(10,15]","(2.92,3.65]",12.5,3.2823438879145,1,6,FALSE
MMRp,Tcd4-Treg-comb,"(10,15]","(3.65,4.38]",12.5,4.01175364078438,1,6,FALSE
MMRp,Tcd8-GZMK,"(10,15]","(3.65,4.38]",12.5,4.01175364078438,1,6,FALSE
MMRp,Tcd4-CXCL13,"(10,15]","(4.38,5.11]",12.5,4.74116339365427,1,6,FALSE
MMRp,Tcd8-CXCL13-comb,"(10,15]","(4.38,5.11]",12.5,4.74116339365427,1,6,FALSE
MMRp,CD8-all,"(10,15]","(4.38,5.11]",12.5,4.74116339365427,1,6,FALSE
MMRp,Tcd8-HOBIT,"(10,15]","(4.38,5.11]",12.5,4.74116339365427,1,6,FALSE
MMRp,Tcd8-CXCL13-LAG3,"(10,15]","(5.11,5.84]",12.5,5.47057314652416,1,6,FALSE
MMRp,Tcd8-CXCL13-LAG3,"(10,15]","[0,0.729]",12.5,0.364704876434944,2,6,FALSE
MMRp,Tcd8-GZMK,"(10,15]","[0,0.729]",12.5,0.364704876434944,3,6,TRUE
MMRp,Tplzf-gdlike-comb,"(10,15]","[0,0.729]",12.5,0.364704876434944,2,6,FALSE
MMRp,Myeloid-ISG,"(15,20]","(0.729,1.46]",17.5,1.09411462930483,3,6,TRUE
MMRp,Tcd4-CXCL13,"(15,20]","(0.729,1.46]",17.5,1.09411462930483,1,6,FALSE
MMRp,Tcd8-CXCL13-comb,"(15,20]","(0.729,1.46]",17.5,1.09411462930483,1,6,FALSE
MMRp,Tcd8-CXCL13-LAG3,"(15,20]","(0.729,1.46]",17.5,1.09411462930483,2,6,FALSE
MMRp,Tcd8-HOBIT,"(15,20]","(0.729,1.46]",17.5,1.09411462930483,1,6,FALSE
MMRp,Tplzf-gdlike-comb,"(15,20]","(0.729,1.46]",17.5,1.09411462930483,3,6,TRUE
MMRp,Myeloid-mregDC,"(15,20]","(1.46,2.19]",17.5,1.82352438217472,2,6,FALSE
MMRp,Tcd4-CXCL13,"(15,20]","(1.46,2.19]",17.5,1.82352438217472,2,6,FALSE
MMRp,Tcd4-Treg-comb,"(15,20]","(1.46,2.19]",17.5,1.82352438217472,1,6,FALSE
MMRp,Tcd8-GZMK,"(15,20]","(1.46,2.19]",17.5,1.82352438217472,1,6,FALSE
MMRp,Tcd8-HOBIT,"(15,20]","(1.46,2.19]",17.5,1.82352438217472,2,6,FALSE
MMRp,Myeloid-mregDC,"(15,20]","(2.19,2.92]",17.5,2.55293413504461,2,6,FALSE
MMRp,Tcd4-CXCL13,"(15,20]","(2.19,2.92]",17.5,2.55293413504461,1,6,FALSE
MMRp,Tcd4-Treg-comb,"(15,20]","(2.19,2.92]",17.5,2.55293413504461,2,6,FALSE
MMRp,Tcd8-CXCL13-LAG3,"(15,20]","(2.19,2.92]",17.5,2.55293413504461,1,6,FALSE
MMRp,Tcd8-GZMK,"(15,20]","(2.19,2.92]",17.5,2.55293413504461,1,6,FALSE
MMRp,Tcd4-CXCL13,"(15,20]","(2.92,3.65]",17.5,3.2823438879145,1,6,FALSE
MMRp,Tcd8-HOBIT,"(15,20]","(2.92,3.65]",17.5,3.2823438879145,1,6,FALSE
MMRp,Tcd4-CXCL13,"(15,20]","(3.65,4.38]",17.5,4.01175364078438,2,6,FALSE
MMRp,Tcd4-Treg-comb,"(15,20]","(3.65,4.38]",17.5,4.01175364078438,1,6,FALSE
MMRp,Tcd8-CXCL13-LAG3,"(15,20]","(3.65,4.38]",17.5,4.01175364078438,1,6,FALSE
MMRp,Tplzf-gdlike-comb,"(15,20]","(3.65,4.38]",17.5,4.01175364078438,2,6,FALSE
MMRp,Myeloid-mregDC,"(15,20]","(4.38,5.11]",17.5,4.74116339365427,1,6,FALSE
MMRp,Tplzf-gdlike-comb,"(15,20]","(4.38,5.11]",17.5,4.74116339365427,1,6,FALSE
MMRp,Myeloid-ISG,"(15,20]","[0,0.729]",17.5,0.364704876434944,4,6,TRUE
MMRp,Tcd8-CXCL13-comb,"(15,20]","[0,0.729]",17.5,0.364704876434944,3,6,TRUE
MMRp,Tcd8-HOBIT,"(15,20]","[0,0.729]",17.5,0.364704876434944,3,6,TRUE
MMRp,Myeloid-mregDC,"(20,25]","(0.729,1.46]",22.5,1.09411462930483,2,6,FALSE
MMRp,Myeloid-noDC-noGran,"(20,25]","(0.729,1.46]",22.5,1.09411462930483,3,6,TRUE
MMRp,Tcd8-CXCL13-comb,"(20,25]","(0.729,1.46]",22.5,1.09411462930483,1,6,FALSE
MMRp,CD8-all,"(20,25]","(0.729,1.46]",22.5,1.09411462930483,2,6,FALSE
MMRp,Tcd8-GZMK,"(20,25]","(0.729,1.46]",22.5,1.09411462930483,1,6,FALSE
MMRp,Tplzf-gdlike-comb,"(20,25]","(0.729,1.46]",22.5,1.09411462930483,2,6,FALSE
MMRp,Tcd4-Treg-comb,"(20,25]","(1.46,2.19]",22.5,1.82352438217472,1,6,FALSE
MMRp,Tcd8-CXCL13-LAG3,"(20,25]","(1.46,2.19]",22.5,1.82352438217472,1,6,FALSE
MMRp,CD8-all,"(20,25]","(1.46,2.19]",22.5,1.82352438217472,2,6,FALSE
MMRp,Tcd8-CXCL13-comb,"(20,25]","(1.46,2.19]",22.5,1.82352438217472,1,6,FALSE
MMRp,Tcd8-HOBIT,"(20,25]","(1.46,2.19]",22.5,1.82352438217472,2,6,FALSE
MMRp,Tplzf-gdlike-comb,"(20,25]","(1.46,2.19]",22.5,1.82352438217472,3,6,TRUE
MMRp,Myeloid-mregDC,"(20,25]","(2.19,2.92]",22.5,2.55293413504461,2,6,FALSE
MMRp,Tcd8-GZMK,"(20,25]","(2.19,2.92]",22.5,2.55293413504461,1,6,FALSE
MMRp,Tcd4-CXCL13,"(20,25]","(3.65,4.38]",22.5,4.01175364078438,1,6,FALSE
MMRp,Tcd4-Treg-comb,"(20,25]","(3.65,4.38]",22.5,4.01175364078438,1,6,FALSE
MMRp,Tcd8-GZMK,"(20,25]","(3.65,4.38]",22.5,4.01175364078438,1,6,FALSE
MMRp,Tcd8-HOBIT,"(20,25]","(4.38,5.11]",22.5,4.74116339365427,1,6,FALSE
MMRp,Tcd8-CXCL13-LAG3,"(20,25]","[0,0.729]",22.5,0.364704876434944,4,6,TRUE
MMRp,Tcd8-GZMK,"(20,25]","[0,0.729]",22.5,0.364704876434944,1,6,FALSE
MMRp,Tcd8-HOBIT,"(20,25]","[0,0.729]",22.5,0.364704876434944,3,6,TRUE
MMRp,Myeloid-ISG,"(25,30]","(0.729,1.46]",27.5,1.09411462930483,2,6,FALSE
MMRp,Myeloid-noDC-noGran,"(25,30]","(0.729,1.46]",27.5,1.09411462930483,4,6,TRUE
MMRp,Tcd8-HOBIT,"(25,30]","(0.729,1.46]",27.5,1.09411462930483,2,6,FALSE
MMRp,CD8-all,"(25,30]","(0.729,1.46]",27.5,1.09411462930483,2,6,FALSE
MMRp,Tplzf-gdlike-comb,"(25,30]","(0.729,1.46]",27.5,1.09411462930483,2,6,FALSE
MMRp,Tcd4-CXCL13,"(25,30]","(1.46,2.19]",27.5,1.82352438217472,2,6,FALSE
MMRp,Tcd8-CXCL13-comb,"(25,30]","(1.46,2.19]",27.5,1.82352438217472,1,6,FALSE
MMRp,Tcd8-GZMK,"(25,30]","(1.46,2.19]",27.5,1.82352438217472,3,6,TRUE
MMRp,Tplzf-gdlike-comb,"(25,30]","(1.46,2.19]",27.5,1.82352438217472,2,6,FALSE
MMRp,Tcd8-CXCL13-comb,"(25,30]","(2.19,2.92]",27.5,2.55293413504461,1,6,FALSE
MMRp,Tcd8-HOBIT,"(25,30]","(2.19,2.92]",27.5,2.55293413504461,1,6,FALSE
MMRp,Tcd8-GZMK,"(25,30]","(2.92,3.65]",27.5,3.2823438879145,1,6,FALSE
MMRp,Tcd8-HOBIT,"(25,30]","(2.92,3.65]",27.5,3.2823438879145,1,6,FALSE
MMRp,Tcd8-HOBIT,"(25,30]","(3.65,4.38]",27.5,4.01175364078438,1,6,FALSE
MMRp,Tplzf-gdlike-comb,"(25,30]","(3.65,4.38]",27.5,4.01175364078438,1,6,FALSE
MMRp,Tplzf-gdlike-comb,"(25,30]","(4.38,5.11]",27.5,4.74116339365427,1,6,FALSE
MMRp,Tplzf-gdlike-comb,"(25,30]","(5.11,5.84]",27.5,5.47057314652416,1,6,FALSE
MMRp,Tcd8-CXCL13-LAG3,"(25,30]","[0,0.729]",27.5,0.364704876434944,1,6,FALSE
MMRp,Tcd8-GZMK,"(25,30]","[0,0.729]",27.5,0.364704876434944,1,6,FALSE
MMRp,Tcd8-HOBIT,"(25,30]","[0,0.729]",27.5,0.364704876434944,2,6,FALSE
MMRp,Tcd4-Treg-comb,"(30,35]","(0.729,1.46]",32.5,1.09411462930483,1,6,FALSE
MMRp,Tcd8-CXCL13-comb,"(30,35]","(0.729,1.46]",32.5,1.09411462930483,2,6,FALSE
MMRp,CD8-all,"(30,35]","(0.729,1.46]",32.5,1.09411462930483,3,6,TRUE
MMRp,Tcd8-CXCL13-LAG3,"(30,35]","(0.729,1.46]",32.5,1.09411462930483,2,6,FALSE
MMRp,Tcd8-GZMK,"(30,35]","(0.729,1.46]",32.5,1.09411462930483,1,6,FALSE
MMRp,Tplzf-gdlike-comb,"(30,35]","(0.729,1.46]",32.5,1.09411462930483,3,6,TRUE
MMRp,Myeloid-ISG,"(30,35]","(1.46,2.19]",32.5,1.82352438217472,3,6,TRUE
MMRp,Tcd4-CXCL13,"(30,35]","(1.46,2.19]",32.5,1.82352438217472,2,6,FALSE
MMRp,Tcd8-HOBIT,"(30,35]","(1.46,2.19]",32.5,1.82352438217472,1,6,FALSE
MMRp,Tcd4-Treg-comb,"(30,35]","(2.19,2.92]",32.5,2.55293413504461,1,6,FALSE
MMRp,Tcd8-CXCL13-LAG3,"(30,35]","(2.19,2.92]",32.5,2.55293413504461,1,6,FALSE
MMRp,CD8-all,"(30,35]","(2.19,2.92]",32.5,2.55293413504461,2,6,FALSE
MMRp,Tcd8-HOBIT,"(30,35]","(2.19,2.92]",32.5,2.55293413504461,1,6,FALSE
MMRp,Tplzf-gdlike-comb,"(30,35]","(2.19,2.92]",32.5,2.55293413504461,1,6,FALSE
MMRp,Myeloid-mregDC,"(30,35]","(2.92,3.65]",32.5,3.2823438879145,2,6,FALSE
MMRp,Tcd4-CXCL13,"(30,35]","(2.92,3.65]",32.5,3.2823438879145,1,6,FALSE
MMRp,Tplzf-gdlike-comb,"(30,35]","(2.92,3.65]",32.5,3.2823438879145,1,6,FALSE
MMRp,Tcd4-Treg-comb,"(30,35]","(3.65,4.38]",32.5,4.01175364078438,1,6,FALSE
MMRp,Myeloid-noDC-noGran,"(30,35]","(5.11,5.84]",32.5,5.47057314652416,1,6,FALSE
MMRp,Tcd4-CXCL13,"(30,35]","[0,0.729]",32.5,0.364704876434944,3,6,TRUE
MMRp,Tcd8-CXCL13-LAG3,"(30,35]","[0,0.729]",32.5,0.364704876434944,3,6,TRUE
MMRp,Myeloid-noDC-noGran,"(35,40]","(0.729,1.46]",37.5,1.09411462930483,3,6,TRUE
MMRp,Tcd8-CXCL13-comb,"(35,40]","(0.729,1.46]",37.5,1.09411462930483,1,6,FALSE
MMRp,CD8-all,"(35,40]","(0.729,1.46]",37.5,1.09411462930483,3,6,TRUE
MMRp,Tplzf-gdlike-comb,"(35,40]","(0.729,1.46]",37.5,1.09411462930483,2,6,FALSE
MMRp,Myeloid-mregDC,"(35,40]","(1.46,2.19]",37.5,1.82352438217472,2,6,FALSE
MMRp,Myeloid-ISG,"(35,40]","(1.46,2.19]",37.5,1.82352438217472,2,6,FALSE
MMRp,Tcd4-CXCL13,"(35,40]","(1.46,2.19]",37.5,1.82352438217472,2,6,FALSE
MMRp,Tcd4-Treg-comb,"(35,40]","(1.46,2.19]",37.5,1.82352438217472,2,6,FALSE
MMRp,Tcd8-CXCL13-comb,"(35,40]","(1.46,2.19]",37.5,1.82352438217472,2,6,FALSE
MMRp,Tcd8-GZMK,"(35,40]","(1.46,2.19]",37.5,1.82352438217472,2,6,FALSE
MMRp,Tplzf-gdlike-comb,"(35,40]","(1.46,2.19]",37.5,1.82352438217472,2,6,FALSE
MMRp,Tcd8-CXCL13-comb,"(35,40]","(2.19,2.92]",37.5,2.55293413504461,1,6,FALSE
MMRp,CD8-all,"(35,40]","(2.19,2.92]",37.5,2.55293413504461,1,6,FALSE
MMRp,Tcd8-CXCL13-LAG3,"(35,40]","(2.19,2.92]",37.5,2.55293413504461,1,6,FALSE
MMRp,Tcd8-HOBIT,"(35,40]","(2.19,2.92]",37.5,2.55293413504461,1,6,FALSE
MMRp,Myeloid-ISG,"(35,40]","(2.92,3.65]",37.5,3.2823438879145,2,6,FALSE
MMRp,Tplzf-gdlike-comb,"(35,40]","(2.92,3.65]",37.5,3.2823438879145,1,6,FALSE
MMRp,Tcd4-CXCL13,"(35,40]","(3.65,4.38]",37.5,4.01175364078438,1,6,FALSE
MMRp,CD8-all,"(35,40]","(3.65,4.38]",37.5,4.01175364078438,1,6,FALSE
MMRp,Tcd8-CXCL13-LAG3,"(35,40]","[0,0.729]",37.5,0.364704876434944,2,6,FALSE
MMRp,Tcd8-GZMK,"(35,40]","[0,0.729]",37.5,0.364704876434944,1,6,FALSE
MMRp,Tcd8-HOBIT,"(35,40]","[0,0.729]",37.5,0.364704876434944,2,6,FALSE
MMRp,Tplzf-gdlike-comb,"(35,40]","[0,0.729]",37.5,0.364704876434944,3,6,TRUE
MMRp,Myeloid-ISG,"(40,45]","(0.729,1.46]",42.5,1.09411462930483,1,6,FALSE
MMRp,Myeloid-noDC-noGran,"(40,45]","(0.729,1.46]",42.5,1.09411462930483,3,6,TRUE
MMRp,Tcd4-Treg-comb,"(40,45]","(0.729,1.46]",42.5,1.09411462930483,1,6,FALSE
MMRp,Tcd8-CXCL13-LAG3,"(40,45]","(0.729,1.46]",42.5,1.09411462930483,1,6,FALSE
MMRp,CD8-all,"(40,45]","(0.729,1.46]",42.5,1.09411462930483,2,6,FALSE
MMRp,Tcd8-HOBIT,"(40,45]","(0.729,1.46]",42.5,1.09411462930483,1,6,FALSE
MMRp,Myeloid-ISG,"(40,45]","(1.46,2.19]",42.5,1.82352438217472,2,6,FALSE
MMRp,Tcd4-CXCL13,"(40,45]","(1.46,2.19]",42.5,1.82352438217472,1,6,FALSE
MMRp,Tcd8-CXCL13-comb,"(40,45]","(1.46,2.19]",42.5,1.82352438217472,1,6,FALSE
MMRp,CD8-all,"(40,45]","(1.46,2.19]",42.5,1.82352438217472,2,6,FALSE
MMRp,Tcd8-CXCL13-LAG3,"(40,45]","(1.46,2.19]",42.5,1.82352438217472,1,6,FALSE
MMRp,Tcd8-HOBIT,"(40,45]","(1.46,2.19]",42.5,1.82352438217472,2,6,FALSE
MMRp,Tplzf-gdlike-comb,"(40,45]","(1.46,2.19]",42.5,1.82352438217472,1,6,FALSE
MMRp,Tcd8-GZMK,"(40,45]","(2.19,2.92]",42.5,2.55293413504461,1,6,FALSE
MMRp,Tcd8-HOBIT,"(40,45]","(2.19,2.92]",42.5,2.55293413504461,1,6,FALSE
MMRp,Tcd4-Treg-comb,"(40,45]","(2.92,3.65]",42.5,3.2823438879145,1,6,FALSE
MMRp,Tcd8-GZMK,"(40,45]","(2.92,3.65]",42.5,3.2823438879145,1,6,FALSE
MMRp,Myeloid-mregDC,"(40,45]","(3.65,4.38]",42.5,4.01175364078438,1,6,FALSE
MMRp,Tcd4-Treg-comb,"(40,45]","(3.65,4.38]",42.5,4.01175364078438,1,6,FALSE
MMRp,Tcd8-CXCL13-comb,"(40,45]","(3.65,4.38]",42.5,4.01175364078438,1,6,FALSE
MMRp,CD8-all,"(40,45]","(3.65,4.38]",42.5,4.01175364078438,1,6,FALSE
MMRp,Tcd8-CXCL13-LAG3,"(40,45]","[0,0.729]",42.5,0.364704876434944,2,6,FALSE
MMRp,Tcd8-HOBIT,"(40,45]","[0,0.729]",42.5,0.364704876434944,2,6,FALSE
MMRp,Tplzf-gdlike-comb,"(40,45]","[0,0.729]",42.5,0.364704876434944,3,6,TRUE
MMRp,Tcd8-CXCL13-comb,"(45,50]","(0.729,1.46]",47.5,1.09411462930483,1,6,FALSE
MMRp,CD8-all,"(45,50]","(0.729,1.46]",47.5,1.09411462930483,1,6,FALSE
MMRp,Tcd8-HOBIT,"(45,50]","(0.729,1.46]",47.5,1.09411462930483,1,6,FALSE
MMRp,Tcd4-Treg-comb,"(45,50]","(1.46,2.19]",47.5,1.82352438217472,1,6,FALSE
MMRp,Tcd8-CXCL13-comb,"(45,50]","(1.46,2.19]",47.5,1.82352438217472,1,6,FALSE
MMRp,Tplzf-gdlike-comb,"(45,50]","(1.46,2.19]",47.5,1.82352438217472,1,6,FALSE
MMRp,Myeloid-ISG,"(45,50]","(2.19,2.92]",47.5,2.55293413504461,1,6,FALSE
MMRp,Tcd4-Treg-comb,"(45,50]","(2.19,2.92]",47.5,2.55293413504461,1,6,FALSE
MMRp,Tcd8-CXCL13-LAG3,"(45,50]","(2.19,2.92]",47.5,2.55293413504461,1,6,FALSE
MMRp,Tcd8-GZMK,"(45,50]","(2.19,2.92]",47.5,2.55293413504461,1,6,FALSE
MMRp,Tcd8-CXCL13-comb,"(45,50]","[0,0.729]",47.5,0.364704876434944,1,6,FALSE
MMRp,Tcd8-GZMK,"(45,50]","[0,0.729]",47.5,0.364704876434944,3,6,TRUE
MMRp,Myeloid-ISG,"(5,10]","(0.729,1.46]",7.5,1.09411462930483,3,6,TRUE
MMRp,Tcd4-CXCL13,"(5,10]","(0.729,1.46]",7.5,1.09411462930483,2,6,FALSE
MMRp,Tcd4-Treg-comb,"(5,10]","(0.729,1.46]",7.5,1.09411462930483,3,6,TRUE
MMRp,Tcd8-CXCL13-comb,"(5,10]","(0.729,1.46]",7.5,1.09411462930483,1,6,FALSE
MMRp,CD8-all,"(5,10]","(0.729,1.46]",7.5,1.09411462930483,4,6,TRUE
MMRp,Tcd8-CXCL13-LAG3,"(5,10]","(0.729,1.46]",7.5,1.09411462930483,2,6,FALSE
MMRp,Tcd8-GZMK,"(5,10]","(0.729,1.46]",7.5,1.09411462930483,2,6,FALSE
MMRp,Tcd8-HOBIT,"(5,10]","(0.729,1.46]",7.5,1.09411462930483,4,6,TRUE
MMRp,Tplzf-gdlike-comb,"(5,10]","(0.729,1.46]",7.5,1.09411462930483,2,6,FALSE
MMRp,Tcd8-CXCL13-LAG3,"(5,10]","(1.46,2.19]",7.5,1.82352438217472,2,6,FALSE
MMRp,Tcd8-GZMK,"(5,10]","(1.46,2.19]",7.5,1.82352438217472,1,6,FALSE
MMRp,Tcd8-HOBIT,"(5,10]","(1.46,2.19]",7.5,1.82352438217472,3,6,TRUE
MMRp,Tplzf-gdlike-comb,"(5,10]","(1.46,2.19]",7.5,1.82352438217472,3,6,TRUE
MMRp,Myeloid-mregDC,"(5,10]","(2.19,2.92]",7.5,2.55293413504461,4,6,TRUE
MMRp,Tcd8-CXCL13-LAG3,"(5,10]","(2.19,2.92]",7.5,2.55293413504461,1,6,FALSE
MMRp,Tplzf-gdlike-comb,"(5,10]","(2.19,2.92]",7.5,2.55293413504461,2,6,FALSE
MMRp,Tcd4-Treg-comb,"(5,10]","(2.92,3.65]",7.5,3.2823438879145,2,6,FALSE
MMRp,Tcd8-CXCL13-LAG3,"(5,10]","(2.92,3.65]",7.5,3.2823438879145,2,6,FALSE
MMRp,Tcd8-GZMK,"(5,10]","(2.92,3.65]",7.5,3.2823438879145,1,6,FALSE
MMRp,Tcd8-HOBIT,"(5,10]","(2.92,3.65]",7.5,3.2823438879145,1,6,FALSE
MMRp,Tcd8-CXCL13-LAG3,"(5,10]","(3.65,4.38]",7.5,4.01175364078438,1,6,FALSE
MMRp,Tcd8-GZMK,"(5,10]","(3.65,4.38]",7.5,4.01175364078438,1,6,FALSE
MMRp,CD8-all,"(5,10]","(5.11,5.84]",7.5,5.47057314652416,1,6,FALSE
MMRp,Tcd8-CXCL13-comb,"(5,10]","[0,0.729]",7.5,0.364704876434944,4,6,TRUE
MMRp,Tcd8-CXCL13-LAG3,"(5,10]","[0,0.729]",7.5,0.364704876434944,3,6,TRUE
MMRp,Tcd4-CXCL13,"(50,55]","(0.729,1.46]",52.5,1.09411462930483,1,6,FALSE
MMRp,Tcd8-CXCL13-LAG3,"(50,55]","(0.729,1.46]",52.5,1.09411462930483,2,6,FALSE
MMRp,CD8-all,"(50,55]","(0.729,1.46]",52.5,1.09411462930483,3,6,TRUE
MMRp,Tcd8-CXCL13-comb,"(50,55]","(0.729,1.46]",52.5,1.09411462930483,1,6,FALSE
MMRp,Tplzf-gdlike-comb,"(50,55]","(0.729,1.46]",52.5,1.09411462930483,1,6,FALSE
MMRp,Myeloid-ISG,"(50,55]","(1.46,2.19]",52.5,1.82352438217472,1,6,FALSE
MMRp,Tcd8-CXCL13-comb,"(50,55]","(2.19,2.92]",52.5,2.55293413504461,1,6,FALSE
MMRp,Tcd4-Treg-comb,"(50,55]","(2.92,3.65]",52.5,3.2823438879145,1,6,FALSE
MMRp,Tcd8-CXCL13-LAG3,"(50,55]","(2.92,3.65]",52.5,3.2823438879145,1,6,FALSE
MMRp,Myeloid-ISG,"(50,55]","(3.65,4.38]",52.5,4.01175364078438,1,6,FALSE
MMRp,Tcd8-CXCL13-comb,"(50,55]","[0,0.729]",52.5,0.364704876434944,3,6,TRUE
MMRp,Tcd8-CXCL13-LAG3,"(50,55]","[0,0.729]",52.5,0.364704876434944,3,6,TRUE
MMRp,Tcd8-GZMK,"(50,55]","[0,0.729]",52.5,0.364704876434944,1,6,FALSE
MMRp,Myeloid-ISG,"(55,60]","(0.729,1.46]",57.5,1.09411462930483,2,6,FALSE
MMRp,Myeloid-noDC-noGran,"(55,60]","(0.729,1.46]",57.5,1.09411462930483,2,6,FALSE
MMRp,Tcd4-Treg-comb,"(55,60]","(0.729,1.46]",57.5,1.09411462930483,1,6,FALSE
MMRp,Tcd8-CXCL13-LAG3,"(55,60]","(0.729,1.46]",57.5,1.09411462930483,2,6,FALSE
MMRp,CD8-all,"(55,60]","(0.729,1.46]",57.5,1.09411462930483,2,6,FALSE
MMRp,Tcd8-HOBIT,"(55,60]","(0.729,1.46]",57.5,1.09411462930483,1,6,FALSE
MMRp,Myeloid-ISG,"(55,60]","(1.46,2.19]",57.5,1.82352438217472,1,6,FALSE
MMRp,Tcd8-CXCL13-comb,"(55,60]","(1.46,2.19]",57.5,1.82352438217472,1,6,FALSE
MMRp,CD8-all,"(55,60]","(1.46,2.19]",57.5,1.82352438217472,2,6,FALSE
MMRp,Tcd8-HOBIT,"(55,60]","(1.46,2.19]",57.5,1.82352438217472,1,6,FALSE
MMRp,Tcd8-CXCL13-comb,"(55,60]","(2.19,2.92]",57.5,2.55293413504461,1,6,FALSE
MMRp,CD8-all,"(55,60]","(2.19,2.92]",57.5,2.55293413504461,1,6,FALSE
MMRp,Tplzf-gdlike-comb,"(55,60]","(2.19,2.92]",57.5,2.55293413504461,2,6,FALSE
MMRp,Tcd8-GZMK,"(55,60]","(2.92,3.65]",57.5,3.2823438879145,1,6,FALSE
MMRp,CD8-all,"(55,60]","(2.92,3.65]",57.5,3.2823438879145,2,6,FALSE
MMRp,Tcd4-Treg-comb,"(55,60]","(3.65,4.38]",57.5,4.01175364078438,1,6,FALSE
MMRp,Tcd8-GZMK,"(55,60]","(4.38,5.11]",57.5,4.74116339365427,1,6,FALSE
MMRp,CD8-all,"(55,60]","(4.38,5.11]",57.5,4.74116339365427,1,6,FALSE
MMRp,Tcd8-CXCL13-comb,"(55,60]","[0,0.729]",57.5,0.364704876434944,2,6,FALSE
MMRp,Tcd8-CXCL13-LAG3,"(55,60]","[0,0.729]",57.5,0.364704876434944,1,6,FALSE
MMRp,Tcd8-GZMK,"(55,60]","[0,0.729]",57.5,0.364704876434944,1,6,FALSE
MMRp,Myeloid-noDC-noGran,"(60,65]","(0.729,1.46]",62.5,1.09411462930483,2,6,FALSE
MMRp,Tcd4-Treg-comb,"(60,65]","(0.729,1.46]",62.5,1.09411462930483,1,6,FALSE
MMRp,Tcd8-CXCL13-comb,"(60,65]","(0.729,1.46]",62.5,1.09411462930483,1,6,FALSE
MMRp,CD8-all,"(60,65]","(0.729,1.46]",62.5,1.09411462930483,1,6,FALSE
MMRp,Tplzf-gdlike-comb,"(60,65]","(0.729,1.46]",62.5,1.09411462930483,1,6,FALSE
MMRp,Tcd4-CXCL13,"(60,65]","(1.46,2.19]",62.5,1.82352438217472,1,6,FALSE
MMRp,Tcd8-HOBIT,"(60,65]","(1.46,2.19]",62.5,1.82352438217472,1,6,FALSE
MMRp,CD8-all,"(60,65]","(1.46,2.19]",62.5,1.82352438217472,1,6,FALSE
MMRp,Tcd4-CXCL13,"(60,65]","(2.19,2.92]",62.5,2.55293413504461,1,6,FALSE
MMRp,Tcd8-CXCL13-LAG3,"(60,65]","(2.19,2.92]",62.5,2.55293413504461,2,6,FALSE
MMRp,CD8-all,"(60,65]","(2.19,2.92]",62.5,2.55293413504461,3,6,TRUE
MMRp,Tcd8-CXCL13-comb,"(60,65]","(2.19,2.92]",62.5,2.55293413504461,1,6,FALSE
MMRp,Tcd8-HOBIT,"(60,65]","(2.19,2.92]",62.5,2.55293413504461,1,6,FALSE
MMRp,Myeloid-ISG,"(60,65]","(2.92,3.65]",62.5,3.2823438879145,1,6,FALSE
MMRp,Tcd8-CXCL13-comb,"(60,65]","[0,0.729]",62.5,0.364704876434944,3,6,TRUE
MMRp,Tcd8-GZMK,"(60,65]","[0,0.729]",62.5,0.364704876434944,1,6,FALSE
MMRp,Tplzf-gdlike-comb,"(60,65]","[0,0.729]",62.5,0.364704876434944,2,6,FALSE
MMRp,Myeloid-ISG,"(65,70]","(0.729,1.46]",67.5,1.09411462930483,1,6,FALSE
MMRp,Tcd8-CXCL13-comb,"(65,70]","(0.729,1.46]",67.5,1.09411462930483,1,6,FALSE
MMRp,CD8-all,"(65,70]","(0.729,1.46]",67.5,1.09411462930483,1,6,FALSE
MMRp,Tcd8-HOBIT,"(65,70]","(0.729,1.46]",67.5,1.09411462930483,1,6,FALSE
MMRp,Myeloid-ISG,"(65,70]","(1.46,2.19]",67.5,1.82352438217472,2,6,FALSE
MMRp,Myeloid-noDC-noGran,"(65,70]","(1.46,2.19]",67.5,1.82352438217472,3,6,TRUE
MMRp,Tcd4-Treg-comb,"(65,70]","(1.46,2.19]",67.5,1.82352438217472,2,6,FALSE
MMRp,Tcd8-CXCL13-LAG3,"(65,70]","(1.46,2.19]",67.5,1.82352438217472,1,6,FALSE
MMRp,CD8-all,"(65,70]","(1.46,2.19]",67.5,1.82352438217472,1,6,FALSE
MMRp,Tplzf-gdlike-comb,"(65,70]","(2.19,2.92]",67.5,2.55293413504461,1,6,FALSE
MMRp,Tcd4-Treg-comb,"(65,70]","(3.65,4.38]",67.5,4.01175364078438,1,6,FALSE
MMRp,Tcd8-CXCL13-LAG3,"(65,70]","[0,0.729]",67.5,0.364704876434944,3,6,TRUE
MMRp,Tcd8-CXCL13-comb,"(65,70]","[0,0.729]",67.5,0.364704876434944,2,6,FALSE
MMRp,Tcd8-HOBIT,"(65,70]","[0,0.729]",67.5,0.364704876434944,2,6,FALSE
MMRp,Tplzf-gdlike-comb,"(65,70]","[0,0.729]",67.5,0.364704876434944,2,6,FALSE
MMRp,Myeloid-ISG,"(70,75]","(0.729,1.46]",72.5,1.09411462930483,2,6,FALSE
MMRp,Myeloid-noDC-noGran,"(70,75]","(0.729,1.46]",72.5,1.09411462930483,2,6,FALSE
MMRp,Tcd8-CXCL13-LAG3,"(70,75]","(0.729,1.46]",72.5,1.09411462930483,2,6,FALSE
MMRp,CD8-all,"(70,75]","(0.729,1.46]",72.5,1.09411462930483,2,6,FALSE
MMRp,Tcd4-CXCL13,"(70,75]","(2.19,2.92]",72.5,2.55293413504461,2,6,FALSE
MMRp,Tcd8-CXCL13-LAG3,"(70,75]","(2.19,2.92]",72.5,2.55293413504461,1,6,FALSE
MMRp,CD8-all,"(70,75]","(2.19,2.92]",72.5,2.55293413504461,2,6,FALSE
MMRp,Tplzf-gdlike-comb,"(70,75]","(2.19,2.92]",72.5,2.55293413504461,1,6,FALSE
MMRp,Tcd4-Treg-comb,"(70,75]","[0,0.729]",72.5,0.364704876434944,1,6,FALSE
MMRp,Tcd8-CXCL13-comb,"(70,75]","[0,0.729]",72.5,0.364704876434944,2,6,FALSE
MMRp,Tcd8-HOBIT,"(70,75]","[0,0.729]",72.5,0.364704876434944,4,6,TRUE
MMRp,Tcd4-Treg-comb,"(75,80]","(0.729,1.46]",77.5,1.09411462930483,1,6,FALSE
MMRp,Tcd8-CXCL13-comb,"(75,80]","(0.729,1.46]",77.5,1.09411462930483,1,6,FALSE
MMRp,CD8-all,"(75,80]","(0.729,1.46]",77.5,1.09411462930483,1,6,FALSE
MMRp,Tcd8-CXCL13-LAG3,"(75,80]","(0.729,1.46]",77.5,1.09411462930483,1,6,FALSE
MMRp,Tcd8-HOBIT,"(75,80]","(0.729,1.46]",77.5,1.09411462930483,1,6,FALSE
MMRp,Tcd4-CXCL13,"(75,80]","(1.46,2.19]",77.5,1.82352438217472,1,6,FALSE
MMRp,Tcd4-Treg-comb,"(75,80]","(1.46,2.19]",77.5,1.82352438217472,1,6,FALSE
MMRp,Tcd8-CXCL13-comb,"(75,80]","(1.46,2.19]",77.5,1.82352438217472,1,6,FALSE
MMRp,CD8-all,"(75,80]","(1.46,2.19]",77.5,1.82352438217472,1,6,FALSE
MMRp,Tcd8-GZMK,"(75,80]","(1.46,2.19]",77.5,1.82352438217472,1,6,FALSE
MMRp,Tcd8-HOBIT,"(75,80]","(2.19,2.92]",77.5,2.55293413504461,1,6,FALSE
MMRp,CD8-all,"(75,80]","(2.19,2.92]",77.5,2.55293413504461,1,6,FALSE
MMRp,Tcd4-CXCL13,"(75,80]","[0,0.729]",77.5,0.364704876434944,1,6,FALSE
MMRp,Tcd4-Treg-comb,"(75,80]","[0,0.729]",77.5,0.364704876434944,3,6,TRUE
MMRp,Tcd8-CXCL13-LAG3,"(75,80]","[0,0.729]",77.5,0.364704876434944,3,6,TRUE
MMRp,Tcd8-HOBIT,"(75,80]","[0,0.729]",77.5,0.364704876434944,1,6,FALSE
MMRp,Myeloid-noDC-noGran,"(80,85]","(0.729,1.46]",82.5,1.09411462930483,1,6,FALSE
MMRp,Tcd8-CXCL13-comb,"(80,85]","(0.729,1.46]",82.5,1.09411462930483,2,6,FALSE
MMRp,CD8-all,"(80,85]","(0.729,1.46]",82.5,1.09411462930483,2,6,FALSE
MMRp,Tcd8-CXCL13-LAG3,"(80,85]","(0.729,1.46]",82.5,1.09411462930483,1,6,FALSE
MMRp,Myeloid-ISG,"(80,85]","(1.46,2.19]",82.5,1.82352438217472,2,6,FALSE
MMRp,Myeloid-noDC-noGran,"(80,85]","(1.46,2.19]",82.5,1.82352438217472,3,6,TRUE
MMRp,Tcd4-CXCL13,"(80,85]","(1.46,2.19]",82.5,1.82352438217472,1,6,FALSE
MMRp,Myeloid-ISG,"(80,85]","(2.19,2.92]",82.5,2.55293413504461,2,6,FALSE
MMRp,Myeloid-mregDC,"(80,85]","(2.92,3.65]",82.5,3.2823438879145,1,6,FALSE
MMRp,Tcd4-CXCL13,"(80,85]","[0,0.729]",82.5,0.364704876434944,1,6,FALSE
MMRp,Tcd8-CXCL13-comb,"(80,85]","[0,0.729]",82.5,0.364704876434944,1,6,FALSE
MMRp,Myeloid-ISG,"(85,90]","(1.46,2.19]",87.5,1.82352438217472,2,6,FALSE
MMRp,Tcd8-CXCL13-LAG3,"(85,90]","(2.19,2.92]",87.5,2.55293413504461,1,6,FALSE
MMRp,CD8-all,"(85,90]","(2.19,2.92]",87.5,2.55293413504461,1,6,FALSE
MMRp,Tplzf-gdlike-comb,"(85,90]","(2.19,2.92]",87.5,2.55293413504461,1,6,FALSE
MMRp,Tcd4-Treg-comb,"(85,90]","[0,0.729]",87.5,0.364704876434944,1,6,FALSE
MMRp,Tcd8-CXCL13-LAG3,"(85,90]","[0,0.729]",87.5,0.364704876434944,2,6,FALSE
MMRp,Tcd8-GZMK,"(85,90]","[0,0.729]",87.5,0.364704876434944,1,6,FALSE
MMRp,Tcd8-HOBIT,"(85,90]","[0,0.729]",87.5,0.364704876434944,2,6,FALSE
MMRp,Tcd8-GZMK,"(90,95]","(0.729,1.46]",92.5,1.09411462930483,1,6,FALSE
MMRp,CD8-all,"(90,95]","(0.729,1.46]",92.5,1.09411462930483,1,6,FALSE
MMRp,Myeloid-noDC-noGran,"(90,95]","(1.46,2.19]",92.5,1.82352438217472,3,6,TRUE
MMRp,Tcd4-Treg-comb,"(90,95]","(1.46,2.19]",92.5,1.82352438217472,1,6,FALSE
MMRp,Myeloid-ISG,"(90,95]","[0,0.729]",92.5,0.364704876434944,2,6,FALSE
MMRp,Tcd8-CXCL13-comb,"(90,95]","[0,0.729]",92.5,0.364704876434944,1,6,FALSE
MMRp,Tcd8-CXCL13-LAG3,"(90,95]","[0,0.729]",92.5,0.364704876434944,2,6,FALSE
MMRp,Tcd8-HOBIT,"(90,95]","[0,0.729]",92.5,0.364704876434944,2,6,FALSE
MMRp,Myeloid-ISG,"(95,100]","(0.729,1.46]",97.5,1.09411462930483,1,6,FALSE
MMRp,Myeloid-noDC-noGran,"(95,100]","(0.729,1.46]",97.5,1.09411462930483,2,6,FALSE
MMRp,Myeloid-noDC-noGran,"(95,100]","(1.46,2.19]",97.5,1.82352438217472,1,6,FALSE
MMRp,Tcd4-Treg-comb,"(95,100]","(1.46,2.19]",97.5,1.82352438217472,1,6,FALSE
MMRp,Tcd8-CXCL13-comb,"(95,100]","(1.46,2.19]",97.5,1.82352438217472,1,6,FALSE
MMRp,CD8-all,"(95,100]","(1.46,2.19]",97.5,1.82352438217472,2,6,FALSE
MMRp,Tplzf-gdlike-comb,"(95,100]","[0,0.729]",97.5,0.364704876434944,3,6,TRUE
MMRp,Tcd4-Treg-comb,"[-100,-95]","(1.46,2.19]",-97.5,1.82352438217472,3,6,TRUE
MMRp,Myeloid-mregDC,"[-100,-95]","(2.19,2.92]",-97.5,2.55293413504461,2,6,FALSE
MMRp,Tcd4-Treg-comb,"[-100,-95]","(2.19,2.92]",-97.5,2.55293413504461,2,6,FALSE
MMRp,Tplzf-gdlike-comb,"[-100,-95]","(2.19,2.92]",-97.5,2.55293413504461,2,6,FALSE
MMRp,Tcd4-CXCL13,"[-100,-95]","(3.65,4.38]",-97.5,4.01175364078438,1,6,FALSE
MMRp,Tcd4-CXCL13,"[-100,-95]","[0,0.729]",-97.5,0.364704876434944,3,6,TRUE
MMRp,Tcd8-CXCL13-LAG3,"[-100,-95]","[0,0.729]",-97.5,0.364704876434944,2,6,FALSE
MMRp,Tcd8-GZMK,"[-100,-95]","[0,0.729]",-97.5,0.364704876434944,3,6,TRUE
MMRp,Tcd8-CXCL13-LAG3,"(-10,-5]","(2.19,2.92]",-7.5,2.55293413504461,2,6,FALSE
MMRp,Tcd8-CXCL13-LAG3,"(-15,-10]","(2.92,3.65]",-12.5,3.2823438879145,2,6,FALSE
MMRp,Tplzf-gdlike-comb,"(-20,-15]","(0.729,1.46]",-17.5,1.09411462930483,1,6,FALSE
MMRp,Tcd8-CXCL13-comb,"(-25,-20]","(0.729,1.46]",-22.5,1.09411462930483,2,6,FALSE
MMRp,CD8-all,"(-25,-20]","(0.729,1.46]",-22.5,1.09411462930483,2,6,FALSE
MMRp,Tcd8-HOBIT,"(-25,-20]","(1.46,2.19]",-22.5,1.82352438217472,2,6,FALSE
MMRp,Tcd8-HOBIT,"(-25,-20]","(2.19,2.92]",-22.5,2.55293413504461,2,6,FALSE
MMRp,Tcd8-GZMK,"(-30,-25]","(0.729,1.46]",-27.5,1.09411462930483,3,6,TRUE
MMRp,Tcd8-CXCL13-LAG3,"(-35,-30]","[0,0.729]",-32.5,0.364704876434944,3,6,TRUE
MMRp,Tcd8-CXCL13-LAG3,"(-40,-35]","[0,0.729]",-37.5,0.364704876434944,2,6,FALSE
MMRp,Tcd8-HOBIT,"(-40,-35]","[0,0.729]",-37.5,0.364704876434944,2,6,FALSE
MMRp,Tcd8-GZMK,"(-50,-45]","[0,0.729]",-47.5,0.364704876434944,3,6,TRUE
MMRp,Tplzf-gdlike-comb,"(-55,-50]","[0,0.729]",-52.5,0.364704876434944,2,6,FALSE
MMRp,Myeloid-ISG,"(10,15]","(1.46,2.19]",12.5,1.82352438217472,3,6,TRUE
MMRp,Tcd8-HOBIT,"(20,25]","(0.729,1.46]",22.5,1.09411462930483,1,6,FALSE
MMRp,Myeloid-mregDC,"(25,30]","(1.46,2.19]",27.5,1.82352438217472,2,6,FALSE
MMRp,Tcd8-CXCL13-LAG3,"(25,30]","(1.46,2.19]",27.5,1.82352438217472,1,6,FALSE
MMRp,Tcd8-CXCL13-comb,"(30,35]","(2.19,2.92]",32.5,2.55293413504461,1,6,FALSE
MMRp,Tcd8-CXCL13-comb,"(40,45]","(0.729,1.46]",42.5,1.09411462930483,1,6,FALSE
MMRp,Tplzf-gdlike-comb,"(40,45]","(0.729,1.46]",42.5,1.09411462930483,1,6,FALSE
MMRp,Tcd4-CXCL13,"(40,45]","[0,0.729]",42.5,0.364704876434944,1,6,FALSE
MMRp,Tcd4-CXCL13,"(45,50]","(2.19,2.92]",47.5,2.55293413504461,1,6,FALSE
MMRp,Tcd8-HOBIT,"(45,50]","[0,0.729]",47.5,0.364704876434944,1,6,FALSE
MMRp,Tplzf-gdlike-comb,"(50,55]","(1.46,2.19]",52.5,1.82352438217472,1,6,FALSE
MMRp,Tplzf-gdlike-comb,"(50,55]","(2.19,2.92]",52.5,2.55293413504461,1,6,FALSE
MMRp,Tcd8-CXCL13-LAG3,"(55,60]","(2.92,3.65]",57.5,3.2823438879145,1,6,FALSE
MMRp,Tcd4-Treg-comb,"(70,75]","(0.729,1.46]",72.5,1.09411462930483,1,6,FALSE
MMRp,Tcd8-HOBIT,"(70,75]","(2.19,2.92]",72.5,2.55293413504461,1,6,FALSE
MMRp,Tcd8-GZMK,"(70,75]","[0,0.729]",72.5,0.364704876434944,1,6,FALSE
MMRp,Tplzf-gdlike-comb,"(75,80]","(2.19,2.92]",77.5,2.55293413504461,1,6,FALSE
MMRp,Myeloid-noDC-noGran,"(75,80]","(2.92,3.65]",77.5,3.2823438879145,1,6,FALSE
MMRp,Tcd8-CXCL13-comb,"(75,80]","[0,0.729]",77.5,0.364704876434944,1,6,FALSE
MMRp,Myeloid-mregDC,"(80,85]","[0,0.729]",82.5,0.364704876434944,2,6,FALSE
MMRp,Tcd8-GZMK,"(80,85]","[0,0.729]",82.5,0.364704876434944,1,6,FALSE
MMRp,Tcd8-HOBIT,"(80,85]","[0,0.729]",82.5,0.364704876434944,2,6,FALSE
MMRp,Myeloid-mregDC,"(85,90]","[0,0.729]",87.5,0.364704876434944,1,6,FALSE
MMRp,Tcd8-CXCL13-LAG3,"(95,100]","(1.46,2.19]",97.5,1.82352438217472,1,6,FALSE
MMRp,Myeloid-ISG,"(95,100]","(2.19,2.92]",97.5,2.55293413504461,1,6,FALSE
MMRp,Myeloid-mregDC,"(95,100]","[0,0.729]",97.5,0.364704876434944,1,6,FALSE
MMRp,Tcd8-CXCL13-comb,"(95,100]","[0,0.729]",97.5,0.364704876434944,1,6,FALSE
MMRp,Tcd8-CXCL13-comb,"(-15,-10]","(4.38,5.11]",-12.5,4.74116339365427,2,6,FALSE
MMRp,Tcd8-CXCL13-LAG3,"(-25,-20]","(1.46,2.19]",-22.5,1.82352438217472,2,6,FALSE
MMRp,Tcd8-GZMK,"(-25,-20]","(2.92,3.65]",-22.5,3.2823438879145,2,6,FALSE
MMRp,Tcd4-CXCL13,"(-25,-20]","(4.38,5.11]",-22.5,4.74116339365427,2,6,FALSE
MMRp,Tplzf-gdlike-comb,"(-30,-25]","(2.19,2.92]",-27.5,2.55293413504461,2,6,FALSE
MMRp,Tcd8-CXCL13-comb,"(-30,-25]","(4.38,5.11]",-27.5,4.74116339365427,2,6,FALSE
MMRp,CD8-all,"(-30,-25]","(4.38,5.11]",-27.5,4.74116339365427,2,6,FALSE
MMRp,Tcd8-HOBIT,"(-30,-25]","(4.38,5.11]",-27.5,4.74116339365427,1,6,FALSE
MMRp,Myeloid-mregDC,"(-30,-25]","(5.11,5.84]",-27.5,5.47057314652416,2,6,FALSE
MMRp,Tcd8-HOBIT,"(-30,-25]","(5.11,5.84]",-27.5,5.47057314652416,1,6,FALSE
MMRp,CD8-all,"(-30,-25]","(5.11,5.84]",-27.5,5.47057314652416,2,6,FALSE
MMRp,Myeloid-mregDC,"(-35,-30]","(0.729,1.46]",-32.5,1.09411462930483,2,6,FALSE
MMRp,Tcd8-CXCL13-comb,"(-35,-30]","(0.729,1.46]",-32.5,1.09411462930483,2,6,FALSE
MMRp,CD8-all,"(-35,-30]","(0.729,1.46]",-32.5,1.09411462930483,2,6,FALSE
MMRp,Tcd8-CXCL13-comb,"(-35,-30]","(1.46,2.19]",-32.5,1.82352438217472,2,6,FALSE
MMRp,Tcd4-CXCL13,"(-35,-30]","(5.11,5.84]",-32.5,5.47057314652416,2,6,FALSE
MMRp,Myeloid-mregDC,"(-40,-35]","(0.729,1.46]",-37.5,1.09411462930483,2,6,FALSE
MMRp,Tcd8-HOBIT,"(-40,-35]","(0.729,1.46]",-37.5,1.09411462930483,2,6,FALSE
MMRp,CD8-all,"(-40,-35]","(0.729,1.46]",-37.5,1.09411462930483,2,6,FALSE
MMRp,Tcd8-HOBIT,"(-40,-35]","(1.46,2.19]",-37.5,1.82352438217472,2,6,FALSE
MMRp,Myeloid-mregDC,"(-45,-40]","(0.729,1.46]",-42.5,1.09411462930483,2,6,FALSE
MMRp,Tcd8-CXCL13-comb,"(-45,-40]","(0.729,1.46]",-42.5,1.09411462930483,1,6,FALSE
MMRp,CD8-all,"(-45,-40]","(0.729,1.46]",-42.5,1.09411462930483,2,6,FALSE
MMRp,Tcd8-GZMK,"(-45,-40]","(0.729,1.46]",-42.5,1.09411462930483,2,6,FALSE
MMRp,Tplzf-gdlike-comb,"(-45,-40]","(0.729,1.46]",-42.5,1.09411462930483,1,6,FALSE
MMRp,Tcd4-CXCL13,"(-50,-45]","(1.46,2.19]",-47.5,1.82352438217472,2,6,FALSE
MMRp,Tcd8-GZMK,"(-50,-45]","(2.19,2.92]",-47.5,2.55293413504461,2,6,FALSE
MMRp,Tcd8-HOBIT,"(-50,-45]","(4.38,5.11]",-47.5,4.74116339365427,1,6,FALSE
MMRp,CD8-all,"(-50,-45]","(4.38,5.11]",-47.5,4.74116339365427,2,6,FALSE
MMRp,Myeloid-mregDC,"(-55,-50]","(4.38,5.11]",-52.5,4.74116339365427,2,6,FALSE
MMRp,Myeloid-mregDC,"(-55,-50]","(5.11,5.84]",-52.5,5.47057314652416,1,6,FALSE
MMRp,Myeloid-ISG,"(-55,-50]","(5.11,5.84]",-52.5,5.47057314652416,2,6,FALSE
MMRp,Myeloid-noDC-noGran,"(-55,-50]","(5.11,5.84]",-52.5,5.47057314652416,2,6,FALSE
MMRp,Tcd8-CXCL13-comb,"(-55,-50]","(5.11,5.84]",-52.5,5.47057314652416,2,6,FALSE
MMRp,CD8-all,"(-55,-50]","(5.11,5.84]",-52.5,5.47057314652416,2,6,FALSE
MMRp,Tcd8-CXCL13-comb,"(-60,-55]","(1.46,2.19]",-57.5,1.82352438217472,2,6,FALSE
MMRp,Tcd4-CXCL13,"(-60,-55]","(3.65,4.38]",-57.5,4.01175364078438,2,6,FALSE
MMRp,Myeloid-ISG,"(-60,-55]","(5.11,5.84]",-57.5,5.47057314652416,2,6,FALSE
MMRp,Myeloid-noDC-noGran,"(-60,-55]","(5.11,5.84]",-57.5,5.47057314652416,2,6,FALSE
MMRp,Tcd8-CXCL13-comb,"(-60,-55]","(5.11,5.84]",-57.5,5.47057314652416,1,6,FALSE
MMRp,CD8-all,"(-60,-55]","(5.11,5.84]",-57.5,5.47057314652416,1,6,FALSE
MMRp,Tplzf-gdlike-comb,"(-60,-55]","[0,0.729]",-57.5,0.364704876434944,2,6,FALSE
MMRp,Tcd8-GZMK,"(-65,-60]","(4.38,5.11]",-62.5,4.74116339365427,1,6,FALSE
MMRp,CD8-all,"(-65,-60]","(4.38,5.11]",-62.5,4.74116339365427,1,6,FALSE
MMRp,Myeloid-mregDC,"(-70,-65]","(0.729,1.46]",-67.5,1.09411462930483,1,6,FALSE
MMRp,Tcd4-Treg-comb,"(-70,-65]","(0.729,1.46]",-67.5,1.09411462930483,2,6,FALSE
MMRp,Myeloid-mregDC,"(-75,-70]","(0.729,1.46]",-72.5,1.09411462930483,1,6,FALSE
MMRp,Tcd8-GZMK,"(-75,-70]","(0.729,1.46]",-72.5,1.09411462930483,1,6,FALSE
MMRp,CD8-all,"(-75,-70]","(0.729,1.46]",-72.5,1.09411462930483,1,6,FALSE
MMRp,Tcd8-CXCL13-comb,"(-75,-70]","(1.46,2.19]",-72.5,1.82352438217472,2,6,FALSE
MMRp,Tcd4-CXCL13,"(-75,-70]","[0,0.729]",-72.5,0.364704876434944,2,6,FALSE
MMRp,Tcd8-CXCL13-comb,"(-90,-85]","(0.729,1.46]",-87.5,1.09411462930483,1,6,FALSE
MMRp,CD8-all,"(-90,-85]","(0.729,1.46]",-87.5,1.09411462930483,1,6,FALSE
MMRp,Tcd8-GZMK,"(-90,-85]","(1.46,2.19]",-87.5,1.82352438217472,2,6,FALSE
MMRp,CD8-all,"(-90,-85]","(1.46,2.19]",-87.5,1.82352438217472,2,6,FALSE
MMRp,Tcd8-HOBIT,"(-90,-85]","(2.19,2.92]",-87.5,2.55293413504461,2,6,FALSE
MMRp,Tcd8-CXCL13-LAG3,"(-90,-85]","[0,0.729]",-87.5,0.364704876434944,2,6,FALSE
MMRp,Tcd8-GZMK,"(-90,-85]","[0,0.729]",-87.5,0.364704876434944,2,6,FALSE
MMRp,Tcd8-HOBIT,"(-90,-85]","[0,0.729]",-87.5,0.364704876434944,2,6,FALSE
MMRp,Tplzf-gdlike-comb,"(-90,-85]","[0,0.729]",-87.5,0.364704876434944,2,6,FALSE
MMRp,Myeloid-noDC-noGran,"(-95,-90]","(0.729,1.46]",-92.5,1.09411462930483,2,6,FALSE
MMRp,Tcd8-GZMK,"(0,5]","(2.19,2.92]",2.5,2.55293413504461,2,6,FALSE
MMRp,Tcd4-CXCL13,"(25,30]","[0,0.729]",27.5,0.364704876434944,2,6,FALSE
MMRp,Myeloid-ISG,"(35,40]","(0.729,1.46]",37.5,1.09411462930483,2,6,FALSE
MMRp,Tcd8-CXCL13-comb,"(35,40]","(2.92,3.65]",37.5,3.2823438879145,1,6,FALSE
MMRp,Myeloid-ISG,"(45,50]","(0.729,1.46]",47.5,1.09411462930483,1,6,FALSE
MMRp,Tcd4-Treg-comb,"(55,60]","(2.19,2.92]",57.5,2.55293413504461,1,6,FALSE
MMRp,Myeloid-ISG,"(60,65]","(1.46,2.19]",62.5,1.82352438217472,2,6,FALSE
MMRp,Tplzf-gdlike-comb,"(60,65]","(1.46,2.19]",62.5,1.82352438217472,1,6,FALSE
MMRp,Myeloid-ISG,"(60,65]","(2.19,2.92]",62.5,2.55293413504461,1,6,FALSE
MMRp,Myeloid-mregDC,"(60,65]","(2.92,3.65]",62.5,3.2823438879145,1,6,FALSE
MMRp,Myeloid-ISG,"(65,70]","(2.19,2.92]",67.5,2.55293413504461,1,6,FALSE
MMRp,Tplzf-gdlike-comb,"(70,75]","[0,0.729]",72.5,0.364704876434944,1,6,FALSE
MMRp,Myeloid-ISG,"(75,80]","(2.19,2.92]",77.5,2.55293413504461,1,6,FALSE
MMRp,Myeloid-mregDC,"(75,80]","[0,0.729]",77.5,0.364704876434944,2,6,FALSE
MMRp,Tplzf-gdlike-comb,"(80,85]","[0,0.729]",82.5,0.364704876434944,1,6,FALSE
MMRp,Tcd8-CXCL13-LAG3,"(85,90]","(1.46,2.19]",87.5,1.82352438217472,1,6,FALSE
MMRp,CD8-all,"(85,90]","(1.46,2.19]",87.5,1.82352438217472,1,6,FALSE
MMRp,Myeloid-noDC-noGran,"(85,90]","(2.19,2.92]",87.5,2.55293413504461,1,6,FALSE
MMRp,Tcd8-CXCL13-LAG3,"(90,95]","(1.46,2.19]",92.5,1.82352438217472,1,6,FALSE
MMRp,CD8-all,"(90,95]","(1.46,2.19]",92.5,1.82352438217472,1,6,FALSE
MMRp,Tplzf-gdlike-comb,"(90,95]","(1.46,2.19]",92.5,1.82352438217472,1,6,FALSE
MMRp,Myeloid-ISG,"(90,95]","(2.19,2.92]",92.5,2.55293413504461,1,6,FALSE
MMRp,Myeloid-noDC-noGran,"(90,95]","(2.19,2.92]",92.5,2.55293413504461,1,6,FALSE
MMRp,Tcd4-Treg-comb,"(90,95]","(2.92,3.65]",92.5,3.2823438879145,1,6,FALSE
MMRp,Tplzf-gdlike-comb,"(90,95]","[0,0.729]",92.5,0.364704876434944,1,6,FALSE
MMRp,Tplzf-gdlike-comb,"(95,100]","(1.46,2.19]",97.5,1.82352438217472,1,6,FALSE
MMRp,Tcd8-CXCL13-LAG3,"(95,100]","[0,0.729]",97.5,0.364704876434944,1,6,FALSE
MMRp,Myeloid-mregDC,"[-100,-95]","(1.46,2.19]",-97.5,1.82352438217472,1,6,FALSE
MMRp,Tcd8-GZMK,"[-100,-95]","(2.19,2.92]",-97.5,2.55293413504461,2,6,FALSE
MMRp,CD8-all,"[-100,-95]","(2.19,2.92]",-97.5,2.55293413504461,2,6,FALSE
MMRp,Tcd8-GZMK,"[-100,-95]","(2.92,3.65]",-97.5,3.2823438879145,2,6,FALSE
MMRp,Tcd8-HOBIT,"[-100,-95]","[0,0.729]",-97.5,0.364704876434944,2,6,FALSE
MMRp,Tcd4-Treg-comb,"(-10,-5]","(5.11,5.84]",-7.5,5.47057314652416,1,6,FALSE
MMRp,Tcd8-CXCL13-comb,"(-10,-5]","(5.11,5.84]",-7.5,5.47057314652416,1,6,FALSE
MMRp,Tcd8-GZMK,"(-15,-10]","(0.729,1.46]",-12.5,1.09411462930483,1,6,FALSE
MMRp,Tcd8-CXCL13-LAG3,"(-15,-10]","(1.46,2.19]",-12.5,1.82352438217472,1,6,FALSE
MMRp,Tplzf-gdlike-comb,"(-15,-10]","(5.11,5.84]",-12.5,5.47057314652416,1,6,FALSE
MMRp,Tcd8-GZMK,"(-20,-15]","(0.729,1.46]",-17.5,1.09411462930483,1,6,FALSE
MMRp,Tcd8-HOBIT,"(-20,-15]","(0.729,1.46]",-17.5,1.09411462930483,1,6,FALSE
MMRp,Tplzf-gdlike-comb,"(-20,-15]","(3.65,4.38]",-17.5,4.01175364078438,1,6,FALSE
MMRp,Tcd8-CXCL13-LAG3,"(-20,-15]","(4.38,5.11]",-17.5,4.74116339365427,1,6,FALSE
MMRp,Tcd8-CXCL13-comb,"(-20,-15]","(4.38,5.11]",-17.5,4.74116339365427,1,6,FALSE
MMRp,Tcd4-Treg-comb,"(-20,-15]","(5.11,5.84]",-17.5,5.47057314652416,1,6,FALSE
MMRp,Tcd8-CXCL13-LAG3,"(-20,-15]","[0,0.729]",-17.5,0.364704876434944,1,6,FALSE
MMRp,Tcd8-GZMK,"(-25,-20]","(0.729,1.46]",-22.5,1.09411462930483,1,6,FALSE
MMRp,Tcd8-HOBIT,"(-25,-20]","(0.729,1.46]",-22.5,1.09411462930483,1,6,FALSE
MMRp,Tcd8-CXCL13-LAG3,"(-25,-20]","(2.19,2.92]",-22.5,2.55293413504461,1,6,FALSE
MMRp,Tcd8-CXCL13-comb,"(-25,-20]","(4.38,5.11]",-22.5,4.74116339365427,1,6,FALSE
MMRp,CD8-all,"(-25,-20]","(4.38,5.11]",-22.5,4.74116339365427,1,6,FALSE
MMRp,Tcd8-GZMK,"(-25,-20]","(4.38,5.11]",-22.5,4.74116339365427,1,6,FALSE
MMRp,Tcd8-HOBIT,"(-25,-20]","(4.38,5.11]",-22.5,4.74116339365427,1,6,FALSE
MMRp,Tcd4-Treg-comb,"(-25,-20]","(5.11,5.84]",-22.5,5.47057314652416,1,6,FALSE
MMRp,Tcd8-GZMK,"(-25,-20]","(5.11,5.84]",-22.5,5.47057314652416,1,6,FALSE
MMRp,CD8-all,"(-25,-20]","(5.11,5.84]",-22.5,5.47057314652416,1,6,FALSE
MMRp,Tcd4-CXCL13,"(-30,-25]","(0.729,1.46]",-27.5,1.09411462930483,1,6,FALSE
MMRp,Tcd8-CXCL13-comb,"(-30,-25]","(0.729,1.46]",-27.5,1.09411462930483,1,6,FALSE
MMRp,Tcd8-CXCL13-LAG3,"(-30,-25]","(0.729,1.46]",-27.5,1.09411462930483,1,6,FALSE
MMRp,Tplzf-gdlike-comb,"(-30,-25]","(0.729,1.46]",-27.5,1.09411462930483,1,6,FALSE
MMRp,Tcd8-CXCL13-LAG3,"(-30,-25]","(1.46,2.19]",-27.5,1.82352438217472,1,6,FALSE
MMRp,Tcd8-CXCL13-LAG3,"(-30,-25]","(2.19,2.92]",-27.5,2.55293413504461,1,6,FALSE
MMRp,Tcd8-GZMK,"(-30,-25]","(3.65,4.38]",-27.5,4.01175364078438,1,6,FALSE
MMRp,Tcd8-GZMK,"(-30,-25]","(4.38,5.11]",-27.5,4.74116339365427,1,6,FALSE
MMRp,Tplzf-gdlike-comb,"(-30,-25]","(4.38,5.11]",-27.5,4.74116339365427,1,6,FALSE
MMRp,Tcd4-CXCL13,"(-30,-25]","(5.11,5.84]",-27.5,5.47057314652416,1,6,FALSE
MMRp,Tcd4-Treg-comb,"(-30,-25]","(5.11,5.84]",-27.5,5.47057314652416,1,6,FALSE
MMRp,Tcd8-CXCL13-comb,"(-30,-25]","(5.11,5.84]",-27.5,5.47057314652416,1,6,FALSE
MMRp,Tcd8-CXCL13-LAG3,"(-30,-25]","[0,0.729]",-27.5,0.364704876434944,1,6,FALSE
MMRp,Tcd8-GZMK,"(-35,-30]","(0.729,1.46]",-32.5,1.09411462930483,1,6,FALSE
MMRp,Tplzf-gdlike-comb,"(-35,-30]","(0.729,1.46]",-32.5,1.09411462930483,1,6,FALSE
MMRp,Tcd8-CXCL13-LAG3,"(-35,-30]","(1.46,2.19]",-32.5,1.82352438217472,1,6,FALSE
MMRp,Tplzf-gdlike-comb,"(-35,-30]","(1.46,2.19]",-32.5,1.82352438217472,1,6,FALSE
MMRp,Tcd8-CXCL13-LAG3,"(-35,-30]","(2.92,3.65]",-32.5,3.2823438879145,1,6,FALSE
MMRp,Tcd8-GZMK,"(-35,-30]","(3.65,4.38]",-32.5,4.01175364078438,1,6,FALSE
MMRp,Tcd8-CXCL13-comb,"(-35,-30]","(4.38,5.11]",-32.5,4.74116339365427,1,6,FALSE
MMRp,Tcd4-Treg-comb,"(-35,-30]","(5.11,5.84]",-32.5,5.47057314652416,1,6,FALSE
MMRp,Tcd8-CXCL13-comb,"(-35,-30]","(5.11,5.84]",-32.5,5.47057314652416,1,6,FALSE
MMRp,CD8-all,"(-35,-30]","(5.11,5.84]",-32.5,5.47057314652416,1,6,FALSE
MMRp,Tcd4-CXCL13,"(-40,-35]","(0.729,1.46]",-37.5,1.09411462930483,1,6,FALSE
MMRp,Tcd8-CXCL13-LAG3,"(-40,-35]","(1.46,2.19]",-37.5,1.82352438217472,1,6,FALSE
MMRp,Tcd8-GZMK,"(-40,-35]","(1.46,2.19]",-37.5,1.82352438217472,1,6,FALSE
MMRp,Tplzf-gdlike-comb,"(-40,-35]","(1.46,2.19]",-37.5,1.82352438217472,1,6,FALSE
MMRp,Tcd8-HOBIT,"(-40,-35]","(2.19,2.92]",-37.5,2.55293413504461,1,6,FALSE
MMRp,Tcd8-CXCL13-comb,"(-40,-35]","(4.38,5.11]",-37.5,4.74116339365427,1,6,FALSE
MMRp,CD8-all,"(-40,-35]","(4.38,5.11]",-37.5,4.74116339365427,1,6,FALSE
MMRp,Tcd8-CXCL13-LAG3,"(-40,-35]","(4.38,5.11]",-37.5,4.74116339365427,1,6,FALSE
MMRp,Tcd8-GZMK,"(-40,-35]","(4.38,5.11]",-37.5,4.74116339365427,1,6,FALSE
MMRp,Myeloid-mregDC,"(-40,-35]","(5.11,5.84]",-37.5,5.47057314652416,1,6,FALSE
MMRp,Tcd4-CXCL13,"(-40,-35]","(5.11,5.84]",-37.5,5.47057314652416,1,6,FALSE
MMRp,Tcd4-Treg-comb,"(-40,-35]","(5.11,5.84]",-37.5,5.47057314652416,1,6,FALSE
MMRp,Tcd8-CXCL13-LAG3,"(-40,-35]","(5.11,5.84]",-37.5,5.47057314652416,1,6,FALSE
MMRp,CD8-all,"(-40,-35]","(5.11,5.84]",-37.5,5.47057314652416,1,6,FALSE
MMRp,Tcd4-CXCL13,"(-45,-40]","(0.729,1.46]",-42.5,1.09411462930483,1,6,FALSE
MMRp,Tcd8-CXCL13-comb,"(-45,-40]","(1.46,2.19]",-42.5,1.82352438217472,1,6,FALSE
MMRp,Tcd8-HOBIT,"(-45,-40]","(1.46,2.19]",-42.5,1.82352438217472,1,6,FALSE
MMRp,Tplzf-gdlike-comb,"(-45,-40]","(2.19,2.92]",-42.5,2.55293413504461,1,6,FALSE
MMRp,Tcd8-CXCL13-LAG3,"(-45,-40]","(2.92,3.65]",-42.5,3.2823438879145,1,6,FALSE
MMRp,Tcd4-CXCL13,"(-45,-40]","(3.65,4.38]",-42.5,4.01175364078438,1,6,FALSE
MMRp,Tcd8-GZMK,"(-45,-40]","(4.38,5.11]",-42.5,4.74116339365427,1,6,FALSE
MMRp,CD8-all,"(-45,-40]","(4.38,5.11]",-42.5,4.74116339365427,1,6,FALSE
MMRp,Myeloid-ISG,"(-45,-40]","(5.11,5.84]",-42.5,5.47057314652416,1,6,FALSE
MMRp,Myeloid-noDC-noGran,"(-45,-40]","(5.11,5.84]",-42.5,5.47057314652416,1,6,FALSE
MMRp,Tcd4-Treg-comb,"(-45,-40]","(5.11,5.84]",-42.5,5.47057314652416,1,6,FALSE
MMRp,Tcd8-CXCL13-comb,"(-45,-40]","(5.11,5.84]",-42.5,5.47057314652416,1,6,FALSE
MMRp,CD8-all,"(-45,-40]","(5.11,5.84]",-42.5,5.47057314652416,1,6,FALSE
MMRp,Tcd8-HOBIT,"(-45,-40]","(5.11,5.84]",-42.5,5.47057314652416,1,6,FALSE
MMRp,Tcd8-GZMK,"(-5,0]","(4.38,5.11]",-2.5,4.74116339365427,1,6,FALSE
MMRp,Tcd4-Treg-comb,"(-5,0]","(5.11,5.84]",-2.5,5.47057314652416,1,6,FALSE
MMRp,Tcd4-CXCL13,"(-50,-45]","(0.729,1.46]",-47.5,1.09411462930483,1,6,FALSE
MMRp,Tcd8-GZMK,"(-50,-45]","(0.729,1.46]",-47.5,1.09411462930483,1,6,FALSE
MMRp,CD8-all,"(-50,-45]","(0.729,1.46]",-47.5,1.09411462930483,1,6,FALSE
MMRp,Tplzf-gdlike-comb,"(-50,-45]","(0.729,1.46]",-47.5,1.09411462930483,1,6,FALSE
MMRp,Tcd8-CXCL13-LAG3,"(-50,-45]","(1.46,2.19]",-47.5,1.82352438217472,1,6,FALSE
MMRp,Tcd8-CXCL13-LAG3,"(-50,-45]","(2.19,2.92]",-47.5,2.55293413504461,1,6,FALSE
MMRp,Tcd8-HOBIT,"(-50,-45]","(2.19,2.92]",-47.5,2.55293413504461,1,6,FALSE
MMRp,Tcd8-CXCL13-LAG3,"(-50,-45]","(2.92,3.65]",-47.5,3.2823438879145,1,6,FALSE
MMRp,Tcd8-CXCL13-comb,"(-50,-45]","(3.65,4.38]",-47.5,4.01175364078438,1,6,FALSE
MMRp,Tcd8-CXCL13-LAG3,"(-50,-45]","(3.65,4.38]",-47.5,4.01175364078438,1,6,FALSE
MMRp,Tcd4-Treg-comb,"(-50,-45]","(4.38,5.11]",-47.5,4.74116339365427,1,6,FALSE
MMRp,Tcd8-CXCL13-comb,"(-50,-45]","(4.38,5.11]",-47.5,4.74116339365427,1,6,FALSE
MMRp,Tcd8-GZMK,"(-50,-45]","(4.38,5.11]",-47.5,4.74116339365427,1,6,FALSE
MMRp,Myeloid-ISG,"(-50,-45]","(5.11,5.84]",-47.5,5.47057314652416,1,6,FALSE
MMRp,Myeloid-noDC-noGran,"(-50,-45]","(5.11,5.84]",-47.5,5.47057314652416,1,6,FALSE
MMRp,Tcd4-Treg-comb,"(-50,-45]","(5.11,5.84]",-47.5,5.47057314652416,1,6,FALSE
MMRp,Myeloid-mregDC,"(-55,-50]","(0.729,1.46]",-52.5,1.09411462930483,1,6,FALSE
MMRp,Tcd8-CXCL13-comb,"(-55,-50]","(0.729,1.46]",-52.5,1.09411462930483,1,6,FALSE
MMRp,CD8-all,"(-55,-50]","(0.729,1.46]",-52.5,1.09411462930483,1,6,FALSE
MMRp,Tcd4-CXCL13,"(-55,-50]","(1.46,2.19]",-52.5,1.82352438217472,1,6,FALSE
MMRp,Tcd8-CXCL13-LAG3,"(-55,-50]","(1.46,2.19]",-52.5,1.82352438217472,1,6,FALSE
MMRp,Tcd8-HOBIT,"(-55,-50]","(1.46,2.19]",-52.5,1.82352438217472,1,6,FALSE
MMRp,Tplzf-gdlike-comb,"(-55,-50]","(1.46,2.19]",-52.5,1.82352438217472,1,6,FALSE
MMRp,Tcd8-CXCL13-LAG3,"(-55,-50]","(2.19,2.92]",-52.5,2.55293413504461,1,6,FALSE
MMRp,Tcd8-GZMK,"(-55,-50]","(2.92,3.65]",-52.5,3.2823438879145,1,6,FALSE
MMRp,Tcd8-GZMK,"(-55,-50]","(3.65,4.38]",-52.5,4.01175364078438,1,6,FALSE
MMRp,Tcd4-CXCL13,"(-55,-50]","(4.38,5.11]",-52.5,4.74116339365427,1,6,FALSE
MMRp,Tcd8-CXCL13-comb,"(-60,-55]","(0.729,1.46]",-57.5,1.09411462930483,1,6,FALSE
MMRp,CD8-all,"(-60,-55]","(0.729,1.46]",-57.5,1.09411462930483,1,6,FALSE
MMRp,Tcd8-GZMK,"(-60,-55]","(0.729,1.46]",-57.5,1.09411462930483,1,6,FALSE
MMRp,Tcd8-CXCL13-LAG3,"(-60,-55]","(1.46,2.19]",-57.5,1.82352438217472,1,6,FALSE
MMRp,Tplzf-gdlike-comb,"(-60,-55]","(1.46,2.19]",-57.5,1.82352438217472,1,6,FALSE
MMRp,Tcd8-CXCL13-LAG3,"(-60,-55]","(2.19,2.92]",-57.5,2.55293413504461,1,6,FALSE
MMRp,Tcd8-HOBIT,"(-60,-55]","(2.19,2.92]",-57.5,2.55293413504461,1,6,FALSE
MMRp,Tcd4-CXCL13,"(-60,-55]","(2.92,3.65]",-57.5,3.2823438879145,1,6,FALSE
MMRp,Tcd8-CXCL13-LAG3,"(-60,-55]","(2.92,3.65]",-57.5,3.2823438879145,1,6,FALSE
MMRp,Tcd8-HOBIT,"(-60,-55]","(2.92,3.65]",-57.5,3.2823438879145,1,6,FALSE
MMRp,Tcd8-CXCL13-comb,"(-60,-55]","(3.65,4.38]",-57.5,4.01175364078438,1,6,FALSE
MMRp,CD8-all,"(-60,-55]","(3.65,4.38]",-57.5,4.01175364078438,1,6,FALSE
MMRp,Tcd8-GZMK,"(-60,-55]","(3.65,4.38]",-57.5,4.01175364078438,1,6,FALSE
MMRp,Tcd8-HOBIT,"(-60,-55]","(3.65,4.38]",-57.5,4.01175364078438,1,6,FALSE
MMRp,Tplzf-gdlike-comb,"(-60,-55]","(3.65,4.38]",-57.5,4.01175364078438,1,6,FALSE
MMRp,Myeloid-mregDC,"(-60,-55]","(4.38,5.11]",-57.5,4.74116339365427,1,6,FALSE
MMRp,Tcd8-CXCL13-comb,"(-60,-55]","(4.38,5.11]",-57.5,4.74116339365427,1,6,FALSE
MMRp,CD8-all,"(-60,-55]","(4.38,5.11]",-57.5,4.74116339365427,1,6,FALSE
MMRp,Tcd4-CXCL13,"(-60,-55]","(5.11,5.84]",-57.5,5.47057314652416,1,6,FALSE
MMRp,Tcd4-Treg-comb,"(-60,-55]","(5.11,5.84]",-57.5,5.47057314652416,1,6,FALSE
MMRp,Tplzf-gdlike-comb,"(-60,-55]","(5.11,5.84]",-57.5,5.47057314652416,1,6,FALSE
MMRp,Myeloid-ISG,"(-60,-55]","(6.56,7.29]",-57.5,6.92939265226394,1,6,FALSE
MMRp,Myeloid-noDC-noGran,"(-60,-55]","(6.56,7.29]",-57.5,6.92939265226394,1,6,FALSE
MMRp,Tcd8-CXCL13-LAG3,"(-60,-55]","[0,0.729]",-57.5,0.364704876434944,1,6,FALSE
MMRp,Tcd4-CXCL13,"(-65,-60]","(1.46,2.19]",-62.5,1.82352438217472,1,6,FALSE
MMRp,Tcd8-HOBIT,"(-65,-60]","(1.46,2.19]",-62.5,1.82352438217472,1,6,FALSE
MMRp,Tcd8-CXCL13-LAG3,"(-65,-60]","(2.19,2.92]",-62.5,2.55293413504461,1,6,FALSE
MMRp,CD8-all,"(-65,-60]","(2.19,2.92]",-62.5,2.55293413504461,1,6,FALSE
MMRp,Tcd8-CXCL13-comb,"(-65,-60]","(2.19,2.92]",-62.5,2.55293413504461,1,6,FALSE
MMRp,Tcd8-HOBIT,"(-65,-60]","(2.19,2.92]",-62.5,2.55293413504461,1,6,FALSE
MMRp,Tcd8-CXCL13-comb,"(-65,-60]","(2.92,3.65]",-62.5,3.2823438879145,1,6,FALSE
MMRp,Tcd8-GZMK,"(-65,-60]","(2.92,3.65]",-62.5,3.2823438879145,1,6,FALSE
MMRp,Tcd4-CXCL13,"(-65,-60]","(3.65,4.38]",-62.5,4.01175364078438,1,6,FALSE
MMRp,Tcd8-GZMK,"(-65,-60]","(3.65,4.38]",-62.5,4.01175364078438,1,6,FALSE
MMRp,Myeloid-mregDC,"(-65,-60]","(4.38,5.11]",-62.5,4.74116339365427,1,6,FALSE
MMRp,Tcd4-Treg-comb,"(-65,-60]","(4.38,5.11]",-62.5,4.74116339365427,1,6,FALSE
MMRp,Myeloid-mregDC,"(-65,-60]","(5.11,5.84]",-62.5,5.47057314652416,1,6,FALSE
MMRp,Tcd4-CXCL13,"(-65,-60]","(5.11,5.84]",-62.5,5.47057314652416,1,6,FALSE
MMRp,Tcd8-HOBIT,"(-65,-60]","[0,0.729]",-62.5,0.364704876434944,1,6,FALSE
MMRp,Tcd8-HOBIT,"(-70,-65]","(0.729,1.46]",-67.5,1.09411462930483,1,6,FALSE
MMRp,CD8-all,"(-70,-65]","(0.729,1.46]",-67.5,1.09411462930483,1,6,FALSE
MMRp,Tcd4-CXCL13,"(-70,-65]","(1.46,2.19]",-67.5,1.82352438217472,1,6,FALSE
MMRp,Tcd8-GZMK,"(-70,-65]","(1.46,2.19]",-67.5,1.82352438217472,1,6,FALSE
MMRp,Tcd8-HOBIT,"(-70,-65]","(1.46,2.19]",-67.5,1.82352438217472,1,6,FALSE
MMRp,Tplzf-gdlike-comb,"(-70,-65]","(1.46,2.19]",-67.5,1.82352438217472,1,6,FALSE
MMRp,Tcd8-HOBIT,"(-70,-65]","(2.19,2.92]",-67.5,2.55293413504461,1,6,FALSE
MMRp,Tcd8-GZMK,"(-70,-65]","(2.92,3.65]",-67.5,3.2823438879145,1,6,FALSE
MMRp,Tcd8-HOBIT,"(-70,-65]","(2.92,3.65]",-67.5,3.2823438879145,1,6,FALSE
MMRp,Tplzf-gdlike-comb,"(-70,-65]","(2.92,3.65]",-67.5,3.2823438879145,1,6,FALSE
MMRp,Tcd8-CXCL13-comb,"(-70,-65]","(3.65,4.38]",-67.5,4.01175364078438,1,6,FALSE
MMRp,CD8-all,"(-70,-65]","(3.65,4.38]",-67.5,4.01175364078438,1,6,FALSE
MMRp,Myeloid-mregDC,"(-70,-65]","(4.38,5.11]",-67.5,4.74116339365427,1,6,FALSE
MMRp,Tcd4-Treg-comb,"(-70,-65]","(4.38,5.11]",-67.5,4.74116339365427,1,6,FALSE
MMRp,Tplzf-gdlike-comb,"(-75,-70]","(0.729,1.46]",-72.5,1.09411462930483,1,6,FALSE
MMRp,Tcd8-CXCL13-LAG3,"(-75,-70]","(1.46,2.19]",-72.5,1.82352438217472,1,6,FALSE
MMRp,Tplzf-gdlike-comb,"(-75,-70]","(1.46,2.19]",-72.5,1.82352438217472,1,6,FALSE
MMRp,Tcd4-CXCL13,"(-75,-70]","(2.19,2.92]",-72.5,2.55293413504461,1,6,FALSE
MMRp,Tcd8-GZMK,"(-75,-70]","(2.19,2.92]",-72.5,2.55293413504461,1,6,FALSE
MMRp,Tplzf-gdlike-comb,"(-75,-70]","(2.19,2.92]",-72.5,2.55293413504461,1,6,FALSE
MMRp,Tcd8-CXCL13-comb,"(-75,-70]","(2.92,3.65]",-72.5,3.2823438879145,1,6,FALSE
MMRp,Tcd8-CXCL13-LAG3,"(-75,-70]","(2.92,3.65]",-72.5,3.2823438879145,1,6,FALSE
MMRp,Tcd8-GZMK,"(-75,-70]","(2.92,3.65]",-72.5,3.2823438879145,1,6,FALSE
MMRp,Tcd8-CXCL13-comb,"(-75,-70]","(3.65,4.38]",-72.5,4.01175364078438,1,6,FALSE
MMRp,Tplzf-gdlike-comb,"(-75,-70]","(3.65,4.38]",-72.5,4.01175364078438,1,6,FALSE
MMRp,Tcd4-Treg-comb,"(-75,-70]","(4.38,5.11]",-72.5,4.74116339365427,1,6,FALSE
MMRp,Tcd8-GZMK,"(-75,-70]","(4.38,5.11]",-72.5,4.74116339365427,1,6,FALSE
MMRp,CD8-all,"(-75,-70]","(4.38,5.11]",-72.5,4.74116339365427,1,6,FALSE
MMRp,Tcd8-HOBIT,"(-75,-70]","(4.38,5.11]",-72.5,4.74116339365427,1,6,FALSE
MMRp,Tcd8-CXCL13-comb,"(-80,-75]","(1.46,2.19]",-77.5,1.82352438217472,1,6,FALSE
MMRp,Tcd8-GZMK,"(-80,-75]","(1.46,2.19]",-77.5,1.82352438217472,1,6,FALSE
MMRp,Tcd8-HOBIT,"(-80,-75]","(1.46,2.19]",-77.5,1.82352438217472,1,6,FALSE
MMRp,Tplzf-gdlike-comb,"(-80,-75]","(1.46,2.19]",-77.5,1.82352438217472,1,6,FALSE
MMRp,Tcd4-CXCL13,"(-80,-75]","(2.19,2.92]",-77.5,2.55293413504461,1,6,FALSE
MMRp,Tcd8-CXCL13-comb,"(-80,-75]","(2.19,2.92]",-77.5,2.55293413504461,1,6,FALSE
MMRp,CD8-all,"(-80,-75]","(2.19,2.92]",-77.5,2.55293413504461,1,6,FALSE
MMRp,Tcd8-CXCL13-LAG3,"(-80,-75]","(2.19,2.92]",-77.5,2.55293413504461,1,6,FALSE
MMRp,Tcd8-HOBIT,"(-80,-75]","(2.19,2.92]",-77.5,2.55293413504461,1,6,FALSE
MMRp,Tcd8-CXCL13-LAG3,"(-80,-75]","(2.92,3.65]",-77.5,3.2823438879145,1,6,FALSE
MMRp,Tplzf-gdlike-comb,"(-80,-75]","(2.92,3.65]",-77.5,3.2823438879145,1,6,FALSE
MMRp,Myeloid-mregDC,"(-80,-75]","(3.65,4.38]",-77.5,4.01175364078438,1,6,FALSE
MMRp,Tcd4-CXCL13,"(-80,-75]","(3.65,4.38]",-77.5,4.01175364078438,1,6,FALSE
MMRp,Tplzf-gdlike-comb,"(-80,-75]","(3.65,4.38]",-77.5,4.01175364078438,1,6,FALSE
MMRp,Tcd4-CXCL13,"(-80,-75]","(4.38,5.11]",-77.5,4.74116339365427,1,6,FALSE
MMRp,Tcd4-Treg-comb,"(-80,-75]","(4.38,5.11]",-77.5,4.74116339365427,1,6,FALSE
MMRp,Tcd8-CXCL13-comb,"(-80,-75]","[0,0.729]",-77.5,0.364704876434944,1,6,FALSE
MMRp,Tcd8-CXCL13-LAG3,"(-80,-75]","[0,0.729]",-77.5,0.364704876434944,1,6,FALSE
MMRp,Tcd8-GZMK,"(-80,-75]","[0,0.729]",-77.5,0.364704876434944,1,6,FALSE
MMRp,Tplzf-gdlike-comb,"(-80,-75]","[0,0.729]",-77.5,0.364704876434944,1,6,FALSE
MMRp,Tcd8-CXCL13-LAG3,"(-85,-80]","(1.46,2.19]",-82.5,1.82352438217472,1,6,FALSE
MMRp,CD8-all,"(-85,-80]","(1.46,2.19]",-82.5,1.82352438217472,1,6,FALSE
MMRp,Tcd8-CXCL13-comb,"(-85,-80]","(1.46,2.19]",-82.5,1.82352438217472,1,6,FALSE
MMRp,Tcd8-GZMK,"(-85,-80]","(1.46,2.19]",-82.5,1.82352438217472,1,6,FALSE
MMRp,Tplzf-gdlike-comb,"(-85,-80]","(1.46,2.19]",-82.5,1.82352438217472,1,6,FALSE
MMRp,Tcd4-CXCL13,"(-85,-80]","(2.19,2.92]",-82.5,2.55293413504461,1,6,FALSE
MMRp,Tcd8-HOBIT,"(-85,-80]","(2.19,2.92]",-82.5,2.55293413504461,1,6,FALSE
MMRp,Tcd8-GZMK,"(-85,-80]","(2.92,3.65]",-82.5,3.2823438879145,1,6,FALSE
MMRp,Tplzf-gdlike-comb,"(-85,-80]","(2.92,3.65]",-82.5,3.2823438879145,1,6,FALSE
MMRp,Myeloid-ISG,"(-85,-80]","(3.65,4.38]",-82.5,4.01175364078438,1,6,FALSE
MMRp,Tcd8-CXCL13-comb,"(-85,-80]","(3.65,4.38]",-82.5,4.01175364078438,1,6,FALSE
MMRp,CD8-all,"(-85,-80]","(3.65,4.38]",-82.5,4.01175364078438,1,6,FALSE
MMRp,Tcd8-GZMK,"(-85,-80]","(3.65,4.38]",-82.5,4.01175364078438,1,6,FALSE
MMRp,Tcd4-CXCL13,"(-85,-80]","(4.38,5.11]",-82.5,4.74116339365427,1,6,FALSE
MMRp,Tcd8-CXCL13-comb,"(-85,-80]","(4.38,5.11]",-82.5,4.74116339365427,1,6,FALSE
MMRp,CD8-all,"(-85,-80]","(4.38,5.11]",-82.5,4.74116339365427,1,6,FALSE
MMRp,Tplzf-gdlike-comb,"(-85,-80]","(4.38,5.11]",-82.5,4.74116339365427,1,6,FALSE
MMRp,Myeloid-ISG,"(-85,-80]","(5.11,5.84]",-82.5,5.47057314652416,1,6,FALSE
MMRp,Myeloid-noDC-noGran,"(-85,-80]","(5.11,5.84]",-82.5,5.47057314652416,1,6,FALSE
MMRp,Tcd4-Treg-comb,"(-85,-80]","(5.11,5.84]",-82.5,5.47057314652416,1,6,FALSE
MMRp,Tcd8-HOBIT,"(-85,-80]","[0,0.729]",-82.5,0.364704876434944,1,6,FALSE
MMRp,Tcd4-Treg-comb,"(-90,-85]","(0.729,1.46]",-87.5,1.09411462930483,1,6,FALSE
MMRp,Tcd8-CXCL13-comb,"(-90,-85]","(1.46,2.19]",-87.5,1.82352438217472,1,6,FALSE
MMRp,Tcd8-HOBIT,"(-90,-85]","(1.46,2.19]",-87.5,1.82352438217472,1,6,FALSE
MMRp,Tcd4-CXCL13,"(-90,-85]","(2.19,2.92]",-87.5,2.55293413504461,1,6,FALSE
MMRp,Tcd8-CXCL13-comb,"(-90,-85]","(2.19,2.92]",-87.5,2.55293413504461,1,6,FALSE
MMRp,Tcd8-HOBIT,"(-90,-85]","(2.92,3.65]",-87.5,3.2823438879145,1,6,FALSE
MMRp,Tcd8-CXCL13-comb,"(-90,-85]","(3.65,4.38]",-87.5,4.01175364078438,1,6,FALSE
MMRp,CD8-all,"(-90,-85]","(3.65,4.38]",-87.5,4.01175364078438,1,6,FALSE
MMRp,Tcd8-GZMK,"(-90,-85]","(3.65,4.38]",-87.5,4.01175364078438,1,6,FALSE
MMRp,Myeloid-mregDC,"(-90,-85]","(4.38,5.11]",-87.5,4.74116339365427,1,6,FALSE
MMRp,Tcd4-Treg-comb,"(-90,-85]","(4.38,5.11]",-87.5,4.74116339365427,1,6,FALSE
MMRp,Myeloid-ISG,"(-95,-90]","(0.729,1.46]",-92.5,1.09411462930483,1,6,FALSE
MMRp,Tcd4-CXCL13,"(-95,-90]","(1.46,2.19]",-92.5,1.82352438217472,1,6,FALSE
MMRp,Tcd8-CXCL13-comb,"(-95,-90]","(1.46,2.19]",-92.5,1.82352438217472,1,6,FALSE
MMRp,CD8-all,"(-95,-90]","(1.46,2.19]",-92.5,1.82352438217472,1,6,FALSE
MMRp,Tcd8-GZMK,"(-95,-90]","(2.19,2.92]",-92.5,2.55293413504461,1,6,FALSE
MMRp,Tplzf-gdlike-comb,"(-95,-90]","(2.92,3.65]",-92.5,3.2823438879145,1,6,FALSE
MMRp,Myeloid-mregDC,"(-95,-90]","(3.65,4.38]",-92.5,4.01175364078438,1,6,FALSE
MMRp,Tcd4-CXCL13,"(-95,-90]","(3.65,4.38]",-92.5,4.01175364078438,1,6,FALSE
MMRp,Tcd4-Treg-comb,"(-95,-90]","(3.65,4.38]",-92.5,4.01175364078438,1,6,FALSE
MMRp,Myeloid-mregDC,"(-95,-90]","(4.38,5.11]",-92.5,4.74116339365427,1,6,FALSE
MMRp,Tcd4-CXCL13,"(-95,-90]","(4.38,5.11]",-92.5,4.74116339365427,1,6,FALSE
MMRp,Tcd4-Treg-comb,"(-95,-90]","(4.38,5.11]",-92.5,4.74116339365427,1,6,FALSE
MMRp,Tcd8-CXCL13-LAG3,"(-95,-90]","(4.38,5.11]",-92.5,4.74116339365427,1,6,FALSE
MMRp,CD8-all,"(-95,-90]","(4.38,5.11]",-92.5,4.74116339365427,1,6,FALSE
MMRp,Tcd8-CXCL13-comb,"(-95,-90]","(4.38,5.11]",-92.5,4.74116339365427,1,6,FALSE
MMRp,Tcd8-CXCL13-comb,"(-95,-90]","[0,0.729]",-92.5,0.364704876434944,1,6,FALSE
MMRp,Tcd8-CXCL13-LAG3,"(-95,-90]","[0,0.729]",-92.5,0.364704876434944,1,6,FALSE
MMRp,Tplzf-gdlike-comb,"(-95,-90]","[0,0.729]",-92.5,0.364704876434944,1,6,FALSE
MMRp,Tcd8-CXCL13-LAG3,"(0,5]","(4.38,5.11]",2.5,4.74116339365427,1,6,FALSE
MMRp,Tcd8-GZMK,"(0,5]","(5.11,5.84]",2.5,5.47057314652416,1,6,FALSE
MMRp,Myeloid-ISG,"(10,15]","(0.729,1.46]",12.5,1.09411462930483,1,6,FALSE
MMRp,Myeloid-mregDC,"(10,15]","(1.46,2.19]",12.5,1.82352438217472,1,6,FALSE
MMRp,Tcd8-CXCL13-LAG3,"(10,15]","(2.19,2.92]",12.5,2.55293413504461,1,6,FALSE
MMRp,Tcd4-Treg-comb,"(15,20]","(4.38,5.11]",17.5,4.74116339365427,1,6,FALSE
MMRp,Myeloid-ISG,"(20,25]","(0.729,1.46]",22.5,1.09411462930483,1,6,FALSE
MMRp,Myeloid-ISG,"(20,25]","(1.46,2.19]",22.5,1.82352438217472,1,6,FALSE
MMRp,Myeloid-mregDC,"(30,35]","(0.729,1.46]",32.5,1.09411462930483,1,6,FALSE
MMRp,Myeloid-mregDC,"(35,40]","(2.19,2.92]",37.5,2.55293413504461,1,6,FALSE
MMRp,Myeloid-mregDC,"(35,40]","(2.92,3.65]",37.5,3.2823438879145,1,6,FALSE
MMRp,Tcd4-Treg-comb,"(40,45]","(1.46,2.19]",42.5,1.82352438217472,1,6,FALSE
MMRp,Myeloid-mregDC,"(40,45]","(2.19,2.92]",42.5,2.55293413504461,1,6,FALSE
MMRp,Myeloid-ISG,"(45,50]","(1.46,2.19]",47.5,1.82352438217472,1,6,FALSE
MMRp,Tcd4-CXCL13,"(45,50]","(2.92,3.65]",47.5,3.2823438879145,1,6,FALSE
MMRp,Tcd8-CXCL13-comb,"(45,50]","(2.92,3.65]",47.5,3.2823438879145,1,6,FALSE
MMRp,Tplzf-gdlike-comb,"(5,10]","(2.92,3.65]",7.5,3.2823438879145,1,6,FALSE
MMRp,Tcd8-HOBIT,"(5,10]","(3.65,4.38]",7.5,4.01175364078438,1,6,FALSE
MMRp,Tcd4-Treg-comb,"(5,10]","(4.38,5.11]",7.5,4.74116339365427,1,6,FALSE
MMRp,Tcd8-CXCL13-comb,"(50,55]","(3.65,4.38]",52.5,4.01175364078438,1,6,FALSE
MMRp,CD8-all,"(50,55]","(3.65,4.38]",52.5,4.01175364078438,1,6,FALSE
MMRp,Tcd8-CXCL13-LAG3,"(55,60]","(1.46,2.19]",57.5,1.82352438217472,1,6,FALSE
MMRp,Myeloid-mregDC,"(75,80]","(1.46,2.19]",77.5,1.82352438217472,1,6,FALSE
MMRp,Myeloid-mregDC,"(90,95]","(2.92,3.65]",92.5,3.2823438879145,1,6,FALSE
MMRp,Tcd4-CXCL13,"[-100,-95]","(1.46,2.19]",-97.5,1.82352438217472,1,6,FALSE
MMRp,Tcd4-CXCL13,"[-100,-95]","(2.19,2.92]",-97.5,2.55293413504461,1,6,FALSE
MMRp,Tcd8-CXCL13-comb,"[-100,-95]","(2.19,2.92]",-97.5,2.55293413504461,1,6,FALSE
MMRp,Tcd8-CXCL13-LAG3,"[-100,-95]","(2.92,3.65]",-97.5,3.2823438879145,1,6,FALSE
MMRp,Tplzf-gdlike-comb,"[-100,-95]","(2.92,3.65]",-97.5,3.2823438879145,1,6,FALSE
MMRp,Tcd4-Treg-comb,"[-100,-95]","(3.65,4.38]",-97.5,4.01175364078438,1,6,FALSE
MMRp,Tcd8-CXCL13-comb,"[-100,-95]","(3.65,4.38]",-97.5,4.01175364078438,1,6,FALSE
MMRp,CD8-all,"[-100,-95]","(3.65,4.38]",-97.5,4.01175364078438,1,6,FALSE
MMRp,Tcd8-GZMK,"[-100,-95]","(3.65,4.38]",-97.5,4.01175364078438,1,6,FALSE
MMRp,Tplzf-gdlike-comb,"[-100,-95]","(3.65,4.38]",-97.5,4.01175364078438,1,6,FALSE
MMRp,Tcd4-CXCL13,"[-100,-95]","(4.38,5.11]",-97.5,4.74116339365427,1,6,FALSE
MMRp,Tcd4-Treg-comb,"[-100,-95]","(4.38,5.11]",-97.5,4.74116339365427,1,6,FALSE
MMRp,Tcd8-CXCL13-comb,"[-100,-95]","(4.38,5.11]",-97.5,4.74116339365427,1,6,FALSE
MMRp,CD8-all,"[-100,-95]","(4.38,5.11]",-97.5,4.74116339365427,1,6,FALSE
MMRp,Tcd8-GZMK,"[-100,-95]","(4.38,5.11]",-97.5,4.74116339365427,1,6,FALSE
MMRp,Tplzf-gdlike-comb,"[-100,-95]","[0,0.729]",-97.5,0.364704876434944,1,6,FALSE
