MMRstatus,population,xbin,ybin,x_mid,y_mid,n_pat,val,lo,hi,n_pat_arm
MMRd,Myeloid-ISG,"(-10,-5]","(1.46,2.19]",-7.5,1.82352438217472,8,3.9760275264817,1.93252467284031,4.38710327412724,8
MMRd,Myeloid-noDC-noGran,"(-10,-5]","(1.46,2.19]",-7.5,1.82352438217472,8,17.5281949615688,13.7772882029269,24.3871782999576,8
MMRd,Tcd4-CXCL13,"(-10,-5]","(1.46,2.19]",-7.5,1.82352438217472,8,0.507152546553213,0.341982202077751,0.639930562405066,8
MMRd,Tcd8-CXCL13-comb,"(-10,-5]","(1.46,2.19]",-7.5,1.82352438217472,8,0.454741645085707,0.327329588736397,0.758388732172095,8
MMRd,CD8-all,"(-10,-5]","(1.46,2.19]",-7.5,1.82352438217472,8,0.927934210722748,0.503138933975112,2.53856548241375,8
MMRd,Tplzf-gdlike-comb,"(-10,-5]","(1.46,2.19]",-7.5,1.82352438217472,8,0.45241051565745,0.28190142669595,0.620502496157142,8
MMRd,Myeloid-mregDC,"(-10,-5]","(2.19,2.92]",-7.5,2.55293413504461,8,0.376080017158611,0.359710453298291,0.533717812515809,8
MMRd,Myeloid-ISG,"(-10,-5]","(2.19,2.92]",-7.5,2.55293413504461,8,3.42245456094194,2.4777899153165,4.70680727963292,8
MMRd,Myeloid-noDC-noGran,"(-10,-5]","(2.19,2.92]",-7.5,2.55293413504461,8,20.2045139026729,16.273085406061,24.1528770798693,8
MMRd,Tcd4-Treg-comb,"(-10,-5]","(2.19,2.92]",-7.5,2.55293413504461,8,1.04988345093883,0.969749976441447,1.58531698248974,8
MMRd,Tcd8-CXCL13-comb,"(-10,-5]","(2.19,2.92]",-7.5,2.55293413504461,8,0.564829288066356,0.238756396375495,0.941130548725304,8
MMRd,CD8-all,"(-10,-5]","(2.19,2.92]",-7.5,2.55293413504461,8,1.12652417418398,0.798463373393773,2.85978238139407,8
MMRd,Tplzf-gdlike-comb,"(-10,-5]","(2.19,2.92]",-7.5,2.55293413504461,8,0.391534360296376,0.190904418493742,0.845341059784428,8
MMRd,Myeloid-mregDC,"(-10,-5]","(2.92,3.65]",-7.5,3.2823438879145,8,0.59139237221429,0.41032979949473,0.752299076037382,8
MMRd,Myeloid-ISG,"(-10,-5]","(2.92,3.65]",-7.5,3.2823438879145,8,5.16141765498411,3.55903856030714,6.75113417048901,8
MMRd,Myeloid-noDC-noGran,"(-10,-5]","(2.92,3.65]",-7.5,3.2823438879145,8,22.3807242192359,19.4690054103833,27.9419505225957,8
MMRd,Tcd4-CXCL13,"(-10,-5]","(2.92,3.65]",-7.5,3.2823438879145,8,0.568630891211536,0.448548856789914,0.87455727568188,8
MMRd,Tcd4-Treg-comb,"(-10,-5]","(2.92,3.65]",-7.5,3.2823438879145,8,1.59088399222002,1.14732800692643,2.02369405570182,8
MMRd,Tcd8-CXCL13-comb,"(-10,-5]","(2.92,3.65]",-7.5,3.2823438879145,8,0.75674916100448,0.598080750151304,1.25285374265313,8
MMRd,CD8-all,"(-10,-5]","(2.92,3.65]",-7.5,3.2823438879145,8,1.40893652218292,1.22758712676969,3.5560496787702,8
MMRd,Tcd8-HOBIT,"(-10,-5]","(2.92,3.65]",-7.5,3.2823438879145,8,0.287735600021118,0.203896760637789,0.671669870693838,8
MMRd,Tplzf-gdlike-comb,"(-10,-5]","(2.92,3.65]",-7.5,3.2823438879145,8,0.48040213289816,0.314559991979347,0.957623998793311,8
MMRd,Myeloid-mregDC,"(-10,-5]","(3.65,4.38]",-7.5,4.01175364078438,8,0.842483624066907,0.673987840365078,0.941512210632881,8
MMRd,Myeloid-ISG,"(-10,-5]","(3.65,4.38]",-7.5,4.01175364078438,8,6.17157452417826,5.22124648307614,9.53688227656507,8
MMRd,Myeloid-noDC-noGran,"(-10,-5]","(3.65,4.38]",-7.5,4.01175364078438,8,24.1321096677762,19.4215029954858,32.3340961098398,8
MMRd,Tcd4-CXCL13,"(-10,-5]","(3.65,4.38]",-7.5,4.01175364078438,8,0.378115911801856,0.27889756838319,1.10276536947823,8
MMRd,Tcd4-Treg-comb,"(-10,-5]","(3.65,4.38]",-7.5,4.01175364078438,8,1.38109401267296,1.26558552832345,2.01200882260682,8
MMRd,Tcd8-CXCL13-comb,"(-10,-5]","(3.65,4.38]",-7.5,4.01175364078438,8,0.716502947264538,0.491265209189311,1.24613749069653,8
MMRd,CD8-all,"(-10,-5]","(3.65,4.38]",-7.5,4.01175364078438,8,1.65720914961888,1.20787692278263,4.02782741701708,8
MMRd,Tcd8-CXCL13-LAG3,"(-10,-5]","(3.65,4.38]",-7.5,4.01175364078438,8,0.291072858697661,0.223514459141351,0.338115902576502,8
MMRd,Tcd8-GZMK,"(-10,-5]","(3.65,4.38]",-7.5,4.01175364078438,7,0.213371266002845,0.19458724896227,0.828139680575817,8
MMRd,Tcd8-HOBIT,"(-10,-5]","(3.65,4.38]",-7.5,4.01175364078438,8,0.460054639035214,0.311509347257702,0.622672522158485,8
MMRd,Tplzf-gdlike-comb,"(-10,-5]","(3.65,4.38]",-7.5,4.01175364078438,8,0.628655515089154,0.33541195262966,0.795259845982041,8
MMRd,Myeloid-mregDC,"(-10,-5]","(4.38,5.11]",-7.5,4.74116339365427,8,1.06143624765081,0.76294885304369,1.32652415886668,8
MMRd,Myeloid-ISG,"(-10,-5]","(4.38,5.11]",-7.5,4.74116339365427,8,10.3934039369172,8.21924104977925,15.6537394542829,8
MMRd,Myeloid-noDC-noGran,"(-10,-5]","(4.38,5.11]",-7.5,4.74116339365427,8,26.0909266246369,21.1968194345592,36.3361708596185,8
MMRd,Tcd4-CXCL13,"(-10,-5]","(4.38,5.11]",-7.5,4.74116339365427,7,0.591715976331361,0.386342354289171,1.15415739084118,8
MMRd,Tcd4-Treg-comb,"(-10,-5]","(4.38,5.11]",-7.5,4.74116339365427,8,2.23814862267777,1.55137744026772,3.39884068997968,8
MMRd,Tcd8-CXCL13-comb,"(-10,-5]","(4.38,5.11]",-7.5,4.74116339365427,7,1.2970168612192,0.606868307861261,1.8784867109342,8
MMRd,CD8-all,"(-10,-5]","(4.38,5.11]",-7.5,4.74116339365427,8,2.38230671151267,1.67560858424087,3.33671088554007,8
MMRd,Tcd8-CXCL13-LAG3,"(-10,-5]","(4.38,5.11]",-7.5,4.74116339365427,6,0.323972030098047,0.203982805742033,0.559195700569524,8
MMRd,Tcd8-HOBIT,"(-10,-5]","(4.38,5.11]",-7.5,4.74116339365427,5,0.453955901426719,0.443190975020145,0.847457627118644,8
MMRd,Tplzf-gdlike-comb,"(-10,-5]","(4.38,5.11]",-7.5,4.74116339365427,8,0.488863526861627,0.400098380159239,0.998061981636883,8
MMRd,Myeloid-mregDC,"(-10,-5]","(5.11,5.84]",-7.5,5.47057314652416,6,1.73295454545455,1.43939393939394,2.30081106870229,8
MMRd,Myeloid-ISG,"(-10,-5]","(5.11,5.84]",-7.5,5.47057314652416,7,15.2777777777778,13.1658326383097,21.4522058823529,8
MMRd,Myeloid-noDC-noGran,"(-10,-5]","(5.11,5.84]",-7.5,5.47057314652416,7,27.7777777777778,24.345982763414,33.4913793103448,8
MMRd,Tcd4-CXCL13,"(-10,-5]","(5.11,5.84]",-7.5,5.47057314652416,5,1.68195718654434,1.38888888888889,2.5,8
MMRd,Tcd4-Treg-comb,"(-10,-5]","(5.11,5.84]",-7.5,5.47057314652416,4,3.03933833750348,1.87250507738637,4.47443181818182,8
MMRd,Tcd8-CXCL13-comb,"(-10,-5]","(5.11,5.84]",-7.5,5.47057314652416,4,2.29252748791932,1.18678435114504,3.54462051709758,8
MMRd,CD8-all,"(-10,-5]","(5.11,5.84]",-7.5,5.47057314652416,5,3.51145038167939,1.875,5.81039755351682,8
MMRd,Tcd8-CXCL13-LAG3,"(-10,-5]","(5.11,5.84]",-7.5,5.47057314652416,4,0.950444815123714,0.687898312206737,1.19949494949495,8
MMRd,Tcd8-GZMK,"(-10,-5]","(5.11,5.84]",-7.5,5.47057314652416,4,0.924120795107034,0.621421755725191,2.11061301084237,8
MMRd,Tcd8-HOBIT,"(-10,-5]","(5.11,5.84]",-7.5,5.47057314652416,4,0.694179389312977,0.621655198776758,1.25433726578765,8
MMRd,Myeloid-ISG,"(-10,-5]","[0,0.729]",-7.5,0.364704876434944,8,3.33437097532243,2.41112466365835,4.49945365403787,8
MMRd,Myeloid-noDC-noGran,"(-10,-5]","[0,0.729]",-7.5,0.364704876434944,8,17.7304248027932,14.4030226467796,23.7019599427687,8
MMRd,Tcd4-Treg-comb,"(-10,-5]","[0,0.729]",-7.5,0.364704876434944,8,0.845466465328138,0.737967762750373,1.14021865817205,8
MMRd,Tcd8-CXCL13-comb,"(-10,-5]","[0,0.729]",-7.5,0.364704876434944,8,0.278196518338753,0.205703970221783,0.444319763813547,8
MMRd,CD8-all,"(-10,-5]","[0,0.729]",-7.5,0.364704876434944,8,0.72381149065883,0.492782262324217,1.91883490950987,8
MMRd,Tcd8-HOBIT,"(-10,-5]","[0,0.729]",-7.5,0.364704876434944,7,0.207738249805245,0.165480973191501,0.579220748257667,8
MMRd,Tplzf-gdlike-comb,"(-10,-5]","[0,0.729]",-7.5,0.364704876434944,8,0.511767606208717,0.209321742158349,0.934140757187875,8
MMRd,Myeloid-ISG,"(-15,-10]","(1.46,2.19]",-12.5,1.82352438217472,8,2.88585187432787,1.62120990096592,3.8523531807586,8
MMRd,Myeloid-noDC-noGran,"(-15,-10]","(1.46,2.19]",-12.5,1.82352438217472,8,16.1961790704306,12.1417493985908,21.9594959198729,8
MMRd,Tcd4-Treg-comb,"(-15,-10]","(1.46,2.19]",-12.5,1.82352438217472,8,1.15808872272161,0.848553036711943,1.86412888508697,8
MMRd,Myeloid-mregDC,"(-15,-10]","(2.19,2.92]",-12.5,2.55293413504461,8,0.480193183284485,0.350506891566705,0.656550817947301,8
MMRd,Myeloid-ISG,"(-15,-10]","(2.19,2.92]",-12.5,2.55293413504461,8,3.42348772053447,1.98356190897528,4.3161790302402,8
MMRd,Myeloid-noDC-noGran,"(-15,-10]","(2.19,2.92]",-12.5,2.55293413504461,8,18.3928096779235,14.1967424994181,23.6289551812497,8
MMRd,CD8-all,"(-15,-10]","(2.19,2.92]",-12.5,2.55293413504461,8,0.993178245598201,0.682876974666427,2.10663057354045,8
MMRd,Myeloid-mregDC,"(-15,-10]","(2.92,3.65]",-12.5,3.2823438879145,8,0.811488299262283,0.662294419867189,1.02826603441295,8
MMRd,Myeloid-ISG,"(-15,-10]","(2.92,3.65]",-12.5,3.2823438879145,8,4.43598398880317,3.262542835725,5.97154854002587,8
MMRd,Myeloid-noDC-noGran,"(-15,-10]","(2.92,3.65]",-12.5,3.2823438879145,8,20.0838724004353,16.4339588758193,25.888609442374,8
MMRd,Tcd4-Treg-comb,"(-15,-10]","(2.92,3.65]",-12.5,3.2823438879145,8,1.1674239437439,0.965534445710657,2.02654269226823,8
MMRd,Tcd8-CXCL13-comb,"(-15,-10]","(2.92,3.65]",-12.5,3.2823438879145,8,0.450492462577474,0.362307570233877,1.11874151761716,8
MMRd,CD8-all,"(-15,-10]","(2.92,3.65]",-12.5,3.2823438879145,8,1.15244515844085,0.779427162440781,3.37314058244291,8
MMRd,Tcd8-GZMK,"(-15,-10]","(2.92,3.65]",-12.5,3.2823438879145,8,0.407210532114135,0.196353507366265,0.750501331896681,8
MMRd,Myeloid-mregDC,"(-15,-10]","(3.65,4.38]",-12.5,4.01175364078438,8,0.861240191693755,0.678610337731509,1.08354624693772,8
MMRd,Myeloid-ISG,"(-15,-10]","(3.65,4.38]",-12.5,4.01175364078438,8,6.45511462823441,5.19802441524555,8.83277129876821,8
MMRd,Myeloid-noDC-noGran,"(-15,-10]","(3.65,4.38]",-12.5,4.01175364078438,8,23.0467467382761,18.9657000542487,29.5904875649853,8
MMRd,Tcd4-Treg-comb,"(-15,-10]","(3.65,4.38]",-12.5,4.01175364078438,8,1.84174043370334,1.2374883375454,2.48479441502904,8
MMRd,Tcd8-CXCL13-comb,"(-15,-10]","(3.65,4.38]",-12.5,4.01175364078438,8,0.675627739630578,0.610237772664387,1.13767262255383,8
MMRd,CD8-all,"(-15,-10]","(3.65,4.38]",-12.5,4.01175364078438,8,1.41220423412204,1.31731573213064,3.12102382009173,8
MMRd,Tcd8-CXCL13-LAG3,"(-15,-10]","(3.65,4.38]",-12.5,4.01175364078438,5,0.154559505409583,0.136054421768708,0.229508196721311,8
MMRd,Tcd8-HOBIT,"(-15,-10]","(3.65,4.38]",-12.5,4.01175364078438,8,0.291402846091832,0.148706514303089,1.18855218855219,8
MMRd,Tplzf-gdlike-comb,"(-15,-10]","(3.65,4.38]",-12.5,4.01175364078438,8,0.499163599866176,0.292445318720435,0.810275088415394,8
MMRd,Myeloid-mregDC,"(-15,-10]","(4.38,5.11]",-12.5,4.74116339365427,7,1.02827763496144,0.821995548197961,1.47657237673831,8
MMRd,Myeloid-ISG,"(-15,-10]","(4.38,5.11]",-12.5,4.74116339365427,8,11.4959075419708,6.94694428536366,12.8213205645161,8
MMRd,Myeloid-noDC-noGran,"(-15,-10]","(4.38,5.11]",-12.5,4.74116339365427,8,25.9926664904863,20.3438190296981,30.7516453196029,8
MMRd,Tcd4-CXCL13,"(-15,-10]","(4.38,5.11]",-12.5,4.74116339365427,8,1.16423124090514,0.571739688685209,1.74802223283094,8
MMRd,Tcd4-Treg-comb,"(-15,-10]","(4.38,5.11]",-12.5,4.74116339365427,7,1.46627565982405,1.2691807838756,1.74777072622108,8
MMRd,Tcd8-CXCL13-comb,"(-15,-10]","(4.38,5.11]",-12.5,4.74116339365427,8,0.965777014877786,0.374935963114754,1.90897843787031,8
MMRd,CD8-all,"(-15,-10]","(4.38,5.11]",-12.5,4.74116339365427,8,1.88854822026389,0.866239622402967,3.21422727644604,8
MMRd,Tcd8-GZMK,"(-15,-10]","(4.38,5.11]",-12.5,4.74116339365427,5,1.17302052785924,0.327868852459016,1.25173852573018,8
MMRd,Tcd8-HOBIT,"(-15,-10]","(4.38,5.11]",-12.5,4.74116339365427,6,0.310561992211913,0.266115839546472,0.394901844547299,8
MMRd,Tplzf-gdlike-comb,"(-15,-10]","(4.38,5.11]",-12.5,4.74116339365427,8,0.659607422830308,0.366282532991202,1.01706605257758,8
MMRd,Myeloid-mregDC,"(-15,-10]","(5.11,5.84]",-12.5,5.47057314652416,5,1.05820105820106,0.87719298245614,1.38121546961326,8
MMRd,Myeloid-ISG,"(-15,-10]","(5.11,5.84]",-12.5,5.47057314652416,7,17.6470588235294,14.729873749795,18.7830687830688,8
MMRd,Myeloid-noDC-noGran,"(-15,-10]","(5.11,5.84]",-12.5,5.47057314652416,7,28.9473684210526,20.9157329477978,34.1269841269841,8
MMRd,Tcd4-CXCL13,"(-15,-10]","(5.11,5.84]",-12.5,5.47057314652416,5,2.10280373831776,1.96078431372549,2.63157894736842,8
MMRd,Tcd4-Treg-comb,"(-15,-10]","(5.11,5.84]",-12.5,5.47057314652416,5,2.57009345794393,1.96078431372549,3.17460317460317,8
MMRd,Tcd8-CXCL13-comb,"(-15,-10]","(5.11,5.84]",-12.5,5.47057314652416,4,2.66960886119765,1.43381783446068,3.75816993464052,8
MMRd,CD8-all,"(-15,-10]","(5.11,5.84]",-12.5,5.47057314652416,5,3.92156862745098,2.80373831775701,5.26315789473684,8
MMRd,Tcd8-GZMK,"(-15,-10]","(5.11,5.84]",-12.5,5.47057314652416,4,1.11083784226922,0.419528063200289,1.97716513505987,8
MMRd,Tcd8-HOBIT,"(-15,-10]","(5.11,5.84]",-12.5,5.47057314652416,4,1.98803082472536,0.419528063200289,3.55750487329435,8
MMRd,Myeloid-mregDC,"(-15,-10]","[0,0.729]",-12.5,0.364704876434944,8,0.375611645017073,0.283352064940689,0.49969100938029,8
MMRd,Myeloid-ISG,"(-15,-10]","[0,0.729]",-12.5,0.364704876434944,8,3.91752738537345,3.20870444184853,4.82251521298174,8
MMRd,Myeloid-noDC-noGran,"(-15,-10]","[0,0.729]",-12.5,0.364704876434944,8,19.3357271095153,13.6362989146492,22.9076002058629,8
MMRd,Tcd4-Treg-comb,"(-15,-10]","[0,0.729]",-12.5,0.364704876434944,8,1.04600655970215,0.551897006911691,1.31325683775594,8
MMRd,Tplzf-gdlike-comb,"(-15,-10]","[0,0.729]",-12.5,0.364704876434944,7,0.49771878888428,0.147628483619554,0.579469272179879,8
MMRd,Myeloid-ISG,"(-20,-15]","(1.46,2.19]",-17.5,1.82352438217472,8,2.78594609067366,2.1863266583229,3.71121933621934,8
MMRd,Myeloid-noDC-noGran,"(-20,-15]","(1.46,2.19]",-17.5,1.82352438217472,8,14.6050938275071,11.4948830409357,17.5419660127107,8
MMRd,Tplzf-gdlike-comb,"(-20,-15]","(1.46,2.19]",-17.5,1.82352438217472,5,0.773694390715667,0.324675324675325,0.851063829787234,8
MMRd,Myeloid-ISG,"(-20,-15]","(2.19,2.92]",-17.5,2.55293413504461,8,3.29544136141934,2.81702977950259,3.99459951278213,8
MMRd,Myeloid-noDC-noGran,"(-20,-15]","(2.19,2.92]",-17.5,2.55293413504461,8,18.1760392055955,13.5259977738909,21.1335853419402,8
MMRd,Tcd4-Treg-comb,"(-20,-15]","(2.19,2.92]",-17.5,2.55293413504461,8,1.68858416694766,1.27939233124974,2.0227915677925,8
MMRd,Tcd8-CXCL13-comb,"(-20,-15]","(2.19,2.92]",-17.5,2.55293413504461,8,0.534803448793436,0.377698893541369,0.872913992297818,8
MMRd,CD8-all,"(-20,-15]","(2.19,2.92]",-17.5,2.55293413504461,8,1.27941695393719,0.842906177400312,1.7297162767546,8
MMRd,Tcd8-HOBIT,"(-20,-15]","(2.19,2.92]",-17.5,2.55293413504461,7,0.309917355371901,0.21817070393185,0.534629375803308,8
MMRd,Tplzf-gdlike-comb,"(-20,-15]","(2.19,2.92]",-17.5,2.55293413504461,7,0.470957613814757,0.318752001336545,0.742247866693543,8
MMRd,Myeloid-ISG,"(-20,-15]","(2.92,3.65]",-17.5,3.2823438879145,8,4.38178846037416,3.47900378880446,5.2556792053711,8
MMRd,Myeloid-noDC-noGran,"(-20,-15]","(2.92,3.65]",-17.5,3.2823438879145,8,20.2420443713835,16.6304471323408,23.1102654894387,8
MMRd,Tcd4-CXCL13,"(-20,-15]","(2.92,3.65]",-17.5,3.2823438879145,8,0.648144686768697,0.466490156877578,0.885542168674699,8
MMRd,Tcd4-Treg-comb,"(-20,-15]","(2.92,3.65]",-17.5,3.2823438879145,8,1.66140813900457,1.25262956588258,2.44039474480838,8
MMRd,Tcd8-HOBIT,"(-20,-15]","(2.92,3.65]",-17.5,3.2823438879145,8,0.386726080552669,0.331631274652834,0.418703417843889,8
MMRd,CD8-all,"(-20,-15]","(2.92,3.65]",-17.5,3.2823438879145,8,1.41514450559677,0.984280633986327,1.93827462193735,8
MMRd,Myeloid-mregDC,"(-20,-15]","(3.65,4.38]",-17.5,4.01175364078438,8,0.95949847966116,0.86951878633786,1.07120732485457,8
MMRd,Myeloid-ISG,"(-20,-15]","(3.65,4.38]",-17.5,4.01175364078438,8,6.77354993374846,5.83418103389244,8.64538094208737,8
MMRd,Myeloid-noDC-noGran,"(-20,-15]","(3.65,4.38]",-17.5,4.01175364078438,8,21.1544712143989,19.4580395307092,24.7072001985649,8
MMRd,Tcd4-CXCL13,"(-20,-15]","(3.65,4.38]",-17.5,4.01175364078438,8,0.759375432446146,0.551672100896844,1.2213335429481,8
MMRd,Tcd4-Treg-comb,"(-20,-15]","(3.65,4.38]",-17.5,4.01175364078438,8,1.83829930687531,1.36757167797713,2.96992425792535,8
MMRd,Tcd8-CXCL13-comb,"(-20,-15]","(3.65,4.38]",-17.5,4.01175364078438,8,1.064666905204,0.692079195653655,1.4738725648477,8
MMRd,CD8-all,"(-20,-15]","(3.65,4.38]",-17.5,4.01175364078438,8,1.96132420673208,1.28298655907673,3.91583262792743,8
MMRd,Tcd8-HOBIT,"(-20,-15]","(3.65,4.38]",-17.5,4.01175364078438,7,0.593471810089021,0.417952790194295,1.07996259965587,8
MMRd,Tplzf-gdlike-comb,"(-20,-15]","(3.65,4.38]",-17.5,4.01175364078438,7,0.584795321637427,0.375926161912217,0.779517578901777,8
MMRd,Myeloid-mregDC,"(-20,-15]","(4.38,5.11]",-17.5,4.74116339365427,8,1.17115059133812,0.736672325976231,1.82089301465955,8
MMRd,Myeloid-ISG,"(-20,-15]","(4.38,5.11]",-17.5,4.74116339365427,8,10.076417633948,5.80005262576736,15.2538200339559,8
MMRd,Myeloid-noDC-noGran,"(-20,-15]","(4.38,5.11]",-17.5,4.74116339365427,8,26.2057486901902,18.2346619773349,35.2578947368421,8
MMRd,Tcd4-CXCL13,"(-20,-15]","(4.38,5.11]",-17.5,4.74116339365427,8,0.769534379427084,0.546328878603067,1.71344812809225,8
MMRd,Tcd4-Treg-comb,"(-20,-15]","(4.38,5.11]",-17.5,4.74116339365427,7,1.60320641282565,1.39422750424448,2.01032176937133,8
MMRd,Tcd8-CXCL13-comb,"(-20,-15]","(4.38,5.11]",-17.5,4.74116339365427,7,1.11731843575419,0.70060120240481,1.34111184697495,8
MMRd,CD8-all,"(-20,-15]","(4.38,5.11]",-17.5,4.74116339365427,7,2.23463687150838,1.2803195525176,4.11925182240478,8
MMRd,Tcd8-GZMK,"(-20,-15]","(4.38,5.11]",-17.5,4.74116339365427,6,0.748262785960822,0.394333734859766,1.36228613738332,8
MMRd,Tcd8-HOBIT,"(-20,-15]","(4.38,5.11]",-17.5,4.74116339365427,6,0.631029491705253,0.440266006874083,1.02171460303749,8
MMRd,Tplzf-gdlike-comb,"(-20,-15]","(4.38,5.11]",-17.5,4.74116339365427,6,0.640159776258799,0.569295014610226,0.869261152211969,8
MMRd,Myeloid-mregDC,"(-20,-15]","(5.11,5.84]",-17.5,5.47057314652416,4,1.79911586306158,1.25241645954156,3.15748728157487,8
MMRd,Myeloid-ISG,"(-20,-15]","(5.11,5.84]",-17.5,5.47057314652416,7,15.4929577464789,11.2324929971989,22.1811134601832,8
MMRd,Myeloid-noDC-noGran,"(-20,-15]","(5.11,5.84]",-17.5,5.47057314652416,7,28.5714285714286,21.7039491853079,31.7829457364341,8
MMRd,Tcd4-CXCL13,"(-20,-15]","(5.11,5.84]",-17.5,5.47057314652416,4,3.8961038961039,2.36396814863968,4.97987927565392,8
MMRd,Tcd4-Treg-comb,"(-20,-15]","(5.11,5.84]",-17.5,5.47057314652416,5,1.82481751824818,1.40845070422535,4.54545454545455,8
MMRd,Tcd8-CXCL13-comb,"(-20,-15]","(5.11,5.84]",-17.5,5.47057314652416,5,1.40845070422535,1.09489051094891,3.03030303030303,8
MMRd,CD8-all,"(-20,-15]","(5.11,5.84]",-17.5,5.47057314652416,6,3.93939393939394,3.29683698296837,4.62473572938689,8
MMRd,Tcd8-CXCL13-LAG3,"(-20,-15]","(5.11,5.84]",-17.5,5.47057314652416,4,1.09638221485777,0.770717045942465,1.63773337700622,8
MMRd,Myeloid-mregDC,"(-20,-15]","[0,0.729]",-17.5,0.364704876434944,7,0.489396411092985,0.382934079384508,0.69699202822932,8
MMRd,Myeloid-ISG,"(-20,-15]","[0,0.729]",-17.5,0.364704876434944,8,2.82330730284047,1.59592220346785,4.18549628035588,8
MMRd,Myeloid-noDC-noGran,"(-20,-15]","[0,0.729]",-17.5,0.364704876434944,8,14.2100172421044,12.5545302464686,18.0107679856343,8
MMRd,Tcd4-Treg-comb,"(-20,-15]","[0,0.729]",-17.5,0.364704876434944,8,1.27866784996964,0.61350988627029,1.50205098650756,8
MMRd,Tplzf-gdlike-comb,"(-20,-15]","[0,0.729]",-17.5,0.364704876434944,6,0.367407881405642,0.206545855616688,0.461619164189544,8
MMRd,Myeloid-mregDC,"(-25,-20]","(2.19,2.92]",-22.5,2.55293413504461,8,0.521115689038274,0.284572397050066,0.842864020193346,8
MMRd,Myeloid-ISG,"(-25,-20]","(2.19,2.92]",-22.5,2.55293413504461,8,3.31804896361247,2.34021719779242,4.42805415543858,8
MMRd,Myeloid-noDC-noGran,"(-25,-20]","(2.19,2.92]",-22.5,2.55293413504461,8,17.0549901289939,14.0893193844657,21.5498719927833,8
MMRd,Tcd4-Treg-comb,"(-25,-20]","(2.19,2.92]",-22.5,2.55293413504461,8,1.68207529955599,0.984003862451005,2.19222586395262,8
MMRd,Myeloid-mregDC,"(-25,-20]","(2.92,3.65]",-22.5,3.2823438879145,7,0.992555831265509,0.80188679245283,1.20995351685362,8
MMRd,Myeloid-noDC-noGran,"(-25,-20]","(2.92,3.65]",-22.5,3.2823438879145,8,20.7558894621018,15.9045463143851,24.6346097959001,8
MMRd,Tcd4-Treg-comb,"(-25,-20]","(2.92,3.65]",-22.5,3.2823438879145,8,1.92743612098451,1.30314844784464,2.64655661632877,8
MMRd,Tcd8-CXCL13-comb,"(-25,-20]","(2.92,3.65]",-22.5,3.2823438879145,8,0.721523050552803,0.44386367499575,1.107367475292,8
MMRd,CD8-all,"(-25,-20]","(2.92,3.65]",-22.5,3.2823438879145,8,1.37466307277628,1.10063462020208,2.93526101230203,8
MMRd,Tcd8-CXCL13-LAG3,"(-25,-20]","(2.92,3.65]",-22.5,3.2823438879145,6,0.302613973997594,0.193002739832501,0.456956538271417,8
MMRd,Tplzf-gdlike-comb,"(-25,-20]","(2.92,3.65]",-22.5,3.2823438879145,7,0.620347394540943,0.444068461576186,0.831027365270363,8
MMRd,Myeloid-mregDC,"(-25,-20]","(3.65,4.38]",-22.5,4.01175364078438,8,0.797101449275362,0.525805139119276,0.955404778473672,8
MMRd,Myeloid-ISG,"(-25,-20]","(3.65,4.38]",-22.5,4.01175364078438,8,6.47281557359644,4.05877841023778,9.20621049607355,8
MMRd,Myeloid-noDC-noGran,"(-25,-20]","(3.65,4.38]",-22.5,4.01175364078438,8,22.3086468997917,17.0516094088518,25.4125518988529,8
MMRd,Tcd4-CXCL13,"(-25,-20]","(3.65,4.38]",-22.5,4.01175364078438,7,0.579710144927536,0.484098663699153,0.880790261013102,8
MMRd,Tcd4-Treg-comb,"(-25,-20]","(3.65,4.38]",-22.5,4.01175364078438,8,1.82156628107964,1.20107175464204,2.46702491450904,8
MMRd,Tcd8-CXCL13-comb,"(-25,-20]","(3.65,4.38]",-22.5,4.01175364078438,7,0.66079295154185,0.531400966183575,1.18006660003675,8
MMRd,CD8-all,"(-25,-20]","(3.65,4.38]",-22.5,4.01175364078438,8,1.93308749525648,0.688405797101449,2.98862581244197,8
MMRd,Tplzf-gdlike-comb,"(-25,-20]","(3.65,4.38]",-22.5,4.01175364078438,7,0.72463768115942,0.42347906826531,0.764401525947611,8
MMRd,Myeloid-mregDC,"(-25,-20]","(4.38,5.11]",-22.5,4.74116339365427,6,1.01272675273738,0.877992465670191,1.14830280172414,8
MMRd,Myeloid-ISG,"(-25,-20]","(4.38,5.11]",-22.5,4.74116339365427,7,12.2448979591837,10.0257331161137,13.2848080676643,8
MMRd,Myeloid-noDC-noGran,"(-25,-20]","(4.38,5.11]",-22.5,4.74116339365427,7,24.5689655172414,21.5760522959184,31.2159080747563,8
MMRd,Tcd4-Treg-comb,"(-25,-20]","(4.38,5.11]",-22.5,4.74116339365427,8,2.87993808962264,2.44426891346323,3.21186664320901,8
MMRd,Tcd8-CXCL13-comb,"(-25,-20]","(4.38,5.11]",-22.5,4.74116339365427,7,1.13960113960114,0.862937767699673,1.35745219807158,8
MMRd,CD8-all,"(-25,-20]","(4.38,5.11]",-22.5,4.74116339365427,7,1.99430199430199,1.73704702006589,4.06967474489796,8
MMRd,Tcd8-HOBIT,"(-25,-20]","(4.38,5.11]",-22.5,4.74116339365427,4,0.720319177350427,0.527636546516755,1.28757736516357,8
MMRd,Tplzf-gdlike-comb,"(-25,-20]","(4.38,5.11]",-22.5,4.74116339365427,4,0.655175264550265,0.468050468050468,0.841039540816326,8
MMRd,Myeloid-ISG,"(-25,-20]","(5.11,5.84]",-22.5,5.47057314652416,7,20,16.4837020773518,24.0384615384615,8
MMRd,Myeloid-noDC-noGran,"(-25,-20]","(5.11,5.84]",-22.5,5.47057314652416,7,32.5,24.6833305184935,35.8974358974359,8
MMRd,Tcd4-Treg-comb,"(-25,-20]","(5.11,5.84]",-22.5,5.47057314652416,6,3.55392156862745,2.30597474591931,4.79166666666667,8
MMRd,CD8-all,"(-25,-20]","(5.11,5.84]",-22.5,5.47057314652416,5,3.2258064516129,2.77777777777778,5,8
MMRd,Tcd8-HOBIT,"(-25,-20]","(5.11,5.84]",-22.5,5.47057314652416,4,1.94444444444444,1.17255671902269,2.91666666666667,8
MMRd,Myeloid-mregDC,"(-25,-20]","[0,0.729]",-22.5,0.364704876434944,6,0.280123193556029,0.189185110663984,0.468522852745697,8
MMRd,Myeloid-ISG,"(-25,-20]","[0,0.729]",-22.5,0.364704876434944,8,3.47091574719073,2.46565497415485,4.34789915966387,8
MMRd,Myeloid-noDC-noGran,"(-25,-20]","[0,0.729]",-22.5,0.364704876434944,8,13.733073246678,12.2320919627589,16.1929339477727,8
MMRd,Tcd4-CXCL13,"(-25,-20]","[0,0.729]",-22.5,0.364704876434944,6,0.471381356130147,0.264076232030578,0.808937560380332,8
MMRd,Tcd4-Treg-comb,"(-25,-20]","[0,0.729]",-22.5,0.364704876434944,8,1.0554114158636,0.325960061443932,1.80984368171178,8
MMRd,Tcd8-HOBIT,"(-25,-20]","[0,0.729]",-22.5,0.364704876434944,7,0.36101083032491,0.294372183640495,0.548872180451128,8
MMRd,CD8-all,"(-25,-20]","[0,0.729]",-22.5,0.364704876434944,8,0.611071203696314,0.523271546475443,1.47102615694165,8
MMRd,Tplzf-gdlike-comb,"(-25,-20]","[0,0.729]",-22.5,0.364704876434944,7,0.716845878136201,0.335523300229183,0.977579327379821,8
MMRd,Myeloid-ISG,"(-30,-25]","(2.19,2.92]",-27.5,2.55293413504461,8,2.98433244023542,2.47941900873849,3.15126812273818,8
MMRd,Myeloid-noDC-noGran,"(-30,-25]","(2.19,2.92]",-27.5,2.55293413504461,8,16.2834467582678,15.3300503944722,19.3656844702409,8
MMRd,Tcd4-Treg-comb,"(-30,-25]","(2.19,2.92]",-27.5,2.55293413504461,8,1.21355837634259,0.778114976915443,2.16546751810429,8
MMRd,Tcd8-GZMK,"(-30,-25]","(2.19,2.92]",-27.5,2.55293413504461,8,0.414150274975539,0.253129968995064,0.930755146202075,8
MMRd,CD8-all,"(-30,-25]","(2.19,2.92]",-27.5,2.55293413504461,8,1.39890412258646,1.16920598013421,1.67702380291849,8
MMRd,Myeloid-mregDC,"(-30,-25]","(2.92,3.65]",-27.5,3.2823438879145,7,0.50251256281407,0.382195597758163,0.65295145683739,8
MMRd,Myeloid-ISG,"(-30,-25]","(2.92,3.65]",-27.5,3.2823438879145,8,3.94241740101474,3.56642131090081,4.31911341684981,8
MMRd,Myeloid-noDC-noGran,"(-30,-25]","(2.92,3.65]",-27.5,3.2823438879145,8,18.8080626112491,15.2027521592739,22.1822836580378,8
MMRd,Tcd4-Treg-comb,"(-30,-25]","(2.92,3.65]",-27.5,3.2823438879145,8,2.15320307183824,1.51409112749911,2.8584996368619,8
MMRd,Tcd8-GZMK,"(-30,-25]","(2.92,3.65]",-27.5,3.2823438879145,8,0.475723172540593,0.351988898104728,0.738234635441661,8
MMRd,CD8-all,"(-30,-25]","(2.92,3.65]",-27.5,3.2823438879145,8,1.80828271384232,1.49297210691137,1.94449274282355,8
MMRd,Tplzf-gdlike-comb,"(-30,-25]","(2.92,3.65]",-27.5,3.2823438879145,8,0.513723473008085,0.441183193892013,0.678771771583471,8
MMRd,Myeloid-mregDC,"(-30,-25]","(3.65,4.38]",-27.5,4.01175364078438,7,0.892857142857143,0.544490952668659,1.25911137935837,8
MMRd,Myeloid-ISG,"(-30,-25]","(3.65,4.38]",-27.5,4.01175364078438,8,6.46476412347117,5.42810136416608,8.64989566552421,8
MMRd,Myeloid-noDC-noGran,"(-30,-25]","(3.65,4.38]",-27.5,4.01175364078438,8,22.4114615329381,16.2675583680905,26.2239325636797,8
MMRd,Tcd4-CXCL13,"(-30,-25]","(3.65,4.38]",-27.5,4.01175364078438,8,0.831463308436882,0.433479676400947,1.45195107746069,8
MMRd,Tcd4-Treg-comb,"(-30,-25]","(3.65,4.38]",-27.5,4.01175364078438,7,1.88235294117647,1.64265982636148,2.1177399394017,8
MMRd,Tcd8-HOBIT,"(-30,-25]","(3.65,4.38]",-27.5,4.01175364078438,6,0.458508403361345,0.368456457925636,0.851143391341867,8
MMRd,CD8-all,"(-30,-25]","(3.65,4.38]",-27.5,4.01175364078438,7,1.36986301369863,1.05714924995144,2.66187257299008,8
MMRd,Myeloid-mregDC,"(-30,-25]","(4.38,5.11]",-27.5,4.74116339365427,7,1.11607142857143,0.990806614040217,1.50966183574879,8
MMRd,Myeloid-ISG,"(-30,-25]","(4.38,5.11]",-27.5,4.74116339365427,7,14.1791044776119,8.1209113467178,17.1799516908213,8
MMRd,Myeloid-noDC-noGran,"(-30,-25]","(4.38,5.11]",-27.5,4.74116339365427,8,26.289746917586,18.1680856907443,31.0557498057498,8
MMRd,Tcd4-CXCL13,"(-30,-25]","(4.38,5.11]",-27.5,4.74116339365427,6,1.17364033037245,0.632383674972117,2.49094202898551,8
MMRd,Tcd4-Treg-comb,"(-30,-25]","(4.38,5.11]",-27.5,4.74116339365427,7,2.61194029850746,1.17364033037245,3.44284994964753,8
MMRd,Tcd8-CXCL13-LAG3,"(-30,-25]","(4.38,5.11]",-27.5,4.74116339365427,4,0.639739369617171,0.369456481035682,0.958776165299957,8
MMRd,CD8-all,"(-30,-25]","(4.38,5.11]",-27.5,4.74116339365427,7,2.90178571428571,1.62459093034128,4.61119628443883,8
MMRd,Tcd8-CXCL13-comb,"(-30,-25]","(4.38,5.11]",-27.5,4.74116339365427,6,1.25599476052648,0.509646603396603,1.85242593678135,8
MMRd,Tcd8-HOBIT,"(-30,-25]","(4.38,5.11]",-27.5,4.74116339365427,5,0.746268656716418,0.3584229390681,0.906344410876133,8
MMRd,Myeloid-mregDC,"(-30,-25]","(5.11,5.84]",-27.5,5.47057314652416,4,2.86427145708583,2.18400408485355,3.58695652173913,8
MMRd,Myeloid-ISG,"(-30,-25]","(5.11,5.84]",-27.5,5.47057314652416,6,13.1108864172565,12.0843989769821,18.2945736434109,8
MMRd,Myeloid-noDC-noGran,"(-30,-25]","(5.11,5.84]",-27.5,5.47057314652416,7,29.4117647058824,22.2485262034071,32.4418604651163,8
MMRd,Tcd4-Treg-comb,"(-30,-25]","(5.11,5.84]",-27.5,5.47057314652416,5,4.34782608695652,3.33333333333333,5.88235294117647,8
MMRd,Myeloid-ISG,"(-30,-25]","[0,0.729]",-27.5,0.364704876434944,8,3.22166342202033,2.25359671189964,4.22380604839741,8
MMRd,Myeloid-noDC-noGran,"(-30,-25]","[0,0.729]",-27.5,0.364704876434944,8,15.1492537313433,13.6741253658688,19.6113400159892,8
MMRd,Tcd4-CXCL13,"(-30,-25]","[0,0.729]",-27.5,0.364704876434944,6,0.325649222593569,0.235396845217847,0.589972323811407,8
MMRd,Tcd4-Treg-comb,"(-30,-25]","[0,0.729]",-27.5,0.364704876434944,8,0.840234644582471,0.503945981495329,1.36579107772396,8
MMRd,Tcd8-CXCL13-LAG3,"(-30,-25]","[0,0.729]",-27.5,0.364704876434944,5,0.186567164179104,0.141442715700141,0.22075055187638,8
MMRd,CD8-all,"(-30,-25]","[0,0.729]",-27.5,0.364704876434944,8,1.12003446259885,0.77388433226339,1.79504264392324,8
MMRd,Tcd8-GZMK,"(-30,-25]","[0,0.729]",-27.5,0.364704876434944,6,0.500601298145036,0.243059928746682,0.617632379503755,8
MMRd,Tcd8-HOBIT,"(-30,-25]","[0,0.729]",-27.5,0.364704876434944,7,0.441501103752759,0.291920321598301,0.521396639988463,8
MMRd,Tplzf-gdlike-comb,"(-30,-25]","[0,0.729]",-27.5,0.364704876434944,6,0.675614194722475,0.583563815890233,0.840823084200568,8
MMRd,Myeloid-noDC-noGran,"(-35,-30]","(1.46,2.19]",-32.5,1.82352438217472,8,15.2189413402447,11.1072261072261,24.9963992510442,8
MMRd,Myeloid-noDC-noGran,"(-35,-30]","(2.19,2.92]",-32.5,2.55293413504461,8,17.5765217821293,13.2595155620028,20.7417582417582,8
MMRd,Myeloid-ISG,"(-35,-30]","(2.92,3.65]",-32.5,3.2823438879145,7,4.19301164725458,3.85669809188413,5.2780856363138,8
MMRd,Myeloid-noDC-noGran,"(-35,-30]","(2.92,3.65]",-32.5,3.2823438879145,8,18.7922421392889,15.2021992331621,21.3536540017936,8
MMRd,Tcd4-Treg-comb,"(-35,-30]","(2.92,3.65]",-32.5,3.2823438879145,8,1.82546236281353,1.17535358826611,3.08982383857592,8
MMRd,Tcd8-HOBIT,"(-35,-30]","(2.92,3.65]",-32.5,3.2823438879145,4,0.984681198480772,0.797977653465787,1.02496725095128,8
MMRd,CD8-all,"(-35,-30]","(2.92,3.65]",-32.5,3.2823438879145,8,1.74436618879077,0.985285418515232,2.40546300866829,8
MMRd,Myeloid-mregDC,"(-35,-30]","(3.65,4.38]",-32.5,4.01175364078438,6,1.13877609909928,0.793421169767649,1.45584095707248,8
MMRd,Myeloid-ISG,"(-35,-30]","(3.65,4.38]",-32.5,4.01175364078438,8,8.33233209179382,5.82096474953618,9.79697603651578,8
MMRd,Myeloid-noDC-noGran,"(-35,-30]","(3.65,4.38]",-32.5,4.01175364078438,8,22.397132276659,19.0340909090909,26.6193156437059,8
MMRd,Tcd4-CXCL13,"(-35,-30]","(3.65,4.38]",-32.5,4.01175364078438,7,0.732600732600733,0.508394847300622,1.25018659501418,8
MMRd,Tcd4-Treg-comb,"(-35,-30]","(3.65,4.38]",-32.5,4.01175364078438,8,2.26727295692813,1.29271999406924,2.82545644731837,8
MMRd,Tcd8-CXCL13-comb,"(-35,-30]","(3.65,4.38]",-32.5,4.01175364078438,7,0.60790273556231,0.490377943126464,1.17181018748963,8
MMRd,CD8-all,"(-35,-30]","(3.65,4.38]",-32.5,4.01175364078438,7,1.62107396149949,1.38106966924701,3.2129128822669,8
MMRd,Tplzf-gdlike-comb,"(-35,-30]","(3.65,4.38]",-32.5,4.01175364078438,5,0.60790273556231,0.510204081632653,0.757575757575758,8
MMRd,Myeloid-mregDC,"(-35,-30]","(4.38,5.11]",-32.5,4.74116339365427,6,1.21313833613042,0.8174334513002,1.56636967683479,8
MMRd,Myeloid-ISG,"(-35,-30]","(4.38,5.11]",-32.5,4.74116339365427,7,13.9175257731959,7.77488614183474,15.9527040124055,8
MMRd,Myeloid-noDC-noGran,"(-35,-30]","(4.38,5.11]",-32.5,4.74116339365427,7,25.8620689655172,22.359463139467,30.4726368159204,8
MMRd,Tcd4-CXCL13,"(-35,-30]","(4.38,5.11]",-32.5,4.74116339365427,6,1.00247690453876,0.941180912111145,1.93683643637483,8
MMRd,Tcd4-Treg-comb,"(-35,-30]","(4.38,5.11]",-32.5,4.74116339365427,6,2.48917748917749,1.90210732663563,3.07716338644174,8
MMRd,Tcd8-CXCL13-comb,"(-35,-30]","(4.38,5.11]",-32.5,4.74116339365427,6,1.08038513210927,0.60211517952364,1.46103896103896,8
MMRd,CD8-all,"(-35,-30]","(4.38,5.11]",-32.5,4.74116339365427,7,2.98507462686567,1.40506045678459,4.10949113779303,8
MMRd,Tplzf-gdlike-comb,"(-35,-30]","(4.38,5.11]",-32.5,4.74116339365427,5,0.515463917525773,0.465116279069768,0.862068965517241,8
MMRd,Myeloid-ISG,"(-35,-30]","(5.11,5.84]",-32.5,5.47057314652416,6,24.6218487394958,11.9634340222576,26.4285714285714,8
MMRd,Myeloid-noDC-noGran,"(-35,-30]","(5.11,5.84]",-32.5,5.47057314652416,7,25.2252252252252,20.0428515777172,30.4761904761905,8
MMRd,CD8-all,"(-35,-30]","(5.11,5.84]",-32.5,5.47057314652416,4,2.32947232947233,1.68247717916592,3.61344537815126,8
MMRd,Myeloid-mregDC,"(-35,-30]","[0,0.729]",-32.5,0.364704876434944,8,0.454733076499725,0.370486640042818,0.807875773875977,8
MMRd,Myeloid-ISG,"(-35,-30]","[0,0.729]",-32.5,0.364704876434944,8,3.53691351474267,1.04136646218453,3.97414898162655,8
MMRd,Myeloid-noDC-noGran,"(-35,-30]","[0,0.729]",-32.5,0.364704876434944,8,16.7652724270776,12.0822861855022,20.920278087892,8
MMRd,Tcd4-Treg-comb,"(-35,-30]","[0,0.729]",-32.5,0.364704876434944,8,1.68065492570171,0.593055731148069,2.24240163355062,8
MMRd,Myeloid-noDC-noGran,"(-40,-35]","(1.46,2.19]",-37.5,1.82352438217472,8,15.8657929862881,11.5302679776364,28.0092592592593,8
MMRd,Myeloid-mregDC,"(-40,-35]","(2.19,2.92]",-37.5,2.55293413504461,7,0.766283524904215,0.539566303360581,1.40660062393958,8
MMRd,Tcd8-HOBIT,"(-40,-35]","(2.19,2.92]",-37.5,2.55293413504461,5,0.929978118161926,0.826446280991736,1.20481927710843,8
MMRd,CD8-all,"(-40,-35]","(2.19,2.92]",-37.5,2.55293413504461,8,1.59975165562914,1.19097077967041,2.32155451471147,8
MMRd,Myeloid-mregDC,"(-40,-35]","(2.92,3.65]",-37.5,3.2823438879145,7,0.934579439252336,0.748509561181472,1.44728719390905,8
MMRd,Myeloid-ISG,"(-40,-35]","(2.92,3.65]",-37.5,3.2823438879145,8,4.0271113049941,3.19123396666438,5.39310735107676,8
MMRd,Myeloid-noDC-noGran,"(-40,-35]","(2.92,3.65]",-37.5,3.2823438879145,8,17.2012402021656,14.241979023142,24.3350107836089,8
MMRd,Tcd4-Treg-comb,"(-40,-35]","(2.92,3.65]",-37.5,3.2823438879145,8,3.1544957774466,2.24687737399078,3.50552515824482,8
MMRd,Myeloid-mregDC,"(-40,-35]","(3.65,4.38]",-37.5,4.01175364078438,6,1.60342904815821,0.866113823721729,1.8138941097202,8
MMRd,Myeloid-ISG,"(-40,-35]","(3.65,4.38]",-37.5,4.01175364078438,8,6.07838715497023,4.74805476582373,9.79791724011377,8
MMRd,Myeloid-noDC-noGran,"(-40,-35]","(3.65,4.38]",-37.5,4.01175364078438,8,21.8548168861627,17.8578108633847,25.6778144783925,8
MMRd,Tcd4-Treg-comb,"(-40,-35]","(3.65,4.38]",-37.5,4.01175364078438,7,2.45398773006135,1.88225151765509,3.27146851885261,8
MMRd,Tcd8-CXCL13-comb,"(-40,-35]","(3.65,4.38]",-37.5,4.01175364078438,6,1.12151294295049,0.93447845296792,1.40934929124793,8
MMRd,CD8-all,"(-40,-35]","(3.65,4.38]",-37.5,4.01175364078438,7,1.6304347826087,1.38804940962143,3.49722544844496,8
MMRd,Tplzf-gdlike-comb,"(-40,-35]","(3.65,4.38]",-37.5,4.01175364078438,4,1.20918495635619,0.545560654856116,1.8320739188987,8
MMRd,Myeloid-mregDC,"(-40,-35]","(4.38,5.11]",-37.5,4.74116339365427,7,1.72413793103448,1.31216658062296,2.27806721830626,8
MMRd,Myeloid-ISG,"(-40,-35]","(4.38,5.11]",-37.5,4.74116339365427,7,15.9362549800797,10.4371020478403,17.006880733945,8
MMRd,Myeloid-noDC-noGran,"(-40,-35]","(4.38,5.11]",-37.5,4.74116339365427,7,26.605504587156,21.3001204611943,39.9784482758621,8
MMRd,Tcd4-CXCL13,"(-40,-35]","(4.38,5.11]",-37.5,4.74116339365427,7,1.28205128205128,0.857121970832267,1.53320990511456,8
MMRd,Tcd4-Treg-comb,"(-40,-35]","(4.38,5.11]",-37.5,4.74116339365427,6,2.3828581983868,1.46489416623645,4.05345800988003,8
MMRd,Tcd8-CXCL13-comb,"(-40,-35]","(4.38,5.11]",-37.5,4.74116339365427,6,1.2687505013503,0.779574011645725,2.3997906532849,8
MMRd,CD8-all,"(-40,-35]","(4.38,5.11]",-37.5,4.74116339365427,7,3.44827586206897,2.30382034073309,4.79357798165138,8
MMRd,Tcd8-HOBIT,"(-40,-35]","(4.38,5.11]",-37.5,4.74116339365427,4,1.26602564102564,1.16685779816514,1.76282051282051,8
MMRd,Tplzf-gdlike-comb,"(-40,-35]","(4.38,5.11]",-37.5,4.74116339365427,4,1.03943201552763,0.757865972009398,1.29710893133712,8
MMRd,Myeloid-ISG,"(-40,-35]","(5.11,5.84]",-37.5,5.47057314652416,5,31.25,8.3969465648855,36.3636363636364,8
MMRd,Myeloid-noDC-noGran,"(-40,-35]","(5.11,5.84]",-37.5,5.47057314652416,5,37.5,18.6046511627907,50,8
MMRd,CD8-all,"(-40,-35]","(5.11,5.84]",-37.5,5.47057314652416,4,3.51605758582503,2.35823336968375,5.05087209302326,8
MMRd,Myeloid-mregDC,"(-40,-35]","[0,0.729]",-37.5,0.364704876434944,5,0.862068965517241,0.521821631878558,1.04712041884817,8
MMRd,Myeloid-ISG,"(-40,-35]","[0,0.729]",-37.5,0.364704876434944,8,3.00543221539915,2.06329146571068,4.11212369134736,8
MMRd,Myeloid-noDC-noGran,"(-40,-35]","[0,0.729]",-37.5,0.364704876434944,8,18.4443672757061,12.2836648563764,20.52086829179,8
MMRd,Tcd4-CXCL13,"(-40,-35]","[0,0.729]",-37.5,0.364704876434944,7,0.510204081632653,0.344668368732685,0.692814587470663,8
MMRd,Tcd4-Treg-comb,"(-40,-35]","[0,0.729]",-37.5,0.364704876434944,6,1.89078249100687,1.03922188120599,2.50955220797997,8
MMRd,Myeloid-ISG,"(-45,-40]","(2.92,3.65]",-42.5,3.2823438879145,8,3.71036504130029,3.47474977252047,5.34738889348672,8
MMRd,Myeloid-noDC-noGran,"(-45,-40]","(2.92,3.65]",-42.5,3.2823438879145,8,20.0005517393583,14.0787370103917,25.3746026493979,8
MMRd,Myeloid-mregDC,"(-45,-40]","(3.65,4.38]",-42.5,4.01175364078438,6,1.24148314492051,0.866566451498806,2.05688194520849,8
MMRd,Myeloid-ISG,"(-45,-40]","(3.65,4.38]",-42.5,4.01175364078438,7,6.73267326732673,5.11076795153531,10.7261734089634,8
MMRd,Myeloid-noDC-noGran,"(-45,-40]","(3.65,4.38]",-42.5,4.01175364078438,8,22.9957928333092,15.8958038661009,28.8298803618325,8
MMRd,Tcd4-CXCL13,"(-45,-40]","(3.65,4.38]",-42.5,4.01175364078438,5,0.775193798449612,0.655737704918033,0.88495575221239,8
MMRd,Tcd4-Treg-comb,"(-45,-40]","(3.65,4.38]",-42.5,4.01175364078438,6,2.69744416302095,1.90882897715579,3.47224476546015,8
MMRd,Tcd8-CXCL13-comb,"(-45,-40]","(3.65,4.38]",-42.5,4.01175364078438,7,0.760456273764259,0.533590271778856,1.47455342096394,8
MMRd,CD8-all,"(-45,-40]","(3.65,4.38]",-42.5,4.01175364078438,7,1.9672131147541,1.44059303799334,3.72650308509112,8
MMRd,Myeloid-ISG,"(-45,-40]","(4.38,5.11]",-42.5,4.74116339365427,7,11.6279069767442,7.18243819266837,12.362691736764,8
MMRd,Myeloid-noDC-noGran,"(-45,-40]","(4.38,5.11]",-42.5,4.74116339365427,7,27.6595744680851,22.6673456685339,29.0501446480231,8
MMRd,Tcd4-Treg-comb,"(-45,-40]","(4.38,5.11]",-42.5,4.74116339365427,7,3.25581395348837,1.61887141535615,3.60012857602057,8
MMRd,Tcd8-CXCL13-comb,"(-45,-40]","(4.38,5.11]",-42.5,4.74116339365427,6,1.71031916416202,1.06263792225429,2.08594075928244,8
MMRd,CD8-all,"(-45,-40]","(4.38,5.11]",-42.5,4.74116339365427,6,3.50903434246739,2.20051524259339,4.51296225695768,8
MMRd,Myeloid-ISG,"(-45,-40]","(5.11,5.84]",-42.5,5.47057314652416,5,10,9.375,26.6666666666667,8
MMRd,Myeloid-noDC-noGran,"(-45,-40]","(5.11,5.84]",-42.5,5.47057314652416,5,22.3684210526316,15.625,53.3333333333333,8
MMRd,CD8-all,"(-45,-40]","(5.11,5.84]",-42.5,5.47057314652416,4,5.89364035087719,4.46180555555556,7.43421052631579,8
MMRd,Tcd8-CXCL13-comb,"(-45,-40]","(5.11,5.84]",-42.5,5.47057314652416,4,2.42690058479532,1.92708333333333,4.47368421052632,8
MMRd,Myeloid-mregDC,"(-45,-40]","[0,0.729]",-42.5,0.364704876434944,4,0.662020905923345,0.537887975564838,0.773809523809524,8
MMRd,Myeloid-ISG,"(-45,-40]","[0,0.729]",-42.5,0.364704876434944,8,3.26993120194253,1.20551431321616,4.02542861757851,8
MMRd,Myeloid-noDC-noGran,"(-45,-40]","[0,0.729]",-42.5,0.364704876434944,8,19.309668989547,10.6769768852437,23.1698966287076,8
MMRd,Tcd4-Treg-comb,"(-45,-40]","[0,0.729]",-42.5,0.364704876434944,7,1.42857142857143,0.967129704409627,2.76374638253091,8
MMRd,Myeloid-mregDC,"(-5,0]","(1.46,2.19]",-2.5,1.82352438217472,8,0.369452191808518,0.301510071315418,0.539808607215095,8
MMRd,Myeloid-ISG,"(-5,0]","(1.46,2.19]",-2.5,1.82352438217472,8,2.30690006813345,1.55028017415142,3.48683028322859,8
MMRd,Myeloid-noDC-noGran,"(-5,0]","(1.46,2.19]",-2.5,1.82352438217472,8,16.6524269000657,13.8076354791933,19.6270410150387,8
MMRd,Tcd4-CXCL13,"(-5,0]","(1.46,2.19]",-2.5,1.82352438217472,8,0.487231336354987,0.332842544327007,0.751040402288885,8
MMRd,Tcd4-Treg-comb,"(-5,0]","(1.46,2.19]",-2.5,1.82352438217472,8,1.07948985491522,0.794825306307982,1.29816913757183,8
MMRd,Tcd8-CXCL13-comb,"(-5,0]","(1.46,2.19]",-2.5,1.82352438217472,7,0.651671221357999,0.475390586777129,1.09818774547766,8
MMRd,CD8-all,"(-5,0]","(1.46,2.19]",-2.5,1.82352438217472,8,1.49274981235165,1.07108081791626,2.11616436542657,8
MMRd,Tcd8-GZMK,"(-5,0]","(1.46,2.19]",-2.5,1.82352438217472,8,0.254853845614829,0.160115609209303,0.476882924142433,8
MMRd,Tcd8-HOBIT,"(-5,0]","(1.46,2.19]",-2.5,1.82352438217472,8,0.389746444473342,0.313960398441164,0.562499362498597,8
MMRd,Tplzf-gdlike-comb,"(-5,0]","(1.46,2.19]",-2.5,1.82352438217472,8,0.573296637525162,0.411219228882672,1.18699573639062,8
MMRd,Myeloid-mregDC,"(-5,0]","(2.19,2.92]",-2.5,2.55293413504461,8,0.395587269486172,0.286848867753996,0.44982719163047,8
MMRd,Myeloid-ISG,"(-5,0]","(2.19,2.92]",-2.5,2.55293413504461,8,3.23366965743537,1.75799558864075,4.24280265925264,8
MMRd,Myeloid-noDC-noGran,"(-5,0]","(2.19,2.92]",-2.5,2.55293413504461,8,17.7444811976957,15.4920852694784,20.3997234620178,8
MMRd,Tcd4-CXCL13,"(-5,0]","(2.19,2.92]",-2.5,2.55293413504461,8,0.483580928642984,0.356851103306171,0.929179025237318,8
MMRd,Tcd4-Treg-comb,"(-5,0]","(2.19,2.92]",-2.5,2.55293413504461,8,1.07830690738525,0.762079071505301,1.72074388971937,8
MMRd,Tcd8-CXCL13-comb,"(-5,0]","(2.19,2.92]",-2.5,2.55293413504461,8,0.701076648804457,0.628407011618145,0.998011581271687,8
MMRd,CD8-all,"(-5,0]","(2.19,2.92]",-2.5,2.55293413504461,8,1.6026826952186,1.2453576774623,3.12787123823331,8
MMRd,Tcd8-CXCL13-LAG3,"(-5,0]","(2.19,2.92]",-2.5,2.55293413504461,8,0.232355353617421,0.183279310582313,0.312472387439973,8
MMRd,Tplzf-gdlike-comb,"(-5,0]","(2.19,2.92]",-2.5,2.55293413504461,8,0.60889899626381,0.469740832644059,0.961711535048669,8
MMRd,Myeloid-mregDC,"(-5,0]","(2.92,3.65]",-2.5,3.2823438879145,8,0.43023350509358,0.383877703041587,0.601805565358109,8
MMRd,Myeloid-ISG,"(-5,0]","(2.92,3.65]",-2.5,3.2823438879145,8,4.30305778009834,3.19335643747882,6.07838702241687,8
MMRd,Myeloid-noDC-noGran,"(-5,0]","(2.92,3.65]",-2.5,3.2823438879145,8,20.8310958049027,15.3474442596949,24.5426151097793,8
MMRd,Tcd4-CXCL13,"(-5,0]","(2.92,3.65]",-2.5,3.2823438879145,8,0.509859273924935,0.373125336539971,1.04388561720318,8
MMRd,Tcd4-Treg-comb,"(-5,0]","(2.92,3.65]",-2.5,3.2823438879145,8,1.38157797322909,0.923223644511232,1.81734457736403,8
MMRd,Tcd8-CXCL13-comb,"(-5,0]","(2.92,3.65]",-2.5,3.2823438879145,8,1.07406190491706,0.847593082730278,1.45308221477925,8
MMRd,CD8-all,"(-5,0]","(2.92,3.65]",-2.5,3.2823438879145,8,2.07762713097964,1.81785630528009,4.48767553069481,8
MMRd,Tcd8-CXCL13-LAG3,"(-5,0]","(2.92,3.65]",-2.5,3.2823438879145,8,0.34956241799835,0.269908164884503,0.445334672313671,8
MMRd,Tcd8-GZMK,"(-5,0]","(2.92,3.65]",-2.5,3.2823438879145,8,0.320629497913808,0.200308255330643,0.762430328834143,8
MMRd,Tcd8-HOBIT,"(-5,0]","(2.92,3.65]",-2.5,3.2823438879145,8,0.368714308036376,0.291650008884151,0.850997722821469,8
MMRd,Tplzf-gdlike-comb,"(-5,0]","(2.92,3.65]",-2.5,3.2823438879145,8,0.554829836433329,0.318302460909737,0.90498368647092,8
MMRd,Myeloid-mregDC,"(-5,0]","(3.65,4.38]",-2.5,4.01175364078438,8,0.734846421406672,0.611773307771472,0.88932514885067,8
MMRd,Myeloid-ISG,"(-5,0]","(3.65,4.38]",-2.5,4.01175364078438,8,6.39038438449824,5.09532693995423,8.00569967044723,8
MMRd,Myeloid-noDC-noGran,"(-5,0]","(3.65,4.38]",-2.5,4.01175364078438,8,23.2210237381235,16.8695629505077,28.0591808652393,8
MMRd,Tcd4-CXCL13,"(-5,0]","(3.65,4.38]",-2.5,4.01175364078438,8,0.922468031148435,0.659227961898627,1.53590939942947,8
MMRd,Tcd4-Treg-comb,"(-5,0]","(3.65,4.38]",-2.5,4.01175364078438,8,1.45147049893504,0.922828070563513,2.56880867441283,8
MMRd,Tcd8-CXCL13-comb,"(-5,0]","(3.65,4.38]",-2.5,4.01175364078438,8,1.33516901199358,0.751104475044087,1.71971635110569,8
MMRd,CD8-all,"(-5,0]","(3.65,4.38]",-2.5,4.01175364078438,8,2.41929678239002,1.73515308157702,5.30581015079527,8
MMRd,Tcd8-CXCL13-LAG3,"(-5,0]","(3.65,4.38]",-2.5,4.01175364078438,8,0.447360547835915,0.288812200747251,0.576206676312256,8
MMRd,Tcd8-GZMK,"(-5,0]","(3.65,4.38]",-2.5,4.01175364078438,7,0.257447591026113,0.245118043136455,1.07621319360263,8
MMRd,Tcd8-HOBIT,"(-5,0]","(3.65,4.38]",-2.5,4.01175364078438,8,0.624141411711058,0.397892593689936,1.08508517535824,8
MMRd,Tplzf-gdlike-comb,"(-5,0]","(3.65,4.38]",-2.5,4.01175364078438,8,0.676567382487867,0.540529904876435,1.02181001789418,8
MMRd,Myeloid-mregDC,"(-5,0]","(4.38,5.11]",-2.5,4.74116339365427,8,0.798489515210329,0.712548322199253,1.00960683152464,8
MMRd,Myeloid-ISG,"(-5,0]","(4.38,5.11]",-2.5,4.74116339365427,8,10.3919378112926,8.54500469152246,13.3934523214345,8
MMRd,Myeloid-noDC-noGran,"(-5,0]","(4.38,5.11]",-2.5,4.74116339365427,8,24.0938032406823,18.1404468108069,33.2825455318546,8
MMRd,Tcd4-CXCL13,"(-5,0]","(4.38,5.11]",-2.5,4.74116339365427,8,1.11267703657306,0.718678132186781,1.98822414888897,8
MMRd,Tcd4-Treg-comb,"(-5,0]","(4.38,5.11]",-2.5,4.74116339365427,8,1.60151470402093,1.473583020276,2.42761723124595,8
MMRd,Tcd8-CXCL13-comb,"(-5,0]","(4.38,5.11]",-2.5,4.74116339365427,8,1.80639407437346,1.38390785198937,2.19514328961071,8
MMRd,CD8-all,"(-5,0]","(4.38,5.11]",-2.5,4.74116339365427,8,3.22703392743163,2.41287389864751,5.67366309686759,8
MMRd,Tcd8-CXCL13-LAG3,"(-5,0]","(4.38,5.11]",-2.5,4.74116339365427,7,0.716845878136201,0.300279143249057,0.892660285408003,8
MMRd,Tcd8-GZMK,"(-5,0]","(4.38,5.11]",-2.5,4.74116339365427,7,0.537634408602151,0.205396127053961,0.887315589262716,8
MMRd,Tcd8-HOBIT,"(-5,0]","(4.38,5.11]",-2.5,4.74116339365427,7,0.896057347670251,0.43927829844548,1.20336726984926,8
MMRd,Tplzf-gdlike-comb,"(-5,0]","(4.38,5.11]",-2.5,4.74116339365427,6,0.937457021525024,0.771459592392015,1.12190715630109,8
MMRd,Myeloid-mregDC,"(-5,0]","(5.11,5.84]",-2.5,5.47057314652416,4,0.987255015209272,0.726878462358234,1.34845822016297,8
MMRd,Myeloid-ISG,"(-5,0]","(5.11,5.84]",-2.5,5.47057314652416,7,19.3939393939394,13.2136359766806,25.1161590087765,8
MMRd,Myeloid-noDC-noGran,"(-5,0]","(5.11,5.84]",-2.5,5.47057314652416,7,28.5359801488834,24.4076084863887,39.0300415468201,8
MMRd,Tcd4-CXCL13,"(-5,0]","(5.11,5.84]",-2.5,5.47057314652416,4,1.66970480622048,1.17680095935043,2.25302679567672,8
MMRd,Tcd4-Treg-comb,"(-5,0]","(5.11,5.84]",-2.5,5.47057314652416,6,1.88933260724874,1.35613961778225,2.41341991341991,8
MMRd,Tcd8-CXCL13-comb,"(-5,0]","(5.11,5.84]",-2.5,5.47057314652416,4,1.74384718280137,1.52186220969321,2.45305223530005,8
MMRd,CD8-all,"(-5,0]","(5.11,5.84]",-2.5,5.47057314652416,6,2.55440309131584,2.39177489177489,3.91129341736098,8
MMRd,Tcd8-CXCL13-LAG3,"(-5,0]","(5.11,5.84]",-2.5,5.47057314652416,4,0.557159909129414,0.469067871363077,0.981840739905256,8
MMRd,Tcd8-HOBIT,"(-5,0]","(5.11,5.84]",-2.5,5.47057314652416,5,0.671140939597315,0.508259212198221,2.23325062034739,8
MMRd,Myeloid-ISG,"(-5,0]","(5.84,6.56]",-2.5,6.19998289939405,4,19.4444444444444,13.6775362318841,25.4166666666667,8
MMRd,Myeloid-noDC-noGran,"(-5,0]","(5.84,6.56]",-2.5,6.19998289939405,4,23.6111111111111,21.7391304347826,25.4166666666667,8
MMRd,Myeloid-mregDC,"(-5,0]","[0,0.729]",-2.5,0.364704876434944,8,0.372036482284852,0.227540573309782,0.59295200303702,8
MMRd,Myeloid-ISG,"(-5,0]","[0,0.729]",-2.5,0.364704876434944,8,2.76132057184343,1.46816148042888,3.46920910405724,8
MMRd,Myeloid-noDC-noGran,"(-5,0]","[0,0.729]",-2.5,0.364704876434944,8,16.4930900644742,11.8760361786184,18.5241125545351,8
MMRd,Tcd4-Treg-comb,"(-5,0]","[0,0.729]",-2.5,0.364704876434944,8,0.800886507471001,0.414326854672913,0.883548905793068,8
MMRd,Tcd8-CXCL13-comb,"(-5,0]","[0,0.729]",-2.5,0.364704876434944,8,0.638581631042856,0.312431202968496,1.06911257720057,8
MMRd,CD8-all,"(-5,0]","[0,0.729]",-2.5,0.364704876434944,8,1.10726615808484,0.828733342643568,2.35391432503392,8
MMRd,Tcd8-HOBIT,"(-5,0]","[0,0.729]",-2.5,0.364704876434944,7,0.359712230215827,0.289724494488023,0.627011006243269,8
MMRd,Tplzf-gdlike-comb,"(-5,0]","[0,0.729]",-2.5,0.364704876434944,8,0.615594412055578,0.343427453495613,0.79929873019901,8
MMRd,Myeloid-mregDC,"(-50,-45]","(2.92,3.65]",-47.5,3.2823438879145,5,1.67064439140811,1.29310344827586,1.67714884696017,8
MMRd,Myeloid-noDC-noGran,"(-50,-45]","(2.92,3.65]",-47.5,3.2823438879145,8,20.4279195955112,14.2794641240722,26.4596394984326,8
MMRd,Tcd4-Treg-comb,"(-50,-45]","(2.92,3.65]",-47.5,3.2823438879145,7,2.27272727272727,1.98039215686275,2.63671578307762,8
MMRd,Myeloid-mregDC,"(-50,-45]","(3.65,4.38]",-47.5,4.01175364078438,7,2.46913580246914,1.00574712643678,3.68114406779661,8
MMRd,Myeloid-ISG,"(-50,-45]","(3.65,4.38]",-47.5,4.01175364078438,7,8.4051724137931,6.32757092198582,8.90149861777972,8
MMRd,Myeloid-noDC-noGran,"(-50,-45]","(3.65,4.38]",-47.5,4.01175364078438,8,21.098295373918,18.8924605493863,28.800975177305,8
MMRd,Tcd4-CXCL13,"(-50,-45]","(3.65,4.38]",-47.5,4.01175364078438,5,0.847457627118644,0.823045267489712,1.04166666666667,8
MMRd,Tcd4-Treg-comb,"(-50,-45]","(3.65,4.38]",-47.5,4.01175364078438,8,1.99688291447497,1.0582890070922,3.35814442315879,8
MMRd,Tcd8-GZMK,"(-50,-45]","(3.65,4.38]",-47.5,4.01175364078438,5,1.23456790123457,0.847457627118644,2.37068965517241,8
MMRd,CD8-all,"(-50,-45]","(3.65,4.38]",-47.5,4.01175364078438,5,2.46913580246914,1.77215189873418,4.74137931034483,8
MMRd,Tcd8-HOBIT,"(-50,-45]","(3.65,4.38]",-47.5,4.01175364078438,4,0.62949013043175,0.371933114549148,0.851110461718293,8
MMRd,Tplzf-gdlike-comb,"(-50,-45]","(3.65,4.38]",-47.5,4.01175364078438,4,0.854763296317943,0.825466638060502,0.933908045977011,8
MMRd,Myeloid-mregDC,"(-50,-45]","(4.38,5.11]",-47.5,4.74116339365427,5,2.06185567010309,1.70940170940171,2.12765957446809,8
MMRd,Myeloid-ISG,"(-50,-45]","(4.38,5.11]",-47.5,4.74116339365427,7,9.34579439252336,6.67967298402081,12.1064363332405,8
MMRd,Myeloid-noDC-noGran,"(-50,-45]","(4.38,5.11]",-47.5,4.74116339365427,7,23.3644859813084,21.4203894616266,35.9401955146636,8
MMRd,Tcd4-Treg-comb,"(-50,-45]","(4.38,5.11]",-47.5,4.74116339365427,5,3.73831775700935,1.875,4.12371134020619,8
MMRd,CD8-all,"(-50,-45]","(4.38,5.11]",-47.5,4.74116339365427,7,3.73831775700935,2.41518113858539,3.93685567010309,8
MMRd,Tcd8-CXCL13-comb,"(-50,-45]","(4.38,5.11]",-47.5,4.74116339365427,4,1.40478971962617,0.914609793114466,2.49320652173913,8
MMRd,Myeloid-ISG,"(-50,-45]","(5.11,5.84]",-47.5,5.47057314652416,4,13.8309430682312,12.8010704727921,21.9405594405594,8
MMRd,Myeloid-noDC-noGran,"(-50,-45]","(5.11,5.84]",-47.5,5.47057314652416,4,23.8374619730552,21.7885816235504,35.8974358974359,8
MMRd,Myeloid-ISG,"(-50,-45]","[0,0.729]",-47.5,0.364704876434944,8,3.44979448032883,1.45074995427108,4.22340817077659,8
MMRd,Myeloid-noDC-noGran,"(-50,-45]","[0,0.729]",-47.5,0.364704876434944,8,18.354014406646,11.5967365967366,22.2537383666214,8
MMRd,Myeloid-noDC-noGran,"(-55,-50]","(2.19,2.92]",-52.5,2.55293413504461,8,18.4027777777778,14.2854763723869,23.3596548355585,8
MMRd,Tcd8-HOBIT,"(-55,-50]","(2.19,2.92]",-52.5,2.55293413504461,7,0.890019071837254,0.68506006006006,1.18380498739143,8
MMRd,CD8-all,"(-55,-50]","(2.19,2.92]",-52.5,2.55293413504461,7,2.08333333333333,1.61592315206773,2.46603291000754,8
MMRd,Myeloid-mregDC,"(-55,-50]","(2.92,3.65]",-52.5,3.2823438879145,5,0.301204819277108,0.286532951289398,1.18343195266272,8
MMRd,Myeloid-noDC-noGran,"(-55,-50]","(2.92,3.65]",-52.5,3.2823438879145,8,19.1815734452082,15.2300109529025,25.3913436887347,8
MMRd,Tcd4-Treg-comb,"(-55,-50]","(2.92,3.65]",-52.5,3.2823438879145,6,1.97641910781573,1.79325471117974,2.2958941027267,8
MMRd,Tcd8-CXCL13-comb,"(-55,-50]","(2.92,3.65]",-52.5,3.2823438879145,6,1.16009492515517,0.471922331357764,2.24025974025974,8
MMRd,CD8-all,"(-55,-50]","(2.92,3.65]",-52.5,3.2823438879145,7,2.38095238095238,1.56557675945059,4.23800465017967,8
MMRd,Myeloid-ISG,"(-55,-50]","(3.65,4.38]",-52.5,4.01175364078438,7,6.38036809815951,5.23695738749502,7.25779967159278,8
MMRd,Myeloid-noDC-noGran,"(-55,-50]","(3.65,4.38]",-52.5,4.01175364078438,8,24.0247879973907,18.2185500362821,28.4163473818646,8
MMRd,Myeloid-mregDC,"(-55,-50]","(4.38,5.11]",-52.5,4.74116339365427,5,1.41843971631206,1.33333333333333,1.68067226890756,8
MMRd,Myeloid-ISG,"(-55,-50]","(4.38,5.11]",-52.5,4.74116339365427,7,13.6363636363636,9.11827956989247,18.4086879432624,8
MMRd,Myeloid-noDC-noGran,"(-55,-50]","(4.38,5.11]",-52.5,4.74116339365427,7,32.9545454545455,20.5,41.2765957446809,8
MMRd,Tcd4-Treg-comb,"(-55,-50]","(4.38,5.11]",-52.5,4.74116339365427,6,2.46969696969697,2.16392649903288,3.66666666666667,8
MMRd,CD8-all,"(-55,-50]","(4.38,5.11]",-52.5,4.74116339365427,6,3.68067226890756,2.54488158899924,6,8
MMRd,Tcd8-CXCL13-comb,"(-55,-50]","(4.38,5.11]",-52.5,4.74116339365427,4,2.17366946778711,1.57300420168067,3,8
MMRd,Tcd8-HOBIT,"(-55,-50]","(4.38,5.11]",-52.5,4.74116339365427,4,1.27740167633785,1.06235676088617,2.00132978723404,8
MMRd,Myeloid-ISG,"(-55,-50]","(5.11,5.84]",-52.5,5.47057314652416,4,10.6060606060606,8.80952380952381,19.4805194805195,8
MMRd,Myeloid-noDC-noGran,"(-55,-50]","(5.11,5.84]",-52.5,5.47057314652416,4,23.4848484848485,18.9177489177489,35.7142857142857,8
MMRd,Myeloid-ISG,"(-55,-50]","[0,0.729]",-52.5,0.364704876434944,8,3.2723063973064,2.37455538872875,3.97499551354908,8
MMRd,Myeloid-noDC-noGran,"(-55,-50]","[0,0.729]",-52.5,0.364704876434944,8,16.7871403001515,13.7629540095508,22.0381946521505,8
MMRd,Tcd8-CXCL13-comb,"(-55,-50]","[0,0.729]",-52.5,0.364704876434944,6,0.574788583509514,0.420855863467388,0.833422231704715,8
MMRd,CD8-all,"(-55,-50]","[0,0.729]",-52.5,0.364704876434944,7,0.925925925925926,0.701696157885351,1.58562367864693,8
MMRd,Myeloid-mregDC,"(-60,-55]","(2.92,3.65]",-57.5,3.2823438879145,6,1.524002313476,1.35052034058657,2.1094037541406,8
MMRd,Myeloid-noDC-noGran,"(-60,-55]","(2.92,3.65]",-57.5,3.2823438879145,8,20.9644039735099,17.3923054288657,33.0592105263158,8
MMRd,Myeloid-mregDC,"(-60,-55]","(3.65,4.38]",-57.5,4.01175364078438,7,1.38888888888889,1.02981029810298,1.74559805707347,8
MMRd,Myeloid-ISG,"(-60,-55]","(3.65,4.38]",-57.5,4.01175364078438,8,9.36247723132969,5.83452893352463,10.2777777777778,8
MMRd,Myeloid-noDC-noGran,"(-60,-55]","(3.65,4.38]",-57.5,4.01175364078438,8,20.2016578989319,15,25.2800546448087,8
MMRd,Tcd4-Treg-comb,"(-60,-55]","(3.65,4.38]",-57.5,4.01175364078438,7,2.03252032520325,1.85758513931889,2.96296296296296,8
MMRd,CD8-all,"(-60,-55]","(3.65,4.38]",-57.5,4.01175364078438,6,1.80006428801029,1.39667817083693,2.57352941176471,8
MMRd,Myeloid-mregDC,"(-60,-55]","(4.38,5.11]",-57.5,4.74116339365427,5,3.06122448979592,1.8348623853211,3.125,8
MMRd,Myeloid-ISG,"(-60,-55]","(4.38,5.11]",-57.5,4.74116339365427,7,8.47457627118644,6.90737833594976,16.1553899082569,8
MMRd,Myeloid-noDC-noGran,"(-60,-55]","(4.38,5.11]",-57.5,4.74116339365427,7,20.4081632653061,19.5444915254237,43.040293040293,8
MMRd,Tcd4-Treg-comb,"(-60,-55]","(4.38,5.11]",-57.5,4.74116339365427,5,4.76190476190476,2.04081632653061,6.25,8
MMRd,CD8-all,"(-60,-55]","(4.38,5.11]",-57.5,4.74116339365427,5,1.8348623853211,1.5625,6.12244897959184,8
MMRd,Myeloid-ISG,"(-60,-55]","(5.11,5.84]",-57.5,5.47057314652416,4,26.2148337595908,15.6546489563567,35.0155279503106,8
MMRd,Myeloid-noDC-noGran,"(-60,-55]","(5.11,5.84]",-57.5,5.47057314652416,4,44.7478991596639,29.1034155597723,58.0745341614907,8
MMRd,Myeloid-mregDC,"(-60,-55]","[0,0.729]",-57.5,0.364704876434944,7,0.65359477124183,0.419116187121781,0.855159582081008,8
MMRd,Myeloid-ISG,"(-60,-55]","[0,0.729]",-57.5,0.364704876434944,8,3.13208050113288,1.79738562091503,4.40387140980986,8
MMRd,Myeloid-noDC-noGran,"(-60,-55]","[0,0.729]",-57.5,0.364704876434944,8,18.6033429765349,12.8798822156786,20.0265517044481,8
MMRd,Tcd4-CXCL13,"(-60,-55]","[0,0.729]",-57.5,0.364704876434944,4,0.345548055287689,0.316282549466256,0.578102092496335,8
MMRd,Tcd4-Treg-comb,"(-60,-55]","[0,0.729]",-57.5,0.364704876434944,7,1.21951219512195,1.09260571698559,2.16924746173411,8
MMRd,Tcd8-GZMK,"(-60,-55]","[0,0.729]",-57.5,0.364704876434944,5,0.728597449908925,0.65359477124183,0.72992700729927,8
MMRd,CD8-all,"(-60,-55]","[0,0.729]",-57.5,0.364704876434944,7,1.21951219512195,1.09260571698559,1.82348796085783,8
MMRd,Myeloid-noDC-noGran,"(-65,-60]","(2.92,3.65]",-62.5,3.2823438879145,8,20.1874564239082,14.856360662732,25.95,8
MMRd,Tcd4-CXCL13,"(-65,-60]","(2.92,3.65]",-62.5,3.2823438879145,5,0.912721049629207,0.555555555555556,2.4390243902439,8
MMRd,Myeloid-ISG,"(-65,-60]","(3.65,4.38]",-62.5,4.01175364078438,7,8.97435897435897,7.30511219060837,13.0050505050505,8
MMRd,Myeloid-noDC-noGran,"(-65,-60]","(3.65,4.38]",-62.5,4.01175364078438,7,27.7777777777778,21.0041103934234,34.5911949685535,8
MMRd,Tcd4-Treg-comb,"(-65,-60]","(3.65,4.38]",-62.5,4.01175364078438,5,2.56410256410256,1.51515151515152,2.77777777777778,8
MMRd,Myeloid-ISG,"(-65,-60]","(4.38,5.11]",-62.5,4.74116339365427,6,10.0694444444444,7.30696798493409,14.9092741935484,8
MMRd,Myeloid-noDC-noGran,"(-65,-60]","(4.38,5.11]",-62.5,4.74116339365427,6,28.3423913043478,19.0625,35.9420289855073,8
MMRd,Tcd4-Treg-comb,"(-65,-60]","(4.38,5.11]",-62.5,4.74116339365427,4,2.36111111111111,1.91176470588235,3.56991525423729,8
MMRd,CD8-all,"(-65,-60]","(4.38,5.11]",-62.5,4.74116339365427,5,3.92156862745098,2.22222222222222,5.08474576271186,8
MMRd,Tcd8-HOBIT,"(-65,-60]","(4.38,5.11]",-62.5,4.74116339365427,4,1.38509203572079,1.05154965211891,1.89618644067797,8
MMRd,Myeloid-ISG,"(-65,-60]","(5.11,5.84]",-62.5,5.47057314652416,4,26.6666666666667,16.4150943396226,35,8
MMRd,Myeloid-noDC-noGran,"(-65,-60]","(5.11,5.84]",-62.5,5.47057314652416,4,40.6666666666667,25.7169811320755,53.75,8
MMRd,Myeloid-mregDC,"(-65,-60]","[0,0.729]",-62.5,0.364704876434944,5,0.399201596806387,0.317863954227591,1.16279069767442,8
MMRd,Myeloid-ISG,"(-65,-60]","[0,0.729]",-62.5,0.364704876434944,8,2.7536231884058,2.10919967217886,3.50460394286389,8
MMRd,Myeloid-noDC-noGran,"(-65,-60]","[0,0.729]",-62.5,0.364704876434944,8,15.9550464288814,11.184375877822,21.0308238028255,8
MMRd,Myeloid-mregDC,"(-70,-65]","(2.92,3.65]",-67.5,3.2823438879145,5,0.949367088607595,0.739371534195934,1.11111111111111,8
MMRd,Myeloid-noDC-noGran,"(-70,-65]","(2.92,3.65]",-67.5,3.2823438879145,8,21.3959212376934,15.1173238858082,26.1458333333333,8
MMRd,Myeloid-mregDC,"(-70,-65]","(3.65,4.38]",-67.5,4.01175364078438,4,1.33421985815603,1.06526831345826,1.87028140013727,8
MMRd,Myeloid-ISG,"(-70,-65]","(3.65,4.38]",-67.5,4.01175364078438,7,8.51063829787234,6.97115384615385,9.12442396313364,8
MMRd,Myeloid-noDC-noGran,"(-70,-65]","(3.65,4.38]",-67.5,4.01175364078438,8,22.6785714285714,18.0233177172061,28.0424362871171,8
MMRd,Tcd4-Treg-comb,"(-70,-65]","(3.65,4.38]",-67.5,4.01175364078438,7,2.85714285714286,1.53339568233185,3.06094411166676,8
MMRd,Tcd8-CXCL13-comb,"(-70,-65]","(3.65,4.38]",-67.5,4.01175364078438,6,1.875,0.844414893617021,3.04435483870968,8
MMRd,CD8-all,"(-70,-65]","(3.65,4.38]",-67.5,4.01175364078438,7,3.57751277683135,2.67673301304049,5,8
MMRd,Tcd8-HOBIT,"(-70,-65]","(3.65,4.38]",-67.5,4.01175364078438,4,1.60460992907801,0.702272644894704,2.8125,8
MMRd,Myeloid-ISG,"(-70,-65]","(4.38,5.11]",-67.5,4.74116339365427,6,17.0713938805245,10.1077050538525,17.9467084639498,8
MMRd,Myeloid-noDC-noGran,"(-70,-65]","(4.38,5.11]",-67.5,4.74116339365427,6,30.6945118989801,18.6612576064909,42.5416133162612,8
MMRd,CD8-all,"(-70,-65]","(4.38,5.11]",-67.5,4.74116339365427,5,1.96078431372549,1.17647058823529,2.8169014084507,8
MMRd,Myeloid-ISG,"(-70,-65]","(5.11,5.84]",-67.5,5.47057314652416,4,12.6984126984127,10.7142857142857,19.5378151260504,8
MMRd,Myeloid-noDC-noGran,"(-70,-65]","(5.11,5.84]",-67.5,5.47057314652416,4,19.4444444444444,16.0714285714286,26.9607843137255,8
MMRd,Myeloid-mregDC,"(-70,-65]","[0,0.729]",-67.5,0.364704876434944,5,0.704225352112676,0.339673913043478,1.16279069767442,8
MMRd,Myeloid-ISG,"(-70,-65]","[0,0.729]",-67.5,0.364704876434944,7,2.11267605633803,1.30405233200238,4.45656352104555,8
MMRd,Myeloid-noDC-noGran,"(-70,-65]","[0,0.729]",-67.5,0.364704876434944,8,14.2465885066308,11.5070751590668,25.0880281690141,8
MMRd,Tcd4-Treg-comb,"(-70,-65]","[0,0.729]",-67.5,0.364704876434944,7,1.47058823529412,1.35605188827283,2.31768200202225,8
MMRd,Tcd8-CXCL13-comb,"(-70,-65]","[0,0.729]",-67.5,0.364704876434944,5,0.826446280991736,0.671140939597315,1.16279069767442,8
MMRd,CD8-all,"(-70,-65]","[0,0.729]",-67.5,0.364704876434944,6,1.37536629170999,1.28493755840625,2.09629872256797,8
MMRd,Tcd8-HOBIT,"(-70,-65]","[0,0.729]",-67.5,0.364704876434944,5,0.704225352112676,0.671140939597315,1.16279069767442,8
MMRd,Tplzf-gdlike-comb,"(-70,-65]","[0,0.729]",-67.5,0.364704876434944,4,0.271091020023296,0.171942373338124,0.542375526767598,8
MMRd,Myeloid-mregDC,"(-75,-70]","(2.92,3.65]",-72.5,3.2823438879145,5,1.21951219512195,0.833333333333333,2.28136882129278,8
MMRd,Myeloid-noDC-noGran,"(-75,-70]","(2.92,3.65]",-72.5,3.2823438879145,8,18.5516580128197,14.6341463414634,29.5673076923077,8
MMRd,Tcd4-Treg-comb,"(-75,-70]","(2.92,3.65]",-72.5,3.2823438879145,7,3.65853658536585,2.48415610406938,5.60484438811435,8
MMRd,Myeloid-mregDC,"(-75,-70]","(3.65,4.38]",-72.5,4.01175364078438,4,3.04597701149425,2.21836790767963,3.86363636363636,8
MMRd,Myeloid-ISG,"(-75,-70]","(3.65,4.38]",-72.5,4.01175364078438,7,6.89655172413793,6.12217795484728,10.1365546218487,8
MMRd,Myeloid-noDC-noGran,"(-75,-70]","(3.65,4.38]",-72.5,4.01175364078438,7,28.5714285714286,21.4026247949379,33.3333333333333,8
MMRd,Tcd4-Treg-comb,"(-75,-70]","(3.65,4.38]",-72.5,4.01175364078438,4,1.90510684534589,1.53605015673981,2.68450009485866,8
MMRd,CD8-all,"(-75,-70]","(3.65,4.38]",-72.5,4.01175364078438,6,3.16381532692758,2.09893048128342,4.4180421172453,8
MMRd,Myeloid-ISG,"(-75,-70]","(4.38,5.11]",-72.5,4.74116339365427,5,7.59493670886076,5.55555555555556,18.421052631579,8
MMRd,Myeloid-noDC-noGran,"(-75,-70]","(4.38,5.11]",-72.5,4.74116339365427,6,27.1818787475017,19.157740993184,45.3947368421053,8
MMRd,CD8-all,"(-75,-70]","(4.38,5.11]",-72.5,4.74116339365427,5,5.12820512820513,1.42857142857143,5.55555555555556,8
MMRd,Myeloid-ISG,"(-75,-70]","(5.11,5.84]",-72.5,5.47057314652416,4,20.8333333333333,7.5,37.5,8
MMRd,Myeloid-noDC-noGran,"(-75,-70]","(5.11,5.84]",-72.5,5.47057314652416,4,26.3888888888889,12.9166666666667,43.75,8
MMRd,CD8-all,"(-75,-70]","(5.11,5.84]",-72.5,5.47057314652416,4,6.66666666666667,4.44444444444444,9.02777777777778,8
MMRd,Myeloid-ISG,"(-75,-70]","[0,0.729]",-72.5,0.364704876434944,8,3.35164835164835,2.24841938883035,4.27442528735632,8
MMRd,Myeloid-noDC-noGran,"(-75,-70]","[0,0.729]",-72.5,0.364704876434944,8,14.9720011788977,13.0345501955671,22.180316091954,8
MMRd,Tcd4-Treg-comb,"(-75,-70]","[0,0.729]",-72.5,0.364704876434944,6,1.82746631899174,1.18258178603006,3.11034362665428,8
MMRd,Myeloid-ISG,"(-80,-75]","(2.92,3.65]",-77.5,3.2823438879145,7,5.71428571428571,3.71148459383754,8.58815657410505,8
MMRd,Myeloid-noDC-noGran,"(-80,-75]","(2.92,3.65]",-77.5,3.2823438879145,8,21.0204081632653,15.5828240387064,24.566055930569,8
MMRd,Myeloid-ISG,"(-80,-75]","(3.65,4.38]",-77.5,4.01175364078438,5,9.43396226415094,5.2,9.52380952380952,8
MMRd,Myeloid-noDC-noGran,"(-80,-75]","(3.65,4.38]",-77.5,4.01175364078438,7,23.7037037037037,13.6454545454545,30.952380952381,8
MMRd,Myeloid-ISG,"(-80,-75]","(4.38,5.11]",-77.5,4.74116339365427,6,12.7873563218391,6.77083333333333,17.5456389452333,8
MMRd,Myeloid-noDC-noGran,"(-80,-75]","(4.38,5.11]",-77.5,4.74116339365427,6,25,22.9166666666667,28.75,8
MMRd,Myeloid-ISG,"(-80,-75]","(5.11,5.84]",-77.5,5.47057314652416,4,16.6666666666667,8.07926829268293,32.0833333333333,8
MMRd,Myeloid-noDC-noGran,"(-80,-75]","(5.11,5.84]",-77.5,5.47057314652416,4,27.5,23.6280487804878,40.8333333333333,8
MMRd,Myeloid-mregDC,"(-80,-75]","[0,0.729]",-77.5,0.364704876434944,4,0.650932887774993,0.328423288705034,1.09126984126984,8
MMRd,Myeloid-ISG,"(-80,-75]","[0,0.729]",-77.5,0.364704876434944,8,3.53897444975512,2.25794576021598,5.38888888888889,8
MMRd,Myeloid-noDC-noGran,"(-80,-75]","[0,0.729]",-77.5,0.364704876434944,8,18.2813355227148,13.4683948722698,25.6901408450704,8
MMRd,Tcd4-Treg-comb,"(-80,-75]","[0,0.729]",-77.5,0.364704876434944,5,1.48698884758364,1.06761565836299,1.58730158730159,8
MMRd,CD8-all,"(-80,-75]","[0,0.729]",-77.5,0.364704876434944,4,1.54023733612034,1.29538530340722,2.12817036660453,8
MMRd,Tcd8-HOBIT,"(-80,-75]","[0,0.729]",-77.5,0.364704876434944,4,0.52421947060961,0.367778380452182,0.904344193817878,8
MMRd,Myeloid-noDC-noGran,"(-85,-80]","(2.92,3.65]",-82.5,3.2823438879145,8,17.4324937599274,11.0833333333333,26.0842368640534,8
MMRd,CD8-all,"(-85,-80]","(2.92,3.65]",-82.5,3.2823438879145,4,3.16229601363969,2.32009781089893,3.79396024464832,8
MMRd,Myeloid-ISG,"(-85,-80]","(3.65,4.38]",-82.5,4.01175364078438,5,3.33333333333333,2.45901639344262,5.05263157894737,8
MMRd,Myeloid-noDC-noGran,"(-85,-80]","(3.65,4.38]",-82.5,4.01175364078438,7,20.8333333333333,15.7981018119068,30,8
MMRd,Myeloid-ISG,"(-85,-80]","(4.38,5.11]",-82.5,4.74116339365427,5,11.1111111111111,10.2564102564103,16.9811320754717,8
MMRd,Myeloid-noDC-noGran,"(-85,-80]","(4.38,5.11]",-82.5,4.74116339365427,5,22.2222222222222,20.5128205128205,30.6666666666667,8
MMRd,Tcd4-Treg-comb,"(-85,-80]","(4.38,5.11]",-82.5,4.74116339365427,4,3.88679245283019,3.69225764476252,4.92307692307692,8
MMRd,Myeloid-ISG,"(-85,-80]","[0,0.729]",-82.5,0.364704876434944,8,2.14144346219818,1.41405432037938,2.89392605633803,8
MMRd,Myeloid-noDC-noGran,"(-85,-80]","[0,0.729]",-82.5,0.364704876434944,8,14.7345612134345,13.0223218025535,26.2393162393162,8
MMRd,Tcd4-Treg-comb,"(-85,-80]","[0,0.729]",-82.5,0.364704876434944,5,1.60128102481986,1.53846153846154,2.05831903945111,8
MMRd,Tplzf-gdlike-comb,"(-85,-80]","[0,0.729]",-82.5,0.364704876434944,5,0.920245398773006,0.740740740740741,1.40845070422535,8
MMRd,Myeloid-ISG,"(-90,-85]","(2.92,3.65]",-87.5,3.2823438879145,8,4.9390243902439,4.55262235720126,6.57051282051282,8
MMRd,Myeloid-noDC-noGran,"(-90,-85]","(2.92,3.65]",-87.5,3.2823438879145,8,17.1166425561356,16.5322580645161,22.0394736842105,8
MMRd,Myeloid-ISG,"(-90,-85]","(3.65,4.38]",-87.5,4.01175364078438,6,9.15704387990762,5.82852193995381,10.4268292682927,8
MMRd,Myeloid-noDC-noGran,"(-90,-85]","(3.65,4.38]",-87.5,4.01175364078438,8,20,18.9501279570564,23.3536585365854,8
MMRd,Tcd4-Treg-comb,"(-90,-85]","(3.65,4.38]",-87.5,4.01175364078438,4,3.19892640908807,2.43353109206768,4.43802925327175,8
MMRd,Tcd8-CXCL13-comb,"(-90,-85]","(3.65,4.38]",-87.5,4.01175364078438,4,1.757855416392,0.667492818115248,3.27702702702703,8
MMRd,CD8-all,"(-90,-85]","(3.65,4.38]",-87.5,4.01175364078438,4,3.99556882404852,3.62024842394357,4.29878048780488,8
MMRd,Myeloid-ISG,"(-90,-85]","(4.38,5.11]",-87.5,4.74116339365427,5,9.75609756097561,8.69565217391304,20,8
MMRd,Myeloid-noDC-noGran,"(-90,-85]","(4.38,5.11]",-87.5,4.74116339365427,5,36.3636363636364,30.4347826086957,40,8
MMRd,Tcd4-Treg-comb,"(-90,-85]","(4.38,5.11]",-87.5,4.74116339365427,4,2.73466371027347,2.28381374722838,4.77272727272727,8
MMRd,Myeloid-mregDC,"(-90,-85]","[0,0.729]",-87.5,0.364704876434944,7,1.42857142857143,0.648762637226323,2.12359550561798,8
MMRd,Myeloid-ISG,"(-90,-85]","[0,0.729]",-87.5,0.364704876434944,8,2.46713852376138,1.92168674698795,3.38401000176313,8
MMRd,Myeloid-noDC-noGran,"(-90,-85]","[0,0.729]",-87.5,0.364704876434944,8,19.48848583656,12.6367895179885,25.3083923154702,8
MMRd,Tcd4-CXCL13,"(-90,-85]","[0,0.729]",-87.5,0.364704876434944,5,0.651465798045603,0.427960057061341,1.12359550561798,8
MMRd,Myeloid-ISG,"(-95,-90]","(2.92,3.65]",-92.5,3.2823438879145,7,6.66666666666667,5.60169924323321,11.5111838516094,8
MMRd,Myeloid-noDC-noGran,"(-95,-90]","(2.92,3.65]",-92.5,3.2823438879145,7,20,16.3545197084359,29.405346426623,8
MMRd,Myeloid-mregDC,"(-95,-90]","(3.65,4.38]",-92.5,4.01175364078438,5,5,2.67857142857143,5.55555555555556,8
MMRd,Myeloid-ISG,"(-95,-90]","(3.65,4.38]",-92.5,4.01175364078438,6,9.46428571428572,4.78068654646325,10,8
MMRd,Myeloid-noDC-noGran,"(-95,-90]","(3.65,4.38]",-92.5,4.01175364078438,7,23.0769230769231,16.7779126213592,29.1071428571429,8
MMRd,Myeloid-ISG,"(-95,-90]","(4.38,5.11]",-92.5,4.74116339365427,5,12.8205128205128,11.5942028985507,13.5135135135135,8
MMRd,Myeloid-noDC-noGran,"(-95,-90]","(4.38,5.11]",-92.5,4.74116339365427,5,27.536231884058,27.027027027027,34.375,8
MMRd,Myeloid-mregDC,"(-95,-90]","[0,0.729]",-92.5,0.364704876434944,6,0.933739646819816,0.400163331972234,1.24614197530864,8
MMRd,Myeloid-ISG,"(-95,-90]","[0,0.729]",-92.5,0.364704876434944,7,2.5,1.54823493609251,3.39382985666591,8
MMRd,Myeloid-noDC-noGran,"(-95,-90]","[0,0.729]",-92.5,0.364704876434944,8,17.358906147201,13.8104838709677,22.5803633822502,8
MMRd,Tcd4-Treg-comb,"(-95,-90]","[0,0.729]",-92.5,0.364704876434944,6,1.77514908060473,1.33306962025316,2.12506943617823,8
MMRd,Tcd8-CXCL13-LAG3,"(-95,-90]","[0,0.729]",-92.5,0.364704876434944,4,1.64540816326531,0.957661290322581,2.11200759373517,8
MMRd,CD8-all,"(-95,-90]","[0,0.729]",-92.5,0.364704876434944,7,2.21518987341772,1.81991615834526,3.03779069767442,8
MMRd,Tcd8-CXCL13-comb,"(-95,-90]","[0,0.729]",-92.5,0.364704876434944,5,0.943396226415094,0.3690036900369,1.58227848101266,8
MMRd,Myeloid-ISG,"(0,5]","(1.46,2.19]",2.5,1.82352438217472,8,0.465171872064183,0.23634705825895,0.703460149017837,8
MMRd,Myeloid-noDC-noGran,"(0,5]","(1.46,2.19]",2.5,1.82352438217472,8,2.95234574539589,2.392854421496,3.5060018101875,8
MMRd,Myeloid-ISG,"(0,5]","(2.19,2.92]",2.5,2.55293413504461,8,0.76527684964042,0.570136267449664,1.22582204621041,8
MMRd,Myeloid-noDC-noGran,"(0,5]","(2.19,2.92]",2.5,2.55293413504461,8,3.60572249318624,2.74837377279524,5.50161819123679,8
MMRd,Tcd4-CXCL13,"(0,5]","(2.19,2.92]",2.5,2.55293413504461,8,0.225584074113231,0.144728840725827,0.277873682642365,8
MMRd,Tcd4-Treg-comb,"(0,5]","(2.19,2.92]",2.5,2.55293413504461,8,0.306526536000656,0.214237923050366,0.432338609545975,8
MMRd,Tcd8-CXCL13-comb,"(0,5]","(2.19,2.92]",2.5,2.55293413504461,8,0.397460077918449,0.252307357582613,0.50341611034338,8
MMRd,CD8-all,"(0,5]","(2.19,2.92]",2.5,2.55293413504461,8,0.779371457333221,0.604310220002412,1.0992372007776,8
MMRd,Tcd8-CXCL13-LAG3,"(0,5]","(2.19,2.92]",2.5,2.55293413504461,8,0.141320568580294,0.0824289391928586,0.219923744022409,8
MMRd,Tcd8-GZMK,"(0,5]","(2.19,2.92]",2.5,2.55293413504461,7,0.149328023892484,0.105711628708181,0.188299864362862,8
MMRd,Tcd8-HOBIT,"(0,5]","(2.19,2.92]",2.5,2.55293413504461,8,0.160838791270335,0.100462308006201,0.248283018770958,8
MMRd,Tplzf-gdlike-comb,"(0,5]","(2.19,2.92]",2.5,2.55293413504461,8,0.304806951805351,0.179406602359453,0.428714189960453,8
MMRd,Myeloid-mregDC,"(0,5]","(2.92,3.65]",2.5,3.2823438879145,8,0.123889730338618,0.0867072241144743,0.167217229935241,8
MMRd,Myeloid-ISG,"(0,5]","(2.92,3.65]",2.5,3.2823438879145,8,1.07085795745155,0.895567528576794,1.60111161015046,8
MMRd,Myeloid-noDC-noGran,"(0,5]","(2.92,3.65]",2.5,3.2823438879145,8,4.58743021691716,2.96999022473183,5.75713002470245,8
MMRd,Tcd4-CXCL13,"(0,5]","(2.92,3.65]",2.5,3.2823438879145,8,0.241026423026717,0.184672000624644,0.393275288072432,8
MMRd,Tcd4-Treg-comb,"(0,5]","(2.92,3.65]",2.5,3.2823438879145,8,0.397784353406919,0.270863839653812,0.727060604156242,8
MMRd,Tcd8-CXCL13-comb,"(0,5]","(2.92,3.65]",2.5,3.2823438879145,8,0.519133853228374,0.371392949747864,0.64913687560599,8
MMRd,CD8-all,"(0,5]","(2.92,3.65]",2.5,3.2823438879145,8,0.980521381209028,0.647300587775242,1.45807910019849,8
MMRd,Tcd8-CXCL13-LAG3,"(0,5]","(2.92,3.65]",2.5,3.2823438879145,8,0.140918915677983,0.087156085258952,0.165529293311165,8
MMRd,Tplzf-gdlike-comb,"(0,5]","(2.92,3.65]",2.5,3.2823438879145,8,0.242549275197689,0.163752650632524,0.327292148533129,8
MMRd,Myeloid-mregDC,"(0,5]","(3.65,4.38]",2.5,4.01175364078438,8,0.235728668024969,0.112023609558396,0.382959741478894,8
MMRd,Myeloid-ISG,"(0,5]","(3.65,4.38]",2.5,4.01175364078438,8,1.47049284423729,1.13621678807257,2.23285661058154,8
MMRd,Myeloid-noDC-noGran,"(0,5]","(3.65,4.38]",2.5,4.01175364078438,8,5.73456795967233,3.55058202230961,6.28351777597439,8
MMRd,Tcd4-CXCL13,"(0,5]","(3.65,4.38]",2.5,4.01175364078438,8,0.493353741078482,0.326050899625358,0.608204584263377,8
MMRd,Tcd4-Treg-comb,"(0,5]","(3.65,4.38]",2.5,4.01175364078438,8,0.427648311402201,0.340275952371009,0.528670657942252,8
MMRd,Tcd8-CXCL13-comb,"(0,5]","(3.65,4.38]",2.5,4.01175364078438,8,0.768230730281128,0.541558716910491,0.821115045415228,8
MMRd,CD8-all,"(0,5]","(3.65,4.38]",2.5,4.01175364078438,8,1.23485131708421,1.00643200179612,1.64825484797607,8
MMRd,Tcd8-CXCL13-LAG3,"(0,5]","(3.65,4.38]",2.5,4.01175364078438,7,0.101522842639594,0.0738194476847968,0.42483207052522,8
MMRd,Tcd8-HOBIT,"(0,5]","(3.65,4.38]",2.5,4.01175364078438,8,0.242217131088178,0.186838514132162,0.278399774724673,8
MMRd,Tplzf-gdlike-comb,"(0,5]","(3.65,4.38]",2.5,4.01175364078438,7,0.254813137032843,0.247779043539758,0.431055732591681,8
MMRd,Myeloid-mregDC,"(0,5]","(4.38,5.11]",2.5,4.74116339365427,6,0.372339686597022,0.247776171582751,0.691509350802392,8
MMRd,Myeloid-ISG,"(0,5]","(4.38,5.11]",2.5,4.74116339365427,8,2.2037418507787,1.49348949813518,2.90394207720784,8
MMRd,Myeloid-noDC-noGran,"(0,5]","(4.38,5.11]",2.5,4.74116339365427,8,5.92314684529262,4.00488668707952,6.5796456007578,8
MMRd,Tcd4-CXCL13,"(0,5]","(4.38,5.11]",2.5,4.74116339365427,6,0.377931206934874,0.213254511820747,0.863263777240095,8
MMRd,Tcd4-Treg-comb,"(0,5]","(4.38,5.11]",2.5,4.74116339365427,8,0.963547991708135,0.355749248319774,1.25138391666599,8
MMRd,Tcd8-CXCL13-comb,"(0,5]","(4.38,5.11]",2.5,4.74116339365427,6,0.93705478661594,0.803352864151867,1.32769281301862,8
MMRd,CD8-all,"(0,5]","(4.38,5.11]",2.5,4.74116339365427,7,1.76136363636364,1.2000385554556,2.14723871905859,8
MMRd,Tcd8-CXCL13-LAG3,"(0,5]","(4.38,5.11]",2.5,4.74116339365427,5,0.244498777506112,0.227272727272727,0.542812116967256,8
MMRd,Tcd8-GZMK,"(0,5]","(4.38,5.11]",2.5,4.74116339365427,5,0.202839756592292,0.199203187250996,0.340909090909091,8
MMRd,Tcd8-HOBIT,"(0,5]","(4.38,5.11]",2.5,4.74116339365427,4,0.172442605568873,0.118393673451785,0.257190227179817,8
MMRd,Tplzf-gdlike-comb,"(0,5]","(4.38,5.11]",2.5,4.74116339365427,5,0.385221502363859,0.23719165085389,0.511363636363636,8
MMRd,Myeloid-ISG,"(0,5]","(5.11,5.84]",2.5,5.47057314652416,6,3.59987234987235,2.2700983227299,5.59343434343434,8
MMRd,Myeloid-noDC-noGran,"(0,5]","(5.11,5.84]",2.5,5.47057314652416,6,6.43923977257311,5.51863665898754,7.89835164835165,8
MMRd,Tcd4-CXCL13,"(0,5]","(5.11,5.84]",2.5,5.47057314652416,4,0.943386692537796,0.630783689994216,1.28641768426715,8
MMRd,Tcd4-Treg-comb,"(0,5]","(5.11,5.84]",2.5,5.47057314652416,5,0.657894736842105,0.460829493087558,1.23456790123457,8
MMRd,Tcd8-CXCL13-comb,"(0,5]","(5.11,5.84]",2.5,5.47057314652416,5,1.22887864823349,0.961538461538461,1.68350168350168,8
MMRd,CD8-all,"(0,5]","(5.11,5.84]",2.5,5.47057314652416,6,1.83888691953208,1.33024869866975,2.9329392232618,8
MMRd,Myeloid-ISG,"(0,5]","(5.84,6.56]",2.5,6.19998289939405,4,6.22146118721461,3.86344178082192,8.88157894736842,8
MMRd,Myeloid-noDC-noGran,"(0,5]","(5.84,6.56]",2.5,6.19998289939405,4,7.29166666666667,6.05736301369863,8.88157894736842,8
MMRd,Myeloid-mregDC,"(0,5]","[0,0.729]",2.5,0.364704876434944,8,0.205035502740423,0.136986509546988,0.299846035411855,8
MMRd,Myeloid-ISG,"(0,5]","[0,0.729]",2.5,0.364704876434944,8,0.492255222538839,0.304677177395375,1.04560301218506,8
MMRd,Myeloid-noDC-noGran,"(0,5]","[0,0.729]",2.5,0.364704876434944,8,3.60746317679677,2.68279848151866,5.31280965908065,8
MMRd,Tcd4-CXCL13,"(0,5]","[0,0.729]",2.5,0.364704876434944,7,0.116166505324298,0.0997813539409746,0.148722684208898,8
MMRd,Tcd4-Treg-comb,"(0,5]","[0,0.729]",2.5,0.364704876434944,8,0.315571161421239,0.200467591567691,0.394024973141971,8
MMRd,Tcd8-CXCL13-comb,"(0,5]","[0,0.729]",2.5,0.364704876434944,8,0.226226182326499,0.137541895962135,0.374868180862634,8
MMRd,CD8-all,"(0,5]","[0,0.729]",2.5,0.364704876434944,8,0.462393660037448,0.298296419593722,0.690187813467079,8
MMRd,Tcd8-CXCL13-LAG3,"(0,5]","[0,0.729]",2.5,0.364704876434944,7,0.0928505106778087,0.0374868772241603,0.129575610797192,8
MMRd,Tplzf-gdlike-comb,"(0,5]","[0,0.729]",2.5,0.364704876434944,8,0.19254237219675,0.138530623568578,0.430892084394808,8
MMRd,Myeloid-ISG,"(10,15]","(1.46,2.19]",12.5,1.82352438217472,8,0.17258382642998,0.146134664430703,0.22068971862866,8
MMRd,Myeloid-noDC-noGran,"(10,15]","(1.46,2.19]",12.5,1.82352438217472,8,0.708746753776101,0.597983106678199,1.002198922872,8
MMRd,Tcd8-CXCL13-comb,"(10,15]","(1.46,2.19]",12.5,1.82352438217472,8,0.194496437628306,0.139728566452704,0.337844468870221,8
MMRd,CD8-all,"(10,15]","(1.46,2.19]",12.5,1.82352438217472,8,0.344546263516445,0.286828556059325,0.525947899618112,8
MMRd,Myeloid-ISG,"(10,15]","(2.19,2.92]",12.5,2.55293413504461,8,0.20963716082186,0.172942756136727,0.288659074198107,8
MMRd,Myeloid-noDC-noGran,"(10,15]","(2.19,2.92]",12.5,2.55293413504461,8,1.08455692266753,0.792574683711996,1.39663848319822,8
MMRd,Tcd8-CXCL13-comb,"(10,15]","(2.19,2.92]",12.5,2.55293413504461,8,0.155124699479538,0.128173045890184,0.253382999433781,8
MMRd,CD8-all,"(10,15]","(2.19,2.92]",12.5,2.55293413504461,8,0.401107110490607,0.267918582995903,0.53404709796861,8
MMRd,Myeloid-mregDC,"(10,15]","(2.92,3.65]",12.5,3.2823438879145,7,0.0399281293671392,0.0248108164141751,0.0733779006396717,8
MMRd,Myeloid-ISG,"(10,15]","(2.92,3.65]",12.5,3.2823438879145,8,0.342639545115089,0.240534527156682,0.409043694149983,8
MMRd,Myeloid-noDC-noGran,"(10,15]","(2.92,3.65]",12.5,3.2823438879145,8,1.28097955339583,0.97681686663975,1.40196762133747,8
MMRd,Tcd8-CXCL13-comb,"(10,15]","(2.92,3.65]",12.5,3.2823438879145,8,0.191910866910867,0.136844614699243,0.256449454787764,8
MMRd,CD8-all,"(10,15]","(2.92,3.65]",12.5,3.2823438879145,8,0.439474838932465,0.273746350570752,0.535321890129236,8
MMRd,Tplzf-gdlike-comb,"(10,15]","(2.92,3.65]",12.5,3.2823438879145,7,0.139944022391044,0.104214885733153,0.189227650408781,8
MMRd,Myeloid-mregDC,"(10,15]","(3.65,4.38]",12.5,4.01175364078438,7,0.0791139240506329,0.0558656953969695,0.209786927818279,8
MMRd,Myeloid-ISG,"(10,15]","(3.65,4.38]",12.5,4.01175364078438,7,0.645161290322581,0.430541153913877,0.745632038600238,8
MMRd,Myeloid-noDC-noGran,"(10,15]","(3.65,4.38]",12.5,4.01175364078438,8,1.6758854006213,1.1653038839308,2.12526917291505,8
MMRd,Tcd4-CXCL13,"(10,15]","(3.65,4.38]",12.5,4.01175364078438,6,0.20385491909283,0.144605826201448,0.272330550462704,8
MMRd,Tcd4-Treg-comb,"(10,15]","(3.65,4.38]",12.5,4.01175364078438,5,0.193986420950533,0.139103554868624,0.239779402949287,8
MMRd,Tcd8-CXCL13-comb,"(10,15]","(3.65,4.38]",12.5,4.01175364078438,7,0.255102040816327,0.198899456728714,0.381409527761969,8
MMRd,CD8-all,"(10,15]","(3.65,4.38]",12.5,4.01175364078438,8,0.592708534678708,0.51473319958815,0.69082177385141,8
MMRd,Tcd8-CXCL13-LAG3,"(10,15]","(3.65,4.38]",12.5,4.01175364078438,6,0.174921516433785,0.0759829091490518,0.209786927818279,8
MMRd,Tcd8-GZMK,"(10,15]","(3.65,4.38]",12.5,4.01175364078438,5,0.0791139240506329,0.0772797527047913,0.119889701474643,8
MMRd,Tcd8-HOBIT,"(10,15]","(3.65,4.38]",12.5,4.01175364078438,8,0.123720360941403,0.0925233888691083,0.204458958634558,8
MMRd,Tplzf-gdlike-comb,"(10,15]","(3.65,4.38]",12.5,4.01175364078438,7,0.191326530612245,0.0933204028855315,0.242743291318818,8
MMRd,Myeloid-ISG,"(10,15]","(4.38,5.11]",12.5,4.74116339365427,6,0.694656341128986,0.552349712683049,1.06867924528302,8
MMRd,Myeloid-noDC-noGran,"(10,15]","(4.38,5.11]",12.5,4.74116339365427,8,2.17374213836478,1.80460879722,2.68541062801932,8
MMRd,Tcd4-Treg-comb,"(10,15]","(4.38,5.11]",12.5,4.74116339365427,5,0.286591606960082,0.213333333333333,0.483091787439614,8
MMRd,Tcd8-CXCL13-LAG3,"(10,15]","(4.38,5.11]",12.5,4.74116339365427,4,0.210546016455211,0.178178096212897,0.243257726370182,8
MMRd,CD8-all,"(10,15]","(4.38,5.11]",12.5,4.74116339365427,7,0.994789199431549,0.618904384285845,1.19864494931992,8
MMRd,Tcd8-CXCL13-comb,"(10,15]","(4.38,5.11]",12.5,4.74116339365427,7,0.429887410440123,0.322012578616352,0.504013085320857,8
MMRd,Tcd8-HOBIT,"(10,15]","(4.38,5.11]",12.5,4.74116339365427,5,0.377358490566038,0.204708290685773,0.378967314069162,8
MMRd,Tplzf-gdlike-comb,"(10,15]","(4.38,5.11]",12.5,4.74116339365427,4,0.348679245283019,0.306530194472876,0.377760696441819,8
MMRd,Myeloid-ISG,"(10,15]","(5.11,5.84]",12.5,5.47057314652416,5,0.974025974025974,0.934579439252336,1.29533678756477,8
MMRd,Myeloid-noDC-noGran,"(10,15]","(5.11,5.84]",12.5,5.47057314652416,5,2.59067357512953,2.27272727272727,2.73037542662116,8
MMRd,Myeloid-mregDC,"(10,15]","[0,0.729]",12.5,0.364704876434944,4,0.071589333834174,0.0265805503502189,0.156952524544294,8
MMRd,Myeloid-ISG,"(10,15]","[0,0.729]",12.5,0.364704876434944,8,0.23951375687337,0.187686563439057,0.316205383252879,8
MMRd,Myeloid-noDC-noGran,"(10,15]","[0,0.729]",12.5,0.364704876434944,8,1.26354326423589,1.01614738212033,2.13601669569854,8
MMRd,Tcd4-Treg-comb,"(10,15]","[0,0.729]",12.5,0.364704876434944,6,0.065887242988013,0.0518128207754855,0.12730845071418,8
MMRd,Tplzf-gdlike-comb,"(10,15]","[0,0.729]",12.5,0.364704876434944,7,0.147783251231527,0.0982143874707009,0.173486379238186,8
MMRd,Myeloid-noDC-noGran,"(15,20]","(1.46,2.19]",17.5,1.82352438217472,8,0.614520611970941,0.207936687211591,0.993601250666178,8
MMRd,Tplzf-gdlike-comb,"(15,20]","(1.46,2.19]",17.5,1.82352438217472,7,0.202083009482357,0.146387864182774,0.237645909226955,8
MMRd,Myeloid-noDC-noGran,"(15,20]","(2.19,2.92]",17.5,2.55293413504461,8,1.17575783806425,0.652424949025184,1.31223440754977,8
MMRd,Tcd8-CXCL13-comb,"(15,20]","(2.19,2.92]",17.5,2.55293413504461,8,0.231312990278808,0.126174175122356,0.348058216394895,8
MMRd,CD8-all,"(15,20]","(2.19,2.92]",17.5,2.55293413504461,8,0.49105276273962,0.283391871903009,0.589482922716672,8
MMRd,Tcd8-HOBIT,"(15,20]","(2.19,2.92]",17.5,2.55293413504461,7,0.0706339396079816,0.0564241604778453,0.154007750652235,8
MMRd,Myeloid-mregDC,"(15,20]","(2.92,3.65]",17.5,3.2823438879145,6,0.0494408074195308,0.030854826827321,0.0701360185673204,8
MMRd,Myeloid-ISG,"(15,20]","(2.92,3.65]",17.5,3.2823438879145,8,0.364651541628543,0.267762609619108,0.539525614560604,8
MMRd,Myeloid-noDC-noGran,"(15,20]","(2.92,3.65]",17.5,3.2823438879145,8,1.28254232546448,1.09251322825011,1.70525618854834,8
MMRd,Tcd4-CXCL13,"(15,20]","(2.92,3.65]",17.5,3.2823438879145,7,0.165955429113324,0.142866884888161,0.258908463995638,8
MMRd,Tcd8-CXCL13-LAG3,"(15,20]","(2.92,3.65]",17.5,3.2823438879145,8,0.156174426901509,0.0555550590516875,0.217318624237167,8
MMRd,CD8-all,"(15,20]","(2.92,3.65]",17.5,3.2823438879145,8,0.695285150772273,0.285027876611969,0.820188912059531,8
MMRd,Tcd8-CXCL13-comb,"(15,20]","(2.92,3.65]",17.5,3.2823438879145,8,0.271838399310258,0.12240682236035,0.37506819421713,8
MMRd,Tcd8-HOBIT,"(15,20]","(2.92,3.65]",17.5,3.2823438879145,7,0.118539592223803,0.0808347246644749,0.175600109110747,8
MMRd,Tplzf-gdlike-comb,"(15,20]","(2.92,3.65]",17.5,3.2823438879145,8,0.180776055822176,0.087501955084555,0.255530320878513,8
MMRd,Myeloid-mregDC,"(15,20]","(3.65,4.38]",17.5,4.01175364078438,5,0.127551020408163,0.0880927910732638,0.143884892086331,8
MMRd,Myeloid-ISG,"(15,20]","(3.65,4.38]",17.5,4.01175364078438,7,0.669642857142857,0.448929049334289,0.944037774117278,8
MMRd,Myeloid-noDC-noGran,"(15,20]","(3.65,4.38]",17.5,4.01175364078438,8,1.57164290867617,1.13498819622279,2.50499494807533,8
MMRd,Tcd4-CXCL13,"(15,20]","(3.65,4.38]",17.5,4.01175364078438,6,0.220680159481011,0.17212260525071,0.255836969871175,8
MMRd,Tcd4-Treg-comb,"(15,20]","(3.65,4.38]",17.5,4.01175364078438,6,0.135717956247247,0.115593112244898,0.146087211863163,8
MMRd,Tcd8-CXCL13-comb,"(15,20]","(3.65,4.38]",17.5,4.01175364078438,7,0.223214285714286,0.135717956247247,0.470255131210615,8
MMRd,CD8-all,"(15,20]","(3.65,4.38]",17.5,4.01175364078438,8,0.465000348415247,0.388632015306122,0.865657825138727,8
MMRd,Tcd8-HOBIT,"(15,20]","(3.65,4.38]",17.5,4.01175364078438,5,0.169204737732657,0.167410714285714,0.227649006622517,8
MMRd,Tplzf-gdlike-comb,"(15,20]","(3.65,4.38]",17.5,4.01175364078438,6,0.245963689921154,0.215307183017826,0.319876699903933,8
MMRd,Myeloid-mregDC,"(15,20]","(4.38,5.11]",17.5,4.74116339365427,4,0.225105111661575,0.0759102437204822,0.55728088336784,8
MMRd,Myeloid-ISG,"(15,20]","(4.38,5.11]",17.5,4.74116339365427,5,0.994318181818182,0.75187969924812,1.05590062111801,8
MMRd,Myeloid-noDC-noGran,"(15,20]","(4.38,5.11]",17.5,4.74116339365427,6,2.60935735460192,2.31317818694463,4.89671295973201,8
MMRd,Tcd8-CXCL13-comb,"(15,20]","(4.38,5.11]",17.5,4.74116339365427,5,0.426136363636364,0.387697079348669,1.50375939849624,8
MMRd,CD8-all,"(15,20]","(4.38,5.11]",17.5,4.74116339365427,6,1.06077884586006,0.932088204327621,1.95743947617817,8
MMRd,Tcd8-CXCL13-LAG3,"(15,20]","(4.38,5.11]",17.5,4.74116339365427,4,0.20351343135412,0.0687949957651045,0.411747510522322,8
MMRd,Tcd8-HOBIT,"(15,20]","(4.38,5.11]",17.5,4.74116339365427,4,0.151820487440964,0.0687949957651045,0.362433610518931,8
MMRd,Tplzf-gdlike-comb,"(15,20]","(4.38,5.11]",17.5,4.74116339365427,5,0.31055900621118,0.284090909090909,1.11111111111111,8
MMRd,Myeloid-ISG,"(15,20]","(5.11,5.84]",17.5,5.47057314652416,4,1.86071304606535,1.03057162864409,3.00593306758135,8
MMRd,Myeloid-noDC-noGran,"(15,20]","(5.11,5.84]",17.5,5.47057314652416,5,3.48837209302326,2.37717908082409,4.47761194029851,8
MMRd,CD8-all,"(15,20]","(5.11,5.84]",17.5,5.47057314652416,4,1.10222868217054,1.01896790808241,1.2985322556652,8
MMRd,Myeloid-ISG,"(15,20]","[0,0.729]",17.5,0.364704876434944,8,0.282306008312398,0.112075812913849,0.329073634204276,8
MMRd,Myeloid-noDC-noGran,"(15,20]","[0,0.729]",17.5,0.364704876434944,8,1.10713797035348,0.693851100214096,1.58176761367501,8
MMRd,Tcd4-Treg-comb,"(15,20]","[0,0.729]",17.5,0.364704876434944,6,0.0825512994414473,0.0458565407671284,0.157303452630338,8
MMRd,Tcd8-HOBIT,"(15,20]","[0,0.729]",17.5,0.364704876434944,7,0.155488752980201,0.0724474868216641,0.229075730471079,8
MMRd,CD8-all,"(15,20]","[0,0.729]",17.5,0.364704876434944,8,0.316959039646752,0.196780768225764,0.609770269153473,8
MMRd,Myeloid-ISG,"(20,25]","(1.46,2.19]",22.5,1.82352438217472,7,0.157091561938959,0.126661888136142,0.202730045781479,8
MMRd,Myeloid-noDC-noGran,"(20,25]","(1.46,2.19]",22.5,1.82352438217472,8,0.886281722917125,0.576711696404137,1.21648540863277,8
MMRd,Myeloid-mregDC,"(20,25]","(2.19,2.92]",22.5,2.55293413504461,6,0.090892637101353,0.058892881952073,0.111690126311151,8
MMRd,Myeloid-ISG,"(20,25]","(2.19,2.92]",22.5,2.55293413504461,8,0.263199419757051,0.204379171664354,0.386850878199201,8
MMRd,Myeloid-noDC-noGran,"(20,25]","(2.19,2.92]",22.5,2.55293413504461,8,1.26369604539792,0.505268865039204,1.38081623571262,8
MMRd,Tplzf-gdlike-comb,"(20,25]","(2.19,2.92]",22.5,2.55293413504461,7,0.218380345768881,0.145164549813414,0.278971015371275,8
MMRd,Myeloid-mregDC,"(20,25]","(2.92,3.65]",22.5,3.2823438879145,5,0.0715563506261181,0.0294031167303734,0.112013441612994,8
MMRd,Myeloid-ISG,"(20,25]","(2.92,3.65]",22.5,3.2823438879145,8,0.376225008336776,0.116735378127113,0.448640592890425,8
MMRd,Myeloid-noDC-noGran,"(20,25]","(2.92,3.65]",22.5,3.2823438879145,8,1.1057878820075,0.622972929578369,1.81510868960805,8
MMRd,Tcd4-Treg-comb,"(20,25]","(2.92,3.65]",22.5,3.2823438879145,8,0.0957309012184306,0.0783408585484197,0.168875704893065,8
MMRd,Tcd8-CXCL13-comb,"(20,25]","(2.92,3.65]",22.5,3.2823438879145,7,0.180691791430046,0.173455519492393,0.257424656061668,8
MMRd,CD8-all,"(20,25]","(2.92,3.65]",22.5,3.2823438879145,8,0.434080512900553,0.23020884417168,0.599354861345953,8
MMRd,Tcd8-HOBIT,"(20,25]","(2.92,3.65]",22.5,3.2823438879145,8,0.0810585697432138,0.0582237770745243,0.174448441898922,8
MMRd,Tplzf-gdlike-comb,"(20,25]","(2.92,3.65]",22.5,3.2823438879145,8,0.162117139486428,0.118637801490862,0.233006803334522,8
MMRd,Myeloid-mregDC,"(20,25]","(3.65,4.38]",22.5,4.01175364078438,5,0.144508670520231,0.0769625448948179,0.248756218905473,8
MMRd,Myeloid-ISG,"(20,25]","(3.65,4.38]",22.5,4.01175364078438,7,0.880281690140845,0.746084400774667,0.972571820233748,8
MMRd,Myeloid-noDC-noGran,"(20,25]","(3.65,4.38]",22.5,4.01175364078438,8,1.9096411222492,1.09212005657644,2.36294218801179,8
MMRd,Tcd4-CXCL13,"(20,25]","(3.65,4.38]",22.5,4.01175364078438,5,0.234741784037559,0.230376830673029,0.333504361210877,8
MMRd,Tcd4-Treg-comb,"(20,25]","(3.65,4.38]",22.5,4.01175364078438,5,0.230887634684454,0.176056338028169,0.263287806483462,8
MMRd,Tcd8-CXCL13-comb,"(20,25]","(3.65,4.38]",22.5,4.01175364078438,6,0.498959003728012,0.328451925425385,0.675539804199486,8
MMRd,CD8-all,"(20,25]","(3.65,4.38]",22.5,4.01175364078438,7,1.15443817342227,0.418229165459545,1.24411324536954,8
MMRd,Tplzf-gdlike-comb,"(20,25]","(3.65,4.38]",22.5,4.01175364078438,7,0.237529691211401,0.178533352492775,0.384775436419392,8
MMRd,Myeloid-ISG,"(20,25]","(4.38,5.11]",22.5,4.74116339365427,6,0.74184161322954,0.560757191369274,1.04744660945867,8
MMRd,Myeloid-noDC-noGran,"(20,25]","(4.38,5.11]",22.5,4.74116339365427,7,2.05338809034908,1.96867114619674,2.89074960127592,8
MMRd,Tcd4-CXCL13,"(20,25]","(4.38,5.11]",22.5,4.74116339365427,5,0.410677618069815,0.333333333333333,0.468658465143527,8
MMRd,Tcd4-Treg-comb,"(20,25]","(4.38,5.11]",22.5,4.74116339365427,4,0.303045988982867,0.238584313514033,0.52574293018054,8
MMRd,Tcd8-CXCL13-comb,"(20,25]","(4.38,5.11]",22.5,4.74116339365427,6,0.756673511293634,0.457862238950859,1.10227272727273,8
MMRd,CD8-all,"(20,25]","(4.38,5.11]",22.5,4.74116339365427,6,1.0418863503222,0.866016427104723,1.12321590243383,8
MMRd,Tcd8-CXCL13-LAG3,"(20,25]","(4.38,5.11]",22.5,4.74116339365427,4,0.263770751910541,0.171747186974903,0.644877827541244,8
MMRd,Tplzf-gdlike-comb,"(20,25]","(4.38,5.11]",22.5,4.74116339365427,4,0.256523146026327,0.189264719272665,0.51509706925518,8
MMRd,Myeloid-ISG,"(20,25]","(5.11,5.84]",22.5,5.47057314652416,4,2.11152257513175,1.49284620911562,2.58245533669262,8
MMRd,Myeloid-noDC-noGran,"(20,25]","(5.11,5.84]",22.5,5.47057314652416,4,2.61185555303202,2.49484552185186,3.08634906092533,8
MMRd,Tplzf-gdlike-comb,"(20,25]","(5.11,5.84]",22.5,5.47057314652416,4,0.703840858377249,0.46663646871388,1.31126889601466,8
MMRd,Myeloid-mregDC,"(20,25]","[0,0.729]",22.5,0.364704876434944,6,0.0502442832648166,0.0258786255726422,0.0781963084142573,8
MMRd,Myeloid-noDC-noGran,"(20,25]","[0,0.729]",22.5,0.364704876434944,8,1.12869906219644,0.437724176350433,1.84870650413079,8
MMRd,Myeloid-noDC-noGran,"(25,30]","(1.46,2.19]",27.5,1.82352438217472,8,0.87128151001757,0.624836279026765,1.15738298602693,8
MMRd,Tcd8-CXCL13-LAG3,"(25,30]","(1.46,2.19]",27.5,1.82352438217472,6,0.110729551971761,0.03961480306447,0.195895392997534,8
MMRd,CD8-all,"(25,30]","(1.46,2.19]",27.5,1.82352438217472,8,0.24604939013399,0.195334933394012,0.534437023569844,8
MMRd,Myeloid-ISG,"(25,30]","(2.19,2.92]",27.5,2.55293413504461,8,0.253196936077328,0.103175430116876,0.462897757385238,8
MMRd,Myeloid-noDC-noGran,"(25,30]","(2.19,2.92]",27.5,2.55293413504461,8,1.04021805245956,0.650084488332456,1.6334983308602,8
MMRd,Tcd4-Treg-comb,"(25,30]","(2.19,2.92]",27.5,2.55293413504461,7,0.0991080277502478,0.0608805487514973,0.154407930677289,8
MMRd,Tcd8-CXCL13-LAG3,"(25,30]","(2.19,2.92]",27.5,2.55293413504461,8,0.0771708743457124,0.0590843339569916,0.135720043914884,8
MMRd,CD8-all,"(25,30]","(2.19,2.92]",27.5,2.55293413504461,8,0.356707790227297,0.25134256928755,0.627078819780965,8
MMRd,Tcd8-CXCL13-comb,"(25,30]","(2.19,2.92]",27.5,2.55293413504461,7,0.176782557454331,0.134102475143405,0.29565859383413,8
MMRd,Tcd8-GZMK,"(25,30]","(2.19,2.92]",27.5,2.55293413504461,4,0.0435953072570326,0.0319343675258214,0.0696839236925341,8
MMRd,Myeloid-mregDC,"(25,30]","(2.92,3.65]",27.5,3.2823438879145,4,0.0715389743567968,0.0351777567792987,0.123234186663956,8
MMRd,Myeloid-ISG,"(25,30]","(2.92,3.65]",27.5,3.2823438879145,8,0.46664465522318,0.35155443075697,0.70803328471578,8
MMRd,Myeloid-noDC-noGran,"(25,30]","(2.92,3.65]",27.5,3.2823438879145,8,1.72074330488852,1.4848112682543,2.08773529624078,8
MMRd,Tcd4-CXCL13,"(25,30]","(2.92,3.65]",27.5,3.2823438879145,6,0.136670929813848,0.0616170933319782,0.198552672787376,8
MMRd,Tcd4-Treg-comb,"(25,30]","(2.92,3.65]",27.5,3.2823438879145,6,0.178678037925717,0.121584486304455,0.187037709653658,8
MMRd,Tcd8-CXCL13-comb,"(25,30]","(2.92,3.65]",27.5,3.2823438879145,8,0.315203336095487,0.151315705665793,0.379923926193998,8
MMRd,CD8-all,"(25,30]","(2.92,3.65]",27.5,3.2823438879145,8,0.514198392411261,0.318919060783147,0.811514027026771,8
MMRd,Tcd8-HOBIT,"(25,30]","(2.92,3.65]",27.5,3.2823438879145,6,0.0918039024866609,0.0667990859794762,0.188650993263076,8
MMRd,Tplzf-gdlike-comb,"(25,30]","(2.92,3.65]",27.5,3.2823438879145,8,0.159829469938557,0.0941143363948263,0.276613261904393,8
MMRd,Myeloid-mregDC,"(25,30]","(3.65,4.38]",27.5,4.01175364078438,4,0.14459948324829,0.0827916028556212,0.243399339933993,8
MMRd,Myeloid-ISG,"(25,30]","(3.65,4.38]",27.5,4.01175364078438,8,0.701059768468668,0.368160445772648,0.923875282265069,8
MMRd,Myeloid-noDC-noGran,"(25,30]","(3.65,4.38]",27.5,4.01175364078438,8,2.08753421942125,0.92040111443162,2.80701754385965,8
MMRd,Tcd4-CXCL13,"(25,30]","(3.65,4.38]",27.5,4.01175364078438,6,0.177703846695093,0.150774160485823,0.325554585391143,8
MMRd,Tcd4-Treg-comb,"(25,30]","(3.65,4.38]",27.5,4.01175364078438,4,0.17530611964732,0.138566670320169,0.270540476482107,8
MMRd,Tcd8-CXCL13-LAG3,"(25,30]","(3.65,4.38]",27.5,4.01175364078438,4,0.116519287388248,0.0672479980997755,0.214408908257273,8
MMRd,CD8-all,"(25,30]","(3.65,4.38]",27.5,4.01175364078438,6,0.785985759645916,0.625728296756652,1.16051781487374,8
MMRd,Tcd8-CXCL13-comb,"(25,30]","(3.65,4.38]",27.5,4.01175364078438,5,0.307219662058372,0.2460024600246,0.43859649122807,8
MMRd,Tcd8-GZMK,"(25,30]","(3.65,4.38]",27.5,4.01175364078438,4,0.165436590258957,0.113321987180268,0.23213801872481,8
MMRd,Tcd8-HOBIT,"(25,30]","(3.65,4.38]",27.5,4.01175364078438,5,0.36563071297989,0.10250102501025,0.379703141180532,8
MMRd,Tplzf-gdlike-comb,"(25,30]","(3.65,4.38]",27.5,4.01175364078438,5,0.3280032800328,0.276147739040387,0.373134328358209,8
MMRd,Myeloid-mregDC,"(25,30]","(4.38,5.11]",27.5,4.74116339365427,4,0.347124260575777,0.121706467996087,0.818078678326492,8
MMRd,Myeloid-noDC-noGran,"(25,30]","(4.38,5.11]",27.5,4.74116339365427,6,1.7767432073437,1.74463576503318,2.49098817620739,8
MMRd,Tcd8-CXCL13-comb,"(25,30]","(4.38,5.11]",27.5,4.74116339365427,5,0.599700149925038,0.333456835865135,0.970873786407767,8
MMRd,CD8-all,"(25,30]","(4.38,5.11]",27.5,4.74116339365427,6,1.64553645507343,0.865304657785964,2.51246392023091,8
MMRd,Myeloid-ISG,"(25,30]","(5.11,5.84]",27.5,5.47057314652416,4,1.53019744483159,1.16294322607092,2.19936708860759,8
MMRd,Myeloid-noDC-noGran,"(25,30]","(5.11,5.84]",27.5,5.47057314652416,4,3.40882694541231,2.97058823529412,4.19551889913113,8
MMRd,Myeloid-ISG,"(25,30]","[0,0.729]",27.5,0.364704876434944,6,0.199424661794433,0.139649145947372,0.278951944264796,8
MMRd,Myeloid-noDC-noGran,"(25,30]","[0,0.729]",27.5,0.364704876434944,8,0.974187529155652,0.722654267247877,1.46528639144334,8
MMRd,Tcd8-CXCL13-comb,"(25,30]","[0,0.729]",27.5,0.364704876434944,5,0.169491525423729,0.126635711270578,0.174045469378875,8
MMRd,CD8-all,"(25,30]","[0,0.729]",27.5,0.364704876434944,7,0.169491525423729,0.126012922571663,0.383342533363639,8
MMRd,Myeloid-mregDC,"(30,35]","(1.46,2.19]",32.5,1.82352438217472,5,0.0312402374258044,0.0273448181569593,0.0497760079641613,8
MMRd,Myeloid-ISG,"(30,35]","(1.46,2.19]",32.5,1.82352438217472,7,0.157232704402516,0.142877693678538,0.275469733872503,8
MMRd,Myeloid-noDC-noGran,"(30,35]","(1.46,2.19]",32.5,1.82352438217472,8,0.891718133951061,0.615511819561917,1.16110655144112,8
MMRd,Myeloid-ISG,"(30,35]","(2.19,2.92]",32.5,2.55293413504461,8,0.273495401296272,0.182874476892285,0.416686123439373,8
MMRd,Myeloid-noDC-noGran,"(30,35]","(2.19,2.92]",32.5,2.55293413504461,8,1.01504022704987,0.773522766030014,1.70088583089986,8
MMRd,Tcd4-Treg-comb,"(30,35]","(2.19,2.92]",32.5,2.55293413504461,6,0.143321964506918,0.0581158392402478,0.150766921523507,8
MMRd,Myeloid-mregDC,"(30,35]","(2.92,3.65]",32.5,3.2823438879145,5,0.112739571589628,0.0686577411603158,0.183374083129584,8
MMRd,Myeloid-ISG,"(30,35]","(2.92,3.65]",32.5,3.2823438879145,8,0.357008617128361,0.146406834889841,0.582019886055748,8
MMRd,Myeloid-noDC-noGran,"(30,35]","(2.92,3.65]",32.5,3.2823438879145,8,1.41254069733771,0.770454179416976,1.77327601411872,8
MMRd,Tcd8-CXCL13-LAG3,"(30,35]","(2.92,3.65]",32.5,3.2823438879145,5,0.157629255989912,0.102040816326531,0.17164435290079,8
MMRd,CD8-all,"(30,35]","(2.92,3.65]",32.5,3.2823438879145,8,0.397123496080046,0.214611426942865,0.704423100632291,8
MMRd,Tplzf-gdlike-comb,"(30,35]","(2.92,3.65]",32.5,3.2823438879145,6,0.317591879148611,0.20526387692049,0.35833894696131,8
MMRd,Myeloid-ISG,"(30,35]","(3.65,4.38]",32.5,4.01175364078438,7,0.635593220338983,0.470245445709495,1.11650214232609,8
MMRd,Myeloid-noDC-noGran,"(30,35]","(3.65,4.38]",32.5,4.01175364078438,8,1.91394443816022,1.09795977879378,2.50288250893578,8
MMRd,Tcd4-CXCL13,"(30,35]","(3.65,4.38]",32.5,4.01175364078438,7,0.234907211651398,0.124474687595669,0.278218481984778,8
MMRd,Tcd4-Treg-comb,"(30,35]","(3.65,4.38]",32.5,4.01175364078438,5,0.211416490486258,0.169491525423729,0.328407224958949,8
MMRd,Tcd8-CXCL13-comb,"(30,35]","(3.65,4.38]",32.5,4.01175364078438,6,0.426396022833511,0.258691376283396,0.640915922184186,8
MMRd,CD8-all,"(30,35]","(3.65,4.38]",32.5,4.01175364078438,6,0.771481070062071,0.528629537197469,1.21827252233447,8
MMRd,Tplzf-gdlike-comb,"(30,35]","(3.65,4.38]",32.5,4.01175364078438,4,0.291553692223775,0.23934766110494,0.369805281593574,8
MMRd,Myeloid-ISG,"(30,35]","(4.38,5.11]",32.5,4.74116339365427,4,1.12906384645515,0.986138084102889,1.22084413180304,8
MMRd,Myeloid-noDC-noGran,"(30,35]","(4.38,5.11]",32.5,4.74116339365427,6,2.39326282804544,1.88276397515528,3.22164630383808,8
MMRd,Myeloid-ISG,"(30,35]","(5.11,5.84]",32.5,5.47057314652416,4,3.72304582210243,1.76663614163614,6.21896722939424,8
MMRd,Myeloid-noDC-noGran,"(30,35]","(5.11,5.84]",32.5,5.47057314652416,5,5.66037735849057,3.7037037037037,7.14285714285714,8
MMRd,Myeloid-mregDC,"(30,35]","[0,0.729]",32.5,0.364704876434944,6,0.0584281275309633,0.0309242075785167,0.106244546164327,8
MMRd,Myeloid-noDC-noGran,"(30,35]","[0,0.729]",32.5,0.364704876434944,8,1.30549787082169,1.0146387675466,1.47500110561309,8
MMRd,Tcd8-CXCL13-comb,"(30,35]","[0,0.729]",32.5,0.364704876434944,7,0.120481927710843,0.0412322767713555,0.257450333200504,8
MMRd,CD8-all,"(30,35]","[0,0.729]",32.5,0.364704876434944,7,0.240963855421687,0.114809521391208,0.56381610553611,8
MMRd,Tcd8-HOBIT,"(30,35]","[0,0.729]",32.5,0.364704876434944,5,0.190597204574333,0.0355492356914326,0.19723865877712,8
MMRd,Myeloid-mregDC,"(35,40]","(2.19,2.92]",37.5,2.55293413504461,5,0.0919117647058824,0.0748222970445193,0.116776956014013,8
MMRd,Myeloid-ISG,"(35,40]","(2.19,2.92]",37.5,2.55293413504461,8,0.292258832763598,0.132818835108911,0.365030758590565,8
MMRd,Myeloid-noDC-noGran,"(35,40]","(2.19,2.92]",37.5,2.55293413504461,8,1.3013629028344,0.869264323462797,1.61976165022262,8
MMRd,Myeloid-mregDC,"(35,40]","(2.92,3.65]",37.5,3.2823438879145,5,0.129533678756477,0.0394944707740916,0.170357751277683,8
MMRd,Myeloid-ISG,"(35,40]","(2.92,3.65]",37.5,3.2823438879145,7,0.597568514321039,0.324829940938413,0.863599075247968,8
MMRd,Myeloid-noDC-noGran,"(35,40]","(2.92,3.65]",37.5,3.2823438879145,8,1.57197413145805,1.1524390946763,2.35993772466058,8
MMRd,Tcd4-Treg-comb,"(35,40]","(2.92,3.65]",37.5,3.2823438879145,6,0.124008545539376,0.103054273446104,0.171472642850051,8
MMRd,Tcd8-CXCL13-comb,"(35,40]","(2.92,3.65]",37.5,3.2823438879145,6,0.198704609829506,0.115809448610143,0.324258765157023,8
MMRd,CD8-all,"(35,40]","(2.92,3.65]",37.5,3.2823438879145,7,0.434439178515008,0.296385736598523,0.703654862918341,8
MMRd,Tcd8-CXCL13-LAG3,"(35,40]","(2.92,3.65]",37.5,3.2823438879145,5,0.197472353870458,0.129533678756477,0.222469410456062,8
MMRd,Tplzf-gdlike-comb,"(35,40]","(2.92,3.65]",37.5,3.2823438879145,6,0.263470415329969,0.1719440437759,0.377159710383164,8
MMRd,Myeloid-ISG,"(35,40]","(3.65,4.38]",37.5,4.01175364078438,7,0.580474934036939,0.40859153860336,0.681822900446382,8
MMRd,Myeloid-noDC-noGran,"(35,40]","(3.65,4.38]",37.5,4.01175364078438,8,1.89021248692448,1.30948572234212,2.67142154451549,8
MMRd,Tcd4-Treg-comb,"(35,40]","(3.65,4.38]",37.5,4.01175364078438,4,0.232040537848004,0.167715484363082,0.280126024163311,8
MMRd,Tcd8-CXCL13-LAG3,"(35,40]","(3.65,4.38]",37.5,4.01175364078438,6,0.253192151977577,0.0955377574370709,0.444030286515104,8
MMRd,CD8-all,"(35,40]","(3.65,4.38]",37.5,4.01175364078438,7,0.633245382585752,0.596201237593598,1.58384332925337,8
MMRd,Tcd8-CXCL13-comb,"(35,40]","(3.65,4.38]",37.5,4.01175364078438,6,0.447493140434023,0.382308012776003,0.990576435578089,8
MMRd,Tcd8-HOBIT,"(35,40]","(3.65,4.38]",37.5,4.01175364078438,5,0.17162471395881,0.158311345646438,0.29585798816568,8
MMRd,Tplzf-gdlike-comb,"(35,40]","(3.65,4.38]",37.5,4.01175364078438,4,0.349170254131371,0.311069794050343,0.382308012776003,8
MMRd,Myeloid-ISG,"(35,40]","(4.38,5.11]",37.5,4.74116339365427,4,0.775689724110356,0.648894904280851,0.95542495789944,8
MMRd,Myeloid-noDC-noGran,"(35,40]","(4.38,5.11]",37.5,4.74116339365427,5,3.27868852459016,1.95121951219512,3.56394129979036,8
MMRd,CD8-all,"(35,40]","(4.38,5.11]",37.5,4.74116339365427,5,1.31578947368421,0.819672131147541,1.70731707317073,8
MMRd,Tcd8-HOBIT,"(35,40]","(4.38,5.11]",37.5,4.74116339365427,4,0.32218005246414,0.209132280002045,0.821176582761251,8
MMRd,Myeloid-ISG,"(35,40]","(5.11,5.84]",37.5,5.47057314652416,4,2.48581666169006,1.63444978245105,2.96345811051693,8
MMRd,Myeloid-noDC-noGran,"(35,40]","(5.11,5.84]",37.5,5.47057314652416,4,3.75485219468498,2.54070378151261,4.94154745423781,8
MMRd,Myeloid-noDC-noGran,"(35,40]","[0,0.729]",37.5,0.364704876434944,8,1.77310450268312,0.444360646682671,2.09093459859607,8
MMRd,Tcd8-CXCL13-comb,"(35,40]","[0,0.729]",37.5,0.364704876434944,7,0.126582278481013,0.0657390588339507,0.205829583285092,8
MMRd,CD8-all,"(35,40]","[0,0.729]",37.5,0.364704876434944,7,0.218818380743982,0.137038082135383,0.442976949118409,8
MMRd,Tcd8-CXCL13-comb,"(40,45]","(1.46,2.19]",42.5,1.82352438217472,6,0.206018893011386,0.0681342042498835,0.371632611376308,8
MMRd,CD8-all,"(40,45]","(1.46,2.19]",42.5,1.82352438217472,8,0.358529321146144,0.13535252758411,0.691339625765855,8
MMRd,Myeloid-ISG,"(40,45]","(2.19,2.92]",42.5,2.55293413504461,8,0.270206264508836,0.152747448638531,0.319691438439166,8
MMRd,Myeloid-noDC-noGran,"(40,45]","(2.19,2.92]",42.5,2.55293413504461,8,1.27694595158598,1.00115869691163,1.61053564764064,8
MMRd,Tcd4-CXCL13,"(40,45]","(2.19,2.92]",42.5,2.55293413504461,5,0.128424657534247,0.125,0.175438596491228,8
MMRd,Myeloid-mregDC,"(40,45]","(2.92,3.65]",42.5,3.2823438879145,5,0.0480884828083674,0.0447227191413238,0.240673886883273,8
MMRd,Myeloid-ISG,"(40,45]","(2.92,3.65]",42.5,3.2823438879145,8,0.341924390110952,0.208071772337309,0.595268579384624,8
MMRd,Myeloid-noDC-noGran,"(40,45]","(2.92,3.65]",42.5,3.2823438879145,8,1.45249385730159,0.791619735418185,2.06237238251234,8
MMRd,Tcd4-Treg-comb,"(40,45]","(2.92,3.65]",42.5,3.2823438879145,6,0.116665646862061,0.0953326662826072,0.138283322179236,8
MMRd,Tcd8-CXCL13-comb,"(40,45]","(2.92,3.65]",42.5,3.2823438879145,7,0.338983050847458,0.197497437268797,0.424154405324634,8
MMRd,CD8-all,"(40,45]","(2.92,3.65]",42.5,3.2823438879145,8,0.463518391776373,0.337842201455668,0.637921698362661,8
MMRd,Tplzf-gdlike-comb,"(40,45]","(2.92,3.65]",42.5,3.2823438879145,5,0.288530896850204,0.225988700564972,0.301709688233322,8
MMRd,Myeloid-ISG,"(40,45]","(3.65,4.38]",42.5,4.01175364078438,7,0.775193798449612,0.509951621046015,1.23725597768939,8
MMRd,Myeloid-noDC-noGran,"(40,45]","(3.65,4.38]",42.5,4.01175364078438,8,1.83650013449735,1.09509242384796,2.75039145000364,8
MMRd,Tcd4-CXCL13,"(40,45]","(3.65,4.38]",42.5,4.01175364078438,4,0.1786647525139,0.149703565144334,0.318905336535052,8
MMRd,Tcd8-CXCL13-comb,"(40,45]","(3.65,4.38]",42.5,4.01175364078438,5,0.387596899224806,0.232867598137059,0.55205047318612,8
MMRd,CD8-all,"(40,45]","(3.65,4.38]",42.5,4.01175364078438,5,0.632069194943447,0.387596899224806,0.709779179810726,8
MMRd,Tplzf-gdlike-comb,"(40,45]","(3.65,4.38]",42.5,4.01175364078438,4,0.260555104196966,0.180763834947609,0.418705735736649,8
MMRd,Myeloid-noDC-noGran,"(40,45]","(4.38,5.11]",42.5,4.74116339365427,4,3.02190681023672,2.52107367613045,4.16957736639888,8
MMRd,CD8-all,"(40,45]","(4.38,5.11]",42.5,4.74116339365427,4,1.32704731971364,1.02586384658438,1.51675594867323,8
MMRd,Myeloid-ISG,"(40,45]","(5.11,5.84]",42.5,5.47057314652416,4,2.6669758812616,2.02505827505828,3.68480725623583,8
MMRd,Myeloid-noDC-noGran,"(40,45]","(5.11,5.84]",42.5,5.47057314652416,4,3.32286760858189,2.49125874125874,5.8390022675737,8
MMRd,Myeloid-ISG,"(40,45]","[0,0.729]",42.5,0.364704876434944,7,0.34504391468005,0.217313493449707,0.670089341555723,8
MMRd,Myeloid-noDC-noGran,"(40,45]","[0,0.729]",42.5,0.364704876434944,8,1.7958748590859,1.07673452769962,2.01780653784612,8
MMRd,Myeloid-ISG,"(45,50]","(1.46,2.19]",47.5,1.82352438217472,6,0.343341534204181,0.194759636047063,0.411317735978047,8
MMRd,Myeloid-noDC-noGran,"(45,50]","(1.46,2.19]",47.5,1.82352438217472,8,1.06059594692014,0.412777722752456,1.33980875800588,8
MMRd,Myeloid-ISG,"(45,50]","(2.19,2.92]",47.5,2.55293413504461,8,0.300949185580659,0.16027992388638,0.368214825039522,8
MMRd,Myeloid-noDC-noGran,"(45,50]","(2.19,2.92]",47.5,2.55293413504461,8,1.20021735099166,0.7107693960116,1.72144291379167,8
MMRd,Myeloid-mregDC,"(45,50]","(2.92,3.65]",47.5,3.2823438879145,6,0.104851879299829,0.0394394611601946,0.296869247594367,8
MMRd,Myeloid-ISG,"(45,50]","(2.92,3.65]",47.5,3.2823438879145,7,0.66006600660066,0.396936124724405,0.727365496651291,8
MMRd,Myeloid-noDC-noGran,"(45,50]","(2.92,3.65]",47.5,3.2823438879145,8,1.62204791542331,1.09545107828861,2.20657600077992,8
MMRd,Tcd4-CXCL13,"(45,50]","(2.92,3.65]",47.5,3.2823438879145,4,0.242404858799017,0.180645821860207,0.294073836156535,8
MMRd,Tcd8-CXCL13-comb,"(45,50]","(2.92,3.65]",47.5,3.2823438879145,8,0.272145182597146,0.198774130721201,0.385086293164503,8
MMRd,CD8-all,"(45,50]","(2.92,3.65]",47.5,3.2823438879145,8,0.563920737188064,0.293801297923179,0.813270507495469,8
MMRd,Tplzf-gdlike-comb,"(45,50]","(2.92,3.65]",47.5,3.2823438879145,6,0.179874454322404,0.148033392989774,0.288516334002935,8
MMRd,Myeloid-mregDC,"(45,50]","(3.65,4.38]",47.5,4.01175364078438,4,0.162812061782859,0.0677868585537507,0.609987091705017,8
MMRd,Myeloid-ISG,"(45,50]","(3.65,4.38]",47.5,4.01175364078438,5,0.386398763523957,0.35377358490566,1.69491525423729,8
MMRd,Myeloid-noDC-noGran,"(45,50]","(3.65,4.38]",47.5,4.01175364078438,8,1.59249073970143,1.07047007156799,2.38309904074974,8
MMRd,Tcd4-CXCL13,"(45,50]","(3.65,4.38]",47.5,4.01175364078438,5,0.275157232704403,0.248344370860927,0.364298724954463,8
MMRd,Tcd4-Treg-comb,"(45,50]","(3.65,4.38]",47.5,4.01175364078438,5,0.157232704402516,0.0827814569536424,0.182149362477231,8
MMRd,Tcd8-CXCL13-comb,"(45,50]","(3.65,4.38]",47.5,4.01175364078438,5,0.386398763523957,0.248344370860927,0.793650793650794,8
MMRd,CD8-all,"(45,50]","(3.65,4.38]",47.5,4.01175364078438,5,0.927357032457496,0.628930817610063,1.58730158730159,8
MMRd,Tcd8-CXCL13-LAG3,"(45,50]","(3.65,4.38]",47.5,4.01175364078438,4,0.202788537631721,0.156564404654282,0.277332959384311,8
MMRd,Tplzf-gdlike-comb,"(45,50]","(3.65,4.38]",47.5,4.01175364078438,5,0.463678516228748,0.314465408805031,0.728597449908925,8
MMRd,Myeloid-ISG,"(45,50]","(4.38,5.11]",47.5,4.74116339365427,4,1.1550538277512,0.962376417992752,3.25956937799043,8
MMRd,Myeloid-noDC-noGran,"(45,50]","(4.38,5.11]",47.5,4.74116339365427,5,2.96052631578947,1.75438596491228,2.98295454545455,8
MMRd,Tcd8-CXCL13-comb,"(45,50]","(4.38,5.11]",47.5,4.74116339365427,5,0.852272727272727,0.657894736842105,1.75438596491228,8
MMRd,CD8-all,"(45,50]","(4.38,5.11]",47.5,4.74116339365427,5,1.64473684210526,0.994318181818182,3.50877192982456,8
MMRd,Tcd8-HOBIT,"(45,50]","(4.38,5.11]",47.5,4.74116339365427,4,0.251128796862173,0.165494032613833,0.68530701754386,8
MMRd,Myeloid-ISG,"(45,50]","[0,0.729]",47.5,0.364704876434944,7,0.363636363636364,0.238936993749609,0.432899361592759,8
MMRd,Myeloid-noDC-noGran,"(45,50]","[0,0.729]",47.5,0.364704876434944,8,1.65294256563863,0.875362587267399,2.16925426215652,8
MMRd,Tcd8-CXCL13-LAG3,"(45,50]","[0,0.729]",47.5,0.364704876434944,6,0.050523427115301,0.032296926052475,0.0689858792855481,8
MMRd,CD8-all,"(45,50]","[0,0.729]",47.5,0.364704876434944,7,0.323232323232323,0.197139095864489,0.501626767545506,8
MMRd,Myeloid-noDC-noGran,"(5,10]","(1.46,2.19]",7.5,1.82352438217472,8,1.4343107356373,0.841247501770715,1.79710781012051,8
MMRd,Myeloid-mregDC,"(5,10]","(2.19,2.92]",7.5,2.55293413504461,8,0.0917064116457804,0.0343764849004343,0.104710157906484,8
MMRd,Myeloid-ISG,"(5,10]","(2.19,2.92]",7.5,2.55293413504461,8,0.463425033638794,0.34433369479698,0.603874282125916,8
MMRd,Myeloid-noDC-noGran,"(5,10]","(2.19,2.92]",7.5,2.55293413504461,8,1.69176732277022,1.38219828611207,2.10618788100156,8
MMRd,Tcd4-CXCL13,"(5,10]","(2.19,2.92]",7.5,2.55293413504461,8,0.151579861600996,0.0986449237423532,0.189714389377765,8
MMRd,Tcd4-Treg-comb,"(5,10]","(2.19,2.92]",7.5,2.55293413504461,8,0.157595432154627,0.0960670659185358,0.203071156761563,8
MMRd,Tcd8-CXCL13-comb,"(5,10]","(2.19,2.92]",7.5,2.55293413504461,8,0.250095375314519,0.188552822557191,0.310559140594948,8
MMRd,CD8-all,"(5,10]","(2.19,2.92]",7.5,2.55293413504461,8,0.486343420287729,0.380462717503368,0.92390358958019,8
MMRd,Tcd8-GZMK,"(5,10]","(2.19,2.92]",7.5,2.55293413504461,7,0.102145045965271,0.0380406972457662,0.132598734734738,8
MMRd,Tplzf-gdlike-comb,"(5,10]","(2.19,2.92]",7.5,2.55293413504461,8,0.132814781998872,0.0999587222074524,0.177462366054256,8
MMRd,Myeloid-mregDC,"(5,10]","(2.92,3.65]",7.5,3.2823438879145,7,0.0820344544708778,0.0568587545281044,0.175197308582894,8
MMRd,Myeloid-ISG,"(5,10]","(2.92,3.65]",7.5,3.2823438879145,8,0.580205108873573,0.395266352152347,0.816780617334567,8
MMRd,Myeloid-noDC-noGran,"(5,10]","(2.92,3.65]",7.5,3.2823438879145,8,2.61813360038574,1.64083761179172,3.00131124532664,8
MMRd,Tcd4-CXCL13,"(5,10]","(2.92,3.65]",7.5,3.2823438879145,7,0.185824263339527,0.146926631933598,0.300569884435396,8
MMRd,Tcd4-Treg-comb,"(5,10]","(2.92,3.65]",7.5,3.2823438879145,7,0.199362041467305,0.108364284468675,0.362767086537022,8
MMRd,Tcd8-CXCL13-comb,"(5,10]","(2.92,3.65]",7.5,3.2823438879145,8,0.383340274629377,0.254310687128988,0.458194037482975,8
MMRd,CD8-all,"(5,10]","(2.92,3.65]",7.5,3.2823438879145,8,0.700372629033834,0.459752857246852,0.992040049948375,8
MMRd,Tcd8-CXCL13-LAG3,"(5,10]","(2.92,3.65]",7.5,3.2823438879145,8,0.144892987464766,0.0977370340222491,0.206539582987775,8
MMRd,Tcd8-HOBIT,"(5,10]","(2.92,3.65]",7.5,3.2823438879145,8,0.12078155845922,0.066251742713331,0.220625838545297,8
MMRd,Tplzf-gdlike-comb,"(5,10]","(2.92,3.65]",7.5,3.2823438879145,8,0.222057634210548,0.114096299508289,0.273049631654388,8
MMRd,Myeloid-mregDC,"(5,10]","(3.65,4.38]",7.5,4.01175364078438,8,0.144488230577673,0.116691821789927,0.330856936038982,8
MMRd,Myeloid-ISG,"(5,10]","(3.65,4.38]",7.5,4.01175364078438,8,0.823062449465643,0.687228545773119,1.02541670577536,8
MMRd,Myeloid-noDC-noGran,"(5,10]","(3.65,4.38]",7.5,4.01175364078438,8,2.55219686765561,2.12477284537418,3.02613869715747,8
MMRd,Tcd4-CXCL13,"(5,10]","(3.65,4.38]",7.5,4.01175364078438,8,0.176624713423478,0.0997676543211045,0.297271297112658,8
MMRd,Tcd4-Treg-comb,"(5,10]","(3.65,4.38]",7.5,4.01175364078438,6,0.338598648799732,0.320481423555214,0.368094026203492,8
MMRd,Tcd8-CXCL13-comb,"(5,10]","(3.65,4.38]",7.5,4.01175364078438,8,0.346127184601241,0.280150766844825,0.571723167141191,8
MMRd,CD8-all,"(5,10]","(3.65,4.38]",7.5,4.01175364078438,8,0.860294842938745,0.571483920960868,1.07356168740456,8
MMRd,Tcd8-CXCL13-LAG3,"(5,10]","(3.65,4.38]",7.5,4.01175364078438,8,0.184373030258724,0.127355430646897,0.241758089044006,8
MMRd,Tcd8-GZMK,"(5,10]","(3.65,4.38]",7.5,4.01175364078438,5,0.200848024994421,0.0798084596967279,0.244366005973391,8
MMRd,Tcd8-HOBIT,"(5,10]","(3.65,4.38]",7.5,4.01175364078438,6,0.173401130501321,0.143399867290238,0.214888966434621,8
MMRd,Tplzf-gdlike-comb,"(5,10]","(3.65,4.38]",7.5,4.01175364078438,7,0.29011381388083,0.19240313370971,0.336103479263127,8
MMRd,Myeloid-mregDC,"(5,10]","(4.38,5.11]",7.5,4.74116339365427,6,0.478845343054231,0.15590340220286,0.871621653014668,8
MMRd,Myeloid-ISG,"(5,10]","(4.38,5.11]",7.5,4.74116339365427,7,1.4547160957297,1.04302097641188,1.54423186983893,8
MMRd,Myeloid-noDC-noGran,"(5,10]","(4.38,5.11]",7.5,4.74116339365427,8,3.00010991701266,2.64295444660545,3.43969160857317,8
MMRd,Tcd4-CXCL13,"(5,10]","(4.38,5.11]",7.5,4.74116339365427,6,0.457340860067006,0.250323163636808,0.669784905180094,8
MMRd,Tcd4-Treg-comb,"(5,10]","(4.38,5.11]",7.5,4.74116339365427,6,0.52110656454377,0.282206015875189,0.795346628679962,8
MMRd,CD8-all,"(5,10]","(4.38,5.11]",7.5,4.74116339365427,6,0.826913987148533,0.664547725363276,1.22807842346686,8
MMRd,Tcd8-CXCL13-comb,"(5,10]","(4.38,5.11]",7.5,4.74116339365427,4,0.54515652949681,0.432843020101563,1.69290502502294,8
MMRd,Tcd8-GZMK,"(5,10]","(4.38,5.11]",7.5,4.74116339365427,4,0.107996250934634,0.0674936632015617,0.192142947538526,8
MMRd,Tcd8-HOBIT,"(5,10]","(4.38,5.11]",7.5,4.74116339365427,5,0.263051396195872,0.187705302674801,0.308641975308642,8
MMRd,Tplzf-gdlike-comb,"(5,10]","(4.38,5.11]",7.5,4.74116339365427,5,0.297397769516729,0.263051396195872,0.308641975308642,8
MMRd,Myeloid-ISG,"(5,10]","(5.11,5.84]",7.5,5.47057314652416,5,1.875,1.82291666666667,2.39099859353024,8
MMRd,Myeloid-noDC-noGran,"(5,10]","(5.11,5.84]",7.5,5.47057314652416,5,3.27868852459016,3.125,4.92264416315049,8
MMRd,Tcd4-CXCL13,"(5,10]","(5.11,5.84]",7.5,5.47057314652416,5,0.625,0.409836065573771,1.30208333333333,8
MMRd,CD8-all,"(5,10]","(5.11,5.84]",7.5,5.47057314652416,5,1.43229166666667,1.0752688172043,1.54711673699015,8
MMRd,Tcd8-CXCL13-comb,"(5,10]","(5.11,5.84]",7.5,5.47057314652416,4,0.807346606891702,0.681114684927717,0.952410954301075,8
MMRd,Tcd8-HOBIT,"(5,10]","(5.11,5.84]",7.5,5.47057314652416,4,0.243105992483457,0.186240607923497,0.367220464135021,8
MMRd,Myeloid-mregDC,"(5,10]","[0,0.729]",7.5,0.364704876434944,7,0.0998003992015968,0.0746612693972432,0.157121487148563,8
MMRd,Myeloid-ISG,"(5,10]","[0,0.729]",7.5,0.364704876434944,8,0.407084376303713,0.225040336018002,0.614943798357871,8
MMRd,Myeloid-noDC-noGran,"(5,10]","[0,0.729]",7.5,0.364704876434944,8,2.42344706911636,1.80254392161733,3.48795016503595,8
MMRd,Tcd8-CXCL13-comb,"(5,10]","[0,0.729]",7.5,0.364704876434944,8,0.157528562606145,0.103701176298958,0.321278902574951,8
MMRd,CD8-all,"(5,10]","[0,0.729]",7.5,0.364704876434944,8,0.297294781133148,0.272418268488498,0.599499724583449,8
MMRd,Tcd8-GZMK,"(5,10]","[0,0.729]",7.5,0.364704876434944,5,0.0765476987848053,0.0574712643678161,0.101317122593718,8
MMRd,Tplzf-gdlike-comb,"(5,10]","[0,0.729]",7.5,0.364704876434944,8,0.157528562606145,0.0741046642347489,0.248220164211101,8
MMRd,Myeloid-ISG,"(50,55]","(1.46,2.19]",52.5,1.82352438217472,7,0.259179265658747,0.166459189101333,0.291265909098939,8
MMRd,Myeloid-noDC-noGran,"(50,55]","(1.46,2.19]",52.5,1.82352438217472,8,1.21230981454878,0.966591669116101,1.37455613720394,8
MMRd,Myeloid-mregDC,"(50,55]","(2.19,2.92]",52.5,2.55293413504461,4,0.10181541014292,0.0817476402259378,0.140706452108206,8
MMRd,Myeloid-ISG,"(50,55]","(2.19,2.92]",52.5,2.55293413504461,8,0.375805190230856,0.193673096043578,0.635993021434167,8
MMRd,Myeloid-noDC-noGran,"(50,55]","(2.19,2.92]",52.5,2.55293413504461,8,1.63925584334031,1.01739880122513,1.9520141895527,8
MMRd,Myeloid-ISG,"(50,55]","(2.92,3.65]",52.5,3.2823438879145,7,0.462962962962963,0.286183900091227,0.552247782823466,8
MMRd,Myeloid-noDC-noGran,"(50,55]","(2.92,3.65]",52.5,3.2823438879145,8,1.49765729585007,1.13722514077197,1.81443202689662,8
MMRd,Tcd4-Treg-comb,"(50,55]","(2.92,3.65]",52.5,3.2823438879145,4,0.159777357496586,0.12193590893678,0.198064519707986,8
MMRd,Tcd8-CXCL13-comb,"(50,55]","(2.92,3.65]",52.5,3.2823438879145,5,0.424929178470255,0.301204819277108,0.522193211488251,8
MMRd,CD8-all,"(50,55]","(2.92,3.65]",52.5,3.2823438879145,7,0.602409638554217,0.326431353554923,0.828732091213692,8
MMRd,Tcd8-CXCL13-LAG3,"(50,55]","(2.92,3.65]",52.5,3.2823438879145,4,0.155635597219164,0.106763918372177,0.260230447976444,8
MMRd,Tcd8-HOBIT,"(50,55]","(2.92,3.65]",52.5,3.2823438879145,5,0.261096605744125,0.212464589235127,0.401606425702811,8
MMRd,Tplzf-gdlike-comb,"(50,55]","(2.92,3.65]",52.5,3.2823438879145,6,0.200251555673242,0.15141301750913,0.402167277167277,8
MMRd,Myeloid-ISG,"(50,55]","(3.65,4.38]",52.5,4.01175364078438,6,1.01958933207458,0.670764952261806,1.57894736842105,8
MMRd,Myeloid-noDC-noGran,"(50,55]","(3.65,4.38]",52.5,4.01175364078438,7,2.33918128654971,1.68629578338448,3.58508378569743,8
MMRd,Tcd4-Treg-comb,"(50,55]","(3.65,4.38]",52.5,4.01175364078438,4,0.273622904189719,0.177590449504422,0.364296391202221,8
MMRd,Tcd8-CXCL13-comb,"(50,55]","(3.65,4.38]",52.5,4.01175364078438,5,0.377002827521206,0.358744394618834,0.952380952380952,8
MMRd,CD8-all,"(50,55]","(3.65,4.38]",52.5,4.01175364078438,5,1.34529147982063,0.659754948162111,1.58730158730159,8
MMRd,Tplzf-gdlike-comb,"(50,55]","(3.65,4.38]",52.5,4.01175364078438,4,0.234543655390585,0.158091824702138,0.360143477960957,8
MMRd,Myeloid-noDC-noGran,"(50,55]","(4.38,5.11]",52.5,4.74116339365427,4,2.45833333333333,1.82402791625125,4.6875,8
MMRd,Tcd8-CXCL13-comb,"(50,55]","(4.38,5.11]",52.5,4.74116339365427,4,3.08018867924528,0.499626121635095,5.91194968553459,8
MMRd,CD8-all,"(50,55]","(4.38,5.11]",52.5,4.74116339365427,4,3.47824451174778,1.22208374875374,5.91194968553459,8
MMRd,Myeloid-mregDC,"(50,55]","[0,0.729]",52.5,0.364704876434944,6,0.0804839534674469,0.0558497842906831,0.216924661598384,8
MMRd,Myeloid-ISG,"(50,55]","[0,0.729]",52.5,0.364704876434944,7,0.280504908835905,0.114821504155132,0.384195801232516,8
MMRd,Myeloid-noDC-noGran,"(50,55]","[0,0.729]",52.5,0.364704876434944,8,1.98947352569904,1.38166315535197,2.79473640788714,8
MMRd,Tcd4-CXCL13,"(50,55]","[0,0.729]",52.5,0.364704876434944,5,0.121065375302663,0.0956480153036824,0.162866449511401,8
MMRd,Tcd8-HOBIT,"(50,55]","[0,0.729]",52.5,0.364704876434944,4,0.246979734432012,0.151841624562487,0.418813435469987,8
MMRd,CD8-all,"(50,55]","[0,0.729]",52.5,0.364704876434944,8,0.462407952194294,0.252226689661746,0.693967937121827,8
MMRd,Myeloid-ISG,"(55,60]","(1.46,2.19]",57.5,1.82352438217472,6,0.306543519098309,0.165634441087613,0.394393993479608,8
MMRd,Myeloid-noDC-noGran,"(55,60]","(1.46,2.19]",57.5,1.82352438217472,8,0.67583035395668,0.503498982674641,1.45532629205774,8
MMRd,Myeloid-ISG,"(55,60]","(2.19,2.92]",57.5,2.55293413504461,8,0.27337984704146,0.219393861471878,0.454020200867382,8
MMRd,Myeloid-noDC-noGran,"(55,60]","(2.19,2.92]",57.5,2.55293413504461,8,1.2329734367738,0.880689981903896,1.47642606446285,8
MMRd,Tcd8-CXCL13-comb,"(55,60]","(2.19,2.92]",57.5,2.55293413504461,5,0.478927203065134,0.445103857566766,0.481927710843373,8
MMRd,CD8-all,"(55,60]","(2.19,2.92]",57.5,2.55293413504461,8,0.475156917731915,0.127324341514517,0.683596454784656,8
MMRd,Tcd8-CXCL13-LAG3,"(55,60]","(2.19,2.92]",57.5,2.55293413504461,6,0.154319145719447,0.122245780811917,0.188412312248784,8
MMRd,Myeloid-ISG,"(55,60]","(2.92,3.65]",57.5,3.2823438879145,8,0.475172029012461,0.310638418774683,0.643143665368206,8
MMRd,Myeloid-noDC-noGran,"(55,60]","(2.92,3.65]",57.5,3.2823438879145,8,1.61331300813008,1.20669776776659,2.26759511466479,8
MMRd,Tcd4-Treg-comb,"(55,60]","(2.92,3.65]",57.5,3.2823438879145,5,0.212014134275618,0.208681135225376,0.223797090637822,8
MMRd,Tcd8-CXCL13-LAG3,"(55,60]","(2.92,3.65]",57.5,3.2823438879145,5,0.13550135501355,0.111898545318911,0.212014134275618,8
MMRd,CD8-all,"(55,60]","(2.92,3.65]",57.5,3.2823438879145,8,0.510507718058397,0.391683604336043,0.696118656976128,8
MMRd,Tcd8-GZMK,"(55,60]","(2.92,3.65]",57.5,3.2823438879145,4,0.0979400296135491,0.0623284123454805,0.127781849604807,8
MMRd,Tcd8-HOBIT,"(55,60]","(2.92,3.65]",57.5,3.2823438879145,4,0.218808079319464,0.132928186543969,0.329159769261368,8
MMRd,Tplzf-gdlike-comb,"(55,60]","(2.92,3.65]",57.5,3.2823438879145,4,0.376863143631436,0.343889120756817,0.463400987982278,8
MMRd,Myeloid-ISG,"(55,60]","(3.65,4.38]",57.5,4.01175364078438,5,0.93071354705274,0.5,1.85185185185185,8
MMRd,Myeloid-noDC-noGran,"(55,60]","(3.65,4.38]",57.5,4.01175364078438,6,2.1494829369183,1.22602974828375,6.30529702401471,8
MMRd,Tcd4-CXCL13,"(55,60]","(3.65,4.38]",57.5,4.01175364078438,4,0.194726903135272,0.102559462254395,0.381941606734227,8
MMRd,Tcd4-Treg-comb,"(55,60]","(3.65,4.38]",57.5,4.01175364078438,4,0.189224973318598,0.153718535469108,0.210922495937362,8
MMRd,Tcd8-CXCL13-comb,"(55,60]","(3.65,4.38]",57.5,4.01175364078438,5,0.62047569803516,0.3,0.892857142857143,8
MMRd,CD8-all,"(55,60]","(3.65,4.38]",57.5,4.01175364078438,6,0.684524802348467,0.504539750498265,1.31733571495722,8
MMRd,Tcd8-CXCL13-LAG3,"(55,60]","(3.65,4.38]",57.5,4.01175364078438,4,0.137518665149002,0.102559462254395,0.184522106897679,8
MMRd,CD8-all,"(55,60]","(4.38,5.11]",57.5,4.74116339365427,4,1.08839770387471,0.905410520107463,1.5829337401918,8
MMRd,Myeloid-mregDC,"(55,60]","[0,0.729]",57.5,0.364704876434944,5,0.0620347394540943,0.0206483584555028,0.0827814569536424,8
MMRd,Myeloid-ISG,"(55,60]","[0,0.729]",57.5,0.364704876434944,7,0.33112582781457,0.265379784431355,0.394893376238379,8
MMRd,Myeloid-noDC-noGran,"(55,60]","[0,0.729]",57.5,0.364704876434944,8,1.52342947998682,0.585264084712813,2.60611106995262,8
MMRd,Tcd8-CXCL13-LAG3,"(55,60]","[0,0.729]",57.5,0.364704876434944,4,0.0668789440501599,0.0516881442044464,0.132408713685927,8
MMRd,CD8-all,"(55,60]","[0,0.729]",57.5,0.364704876434944,6,0.296232892872014,0.129178165749127,0.577327965665435,8
MMRd,Tcd8-HOBIT,"(55,60]","[0,0.729]",57.5,0.364704876434944,5,0.0720980533525595,0.0717231486462256,0.0827814569536424,8
MMRd,Myeloid-mregDC,"(60,65]","(2.19,2.92]",62.5,2.55293413504461,5,0.125470514429109,0.099601593625498,0.130208333333333,8
MMRd,Myeloid-noDC-noGran,"(60,65]","(2.19,2.92]",62.5,2.55293413504461,8,1.09272875816993,0.694737063879993,1.46103165756047,8
MMRd,Tcd8-CXCL13-LAG3,"(60,65]","(2.19,2.92]",62.5,2.55293413504461,5,0.163398692810458,0.099601593625498,0.286532951289398,8
MMRd,CD8-all,"(60,65]","(2.19,2.92]",62.5,2.55293413504461,7,0.298804780876494,0.268736990073808,0.6186338976663,8
MMRd,Myeloid-ISG,"(60,65]","(2.92,3.65]",62.5,3.2823438879145,6,0.614979562843198,0.319943659854859,0.690852447710437,8
MMRd,Myeloid-noDC-noGran,"(60,65]","(2.92,3.65]",62.5,3.2823438879145,8,1.6293873537691,1.21520301932673,2.47338472834068,8
MMRd,Tcd4-CXCL13,"(60,65]","(2.92,3.65]",62.5,3.2823438879145,5,0.327600327600328,0.29600394671929,0.346020761245675,8
MMRd,Tcd8-CXCL13-LAG3,"(60,65]","(2.92,3.65]",62.5,3.2823438879145,4,0.183456183456183,0.103242588689061,0.25769662333539,8
MMRd,CD8-all,"(60,65]","(2.92,3.65]",62.5,3.2823438879145,6,0.715772590772591,0.433126682045367,0.887284557733497,8
MMRd,Myeloid-ISG,"(60,65]","(3.65,4.38]",62.5,4.01175364078438,6,0.646226039926827,0.375597732645605,1.12381668583562,8
MMRd,Myeloid-noDC-noGran,"(60,65]","(3.65,4.38]",62.5,4.01175364078438,7,2.65151515151515,1.09183908527392,3.95398608881755,8
MMRd,Tcd4-CXCL13,"(60,65]","(3.65,4.38]",62.5,4.01175364078438,4,0.238622176824424,0.185161666268229,0.296231546231546,8
MMRd,CD8-all,"(60,65]","(3.65,4.38]",62.5,4.01175364078438,4,0.545011283043198,0.277424994023428,1.04895104895105,8
MMRd,Tplzf-gdlike-comb,"(60,65]","(3.65,4.38]",62.5,4.01175364078438,4,0.119311088412212,0.10089200334688,0.71969696969697,8
MMRd,Tcd4-CXCL13,"(60,65]","(4.38,5.11]",62.5,4.74116339365427,4,0.618961352657005,0.258389500664515,2.0066889632107,8
MMRd,Myeloid-mregDC,"(60,65]","[0,0.729]",62.5,0.364704876434944,4,0.069409166596111,0.042003173350275,0.230602993885726,8
MMRd,Myeloid-ISG,"(60,65]","[0,0.729]",62.5,0.364704876434944,6,0.335642787298647,0.323634830276197,0.452870213503263,8
MMRd,Myeloid-noDC-noGran,"(60,65]","[0,0.729]",62.5,0.364704876434944,8,1.90461480488296,0.93358575889172,2.31632588265177,8
MMRd,Myeloid-ISG,"(65,70]","(2.19,2.92]",67.5,2.55293413504461,7,0.403768506056528,0.16957280861964,0.718135169283928,8
MMRd,Myeloid-noDC-noGran,"(65,70]","(2.19,2.92]",67.5,2.55293413504461,8,1.37044064937803,1.13292566466845,1.76798700011477,8
MMRd,Myeloid-ISG,"(65,70]","(2.92,3.65]",67.5,3.2823438879145,5,0.471976401179941,0.377002827521206,0.528169014084507,8
MMRd,Myeloid-noDC-noGran,"(65,70]","(2.92,3.65]",67.5,3.2823438879145,7,1.93661971830986,0.909850025629578,3.32325343531818,8
MMRd,Tcd4-CXCL13,"(65,70]","(2.92,3.65]",67.5,3.2823438879145,5,0.126528890763391,0.117994100294985,0.176056338028169,8
MMRd,Tcd8-CXCL13-comb,"(65,70]","(2.92,3.65]",67.5,3.2823438879145,4,0.382546013544393,0.311209860482404,0.457351552498292,8
MMRd,CD8-all,"(65,70]","(2.92,3.65]",67.5,3.2823438879145,4,0.647565333000956,0.490377467443682,0.859911243155683,8
MMRd,Myeloid-ISG,"(65,70]","(3.65,4.38]",67.5,4.01175364078438,4,1.18495594503684,0.755627677202307,1.699281527699,8
MMRd,Myeloid-noDC-noGran,"(65,70]","(3.65,4.38]",67.5,4.01175364078438,7,2.26130653266332,1.08785097436361,3.11131957473421,8
MMRd,Tcd4-CXCL13,"(65,70]","(3.65,4.38]",67.5,4.01175364078438,4,0.37815339322877,0.226874186458812,0.514289233801429,8
MMRd,Tcd8-CXCL13-comb,"(65,70]","(3.65,4.38]",67.5,4.01175364078438,4,0.386757636420585,0.260899995625629,0.692540987767118,8
MMRd,CD8-all,"(65,70]","(3.65,4.38]",67.5,4.01175364078438,4,0.846202557502962,0.744268011473351,1.2908608700066,8
MMRd,Tplzf-gdlike-comb,"(65,70]","(3.65,4.38]",67.5,4.01175364078438,5,0.677506775067751,0.230591852421214,1.01010101010101,8
MMRd,CD8-all,"(65,70]","(4.38,5.11]",67.5,4.74116339365427,4,0.97434446330881,0.798305637015315,1.26117179741807,8
MMRd,Myeloid-ISG,"(65,70]","[0,0.729]",67.5,0.364704876434944,7,0.394736842105263,0.179381267092069,0.733644859813084,8
MMRd,Myeloid-noDC-noGran,"(65,70]","[0,0.729]",67.5,0.364704876434944,8,1.60207073483599,1.21889243391067,1.78289473684211,8
MMRd,Myeloid-mregDC,"(70,75]","(1.46,2.19]",72.5,1.82352438217472,4,0.120524972343823,0.0998108715150516,0.308734939759036,8
MMRd,Myeloid-noDC-noGran,"(70,75]","(1.46,2.19]",72.5,1.82352438217472,8,0.952141900937082,0.684731934731935,1.54612966291652,8
MMRd,Myeloid-noDC-noGran,"(70,75]","(2.19,2.92]",72.5,2.55293413504461,8,1.40861971072518,0.733414254199562,1.98324751441521,8
MMRd,Tcd4-CXCL13,"(70,75]","(2.19,2.92]",72.5,2.55293413504461,5,0.189513581806696,0.174520069808028,0.298507462686567,8
MMRd,Myeloid-noDC-noGran,"(70,75]","(2.92,3.65]",72.5,3.2823438879145,5,1.93850267379679,1.59404888416578,3.2967032967033,8
MMRd,Tcd8-CXCL13-comb,"(70,75]","(2.92,3.65]",72.5,3.2823438879145,4,0.346670806019574,0.288710507228042,0.414588715976687,8
MMRd,CD8-all,"(70,75]","(2.92,3.65]",72.5,3.2823438879145,5,0.935828877005348,0.637619553666312,1.0989010989011,8
MMRd,Myeloid-ISG,"(70,75]","(3.65,4.38]",72.5,4.01175364078438,4,0.535619508885603,0.343480243972264,0.750619270759376,8
MMRd,Myeloid-noDC-noGran,"(70,75]","(3.65,4.38]",72.5,4.01175364078438,4,1.31795372759228,0.756469292393092,1.96431107114119,8
MMRd,CD8-all,"(70,75]","(3.65,4.38]",72.5,4.01175364078438,5,1.0507880910683,1.0194624652456,1.83246073298429,8
MMRd,Myeloid-noDC-noGran,"(70,75]","(4.38,5.11]",72.5,4.74116339365427,4,2.61616023981469,2.39745011086475,4.01804899011603,8
MMRd,CD8-all,"(70,75]","(4.38,5.11]",72.5,4.74116339365427,4,1.22959080830478,1.05429895081074,1.62419651056015,8
MMRd,Myeloid-noDC-noGran,"(70,75]","[0,0.729]",72.5,0.364704876434944,8,1.49880489958308,0.959175025639093,2.44038163364312,8
MMRd,Tcd4-CXCL13,"(70,75]","[0,0.729]",72.5,0.364704876434944,4,0.165754565143765,0.0630540875248468,0.29850072624919,8
MMRd,Myeloid-ISG,"(75,80]","(2.19,2.92]",77.5,2.55293413504461,6,0.373686340734951,0.291240875912409,0.405093353602247,8
MMRd,Myeloid-noDC-noGran,"(75,80]","(2.19,2.92]",77.5,2.55293413504461,8,1.46013765678382,1.18248175182482,1.76291453636186,8
MMRd,Myeloid-ISG,"(75,80]","(2.92,3.65]",77.5,3.2823438879145,4,0.360435377386546,0.241941170060702,0.527834822667481,8
MMRd,Myeloid-noDC-noGran,"(75,80]","(2.92,3.65]",77.5,3.2823438879145,8,1.63445791025221,1.1381074168798,2.35399321054006,8
MMRd,Tcd8-CXCL13-comb,"(75,80]","(2.92,3.65]",77.5,3.2823438879145,4,0.590553366265194,0.412775828228157,0.724962764907495,8
MMRd,CD8-all,"(75,80]","(2.92,3.65]",77.5,3.2823438879145,6,0.940347970173985,0.699312151981657,1.1891057138846,8
MMRd,Tcd8-CXCL13-LAG3,"(75,80]","(2.92,3.65]",77.5,3.2823438879145,5,0.232558139534884,0.127877237851662,0.704225352112676,8
MMRd,Myeloid-ISG,"(75,80]","(3.65,4.38]",77.5,4.01175364078438,4,1.04103343465046,0.562770562770563,2.0258358662614,8
MMRd,Myeloid-noDC-noGran,"(75,80]","(3.65,4.38]",77.5,4.01175364078438,7,2.17391304347826,1.31251726996408,5.18543956043956,8
MMRd,Tcd8-CXCL13-comb,"(75,80]","(3.65,4.38]",77.5,4.01175364078438,4,0.538127413127413,0.428841991341991,0.557381089295983,8
MMRd,CD8-all,"(75,80]","(3.65,4.38]",77.5,4.01175364078438,4,0.758727088514323,0.746753246753247,0.975314219995071,8
MMRd,Myeloid-ISG,"(75,80]","(4.38,5.11]",77.5,4.74116339365427,4,1.59827534939043,0.49129638112689,2.64708488392699,8
MMRd,Myeloid-noDC-noGran,"(75,80]","(4.38,5.11]",77.5,4.74116339365427,4,2.44573297650907,2.10032065964269,2.98378522062733,8
MMRd,CD8-all,"(75,80]","(4.38,5.11]",77.5,4.74116339365427,4,0.619186212406552,0.558863948694457,1.82083997873472,8
MMRd,Myeloid-ISG,"(75,80]","[0,0.729]",77.5,0.364704876434944,8,0.376079780883489,0.18362711208126,0.667917485073241,8
MMRd,Myeloid-noDC-noGran,"(75,80]","[0,0.729]",77.5,0.364704876434944,8,1.68093631697225,1.12332922551901,2.19397429594775,8
MMRd,Tcd4-CXCL13,"(80,85]","(1.46,2.19]",82.5,1.82352438217472,4,0.170444477762482,0.119283343178282,0.598170959313177,8
MMRd,Myeloid-noDC-noGran,"(80,85]","(2.19,2.92]",82.5,2.55293413504461,8,0.707577204711875,0.45803682367559,1.21776848580972,8
MMRd,Tplzf-gdlike-comb,"(80,85]","(2.19,2.92]",82.5,2.55293413504461,4,0.302318443256215,0.221512402840468,0.403535524680899,8
MMRd,Myeloid-ISG,"(80,85]","(2.92,3.65]",82.5,3.2823438879145,4,0.615209899749373,0.416968296013557,0.768113938053097,8
MMRd,Myeloid-noDC-noGran,"(80,85]","(2.92,3.65]",82.5,3.2823438879145,8,0.839303272931591,0.721887657532457,1.67467948717949,8
MMRd,CD8-all,"(80,85]","(2.92,3.65]",82.5,3.2823438879145,4,0.7326224328594,0.53659029089311,0.953227571115974,8
MMRd,Myeloid-noDC-noGran,"(80,85]","(3.65,4.38]",82.5,4.01175364078438,4,1.53723144630005,0.387459404498133,2.89396803574497,8
MMRd,Tplzf-gdlike-comb,"(80,85]","(3.65,4.38]",82.5,4.01175364078438,4,0.246615087040619,0.217713524660595,0.270794761283273,8
MMRd,Myeloid-ISG,"(80,85]","[0,0.729]",82.5,0.364704876434944,7,0.290697674418605,0.153179164448327,1.29137546705471,8
MMRd,Myeloid-noDC-noGran,"(80,85]","[0,0.729]",82.5,0.364704876434944,8,1.96234897129151,1.28889772432528,2.88160972304195,8
MMRd,Myeloid-ISG,"(85,90]","(2.19,2.92]",87.5,2.55293413504461,5,0.294985250737463,0.223713646532438,0.540540540540541,8
MMRd,Myeloid-noDC-noGran,"(85,90]","(2.19,2.92]",87.5,2.55293413504461,8,0.697136802562189,0.491573610734505,1.34213072132535,8
MMRd,CD8-all,"(85,90]","(2.19,2.92]",87.5,2.55293413504461,6,0.651949659583248,0.428103885135135,0.77808801680414,8
MMRd,Myeloid-ISG,"(85,90]","(2.92,3.65]",87.5,3.2823438879145,5,0.925925925925926,0.589970501474926,0.970873786407767,8
MMRd,Myeloid-noDC-noGran,"(85,90]","(2.92,3.65]",87.5,3.2823438879145,6,1.06889770454006,0.933908045977011,1.75602421177642,8
MMRd,CD8-all,"(85,90]","(2.92,3.65]",87.5,3.2823438879145,4,0.580393058269165,0.269131658359611,0.91040716040716,8
MMRd,Myeloid-ISG,"(85,90]","(3.65,4.38]",87.5,4.01175364078438,4,1.02382822728463,0.868219876228613,1.44736842105263,8
MMRd,Myeloid-noDC-noGran,"(85,90]","(3.65,4.38]",87.5,4.01175364078438,5,1.24378109452736,0.650406504065041,2.10526315789474,8
MMRd,CD8-all,"(85,90]","(3.65,4.38]",87.5,4.01175364078438,4,0.88076122509664,0.595635430038511,1.15840290075048,8
MMRd,Tcd8-CXCL13-comb,"(85,90]","(3.65,4.38]",87.5,4.01175364078438,4,0.246506095747844,0.19854514334617,0.398431570958766,8
MMRd,Myeloid-ISG,"(85,90]","(4.38,5.11]",87.5,4.74116339365427,5,2.20264317180617,1.55038759689923,3.03030303030303,8
MMRd,Myeloid-noDC-noGran,"(85,90]","(4.38,5.11]",87.5,4.74116339365427,5,3.03030303030303,2.32558139534884,3.9647577092511,8
MMRd,Myeloid-ISG,"(85,90]","[0,0.729]",87.5,0.364704876434944,6,0.626621702203098,0.185431826056826,1.25968992248062,8
MMRd,Myeloid-noDC-noGran,"(85,90]","[0,0.729]",87.5,0.364704876434944,8,1.63117052651936,0.436249311547641,3.22397828863346,8
MMRd,Myeloid-ISG,"(90,95]","(2.19,2.92]",92.5,2.55293413504461,4,0.560515443067233,0.31260992876616,0.825984057271368,8
MMRd,Myeloid-noDC-noGran,"(90,95]","(2.19,2.92]",92.5,2.55293413504461,7,0.655737704918033,0.536880522474068,1.09620977522401,8
MMRd,Myeloid-noDC-noGran,"(90,95]","(2.92,3.65]",92.5,3.2823438879145,7,2.06185567010309,0.75629779577148,2.82576750466659,8
MMRd,CD8-all,"(90,95]","(2.92,3.65]",92.5,3.2823438879145,5,0.786369593709043,0.328947368421053,1.36332651670075,8
MMRd,Tplzf-gdlike-comb,"(90,95]","(2.92,3.65]",92.5,3.2823438879145,4,0.271311291048133,0.193021809994287,0.348960015068346,8
MMRd,Myeloid-noDC-noGran,"(90,95]","(3.65,4.38]",92.5,4.01175364078438,5,1.82926829268293,0.912408759124088,2.63157894736842,8
MMRd,Myeloid-noDC-noGran,"(90,95]","[0,0.729]",92.5,0.364704876434944,8,1.87389548093916,1.00651226525721,3.18654634084672,8
MMRd,Myeloid-noDC-noGran,"(95,100]","(2.92,3.65]",97.5,3.2823438879145,8,1.96514837819186,0.995255434182942,2.5,8
MMRd,Tcd8-CXCL13-comb,"(95,100]","(2.92,3.65]",97.5,3.2823438879145,5,0.377358490566038,0.292397660818713,0.7223113964687,8
MMRd,CD8-all,"(95,100]","(2.92,3.65]",97.5,3.2823438879145,5,0.87719298245614,0.62111801242236,1.11111111111111,8
MMRd,Myeloid-noDC-noGran,"(95,100]","(3.65,4.38]",97.5,4.01175364078438,5,1.05540897097625,0.663716814159292,1.65562913907285,8
MMRd,CD8-all,"(95,100]","(3.65,4.38]",97.5,4.01175364078438,4,0.706330118850258,0.478559821069737,1.25368731563422,8
MMRd,Myeloid-noDC-noGran,"(95,100]","(4.38,5.11]",97.5,4.74116339365427,4,5.47565543071161,4.15060240963855,6.48621041879469,8
MMRd,Myeloid-ISG,"(95,100]","[0,0.729]",97.5,0.364704876434944,6,0.226789711328178,0.162688832426811,0.236354486103545,8
MMRd,Myeloid-noDC-noGran,"(95,100]","[0,0.729]",97.5,0.364704876434944,8,1.08960208297957,0.616165321594522,1.86882398509666,8
MMRd,Tcd4-CXCL13,"(95,100]","[0,0.729]",97.5,0.364704876434944,4,0.203904250916782,0.0352175731419456,0.395517613133376,8
MMRd,Myeloid-ISG,"[-100,-95]","(3.65,4.38]",-97.5,4.01175364078438,5,7.2289156626506,3.97877984084881,9.09090909090909,8
MMRd,Myeloid-noDC-noGran,"[-100,-95]","(3.65,4.38]",-97.5,4.01175364078438,7,26.5060240963855,14.6816976127321,31.5151515151515,8
MMRd,Myeloid-ISG,"[-100,-95]","(4.38,5.11]",-97.5,4.74116339365427,4,8.48155467720685,6.55594405594406,10.7336956521739,8
MMRd,Myeloid-noDC-noGran,"[-100,-95]","(4.38,5.11]",-97.5,4.74116339365427,4,30.8528428093645,24.1695804195804,38.5869565217391,8
MMRd,Myeloid-mregDC,"[-100,-95]","[0,0.729]",-97.5,0.364704876434944,6,0.957364341085271,0.436610973131632,1.4047619047619,8
MMRd,Myeloid-noDC-noGran,"[-100,-95]","[0,0.729]",-97.5,0.364704876434944,8,18.6893203883495,10.6791623278954,23.0840088430361,8
MMRd,Tcd4-Treg-comb,"[-100,-95]","[0,0.729]",-97.5,0.364704876434944,5,2.13592233009709,1.69491525423729,2.57048092868988,8
MMRd,Tplzf-gdlike-comb,"[-100,-95]","[0,0.729]",-97.5,0.364704876434944,4,0.727308647550237,0.478352573701074,0.987403100775194,8
MMRd,Myeloid-mregDC,"(-10,-5]","(0.729,1.46]",-7.5,1.09411462930483,4,0.457251844662221,0.390221878224974,0.528163275284607,8
MMRd,Myeloid-ISG,"(-10,-5]","(0.729,1.46]",-7.5,1.09411462930483,7,2.69607843137255,1.58961187214612,4.08503003204698,8
MMRd,Myeloid-noDC-noGran,"(-10,-5]","(0.729,1.46]",-7.5,1.09411462930483,7,16.5377751338489,11.3167328127,21.9520872865275,8
MMRd,Tcd4-Treg-comb,"(-10,-5]","(0.729,1.46]",-7.5,1.09411462930483,6,1.15171291598138,0.824647755331546,1.76951621770203,8
MMRd,Tcd8-CXCL13-comb,"(-10,-5]","(0.729,1.46]",-7.5,1.09411462930483,7,0.87719298245614,0.241525819131936,1.84811827956989,8
MMRd,CD8-all,"(-10,-5]","(0.729,1.46]",-7.5,1.09411462930483,7,1.31578947368421,0.572284237906942,2.65456989247312,8
MMRd,Tcd8-HOBIT,"(-10,-5]","(0.729,1.46]",-7.5,1.09411462930483,4,0.211781619250913,0.16809547480707,0.417468389224849,8
MMRd,Myeloid-mregDC,"(-10,-5]","(1.46,2.19]",-7.5,1.82352438217472,6,0.32819842989326,0.315138622096955,0.360883269085351,8
MMRd,Tcd4-Treg-comb,"(-10,-5]","(1.46,2.19]",-7.5,1.82352438217472,7,0.978336827393431,0.707336757322998,1.39060130554986,8
MMRd,Tcd8-CXCL13-LAG3,"(-10,-5]","(1.46,2.19]",-7.5,1.82352438217472,7,0.169548999660902,0.110326956048069,0.423792897112685,8
MMRd,Tcd8-GZMK,"(-10,-5]","(1.46,2.19]",-7.5,1.82352438217472,7,0.135639199728722,0.0666564271756093,0.455293621536327,8
MMRd,Tcd8-HOBIT,"(-10,-5]","(1.46,2.19]",-7.5,1.82352438217472,7,0.305188199389624,0.219051969406528,0.553598229791556,8
MMRd,Tcd4-CXCL13,"(-10,-5]","(2.19,2.92]",-7.5,2.55293413504461,7,0.384212364652462,0.209160150574658,0.698248874025268,8
MMRd,Tcd8-CXCL13-LAG3,"(-10,-5]","(2.19,2.92]",-7.5,2.55293413504461,7,0.174641983932937,0.159971479416727,0.256281222242268,8
MMRd,Tcd8-GZMK,"(-10,-5]","(2.19,2.92]",-7.5,2.55293413504461,7,0.150920615756112,0.123025657886233,0.455782446763106,8
MMRd,Tcd8-HOBIT,"(-10,-5]","(2.19,2.92]",-7.5,2.55293413504461,7,0.349283967865875,0.235784129480368,0.85227660369132,8
MMRd,Tcd8-GZMK,"(-10,-5]","(2.92,3.65]",-7.5,3.2823438879145,7,0.204582651391162,0.176955660826629,0.74454189158858,8
MMRd,Tcd8-GZMK,"(-10,-5]","(4.38,5.11]",-7.5,4.74116339365427,6,1.09441036688648,0.759586345749062,1.24549297313539,8
MMRd,Myeloid-mregDC,"(-10,-5]","[0,0.729]",-7.5,0.364704876434944,6,0.363668475643043,0.193023532511239,0.524850371750934,8
MMRd,Tcd4-CXCL13,"(-10,-5]","[0,0.729]",-7.5,0.364704876434944,6,0.337825829331556,0.259648597651506,0.717989411233394,8
MMRd,Tcd8-CXCL13-LAG3,"(-10,-5]","[0,0.729]",-7.5,0.364704876434944,6,0.137250933624718,0.125709545581803,0.289544743658668,8
MMRd,Tcd8-GZMK,"(-10,-5]","[0,0.729]",-7.5,0.364704876434944,6,0.242048642031019,0.0990078530726122,0.369338840019637,8
MMRd,Myeloid-ISG,"(-15,-10]","(0.729,1.46]",-12.5,1.09411462930483,6,2.864761383837,2.44219326655118,4.47815533980583,8
MMRd,Myeloid-noDC-noGran,"(-15,-10]","(0.729,1.46]",-12.5,1.09411462930483,6,12.6923415105953,10.414798206278,17.9944793451361,8
MMRd,Tcd4-Treg-comb,"(-15,-10]","(0.729,1.46]",-12.5,1.09411462930483,4,1.60108633865976,1.29905647477096,1.8800508381094,8
MMRd,Tcd8-CXCL13-comb,"(-15,-10]","(0.729,1.46]",-12.5,1.09411462930483,4,0.709652139840655,0.447731069598651,1.08026801586216,8
MMRd,CD8-all,"(-15,-10]","(0.729,1.46]",-12.5,1.09411462930483,5,1.94174757281553,1.51515151515152,4.22535211267606,8
MMRd,Myeloid-mregDC,"(-15,-10]","(1.46,2.19]",-12.5,1.82352438217472,6,0.368910335327649,0.31822158607884,0.398313165952961,8
MMRd,Tcd4-CXCL13,"(-15,-10]","(1.46,2.19]",-12.5,1.82352438217472,7,0.205761316872428,0.150240520082413,0.426383350298132,8
MMRd,Tcd8-CXCL13-LAG3,"(-15,-10]","(1.46,2.19]",-12.5,1.82352438217472,6,0.180762278373909,0.113124786229975,0.284118715981292,8
MMRd,CD8-all,"(-15,-10]","(1.46,2.19]",-12.5,1.82352438217472,7,0.934579439252336,0.827151274249959,1.25480960477634,8
MMRd,Tcd8-CXCL13-comb,"(-15,-10]","(1.46,2.19]",-12.5,1.82352438217472,7,0.31023784901758,0.248612567150565,0.489036398982065,8
MMRd,Tcd8-HOBIT,"(-15,-10]","(1.46,2.19]",-12.5,1.82352438217472,6,0.354719722911984,0.231880449908716,0.508678903874494,8
MMRd,Tplzf-gdlike-comb,"(-15,-10]","(1.46,2.19]",-12.5,1.82352438217472,7,0.413650465356774,0.243629768637606,0.533046057417875,8
MMRd,Tcd4-CXCL13,"(-15,-10]","(2.19,2.92]",-12.5,2.55293413504461,7,0.47534165181224,0.362947677944068,0.557107329682581,8
MMRd,Tcd4-Treg-comb,"(-15,-10]","(2.19,2.92]",-12.5,2.55293413504461,7,1.58520475561427,1.19973716806139,1.79704632045769,8
MMRd,Tcd8-CXCL13-comb,"(-15,-10]","(2.19,2.92]",-12.5,2.55293413504461,7,0.632911392405063,0.35083694585957,0.771553918883373,8
MMRd,Tcd8-GZMK,"(-15,-10]","(2.19,2.92]",-12.5,2.55293413504461,7,0.2465483234714,0.145723805440857,0.467629720768665,8
MMRd,Tcd8-HOBIT,"(-15,-10]","(2.19,2.92]",-12.5,2.55293413504461,7,0.230149597238205,0.177193490582254,0.583446551686692,8
MMRd,Tplzf-gdlike-comb,"(-15,-10]","(2.19,2.92]",-12.5,2.55293413504461,7,0.29585798816568,0.234406540862539,0.496444249789875,8
MMRd,Tcd4-CXCL13,"(-15,-10]","(2.92,3.65]",-12.5,3.2823438879145,7,0.766773162939297,0.490319512058643,1.10752710651687,8
MMRd,Tcd8-CXCL13-LAG3,"(-15,-10]","(2.92,3.65]",-12.5,3.2823438879145,7,0.12586532410321,0.103788970684867,0.316263106960781,8
MMRd,Tcd8-HOBIT,"(-15,-10]","(2.92,3.65]",-12.5,3.2823438879145,6,0.370002499881038,0.314379829798332,0.428072558988675,8
MMRd,Tplzf-gdlike-comb,"(-15,-10]","(2.92,3.65]",-12.5,3.2823438879145,7,0.440528634361233,0.205435278709345,0.577155228318019,8
MMRd,Tcd4-CXCL13,"(-15,-10]","(3.65,4.38]",-12.5,4.01175364078438,7,0.632244467860906,0.613727151676553,0.834048886599119,8
MMRd,Tcd8-GZMK,"(-15,-10]","(3.65,4.38]",-12.5,4.01175364078438,7,0.37037037037037,0.230673727417843,0.685095203819097,8
MMRd,Tcd4-CXCL13,"(-15,-10]","[0,0.729]",-12.5,0.364704876434944,6,0.37876243452869,0.201824829237393,0.541860839862089,8
MMRd,Tcd8-CXCL13-comb,"(-15,-10]","[0,0.729]",-12.5,0.364704876434944,7,0.24885939444214,0.175462566568901,0.483998304353068,8
MMRd,CD8-all,"(-15,-10]","[0,0.729]",-12.5,0.364704876434944,7,0.907715582450832,0.734916074398911,1.08915361554899,8
MMRd,Tcd8-HOBIT,"(-15,-10]","[0,0.729]",-12.5,0.364704876434944,7,0.179533213644524,0.168642934394167,0.190947236745426,8
MMRd,Myeloid-noDC-noGran,"(-20,-15]","(0.729,1.46]",-17.5,1.09411462930483,6,13.1944444444444,8.99456521739131,14.3263147489126,8
MMRd,Myeloid-mregDC,"(-20,-15]","(1.46,2.19]",-17.5,1.82352438217472,5,0.490196078431373,0.334128878281623,0.974025974025974,8
MMRd,Tcd4-Treg-comb,"(-20,-15]","(1.46,2.19]",-17.5,1.82352438217472,6,1.51573787409701,1.18122009569378,2.14729865693294,8
MMRd,Tcd8-CXCL13-comb,"(-20,-15]","(1.46,2.19]",-17.5,1.82352438217472,7,0.425531914893617,0.31597261728676,0.462804739120529,8
MMRd,CD8-all,"(-20,-15]","(1.46,2.19]",-17.5,1.82352438217472,7,0.974025974025974,0.531494220599934,1.76442399846655,8
MMRd,Myeloid-mregDC,"(-20,-15]","(2.19,2.92]",-17.5,2.55293413504461,7,0.464156781846313,0.365793926440467,0.561679691726382,8
MMRd,Tcd4-CXCL13,"(-20,-15]","(2.19,2.92]",-17.5,2.55293413504461,7,0.313971742543171,0.219069451917004,0.78717603939282,8
MMRd,Tcd8-GZMK,"(-20,-15]","(2.19,2.92]",-17.5,2.55293413504461,6,0.260291656395553,0.167692088023562,0.341650830372635,8
MMRd,Myeloid-mregDC,"(-20,-15]","(2.92,3.65]",-17.5,3.2823438879145,7,0.587659157688541,0.508139427940771,0.636213194486489,8
MMRd,Tcd8-CXCL13-comb,"(-20,-15]","(2.92,3.65]",-17.5,3.2823438879145,7,0.589390962671906,0.410885940466093,0.900102924259853,8
MMRd,Tcd8-CXCL13-LAG3,"(-20,-15]","(2.92,3.65]",-17.5,3.2823438879145,5,0.165343915343915,0.152671755725191,0.265060240963855,8
MMRd,Tcd8-GZMK,"(-20,-15]","(2.92,3.65]",-17.5,3.2823438879145,7,0.251256281407035,0.116338369350418,0.735728483766253,8
MMRd,Tplzf-gdlike-comb,"(-20,-15]","(2.92,3.65]",-17.5,3.2823438879145,7,0.586264656616415,0.399215911264104,0.715516325832222,8
MMRd,Tcd8-GZMK,"(-20,-15]","(3.65,4.38]",-17.5,4.01175364078438,6,0.589133565863224,0.334090270910401,1.14174543596596,8
MMRd,CD8-all,"(-20,-15]","[0,0.729]",-17.5,0.364704876434944,7,0.583090379008746,0.310030792809715,1.34191862635312,8
MMRd,Tcd8-CXCL13-comb,"(-20,-15]","[0,0.729]",-17.5,0.364704876434944,6,0.274917758219174,0.154537402664502,0.430596787170879,8
MMRd,Myeloid-noDC-noGran,"(-25,-20]","(0.729,1.46]",-22.5,1.09411462930483,5,7.31707317073171,7.14285714285714,11.1111111111111,8
MMRd,Myeloid-ISG,"(-25,-20]","(1.46,2.19]",-22.5,1.82352438217472,7,2.96176628971459,1.79340028694405,3.35030237172824,8
MMRd,Myeloid-noDC-noGran,"(-25,-20]","(1.46,2.19]",-22.5,1.82352438217472,7,15.7407407407407,14.2985588036533,20.78105875153,8
MMRd,Tcd4-Treg-comb,"(-25,-20]","(1.46,2.19]",-22.5,1.82352438217472,6,1.80394346791366,1.0578165374677,2.19449624836491,8
MMRd,Tcd4-CXCL13,"(-25,-20]","(2.19,2.92]",-22.5,2.55293413504461,6,0.498767431650245,0.447302566237732,0.729052043520442,8
MMRd,Tcd8-CXCL13-comb,"(-25,-20]","(2.19,2.92]",-22.5,2.55293413504461,7,0.609225413402959,0.434031865630641,0.962287264295402,8
MMRd,CD8-all,"(-25,-20]","(2.19,2.92]",-22.5,2.55293413504461,7,1.21845082680592,0.786613765740901,2.52828629544877,8
MMRd,Tcd8-GZMK,"(-25,-20]","(2.19,2.92]",-22.5,2.55293413504461,6,0.243396446937821,0.14289000057501,0.506531273836766,8
MMRd,Tcd8-HOBIT,"(-25,-20]","(2.19,2.92]",-22.5,2.55293413504461,6,0.46646206464813,0.248322524495354,0.757611873887618,8
MMRd,Tplzf-gdlike-comb,"(-25,-20]","(2.19,2.92]",-22.5,2.55293413504461,6,0.294743096600682,0.276903763030765,0.335368738839788,8
MMRd,Myeloid-ISG,"(-25,-20]","(2.92,3.65]",-22.5,3.2823438879145,7,4.6047378227309,4.08523245999345,5.84273608314996,8
MMRd,Tcd4-CXCL13,"(-25,-20]","(2.92,3.65]",-22.5,3.2823438879145,7,0.628930817610063,0.456374488632553,0.712597857065551,8
MMRd,Tcd8-GZMK,"(-25,-20]","(2.92,3.65]",-22.5,3.2823438879145,6,0.29874213836478,0.205889852116267,0.652230118931659,8
MMRd,Tcd8-GZMK,"(-25,-20]","(3.65,4.38]",-22.5,4.01175364078438,7,0.561797752808989,0.285971184745366,0.880790261013102,8
MMRd,Tcd8-CXCL13-comb,"(-25,-20]","[0,0.729]",-22.5,0.364704876434944,5,0.320855614973262,0.25706940874036,0.704225352112676,8
MMRd,Myeloid-noDC-noGran,"(-30,-25]","(1.46,2.19]",-27.5,1.82352438217472,7,14.6296296296296,10.811187664042,18.4449671907887,8
MMRd,CD8-all,"(-30,-25]","(1.46,2.19]",-27.5,1.82352438217472,7,2.06185567010309,1.07121348991268,2.4115296803653,8
MMRd,Tcd8-CXCL13-comb,"(-30,-25]","(1.46,2.19]",-27.5,1.82352438217472,6,1.03629725085911,0.730172903644776,1.28781392694064,8
MMRd,Myeloid-mregDC,"(-30,-25]","(2.19,2.92]",-27.5,2.55293413504461,6,0.599744758954946,0.440047718729601,0.70014568711173,8
MMRd,Tcd4-CXCL13,"(-30,-25]","(2.19,2.92]",-27.5,2.55293413504461,6,0.414150274975539,0.280608037530466,0.540551243465864,8
MMRd,Tcd8-HOBIT,"(-30,-25]","(2.19,2.92]",-27.5,2.55293413504461,5,0.467289719626168,0.439422473320778,0.634517766497462,8
MMRd,Tcd4-CXCL13,"(-30,-25]","(2.92,3.65]",-27.5,3.2823438879145,7,0.801165331391114,0.64495706880861,1.21451367158239,8
MMRd,Tcd8-CXCL13-comb,"(-30,-25]","(2.92,3.65]",-27.5,3.2823438879145,7,0.670016750418761,0.571916461695534,1.29939689370309,8
MMRd,Tcd8-CXCL13-comb,"(-30,-25]","(3.65,4.38]",-27.5,4.01175364078438,6,0.809755473050826,0.524174053182917,1.15094247192724,8
MMRd,Tcd8-GZMK,"(-30,-25]","(3.65,4.38]",-27.5,4.01175364078438,6,0.406526994359388,0.319261298169248,0.851143391341867,8
MMRd,Myeloid-mregDC,"(-30,-25]","[0,0.729]",-27.5,0.364704876434944,7,0.483091787439614,0.249457334352654,0.672078126829971,8
MMRd,Tcd8-CXCL13-comb,"(-30,-25]","[0,0.729]",-27.5,0.364704876434944,7,0.417246175243394,0.345802832968913,0.52443132512009,8
MMRd,Myeloid-ISG,"(-35,-30]","(1.46,2.19]",-32.5,1.82352438217472,6,3.0513220274269,1.73043937194881,4.62539147193447,8
MMRd,Tcd4-Treg-comb,"(-35,-30]","(1.46,2.19]",-32.5,1.82352438217472,5,2.23776223776224,1.88679245283019,2.38095238095238,8
MMRd,Myeloid-ISG,"(-35,-30]","(2.19,2.92]",-32.5,2.55293413504461,7,3.05458187280921,2.74534903567162,3.48070932183082,8
MMRd,Tcd4-Treg-comb,"(-35,-30]","(2.19,2.92]",-32.5,2.55293413504461,7,1.64835164835165,1.11925111925112,2.75949360177338,8
MMRd,Myeloid-mregDC,"(-35,-30]","(2.92,3.65]",-32.5,3.2823438879145,7,0.680272108843537,0.628291874617797,0.803783914955575,8
MMRd,Tcd8-CXCL13-comb,"(-35,-30]","(2.92,3.65]",-32.5,3.2823438879145,6,0.811160429946133,0.523164340611453,1.18718215386377,8
MMRd,Tcd8-GZMK,"(-35,-30]","(2.92,3.65]",-32.5,3.2823438879145,5,0.964630225080386,0.613496932515337,1.00430416068867,8
MMRd,Tcd8-CXCL13-LAG3,"(-35,-30]","(3.65,4.38]",-32.5,4.01175364078438,4,0.335125867040761,0.262831029322617,0.376351290985437,8
MMRd,Tcd4-CXCL13,"(-35,-30]","[0,0.729]",-32.5,0.364704876434944,4,0.550100556015616,0.459162941893539,0.63988178218926,8
MMRd,Tcd8-CXCL13-comb,"(-35,-30]","[0,0.729]",-32.5,0.364704876434944,5,0.316455696202532,0.191938579654511,0.434782608695652,8
MMRd,CD8-all,"(-35,-30]","[0,0.729]",-32.5,0.364704876434944,6,0.619356882623159,0.46627387240959,0.830284476965579,8
MMRd,Tplzf-gdlike-comb,"(-35,-30]","[0,0.729]",-32.5,0.364704876434944,5,0.474683544303797,0.434782608695652,0.677966101694915,8
MMRd,Myeloid-ISG,"(-40,-35]","(1.46,2.19]",-37.5,1.82352438217472,6,4.26277702397105,2.51758126659933,6.65106951871658,8
MMRd,Myeloid-ISG,"(-40,-35]","(2.19,2.92]",-37.5,2.55293413504461,7,3.6144578313253,3.06687636761488,4.74124881246933,8
MMRd,Myeloid-noDC-noGran,"(-40,-35]","(2.19,2.92]",-37.5,2.55293413504461,7,18.7739463601533,16.2407061811721,22.3304690493131,8
MMRd,Tcd4-Treg-comb,"(-40,-35]","(2.19,2.92]",-37.5,2.55293413504461,7,1.25,0.793980519780271,1.70163896416306,8
MMRd,Tcd8-CXCL13-comb,"(-40,-35]","(2.19,2.92]",-37.5,2.55293413504461,5,0.492341356673961,0.383141762452107,0.662251655629139,8
MMRd,Tcd4-CXCL13,"(-40,-35]","(2.92,3.65]",-37.5,3.2823438879145,6,0.828246107414775,0.590852852683969,0.850230661946143,8
MMRd,Tcd8-CXCL13-comb,"(-40,-35]","(2.92,3.65]",-37.5,3.2823438879145,7,0.836820083682008,0.716668519959969,1.69679791634748,8
MMRd,CD8-all,"(-40,-35]","(2.92,3.65]",-37.5,3.2823438879145,7,1.91815856777494,1.77139952293435,4.1096718212526,8
MMRd,Tcd8-GZMK,"(-40,-35]","(2.92,3.65]",-37.5,3.2823438879145,6,0.73810313647016,0.627136266940746,1.79710672224375,8
MMRd,Tplzf-gdlike-comb,"(-40,-35]","(2.92,3.65]",-37.5,3.2823438879145,4,0.683060325394879,0.428944734793728,1.48231591746236,8
MMRd,Tcd4-CXCL13,"(-40,-35]","(3.65,4.38]",-37.5,4.01175364078438,6,1.15323435843054,1.06538992408558,1.48745066288837,8
MMRd,Tcd8-GZMK,"(-40,-35]","(3.65,4.38]",-37.5,4.01175364078438,4,0.701703445605885,0.593186638388123,1.21764473424224,8
MMRd,Tcd8-GZMK,"(-40,-35]","[0,0.729]",-37.5,0.364704876434944,6,0.484497253932532,0.360409808006829,0.641094133988674,8
MMRd,CD8-all,"(-40,-35]","[0,0.729]",-37.5,0.364704876434944,7,1.02040816326531,0.769410724961659,1.1665489706122,8
MMRd,Myeloid-noDC-noGran,"(-45,-40]","(1.46,2.19]",-42.5,1.82352438217472,7,20.6896551724138,12.7213762423978,30.2602294127718,8
MMRd,Tcd4-Treg-comb,"(-45,-40]","(1.46,2.19]",-42.5,1.82352438217472,4,3.00618921308577,2.55069198583843,3.5155749262915,8
MMRd,Myeloid-mregDC,"(-45,-40]","(2.19,2.92]",-42.5,2.55293413504461,5,0.526315789473684,0.51487414187643,1.03092783505155,8
MMRd,Myeloid-ISG,"(-45,-40]","(2.19,2.92]",-42.5,2.55293413504461,7,3.47368421052632,1.99246629659001,3.73490100982502,8
MMRd,Myeloid-noDC-noGran,"(-45,-40]","(2.19,2.92]",-42.5,2.55293413504461,7,19.4029850746269,14.2185354691076,22.1574507966261,8
MMRd,Tcd4-CXCL13,"(-45,-40]","(2.19,2.92]",-42.5,2.55293413504461,6,0.81215774673543,0.552059496567506,1.02195209519413,8
MMRd,Tcd4-Treg-comb,"(-45,-40]","(2.19,2.92]",-42.5,2.55293413504461,6,1.43592382913021,1.11802346249556,2.17519382492571,8
MMRd,Tcd8-CXCL13-comb,"(-45,-40]","(2.19,2.92]",-42.5,2.55293413504461,6,0.830109226450258,0.473112128146453,1.37713494383751,8
MMRd,CD8-all,"(-45,-40]","(2.19,2.92]",-42.5,2.55293413504461,6,1.58837391987431,1.19131614654003,2.49001814882033,8
MMRd,Tcd4-CXCL13,"(-45,-40]","(2.92,3.65]",-42.5,3.2823438879145,7,1.03916866506795,0.59676447301561,1.32700115282442,8
MMRd,Tcd4-Treg-comb,"(-45,-40]","(2.92,3.65]",-42.5,3.2823438879145,6,2.14589020321504,1.34980002962524,2.78348749571771,8
MMRd,Tcd8-CXCL13-LAG3,"(-45,-40]","(2.92,3.65]",-42.5,3.2823438879145,5,0.371057513914657,0.359712230215827,0.387596899224806,8
MMRd,CD8-all,"(-45,-40]","(2.92,3.65]",-42.5,3.2823438879145,7,1.60142348754448,1.47941915056229,2.91384726613614,8
MMRd,Tcd8-CXCL13-comb,"(-45,-40]","(2.92,3.65]",-42.5,3.2823438879145,5,0.599520383693046,0.556586270871985,0.636942675159236,8
MMRd,Tplzf-gdlike-comb,"(-45,-40]","(2.92,3.65]",-42.5,3.2823438879145,4,0.598247516636373,0.512428647063796,0.829819682425765,8
MMRd,Tcd8-GZMK,"(-45,-40]","[0,0.729]",-42.5,0.364704876434944,5,0.56657223796034,0.506445672191529,0.714285714285714,8
MMRd,CD8-all,"(-45,-40]","[0,0.729]",-42.5,0.364704876434944,7,1.19331742243437,0.789731791171699,1.5768858019706,8
MMRd,Myeloid-mregDC,"(-5,0]","(0.729,1.46]",-2.5,1.09411462930483,5,0.378310214375788,0.27906976744186,0.419507079181961,8
MMRd,Myeloid-ISG,"(-5,0]","(0.729,1.46]",-2.5,1.09411462930483,6,2.5068767191798,1.19569170028918,2.9531127538046,8
MMRd,Myeloid-noDC-noGran,"(-5,0]","(0.729,1.46]",-2.5,1.09411462930483,7,15.5913978494624,14.044287435947,17.4834542589482,8
MMRd,Tcd4-CXCL13,"(-5,0]","(0.729,1.46]",-2.5,1.09411462930483,7,0.537634408602151,0.40112713720858,1.29579763361893,8
MMRd,Tcd4-Treg-comb,"(-5,0]","(0.729,1.46]",-2.5,1.09411462930483,4,0.785673345447007,0.699523369051045,1.03662632279323,8
MMRd,Tcd8-CXCL13-comb,"(-5,0]","(0.729,1.46]",-2.5,1.09411462930483,7,1.02325581395349,0.5500474648333,2.49009620826259,8
MMRd,CD8-all,"(-5,0]","(0.729,1.46]",-2.5,1.09411462930483,7,2.13953488372093,1.31507165734428,4.98019241652518,8
MMRd,Tcd8-CXCL13-LAG3,"(-5,0]","(0.729,1.46]",-2.5,1.09411462930483,6,0.241943583438674,0.141089181500924,1.3006182019595,8
MMRd,Tcd8-GZMK,"(-5,0]","(0.729,1.46]",-2.5,1.09411462930483,6,0.282178363001848,0.102356750766247,0.707656572667517,8
MMRd,Tcd8-HOBIT,"(-5,0]","(0.729,1.46]",-2.5,1.09411462930483,6,0.462604114583969,0.280922280758948,0.945986496624156,8
MMRd,Tplzf-gdlike-comb,"(-5,0]","(0.729,1.46]",-2.5,1.09411462930483,6,0.76694331212059,0.49786143483004,1.43035837774072,8
MMRd,Tcd8-CXCL13-LAG3,"(-5,0]","(1.46,2.19]",-2.5,1.82352438217472,7,0.252259827622451,0.131708594457365,0.451582980354275,8
MMRd,Tcd8-GZMK,"(-5,0]","(2.19,2.92]",-2.5,2.55293413504461,6,0.455024633773678,0.189147737122778,0.711287506233815,8
MMRd,Tcd8-HOBIT,"(-5,0]","(2.19,2.92]",-2.5,2.55293413504461,7,0.481270554263255,0.261306732908795,0.7377959036814,8
MMRd,Tcd4-CXCL13,"(-5,0]","[0,0.729]",-2.5,0.364704876434944,7,0.325502405887348,0.170925763445841,0.633817502576667,8
MMRd,Tcd8-CXCL13-LAG3,"(-5,0]","[0,0.729]",-2.5,0.364704876434944,7,0.28735632183908,0.132204132866259,0.40595520340484,8
MMRd,Tcd8-GZMK,"(-5,0]","[0,0.729]",-2.5,0.364704876434944,6,0.207731453258766,0.083414107629017,0.294737467100019,8
MMRd,Myeloid-noDC-noGran,"(-50,-45]","(1.46,2.19]",-47.5,1.82352438217472,7,20,12.6867187471914,25,8
MMRd,Tcd4-Treg-comb,"(-50,-45]","(1.46,2.19]",-47.5,1.82352438217472,4,3.50248643761302,3.01280023296029,4.12828947368421,8
MMRd,Myeloid-mregDC,"(-50,-45]","(2.19,2.92]",-47.5,2.55293413504461,5,0.921658986175115,0.793650793650794,1.02040816326531,8
MMRd,Myeloid-ISG,"(-50,-45]","(2.19,2.92]",-47.5,2.55293413504461,7,3.7037037037037,2.88858894887689,4.97037524687294,8
MMRd,Myeloid-noDC-noGran,"(-50,-45]","(2.19,2.92]",-47.5,2.55293413504461,7,22.8395061728395,15.2402353630656,26.3943797414254,8
MMRd,Tcd4-Treg-comb,"(-50,-45]","(2.19,2.92]",-47.5,2.55293413504461,7,1.23456790123457,0.90702947845805,2.73861894287809,8
MMRd,Myeloid-ISG,"(-50,-45]","(2.92,3.65]",-47.5,3.2823438879145,7,4.40528634361233,4.16204217536071,5.72100313479624,8
MMRd,Tcd4-CXCL13,"(-50,-45]","(2.92,3.65]",-47.5,3.2823438879145,6,0.841342944867174,0.512669801462905,1.01744105505223,8
MMRd,Tcd8-GZMK,"(-50,-45]","(4.38,5.11]",-47.5,4.74116339365427,5,2.06185567010309,0.934579439252336,2.12765957446809,8
MMRd,Myeloid-mregDC,"(-50,-45]","[0,0.729]",-47.5,0.364704876434944,5,0.352112676056338,0.34965034965035,0.684931506849315,8
MMRd,Tcd4-Treg-comb,"(-50,-45]","[0,0.729]",-47.5,0.364704876434944,7,2.05479452054795,1.09938273859527,2.15559088798525,8
MMRd,Tcd8-CXCL13-comb,"(-50,-45]","[0,0.729]",-47.5,0.364704876434944,6,0.60470351566242,0.48997055576003,0.743751960681795,8
MMRd,CD8-all,"(-50,-45]","[0,0.729]",-47.5,0.364704876434944,7,0.763358778625954,0.718405603048718,1.23544296079507,8
MMRd,Myeloid-noDC-noGran,"(-55,-50]","(1.46,2.19]",-52.5,1.82352438217472,6,13.1130346723248,11.8368944557009,17.3886802575107,8
MMRd,Tcd4-Treg-comb,"(-55,-50]","(1.46,2.19]",-52.5,1.82352438217472,5,3.54077253218884,3.27868852459016,4.68164794007491,8
MMRd,Tcd4-CXCL13,"(-55,-50]","(2.19,2.92]",-52.5,2.55293413504461,4,0.655701792065428,0.606162037421593,0.807961576033865,8
MMRd,Tcd4-Treg-comb,"(-55,-50]","(2.19,2.92]",-52.5,2.55293413504461,6,1.80696828424101,1.25083668005355,2.30044796640991,8
MMRd,Myeloid-ISG,"(-55,-50]","(2.92,3.65]",-52.5,3.2823438879145,7,4.73372781065089,4.10231836436656,5.4029415339735,8
MMRd,Tcd8-HOBIT,"(-55,-50]","(2.92,3.65]",-52.5,3.2823438879145,4,0.687797378892011,0.410488659509097,0.955998541388112,8
MMRd,Myeloid-mregDC,"(-55,-50]","(3.65,4.38]",-52.5,4.01175364078438,6,1.11562282104918,0.963455149501661,2.03277990634312,8
MMRd,Tcd8-HOBIT,"(-55,-50]","(3.65,4.38]",-52.5,4.01175364078438,4,1.1882095761935,1.10016420361248,1.22888737408165,8
MMRd,CD8-all,"(-55,-50]","(3.65,4.38]",-52.5,4.01175364078438,7,4.28571428571429,2.34142188165177,5.13236406420708,8
MMRd,Tcd4-Treg-comb,"(-55,-50]","[0,0.729]",-52.5,0.364704876434944,7,0.872093023255814,0.626556662515567,1.24590032797376,8
MMRd,Tplzf-gdlike-comb,"(-55,-50]","[0,0.729]",-52.5,0.364704876434944,6,1.00486304088924,0.775961429197578,1.15618393234672,8
MMRd,Myeloid-noDC-noGran,"(-60,-55]","(1.46,2.19]",-57.5,1.82352438217472,6,12.7717391304348,12.2053259604191,14.7591274049386,8
MMRd,Myeloid-ISG,"(-60,-55]","(2.19,2.92]",-57.5,2.55293413504461,5,2.51748251748252,2.34270414993307,3.87096774193548,8
MMRd,Myeloid-noDC-noGran,"(-60,-55]","(2.19,2.92]",-57.5,2.55293413504461,7,15.3846153846154,14.480729937293,26.3523573200993,8
MMRd,Myeloid-ISG,"(-60,-55]","(2.92,3.65]",-57.5,3.2823438879145,6,4.32611972364122,3.00411946446962,4.80179754020814,8
MMRd,Tcd4-Treg-comb,"(-60,-55]","(2.92,3.65]",-57.5,3.2823438879145,6,1.85138326585695,1.40485829959514,2.66369047619048,8
MMRd,Tcd8-CXCL13-comb,"(-60,-55]","[0,0.729]",-57.5,0.364704876434944,5,0.72992700729927,0.65359477124183,0.980392156862745,8
MMRd,Myeloid-noDC-noGran,"(-65,-60]","(1.46,2.19]",-62.5,1.82352438217472,6,10.2613310192911,9.60764587525151,12.710519634394,8
MMRd,Tcd4-Treg-comb,"(-65,-60]","(1.46,2.19]",-62.5,1.82352438217472,4,2.64175693974272,2.09318410462777,3.41204017151884,8
MMRd,Myeloid-noDC-noGran,"(-65,-60]","(2.19,2.92]",-62.5,2.55293413504461,7,17.3913043478261,15.6850378537126,24.3569553805774,8
MMRd,Tcd4-Treg-comb,"(-65,-60]","(2.19,2.92]",-62.5,2.55293413504461,5,2.58741258741259,2.17391304347826,2.92598967297762,8
MMRd,Myeloid-mregDC,"(-65,-60]","(2.92,3.65]",-62.5,3.2823438879145,4,0.983090379008746,0.685567598402738,1.27786137496473,8
MMRd,Myeloid-ISG,"(-65,-60]","(2.92,3.65]",-62.5,3.2823438879145,7,4.95626822157434,4.4184572478925,7.17142857142857,8
MMRd,Myeloid-mregDC,"(-65,-60]","(3.65,4.38]",-62.5,4.01175364078438,4,1.40013495276653,0.810566492567296,2.38570391872279,8
MMRd,Tcd4-Treg-comb,"(-65,-60]","[0,0.729]",-62.5,0.364704876434944,4,1.96687370600414,1.43625791894472,2.64212072512468,8
MMRd,Myeloid-ISG,"(-70,-65]","(2.19,2.92]",-67.5,2.55293413504461,7,3.7037037037037,2.54424229242272,4.51837140019861,8
MMRd,Myeloid-noDC-noGran,"(-70,-65]","(2.19,2.92]",-67.5,2.55293413504461,7,17.283950617284,14.3823532965727,27.9907667603372,8
MMRd,Myeloid-ISG,"(-70,-65]","(2.92,3.65]",-67.5,3.2823438879145,7,4.375,3.39971776677996,7.528129395218,8
MMRd,Tcd4-Treg-comb,"(-70,-65]","(2.92,3.65]",-67.5,3.2823438879145,5,2.84810126582279,1.11111111111111,2.89587184226741,8
MMRd,Myeloid-noDC-noGran,"(-75,-70]","(1.46,2.19]",-72.5,1.82352438217472,6,13.4610917537747,12.4041297935103,18.9632502794031,8
MMRd,Myeloid-mregDC,"(-75,-70]","(2.19,2.92]",-72.5,2.55293413504461,4,1.3798400339001,0.444358296750897,2.76580459770115,8
MMRd,Myeloid-ISG,"(-75,-70]","(2.19,2.92]",-72.5,2.55293413504461,6,4.80414746543779,4.27707373271889,5.46348314606742,8
MMRd,Myeloid-noDC-noGran,"(-75,-70]","(2.19,2.92]",-72.5,2.55293413504461,7,16.5898617511521,14.5438388625592,24.1954022988506,8
MMRd,Myeloid-ISG,"(-75,-70]","(2.92,3.65]",-72.5,3.2823438879145,6,4.58333333333333,4.14373471203024,6.09790874524715,8
MMRd,Tcd4-CXCL13,"(-75,-70]","[0,0.729]",-72.5,0.364704876434944,4,0.722124813299565,0.576967726956118,1.2157382847038,8
MMRd,Myeloid-ISG,"(-80,-75]","(2.19,2.92]",-77.5,2.55293413504461,6,4.00617743288095,2.32633395656551,6.14734299516908,8
MMRd,Myeloid-noDC-noGran,"(-80,-75]","(2.19,2.92]",-77.5,2.55293413504461,7,19.4444444444444,15.8794278492376,28.6924939467312,8
MMRd,Tcd4-Treg-comb,"(-80,-75]","(2.19,2.92]",-77.5,2.55293413504461,4,2.71739130434783,2.48175117820063,2.91666666666667,8
MMRd,Tcd8-GZMK,"(-80,-75]","(2.92,3.65]",-77.5,3.2823438879145,4,2.44897959183673,1.86324529811925,3.65800865800866,8
MMRd,CD8-all,"(-80,-75]","(2.92,3.65]",-77.5,3.2823438879145,6,3.31536388140162,2.85714285714286,5.35516093229745,8
MMRd,Myeloid-mregDC,"(-80,-75]","(3.65,4.38]",-77.5,4.01175364078438,5,4.54545454545455,1.48148148148148,4.76190476190476,8
MMRd,Myeloid-noDC-noGran,"(-85,-80]","(2.19,2.92]",-82.5,2.55293413504461,7,16.6666666666667,14.6496061896413,19.8051948051948,8
MMRd,Myeloid-mregDC,"(-85,-80]","(2.92,3.65]",-82.5,3.2823438879145,5,1.37614678899083,1.31578947368421,4,8
MMRd,Myeloid-ISG,"(-85,-80]","(2.92,3.65]",-82.5,3.2823438879145,7,4.54545454545455,3.84365781710914,8.29510703363915,8
MMRd,Myeloid-mregDC,"(-85,-80]","(3.65,4.38]",-82.5,4.01175364078438,4,2.48633879781421,1.33477135461605,3.54166666666667,8
MMRd,Tcd8-CXCL13-comb,"(-85,-80]","[0,0.729]",-82.5,0.364704876434944,6,1.04748920699841,0.539309053025918,1.52421652421652,8
MMRd,CD8-all,"(-85,-80]","[0,0.729]",-82.5,0.364704876434944,6,1.51261038053491,1.29061576914338,2.69362712758939,8
MMRd,Tcd8-HOBIT,"(-85,-80]","[0,0.729]",-82.5,0.364704876434944,5,0.343053173241852,0.306748466257669,1.53846153846154,8
MMRd,Myeloid-ISG,"(-90,-85]","(2.19,2.92]",-87.5,2.55293413504461,5,4.13732394366197,3.65853658536585,5.18731988472623,8
MMRd,Myeloid-noDC-noGran,"(-90,-85]","(2.19,2.92]",-87.5,2.55293413504461,6,19.1549295774648,17.7619028290782,21.4634146341463,8
MMRd,Tcd4-Treg-comb,"(-90,-85]","(2.92,3.65]",-87.5,3.2823438879145,4,3.60046457607433,2.38118979718007,4.78110599078341,8
MMRd,Tcd8-CXCL13-comb,"(-90,-85]","[0,0.729]",-87.5,0.364704876434944,5,0.651465798045603,0.427960057061341,1.73913043478261,8
MMRd,CD8-all,"(-90,-85]","[0,0.729]",-87.5,0.364704876434944,6,1.42755247605462,1.33383207795285,1.85714285714286,8
MMRd,Myeloid-ISG,"(0,5]","(0.729,1.46]",2.5,1.09411462930483,6,0.484114535127288,0.453045211109727,0.7457546204733,8
MMRd,Myeloid-noDC-noGran,"(0,5]","(0.729,1.46]",2.5,1.09411462930483,7,2.57400257400257,2.16731367910675,3.09486462524722,8
MMRd,Tcd4-CXCL13,"(0,5]","(0.729,1.46]",2.5,1.09411462930483,6,0.177825909533227,0.0841034771877267,0.393884668078216,8
MMRd,Tcd4-Treg-comb,"(0,5]","(0.729,1.46]",2.5,1.09411462930483,5,0.321750321750322,0.225056264066016,0.460829493087558,8
MMRd,Tcd8-CXCL13-comb,"(0,5]","(0.729,1.46]",2.5,1.09411462930483,6,0.42800622174898,0.326446762327894,0.458234732428281,8
MMRd,CD8-all,"(0,5]","(0.729,1.46]",2.5,1.09411462930483,6,0.765899983744711,0.567660744850176,0.900381948769046,8
MMRd,Tcd8-GZMK,"(0,5]","(0.729,1.46]",2.5,1.09411462930483,5,0.193050193050193,0.0750187546886722,0.32520325203252,8
MMRd,Tcd8-HOBIT,"(0,5]","(0.729,1.46]",2.5,1.09411462930483,5,0.0845665961945032,0.0750187546886722,0.115874855156431,8
MMRd,Tplzf-gdlike-comb,"(0,5]","(0.729,1.46]",2.5,1.09411462930483,5,0.128700128700129,0.115874855156431,0.150037509377344,8
MMRd,Myeloid-mregDC,"(0,5]","(1.46,2.19]",2.5,1.82352438217472,7,0.0746491489997014,0.0700100166709624,0.177805373673515,8
MMRd,Tcd4-CXCL13,"(0,5]","(1.46,2.19]",2.5,1.82352438217472,7,0.22075055187638,0.17097856233787,0.313267515701884,8
MMRd,Tcd4-Treg-comb,"(0,5]","(1.46,2.19]",2.5,1.82352438217472,7,0.237731363559178,0.195163159506907,0.397309117391026,8
MMRd,Tcd8-CXCL13-comb,"(0,5]","(1.46,2.19]",2.5,1.82352438217472,7,0.238877276799045,0.21241609226472,0.404030450903595,8
MMRd,CD8-all,"(0,5]","(1.46,2.19]",2.5,1.82352438217472,7,0.672133351256889,0.525120338507283,0.990635276337138,8
MMRd,Tcd8-CXCL13-LAG3,"(0,5]","(1.46,2.19]",2.5,1.82352438217472,7,0.161812297734628,0.0760422867896991,0.190293689061593,8
MMRd,Tcd8-GZMK,"(0,5]","(1.46,2.19]",2.5,1.82352438217472,5,0.179157957599283,0.102040816326531,0.18201674554059,8
MMRd,Tcd8-HOBIT,"(0,5]","(1.46,2.19]",2.5,1.82352438217472,7,0.13265306122449,0.0792418856247488,0.243926361634299,8
MMRd,Tplzf-gdlike-comb,"(0,5]","(1.46,2.19]",2.5,1.82352438217472,7,0.24196800645248,0.169925076500289,0.333505340433941,8
MMRd,Myeloid-mregDC,"(0,5]","(2.19,2.92]",2.5,2.55293413504461,6,0.080046087839659,0.0598778724599895,0.116905475031629,8
MMRd,Tcd8-GZMK,"(0,5]","(2.92,3.65]",2.5,3.2823438879145,6,0.176479264843813,0.0979563622464777,0.312260288964618,8
MMRd,Tcd8-HOBIT,"(0,5]","(2.92,3.65]",2.5,3.2823438879145,7,0.224845418774592,0.19680558732066,0.395464235830332,8
MMRd,Tcd8-GZMK,"(0,5]","(3.65,4.38]",2.5,4.01175364078438,6,0.187974588700029,0.156624107313693,0.375779025777363,8
MMRd,Tcd8-GZMK,"(0,5]","[0,0.729]",2.5,0.364704876434944,4,0.0721625348184561,0.0487479321560608,0.147360651655818,8
MMRd,Tcd8-HOBIT,"(0,5]","[0,0.729]",2.5,0.364704876434944,6,0.0891101342205605,0.0832455169081079,0.186344764700447,8
MMRd,Myeloid-ISG,"(10,15]","(0.729,1.46]",12.5,1.09411462930483,5,0.117164616285882,0.0664893617021277,0.13869625520111,8
MMRd,Myeloid-noDC-noGran,"(10,15]","(0.729,1.46]",12.5,1.09411462930483,5,0.498753117206983,0.277392510402219,0.752314814814815,8
MMRd,Tcd8-CXCL13-comb,"(10,15]","(0.729,1.46]",12.5,1.09411462930483,5,0.231481481481482,0.124688279301746,0.384615384615385,8
MMRd,CD8-all,"(10,15]","(0.729,1.46]",12.5,1.09411462930483,6,0.397345770807985,0.23642816036831,0.449741261472369,8
MMRd,Tcd8-HOBIT,"(10,15]","(0.729,1.46]",12.5,1.09411462930483,5,0.0623441396508728,0.0578703703703704,0.117164616285882,8
MMRd,Tplzf-gdlike-comb,"(10,15]","(0.729,1.46]",12.5,1.09411462930483,5,0.249376558603491,0.175746924428823,0.384615384615385,8
MMRd,Tcd4-CXCL13,"(10,15]","(1.46,2.19]",12.5,1.82352438217472,6,0.0984391492851099,0.0595201702593485,0.143464464401181,8
MMRd,Tcd4-Treg-comb,"(10,15]","(1.46,2.19]",12.5,1.82352438217472,7,0.0684181718664477,0.0577937948966943,0.113814303036647,8
MMRd,Tcd8-CXCL13-LAG3,"(10,15]","(1.46,2.19]",12.5,1.82352438217472,6,0.0426885721273102,0.0264964920137334,0.123795717181794,8
MMRd,Tcd8-HOBIT,"(10,15]","(1.46,2.19]",12.5,1.82352438217472,6,0.0711913344539339,0.0614307841013637,0.10866244977884,8
MMRd,Tplzf-gdlike-comb,"(10,15]","(1.46,2.19]",12.5,1.82352438217472,5,0.151515151515152,0.147754137115839,0.166420118343195,8
MMRd,Myeloid-mregDC,"(10,15]","(2.19,2.92]",12.5,2.55293413504461,5,0.0408441116405718,0.0392387679026879,0.0911161731207289,8
MMRd,Tcd4-CXCL13,"(10,15]","(2.19,2.92]",12.5,2.55293413504461,7,0.0911161731207289,0.0769920861609576,0.178150635401465,8
MMRd,Tcd4-Treg-comb,"(10,15]","(2.19,2.92]",12.5,2.55293413504461,5,0.089863407620417,0.0383906633906634,0.117716303708064,8
MMRd,Tcd8-CXCL13-LAG3,"(10,15]","(2.19,2.92]",12.5,2.55293413504461,7,0.0808770668583753,0.0493930250567419,0.134126925808901,8
MMRd,Tcd8-GZMK,"(10,15]","(2.19,2.92]",12.5,2.55293413504461,5,0.0368188512518409,0.023034398034398,0.0588581518540318,8
MMRd,Tcd8-HOBIT,"(10,15]","(2.19,2.92]",12.5,2.55293413504461,6,0.106824254021222,0.0688478393489783,0.131729417303398,8
MMRd,Tplzf-gdlike-comb,"(10,15]","(2.19,2.92]",12.5,2.55293413504461,7,0.136147038801906,0.0705971780132073,0.230404454932375,8
MMRd,Tcd4-CXCL13,"(10,15]","(2.92,3.65]",12.5,3.2823438879145,7,0.15304285199856,0.104062078872155,0.190721003745365,8
MMRd,Tcd4-Treg-comb,"(10,15]","(2.92,3.65]",12.5,3.2823438879145,7,0.0799680127948821,0.060248123199746,0.138372643321963,8
MMRd,Tcd8-CXCL13-LAG3,"(10,15]","(2.92,3.65]",12.5,3.2823438879145,7,0.0810226863521786,0.0396256312289899,0.116669359645776,8
MMRd,Tcd8-HOBIT,"(10,15]","(2.92,3.65]",12.5,3.2823438879145,7,0.159712517468557,0.0905945031662779,0.178914095946865,8
MMRd,Tcd4-CXCL13,"(10,15]","[0,0.729]",12.5,0.364704876434944,5,0.0492610837438424,0.0176522506619594,0.0514315103720213,8
MMRd,Tcd8-CXCL13-comb,"(10,15]","[0,0.729]",12.5,0.364704876434944,4,0.159805894608474,0.0929281013110934,0.277702624138215,8
MMRd,CD8-all,"(10,15]","[0,0.729]",12.5,0.364704876434944,5,0.222869878278759,0.100997348819594,0.591133004926109,8
MMRd,Tcd8-CXCL13-LAG3,"(10,15]","[0,0.729]",12.5,0.364704876434944,4,0.0921206757205267,0.0731155132960063,0.117069518534589,8
MMRd,Tcd8-GZMK,"(10,15]","[0,0.729]",12.5,0.364704876434944,4,0.0459290987365575,0.0288719223366229,0.0628823264163625,8
MMRd,Myeloid-ISG,"(15,20]","(0.729,1.46]",17.5,1.09411462930483,4,0.112056732296342,0.0921208208864282,0.156725455068864,8
MMRd,Myeloid-noDC-noGran,"(15,20]","(0.729,1.46]",17.5,1.09411462930483,6,0.707249711490709,0.591807596521195,0.805573102972152,8
MMRd,Tcd4-CXCL13,"(15,20]","(0.729,1.46]",17.5,1.09411462930483,5,0.123915737298637,0.064474532559639,0.162866449511401,8
MMRd,Tcd4-Treg-comb,"(15,20]","(0.729,1.46]",17.5,1.09411462930483,4,0.126432401208957,0.108311956725515,0.930045132172792,8
MMRd,Tcd8-CXCL13-LAG3,"(15,20]","(0.729,1.46]",17.5,1.09411462930483,4,0.125975147565789,0.117528981154321,0.189648601813436,8
MMRd,CD8-all,"(15,20]","(0.729,1.46]",17.5,1.09411462930483,7,0.492004920049201,0.345091949549493,1.03489344560187,8
MMRd,Tcd8-CXCL13-comb,"(15,20]","(0.729,1.46]",17.5,1.09411462930483,7,0.247831474597274,0.108407465837568,0.330429982745057,8
MMRd,Tplzf-gdlike-comb,"(15,20]","(0.729,1.46]",17.5,1.09411462930483,5,0.101112234580384,0.0615006150061501,0.247831474597274,8
MMRd,Myeloid-mregDC,"(15,20]","(1.46,2.19]",17.5,1.82352438217472,6,0.0273206771723568,0.0172534346945725,0.0558783992344325,8
MMRd,Myeloid-ISG,"(15,20]","(1.46,2.19]",17.5,1.82352438217472,5,0.17099331571584,0.157629255989912,0.197498354180382,8
MMRd,Tcd4-CXCL13,"(15,20]","(1.46,2.19]",17.5,1.82352438217472,7,0.0472887767969735,0.038004536541768,0.145248286632766,8
MMRd,Tcd4-Treg-comb,"(15,20]","(1.46,2.19]",17.5,1.82352438217472,5,0.0434499239626331,0.0310896937665164,0.0635324015247776,8
MMRd,Tcd8-CXCL13-comb,"(15,20]","(1.46,2.19]",17.5,1.82352438217472,6,0.0877008408895,0.068312223062035,0.237218857427058,8
MMRd,CD8-all,"(15,20]","(1.46,2.19]",17.5,1.82352438217472,7,0.295352090781906,0.21717416954364,0.550517213588827,8
MMRd,Tcd8-CXCL13-LAG3,"(15,20]","(1.46,2.19]",17.5,1.82352438217472,6,0.0717785095715425,0.0490456391536733,0.102186417998776,8
MMRd,Tcd8-GZMK,"(15,20]","(1.46,2.19]",17.5,1.82352438217472,4,0.0631941480268414,0.0287437951783711,0.102999802913357,8
MMRd,Tcd8-HOBIT,"(15,20]","(1.46,2.19]",17.5,1.82352438217472,7,0.130349771887899,0.0320030430649567,0.196443978799458,8
MMRd,Myeloid-ISG,"(15,20]","(2.19,2.92]",17.5,2.55293413504461,7,0.197748707027685,0.0906231409610185,0.280513241151859,8
MMRd,Tcd4-CXCL13,"(15,20]","(2.19,2.92]",17.5,2.55293413504461,7,0.121691512017037,0.107802663897796,0.13865388063441,8
MMRd,Tcd4-Treg-comb,"(15,20]","(2.19,2.92]",17.5,2.55293413504461,5,0.088292424509977,0.0401646751681896,0.136902951019166,8
MMRd,Tcd8-CXCL13-LAG3,"(15,20]","(2.19,2.92]",17.5,2.55293413504461,6,0.128165111432529,0.10548437156603,0.156657310551007,8
MMRd,Tcd8-GZMK,"(15,20]","(2.19,2.92]",17.5,2.55293413504461,4,0.0403143609822481,0.0292748819404253,0.0760789747088905,8
MMRd,Tplzf-gdlike-comb,"(15,20]","(2.19,2.92]",17.5,2.55293413504461,6,0.154296854119694,0.0740633104273764,0.207510742324638,8
MMRd,Tcd4-Treg-comb,"(15,20]","(2.92,3.65]",17.5,3.2823438879145,6,0.0879705400981997,0.06136868256899,0.128848753568798,8
MMRd,Tcd8-GZMK,"(15,20]","(2.92,3.65]",17.5,3.2823438879145,7,0.0564971751412429,0.0458710390121364,0.0774052712794506,8
MMRd,Tcd8-CXCL13-LAG3,"(15,20]","(3.65,4.38]",17.5,4.01175364078438,5,0.22023197768316,0.105596620908131,0.255102040816327,8
MMRd,Tcd8-GZMK,"(15,20]","(3.65,4.38]",17.5,4.01175364078438,5,0.211193241816262,0.102774922918808,0.256081946222791,8
MMRd,Myeloid-mregDC,"(15,20]","[0,0.729]",17.5,0.364704876434944,5,0.0522602560752548,0.0185082361650935,0.0554323725055432,8
MMRd,Tcd8-CXCL13-comb,"(15,20]","[0,0.729]",17.5,0.364704876434944,7,0.148065889320748,0.118289142123275,0.357286014359428,8
MMRd,Tcd8-CXCL13-LAG3,"(15,20]","[0,0.729]",17.5,0.364704876434944,4,0.0588601048436804,0.0514423293855706,0.0913693450353841,8
MMRd,Tcd8-GZMK,"(15,20]","[0,0.729]",17.5,0.364704876434944,4,0.0351464713262407,0.0279503719883035,0.0592115401365467,8
MMRd,Tplzf-gdlike-comb,"(15,20]","[0,0.729]",17.5,0.364704876434944,6,0.167326196448495,0.0647326585829586,0.224793894302611,8
MMRd,Myeloid-ISG,"(20,25]","(0.729,1.46]",22.5,1.09411462930483,4,0.219303777511509,0.158907859864665,0.254324883037754,8
MMRd,Myeloid-noDC-noGran,"(20,25]","(0.729,1.46]",22.5,1.09411462930483,6,0.459426323168811,0.367297175460246,0.754270481993254,8
MMRd,Tcd8-CXCL13-comb,"(20,25]","(0.729,1.46]",22.5,1.09411462930483,5,0.148514851485149,0.0636942675159236,0.274725274725275,8
MMRd,CD8-all,"(20,25]","(0.729,1.46]",22.5,1.09411462930483,6,0.364146991622239,0.20519329002964,0.66763756316676,8
MMRd,Tcd8-HOBIT,"(20,25]","(0.729,1.46]",22.5,1.09411462930483,4,0.389790896307484,0.0674345558899699,0.715657107275055,8
MMRd,Tplzf-gdlike-comb,"(20,25]","(0.729,1.46]",22.5,1.09411462930483,4,0.305113653515259,0.24259379155876,0.357828553637527,8
MMRd,Tcd4-CXCL13,"(20,25]","(1.46,2.19]",22.5,1.82352438217472,6,0.102260352591459,0.0488873498719971,0.162696862886769,8
MMRd,Tcd4-Treg-comb,"(20,25]","(1.46,2.19]",22.5,1.82352438217472,5,0.0448833034111311,0.034952813701503,0.0595592614651578,8
MMRd,Tcd8-CXCL13-comb,"(20,25]","(1.46,2.19]",22.5,1.82352438217472,6,0.218765635577008,0.152784176403013,0.239606401196804,8
MMRd,CD8-all,"(20,25]","(1.46,2.19]",22.5,1.82352438217472,6,0.451609806115425,0.293127327397687,0.543924513382344,8
MMRd,Tcd8-CXCL13-LAG3,"(20,25]","(1.46,2.19]",22.5,1.82352438217472,6,0.0714447446625472,0.043845075720415,0.102248100782857,8
MMRd,Tcd8-GZMK,"(20,25]","(1.46,2.19]",22.5,1.82352438217472,4,0.0621458529496199,0.0322452459051225,0.0956926937384665,8
MMRd,Tcd8-HOBIT,"(20,25]","(1.46,2.19]",22.5,1.82352438217472,4,0.129874621067193,0.10600170245931,0.222329352952089,8
MMRd,Tplzf-gdlike-comb,"(20,25]","(1.46,2.19]",22.5,1.82352438217472,6,0.154706989370454,0.0698462913323201,0.203527082700649,8
MMRd,Tcd4-CXCL13,"(20,25]","(2.19,2.92]",22.5,2.55293413504461,7,0.0613371498671028,0.0453280420171843,0.125440613802337,8
MMRd,Tcd4-Treg-comb,"(20,25]","(2.19,2.92]",22.5,2.55293413504461,6,0.0781839933789884,0.0432256989004235,0.102338346285698,8
MMRd,Tcd8-CXCL13-comb,"(20,25]","(2.19,2.92]",22.5,2.55293413504461,6,0.247567504810519,0.131789365115178,0.365089718368629,8
MMRd,CD8-all,"(20,25]","(2.19,2.92]",22.5,2.55293413504461,7,0.418562329390355,0.248829341893524,0.664378580876076,8
MMRd,Tcd8-CXCL13-LAG3,"(20,25]","(2.19,2.92]",22.5,2.55293413504461,7,0.102228583111838,0.065532194739572,0.136003228949364,8
MMRd,Tcd8-GZMK,"(20,25]","(2.19,2.92]",22.5,2.55293413504461,5,0.0307062436028659,0.0204457166223676,0.0372925601342532,8
MMRd,Tcd8-HOBIT,"(20,25]","(2.19,2.92]",22.5,2.55293413504461,6,0.131064389479144,0.108686582830443,0.160908951252668,8
MMRd,Tcd4-CXCL13,"(20,25]","(2.92,3.65]",22.5,3.2823438879145,7,0.181268882175227,0.091374913637744,0.222869677126124,8
MMRd,Tcd8-HOBIT,"(20,25]","(3.65,4.38]",22.5,4.01175364078438,6,0.234208662947927,0.16673353657809,0.276145428583197,8
MMRd,Myeloid-ISG,"(20,25]","[0,0.729]",22.5,0.364704876434944,6,0.324603857247236,0.232889685275548,0.376662031976752,8
MMRd,Tcd4-CXCL13,"(20,25]","[0,0.729]",22.5,0.364704876434944,6,0.0623932860314788,0.0376715210790886,0.114439771635743,8
MMRd,Tcd4-Treg-comb,"(20,25]","[0,0.729]",22.5,0.364704876434944,4,0.0601688565081671,0.0551603695992773,0.0642057662180135,8
MMRd,Tcd8-CXCL13-comb,"(20,25]","[0,0.729]",22.5,0.364704876434944,5,0.138944025406908,0.0559988800223996,0.243161094224924,8
MMRd,CD8-all,"(20,25]","[0,0.729]",22.5,0.364704876434944,5,0.337435490273918,0.0839983200335993,0.755158476919804,8
MMRd,Tcd8-CXCL13-LAG3,"(20,25]","[0,0.729]",22.5,0.364704876434944,4,0.0921670057615304,0.0673161393185665,0.180817278048533,8
MMRd,Tcd8-HOBIT,"(20,25]","[0,0.729]",22.5,0.364704876434944,5,0.0396982929734021,0.0184979652238254,0.121580547112462,8
MMRd,Tplzf-gdlike-comb,"(20,25]","[0,0.729]",22.5,0.364704876434944,6,0.121659240702339,0.0713941414836587,0.222504528572618,8
MMRd,Myeloid-ISG,"(25,30]","(0.729,1.46]",27.5,1.09411462930483,6,0.137947994580449,0.099580579099648,0.183582390767904,8
MMRd,Myeloid-noDC-noGran,"(25,30]","(0.729,1.46]",27.5,1.09411462930483,6,0.411785140920331,0.312083495372905,1.02697075406122,8
MMRd,Tcd8-CXCL13-comb,"(25,30]","(0.729,1.46]",27.5,1.09411462930483,5,0.319233838786911,0.255427841634738,0.403225806451613,8
MMRd,CD8-all,"(25,30]","(0.729,1.46]",27.5,1.09411462930483,6,0.361255304247518,0.260544092077121,0.57965720979327,8
MMRd,Tplzf-gdlike-comb,"(25,30]","(0.729,1.46]",27.5,1.09411462930483,5,0.127713920817369,0.0940144155437167,0.319233838786911,8
MMRd,Myeloid-mregDC,"(25,30]","(1.46,2.19]",27.5,1.82352438217472,6,0.0490966701999883,0.0367961317449578,0.0715796208922032,8
MMRd,Myeloid-ISG,"(25,30]","(1.46,2.19]",27.5,1.82352438217472,6,0.257414445675098,0.189531103132656,0.340295426775055,8
MMRd,Tcd4-CXCL13,"(25,30]","(1.46,2.19]",27.5,1.82352438217472,5,0.0822706705059646,0.0693769945885944,0.127970749542962,8
MMRd,Tcd4-Treg-comb,"(25,30]","(1.46,2.19]",27.5,1.82352438217472,4,0.101833362567095,0.0742374726714013,0.127610112269157,8
MMRd,Tcd8-CXCL13-comb,"(25,30]","(1.46,2.19]",27.5,1.82352438217472,7,0.195694716242661,0.117204598550349,0.228246507878384,8
MMRd,Tcd8-HOBIT,"(25,30]","(1.46,2.19]",27.5,1.82352438217472,5,0.125344697919278,0.102838338132456,0.292504570383912,8
MMRd,Tplzf-gdlike-comb,"(25,30]","(1.46,2.19]",27.5,1.82352438217472,6,0.269658290950903,0.13690982163104,0.36666821695997,8
MMRd,Tcd4-CXCL13,"(25,30]","(2.19,2.92]",27.5,2.55293413504461,6,0.108690619433965,0.0984418319836024,0.12953022204827,8
MMRd,Tcd8-HOBIT,"(25,30]","(2.19,2.92]",27.5,2.55293413504461,4,0.160273316699733,0.134296348820488,0.285996459824478,8
MMRd,Tplzf-gdlike-comb,"(25,30]","(2.19,2.92]",27.5,2.55293413504461,7,0.113999088007296,0.0590320623551423,0.258937213938884,8
MMRd,Tcd8-GZMK,"(25,30]","(2.92,3.65]",27.5,3.2823438879145,4,0.0737260207284063,0.0572489425703979,0.0957878773652905,8
MMRd,Tcd4-CXCL13,"(25,30]","[0,0.729]",27.5,0.364704876434944,6,0.107478954773938,0.0492538220229221,0.171095063970078,8
MMRd,Tcd4-Treg-comb,"(25,30]","[0,0.729]",27.5,0.364704876434944,4,0.0835341104653051,0.0508451578445949,0.111780845052651,8
MMRd,Tcd8-CXCL13-LAG3,"(25,30]","[0,0.729]",27.5,0.364704876434944,6,0.0518751826476605,0.0246269110114611,0.064334903647424,8
MMRd,Tcd8-HOBIT,"(25,30]","[0,0.729]",27.5,0.364704876434944,5,0.0633178556352892,0.0305810397553517,0.152289785706516,8
MMRd,Tplzf-gdlike-comb,"(25,30]","[0,0.729]",27.5,0.364704876434944,5,0.168847615027438,0.0764525993883792,0.217556836723594,8
MMRd,Myeloid-ISG,"(30,35]","(0.729,1.46]",32.5,1.09411462930483,4,0.324078837613077,0.261361981456211,0.383592636964124,8
MMRd,Myeloid-noDC-noGran,"(30,35]","(0.729,1.46]",32.5,1.09411462930483,6,1.00891344640944,0.901620016314877,1.15643241988039,8
MMRd,Tcd8-CXCL13-comb,"(30,35]","(0.729,1.46]",32.5,1.09411462930483,5,0.0944584382871536,0.0906618313689937,0.136239782016349,8
MMRd,CD8-all,"(30,35]","(0.729,1.46]",32.5,1.09411462930483,5,0.181323662737987,0.136239782016349,0.220403022670025,8
MMRd,Tplzf-gdlike-comb,"(30,35]","(0.729,1.46]",32.5,1.09411462930483,6,0.162039418806538,0.137868630231034,0.408967279320861,8
MMRd,Tcd4-CXCL13,"(30,35]","(1.46,2.19]",32.5,1.82352438217472,6,0.103178731774463,0.0576736892669417,0.149086168183684,8
MMRd,Tcd4-Treg-comb,"(30,35]","(1.46,2.19]",32.5,1.82352438217472,5,0.106450926123057,0.0746640119462419,0.187441424554827,8
MMRd,Tcd8-CXCL13-comb,"(30,35]","(1.46,2.19]",32.5,1.82352438217472,7,0.174216027874564,0.0695888195087673,0.227228177325671,8
MMRd,CD8-all,"(30,35]","(1.46,2.19]",32.5,1.82352438217472,7,0.35548263604047,0.203068961564286,0.610813188639201,8
MMRd,Tcd8-CXCL13-LAG3,"(30,35]","(1.46,2.19]",32.5,1.82352438217472,5,0.191413727098715,0.0425803704492229,0.199104031856645,8
MMRd,Tcd8-GZMK,"(30,35]","(1.46,2.19]",32.5,1.82352438217472,4,0.0763755715306693,0.0569148026176898,0.0873007337431877,8
MMRd,Tcd8-HOBIT,"(30,35]","(1.46,2.19]",32.5,1.82352438217472,6,0.0659052312175195,0.041925134066512,0.228087919557681,8
MMRd,Tplzf-gdlike-comb,"(30,35]","(1.46,2.19]",32.5,1.82352438217472,7,0.220264317180617,0.127324309543342,0.335691326437885,8
MMRd,Myeloid-mregDC,"(30,35]","(2.19,2.92]",32.5,2.55293413504461,4,0.0586766494610377,0.05540037024094,0.0619659594248147,8
MMRd,Tcd4-CXCL13,"(30,35]","(2.19,2.92]",32.5,2.55293413504461,7,0.124774712324969,0.0891365946331364,0.206443471720235,8
MMRd,Tcd8-CXCL13-comb,"(30,35]","(2.19,2.92]",32.5,2.55293413504461,6,0.201077701027658,0.186448985780087,0.279913257270628,8
MMRd,CD8-all,"(30,35]","(2.19,2.92]",32.5,2.55293413504461,7,0.395979287237283,0.299186064688495,0.649070260962853,8
MMRd,Tcd8-CXCL13-LAG3,"(30,35]","(2.19,2.92]",32.5,2.55293413504461,7,0.0913798355162961,0.0623231162943961,0.170997150791236,8
MMRd,Tcd8-GZMK,"(30,35]","(2.19,2.92]",32.5,2.55293413504461,5,0.0304599451720987,0.0197472353870458,0.0846501128668172,8
MMRd,Tcd8-HOBIT,"(30,35]","(2.19,2.92]",32.5,2.55293413504461,6,0.119517616353568,0.0662618767433752,0.19829344683962,8
MMRd,Tplzf-gdlike-comb,"(30,35]","(2.19,2.92]",32.5,2.55293413504461,6,0.154601745775435,0.135731181465123,0.278377473378784,8
MMRd,Tcd4-CXCL13,"(30,35]","(2.92,3.65]",32.5,3.2823438879145,7,0.137315482320632,0.0902680908795597,0.217953976042382,8
MMRd,Tcd4-Treg-comb,"(30,35]","(2.92,3.65]",32.5,3.2823438879145,5,0.157629255989912,0.135593220338983,0.245398773006135,8
MMRd,Tcd8-CXCL13-comb,"(30,35]","(2.92,3.65]",32.5,3.2823438879145,7,0.137315482320632,0.117719479046348,0.523791631686168,8
MMRd,Myeloid-ISG,"(30,35]","[0,0.729]",32.5,0.364704876434944,7,0.248844649840028,0.168577349026734,0.338947201813586,8
MMRd,Tcd4-Treg-comb,"(30,35]","[0,0.729]",32.5,0.364704876434944,4,0.0584612469128391,0.0397216799181595,0.0845459333450771,8
MMRd,Tcd8-CXCL13-LAG3,"(30,35]","[0,0.729]",32.5,0.364704876434944,6,0.0699157257737704,0.020293041126177,0.119454893938608,8
MMRd,Tplzf-gdlike-comb,"(30,35]","[0,0.729]",32.5,0.364704876434944,6,0.165671579064084,0.0885103419256078,0.213481955629793,8
MMRd,Myeloid-ISG,"(35,40]","(0.729,1.46]",37.5,1.09411462930483,5,0.148478099480327,0.0919963201471941,0.364520048602673,8
MMRd,Myeloid-noDC-noGran,"(35,40]","(0.729,1.46]",37.5,1.09411462930483,6,0.883522374779371,0.522609864836176,1.47303174057647,8
MMRd,Tcd8-CXCL13-comb,"(35,40]","(0.729,1.46]",37.5,1.09411462930483,5,0.183992640294388,0.121506682867558,0.22271714922049,8
MMRd,CD8-all,"(35,40]","(0.729,1.46]",37.5,1.09411462930483,6,0.286472579701118,0.251257264411732,0.379117098520651,8
MMRd,Myeloid-ISG,"(35,40]","(1.46,2.19]",37.5,1.82352438217472,7,0.234741784037559,0.0911037700838946,0.259184358855915,8
MMRd,Myeloid-noDC-noGran,"(35,40]","(1.46,2.19]",37.5,1.82352438217472,7,0.947867298578199,0.530106203564429,1.24320629027723,8
MMRd,Tcd4-CXCL13,"(35,40]","(1.46,2.19]",37.5,1.82352438217472,6,0.107039852905209,0.0454964469081062,0.165667327420747,8
MMRd,Tcd4-Treg-comb,"(35,40]","(1.46,2.19]",37.5,1.82352438217472,5,0.089126559714795,0.0511639805576874,0.0930809804529941,8
MMRd,Tcd8-CXCL13-comb,"(35,40]","(1.46,2.19]",37.5,1.82352438217472,7,0.234741784037559,0.105138864176763,0.284424996357978,8
MMRd,CD8-all,"(35,40]","(1.46,2.19]",37.5,1.82352438217472,7,0.415202810603641,0.197721036909955,0.631262633359636,8
MMRd,Tcd8-CXCL13-LAG3,"(35,40]","(1.46,2.19]",37.5,1.82352438217472,6,0.0382509787980696,0.0312549145479339,0.0687002980917477,8
MMRd,Tcd8-HOBIT,"(35,40]","(1.46,2.19]",37.5,1.82352438217472,6,0.0765019575961391,0.0625098290958679,0.194960074310894,8
MMRd,Tplzf-gdlike-comb,"(35,40]","(1.46,2.19]",37.5,1.82352438217472,5,0.124107973937325,0.0958160332162248,0.20465592223075,8
MMRd,Tcd8-CXCL13-comb,"(35,40]","(2.19,2.92]",37.5,2.55293413504461,6,0.229010401580792,0.211217825724566,0.403272695448294,8
MMRd,CD8-all,"(35,40]","(2.19,2.92]",37.5,2.55293413504461,7,0.374111485222596,0.179736613156713,0.732325187287748,8
MMRd,Tcd8-CXCL13-LAG3,"(35,40]","(2.19,2.92]",37.5,2.55293413504461,6,0.0770935909359688,0.0740290244107038,0.105683880362657,8
MMRd,Tcd8-GZMK,"(35,40]","(2.19,2.92]",37.5,2.55293413504461,4,0.0698598652445144,0.0557541069903298,0.0953403584471446,8
MMRd,Tplzf-gdlike-comb,"(35,40]","(2.19,2.92]",37.5,2.55293413504461,7,0.187055742611298,0.112965914492632,0.21227553582544,8
MMRd,Myeloid-mregDC,"(35,40]","[0,0.729]",37.5,0.364704876434944,5,0.0265463233342182,0.0194174757281553,0.0839454354669465,8
MMRd,Myeloid-ISG,"(35,40]","[0,0.729]",37.5,0.364704876434944,6,0.441067301475703,0.338502734461602,0.600778580141334,8
MMRd,Tcd8-HOBIT,"(35,40]","[0,0.729]",37.5,0.364704876434944,5,0.0419727177334732,0.0265463233342182,0.182038834951456,8
MMRd,Tplzf-gdlike-comb,"(35,40]","[0,0.729]",37.5,0.364704876434944,5,0.212370586673746,0.0209863588667366,0.242718446601942,8
MMRd,Myeloid-noDC-noGran,"(40,45]","(0.729,1.46]",42.5,1.09411462930483,5,0.574712643678161,0.571428571428571,1.25104253544621,8
MMRd,Tplzf-gdlike-comb,"(40,45]","(0.729,1.46]",42.5,1.09411462930483,4,0.504692387904067,0.370168571132878,0.672643952978681,8
MMRd,Myeloid-ISG,"(40,45]","(1.46,2.19]",42.5,1.82352438217472,6,0.322583958097977,0.240299947730288,0.379562978435868,8
MMRd,Myeloid-noDC-noGran,"(40,45]","(1.46,2.19]",42.5,1.82352438217472,7,0.844356881508584,0.514966922119604,1.39728033874238,8
MMRd,Tcd4-CXCL13,"(40,45]","(1.46,2.19]",42.5,1.82352438217472,6,0.0658437185761542,0.038421654106391,0.0885233109253372,8
MMRd,Tcd8-HOBIT,"(40,45]","(1.46,2.19]",42.5,1.82352438217472,5,0.179726815240834,0.0429184549356223,0.208643815201192,8
MMRd,Tplzf-gdlike-comb,"(40,45]","(1.46,2.19]",42.5,1.82352438217472,5,0.0718907260963336,0.0429184549356223,0.417287630402385,8
MMRd,Tcd4-Treg-comb,"(40,45]","(2.19,2.92]",42.5,2.55293413504461,6,0.0959697229131547,0.0873241013713058,0.120484757046287,8
MMRd,Tcd8-CXCL13-LAG3,"(40,45]","(2.19,2.92]",42.5,2.55293413504461,6,0.0798459831426361,0.0554097011219749,0.129616301052745,8
MMRd,CD8-all,"(40,45]","(2.19,2.92]",42.5,2.55293413504461,7,0.242365487154629,0.168146459170591,0.70409109797357,8
MMRd,Tcd8-CXCL13-comb,"(40,45]","(2.19,2.92]",42.5,2.55293413504461,7,0.169348010160881,0.0659727757605381,0.388294944830188,8
MMRd,Tcd8-HOBIT,"(40,45]","(2.19,2.92]",42.5,2.55293413504461,4,0.129038377983756,0.0484379550209953,0.280276374039425,8
MMRd,Tplzf-gdlike-comb,"(40,45]","(2.19,2.92]",42.5,2.55293413504461,5,0.14499758337361,0.125,0.38109756097561,8
MMRd,Tcd4-CXCL13,"(40,45]","(2.92,3.65]",42.5,3.2823438879145,5,0.138504155124654,0.134168157423971,0.154320987654321,8
MMRd,Tcd8-HOBIT,"(40,45]","(2.92,3.65]",42.5,3.2823438879145,4,0.190897569818252,0.14282512509999,0.287097989159473,8
MMRd,Tcd4-CXCL13,"(40,45]","[0,0.729]",42.5,0.364704876434944,4,0.0759974451842177,0.0285680772440824,0.133533915248919,8
MMRd,Tcd4-Treg-comb,"(40,45]","[0,0.729]",42.5,0.364704876434944,5,0.0313676286072773,0.024740227610094,0.060313630880579,8
MMRd,Tcd8-CXCL13-comb,"(40,45]","[0,0.729]",42.5,0.364704876434944,5,0.251755664502451,0.0941028858218319,0.25974025974026,8
MMRd,CD8-all,"(40,45]","[0,0.729]",42.5,0.364704876434944,6,0.273224266323388,0.15054056000452,0.53466243574896,8
MMRd,Tcd8-HOBIT,"(40,45]","[0,0.729]",42.5,0.364704876434944,4,0.106154260624507,0.0285680772440824,0.185394287475208,8
MMRd,Tplzf-gdlike-comb,"(40,45]","[0,0.729]",42.5,0.364704876434944,6,0.143354136453258,0.0627216671992791,0.198213113339592,8
MMRd,Myeloid-noDC-noGran,"(45,50]","(0.729,1.46]",47.5,1.09411462930483,5,0.317460317460317,0.229095074455899,0.380228136882129,8
MMRd,Tplzf-gdlike-comb,"(45,50]","(0.729,1.46]",47.5,1.09411462930483,4,0.174422113585612,0.128593247149948,0.217101199616939,8
MMRd,Tcd4-CXCL13,"(45,50]","(1.46,2.19]",47.5,1.82352438217472,4,0.144773912241962,0.0985091573857027,0.212022588113548,8
MMRd,Tcd8-CXCL13-LAG3,"(45,50]","(1.46,2.19]",47.5,1.82352438217472,4,0.133682928099965,0.0531731189414479,0.238292290390256,8
MMRd,CD8-all,"(45,50]","(1.46,2.19]",47.5,1.82352438217472,6,0.381584892353242,0.221120999534816,0.728862836751893,8
MMRd,Tcd8-CXCL13-comb,"(45,50]","(1.46,2.19]",47.5,1.82352438217472,6,0.133682928099965,0.0523924607154603,0.213541193462181,8
MMRd,Tcd8-HOBIT,"(45,50]","(1.46,2.19]",47.5,1.82352438217472,5,0.287474332648871,0.05720823798627,0.31523642732049,8
MMRd,Tplzf-gdlike-comb,"(45,50]","(1.46,2.19]",47.5,1.82352438217472,7,0.178890876565295,0.0902057617036073,0.309159108137073,8
MMRd,Tcd4-CXCL13,"(45,50]","(2.19,2.92]",47.5,2.55293413504461,5,0.112815884476534,0.099403578528827,0.130718954248366,8
MMRd,Tcd8-CXCL13-comb,"(45,50]","(2.19,2.92]",47.5,2.55293413504461,5,0.130718954248366,0.099403578528827,0.315884476534296,8
MMRd,CD8-all,"(45,50]","(2.19,2.92]",47.5,2.55293413504461,7,0.261437908496732,0.168676494188312,0.487553021222843,8
MMRd,Tcd8-CXCL13-LAG3,"(45,50]","(2.19,2.92]",47.5,2.55293413504461,5,0.182260024301337,0.0902527075812274,0.198807157057654,8
MMRd,Tcd8-GZMK,"(45,50]","(2.19,2.92]",47.5,2.55293413504461,4,0.0665245039050518,0.0603755015519722,0.0743520536748178,8
MMRd,Tplzf-gdlike-comb,"(45,50]","(2.19,2.92]",47.5,2.55293413504461,5,0.326797385620915,0.243013365735115,0.42870036101083,8
MMRd,Tcd8-CXCL13-LAG3,"(45,50]","(2.92,3.65]",47.5,3.2823438879145,4,0.14649301038715,0.0924427401403944,0.212298799395298,8
MMRd,Tcd8-HOBIT,"(45,50]","(2.92,3.65]",47.5,3.2823438879145,4,0.205311239194819,0.199300682073121,0.27933841403517,8
MMRd,Myeloid-mregDC,"(45,50]","[0,0.729]",47.5,0.364704876434944,4,0.0417770838970622,0.0377691589987369,0.0524971256993648,8
MMRd,Tcd8-CXCL13-comb,"(45,50]","[0,0.729]",47.5,0.364704876434944,4,0.181891688259184,0.113105006860556,0.278813757971719,8
MMRd,Tcd8-GZMK,"(45,50]","[0,0.729]",47.5,0.364704876434944,4,0.050523427115301,0.0353647836944051,0.0670121807014843,8
MMRd,Tcd8-HOBIT,"(45,50]","[0,0.729]",47.5,0.364704876434944,5,0.172240562652505,0.0808080808080808,0.242571255306246,8
MMRd,Tplzf-gdlike-comb,"(45,50]","[0,0.729]",47.5,0.364704876434944,5,0.215300703315631,0.161616161616162,0.485142510612492,8
MMRd,Myeloid-noDC-noGran,"(5,10]","(0.729,1.46]",7.5,1.09411462930483,5,0.642570281124498,0.327510917030568,1.17647058823529,8
MMRd,Tcd4-CXCL13,"(5,10]","(0.729,1.46]",7.5,1.09411462930483,6,0.112940846354852,0.07522738010867,0.153944960826455,8
MMRd,Tcd4-Treg-comb,"(5,10]","(0.729,1.46]",7.5,1.09411462930483,4,0.171653081755028,0.069338489328493,0.337688096979368,8
MMRd,Tcd8-CXCL13-comb,"(5,10]","(0.729,1.46]",7.5,1.09411462930483,5,0.401606425702811,0.313479623824451,0.561797752808989,8
MMRd,CD8-all,"(5,10]","(0.729,1.46]",7.5,1.09411462930483,7,0.561797752808989,0.219464423323915,0.715086049527263,8
MMRd,Tcd8-CXCL13-LAG3,"(5,10]","(0.729,1.46]",7.5,1.09411462930483,4,0.0730337523664678,0.0584071901673514,0.138610869811535,8
MMRd,Tcd8-HOBIT,"(5,10]","(0.729,1.46]",7.5,1.09411462930483,4,0.143167227443246,0.0584071901673514,0.22568214032601,8
MMRd,Tplzf-gdlike-comb,"(5,10]","(0.729,1.46]",7.5,1.09411462930483,5,0.240963855421687,0.147058823529412,0.626959247648903,8
MMRd,Myeloid-ISG,"(5,10]","(1.46,2.19]",7.5,1.82352438217472,7,0.198085176625949,0.161486573257593,0.477031455020902,8
MMRd,Tcd4-CXCL13,"(5,10]","(1.46,2.19]",7.5,1.82352438217472,7,0.116530714166805,0.0799287541199983,0.23451690951579,8
MMRd,Tcd4-Treg-comb,"(5,10]","(1.46,2.19]",7.5,1.82352438217472,7,0.14982520392875,0.0992833820819992,0.267912698643787,8
MMRd,Tcd8-CXCL13-comb,"(5,10]","(1.46,2.19]",7.5,1.82352438217472,6,0.208654337217426,0.192994090451519,0.253415007241194,8
MMRd,CD8-all,"(5,10]","(1.46,2.19]",7.5,1.82352438217472,7,0.445976079464829,0.40073956184461,0.574187774718315,8
MMRd,Tcd8-CXCL13-LAG3,"(5,10]","(1.46,2.19]",7.5,1.82352438217472,7,0.0810865599026961,0.0510838635759861,0.127161045709282,8
MMRd,Tcd8-GZMK,"(5,10]","(1.46,2.19]",7.5,1.82352438217472,6,0.0747743046361038,0.02706331252445,0.125411039061191,8
MMRd,Tcd8-HOBIT,"(5,10]","(1.46,2.19]",7.5,1.82352438217472,7,0.10135819987837,0.0851000417845708,0.169199598398142,8
MMRd,Tplzf-gdlike-comb,"(5,10]","(1.46,2.19]",7.5,1.82352438217472,7,0.233061428333611,0.0781287685203689,0.297180982935308,8
MMRd,Tcd8-CXCL13-LAG3,"(5,10]","(2.19,2.92]",7.5,2.55293413504461,7,0.132216835610401,0.0871841791448445,0.21685225805893,8
MMRd,Tcd8-HOBIT,"(5,10]","(2.19,2.92]",7.5,2.55293413504461,6,0.13012865005143,0.0782461890468405,0.25268341136076,8
MMRd,Tcd8-GZMK,"(5,10]","(2.92,3.65]",7.5,3.2823438879145,7,0.0598086124401914,0.0553211731417671,0.109451341801845,8
MMRd,Tcd4-CXCL13,"(5,10]","[0,0.729]",7.5,0.364704876434944,6,0.0636031300408322,0.0414002725081228,0.131412373797998,8
MMRd,Tcd4-Treg-comb,"(5,10]","[0,0.729]",7.5,0.364704876434944,7,0.172413793103448,0.0977425113413017,0.260830683624801,8
MMRd,Tcd8-CXCL13-LAG3,"(5,10]","[0,0.729]",7.5,0.364704876434944,6,0.0633642764456115,0.0484067839055779,0.171132772013183,8
MMRd,Tcd8-HOBIT,"(5,10]","[0,0.729]",7.5,0.364704876434944,6,0.0835310326535424,0.0618910234261627,0.116270449070452,8
MMRd,Myeloid-ISG,"(50,55]","(0.729,1.46]",52.5,1.09411462930483,4,0.155481062559548,0.1007643107965,0.220317058402598,8
MMRd,Myeloid-noDC-noGran,"(50,55]","(0.729,1.46]",52.5,1.09411462930483,4,0.779435239720372,0.527158652158652,1.11245990052708,8
MMRd,CD8-all,"(50,55]","(0.729,1.46]",52.5,1.09411462930483,5,0.540540540540541,0.321888412017167,0.806451612903226,8
MMRd,Tcd8-HOBIT,"(50,55]","(0.729,1.46]",52.5,1.09411462930483,5,0.27027027027027,0.214592274678112,0.806451612903226,8
MMRd,Tplzf-gdlike-comb,"(50,55]","(0.729,1.46]",52.5,1.09411462930483,5,0.27027027027027,0.203665987780041,0.62992125984252,8
MMRd,Tcd8-CXCL13-LAG3,"(50,55]","(1.46,2.19]",52.5,1.82352438217472,6,0.141520027478334,0.0626703840243506,0.309380068871599,8
MMRd,CD8-all,"(50,55]","(1.46,2.19]",52.5,1.82352438217472,7,0.246710526315789,0.179144036602145,0.693792117623035,8
MMRd,Tcd8-CXCL13-comb,"(50,55]","(1.46,2.19]",52.5,1.82352438217472,5,0.094921689606075,0.0822368421052632,0.345572354211663,8
MMRd,Tplzf-gdlike-comb,"(50,55]","(1.46,2.19]",52.5,1.82352438217472,4,0.353509068672097,0.271044476859507,0.373880389980977,8
MMRd,Tcd8-CXCL13-comb,"(50,55]","(2.19,2.92]",52.5,2.55293413504461,6,0.115185899362083,0.0957105724549723,0.231134092094441,8
MMRd,CD8-all,"(50,55]","(2.19,2.92]",52.5,2.55293413504461,7,0.29086678301338,0.217485846284266,0.521253145519601,8
MMRd,Tcd8-CXCL13-comb,"(50,55]","[0,0.729]",52.5,0.364704876434944,7,0.162866449511401,0.10360463363683,0.258183058258442,8
MMRd,Tcd8-CXCL13-LAG3,"(50,55]","[0,0.729]",52.5,0.364704876434944,5,0.033478406427854,0.0318826717678942,0.0542888165038002,8
MMRd,Tplzf-gdlike-comb,"(50,55]","[0,0.729]",52.5,0.364704876434944,6,0.151559451964676,0.13549833288805,0.243968644898175,8
MMRd,Tcd8-CXCL13-comb,"(55,60]","(1.46,2.19]",57.5,1.82352438217472,5,0.2,0.119260584376863,0.47418335089568,8
MMRd,CD8-all,"(55,60]","(1.46,2.19]",57.5,1.82352438217472,5,0.35778175313059,0.2,0.895679662802951,8
MMRd,Tplzf-gdlike-comb,"(55,60]","(1.46,2.19]",57.5,1.82352438217472,6,0.131308703819662,0.0609715724536376,0.28709167544784,8
MMRd,Tcd4-Treg-comb,"(55,60]","(2.19,2.92]",57.5,2.55293413504461,4,0.119976393367112,0.113502076995362,0.128487789051439,8
MMRd,Tplzf-gdlike-comb,"(55,60]","(2.19,2.92]",57.5,2.55293413504461,5,0.240384615384615,0.191570881226054,0.408997955010225,8
MMRd,Tcd4-CXCL13,"(55,60]","(2.92,3.65]",57.5,3.2823438879145,6,0.340556019291412,0.310058556809183,0.481542397660819,8
MMRd,Tcd8-CXCL13-comb,"(55,60]","(2.92,3.65]",57.5,3.2823438879145,6,0.330350923023337,0.266182927658951,0.539977760993622,8
MMRd,Tcd8-CXCL13-comb,"(55,60]","[0,0.729]",57.5,0.364704876434944,4,0.152599143226396,0.0644212221336249,0.252368599142793,8
MMRd,Tplzf-gdlike-comb,"(55,60]","[0,0.729]",57.5,0.364704876434944,5,0.161377084454008,0.0720980533525595,0.43424317617866,8
MMRd,Myeloid-noDC-noGran,"(60,65]","(0.729,1.46]",62.5,1.09411462930483,4,0.317300034133576,0.191406901224897,0.568977591036415,8
MMRd,Myeloid-ISG,"(60,65]","(1.46,2.19]",62.5,1.82352438217472,6,0.266667140267981,0.184270468757487,0.357681800166588,8
MMRd,Myeloid-noDC-noGran,"(60,65]","(1.46,2.19]",62.5,1.82352438217472,7,1.65061898211829,0.614897439312536,1.68670875687978,8
MMRd,Tcd8-CXCL13-comb,"(60,65]","(1.46,2.19]",62.5,1.82352438217472,6,0.148584250618323,0.0921690973097962,0.185159233076253,8
MMRd,CD8-all,"(60,65]","(1.46,2.19]",62.5,1.82352438217472,6,0.297168501236647,0.242119396468591,0.563991803789691,8
MMRd,Tcd8-HOBIT,"(60,65]","(1.46,2.19]",62.5,1.82352438217472,4,0.230170238952583,0.123115801306575,0.362864618906385,8
MMRd,Tplzf-gdlike-comb,"(60,65]","(1.46,2.19]",62.5,1.82352438217472,5,0.25823111684958,0.231124807395994,0.275103163686382,8
MMRd,Myeloid-ISG,"(60,65]","(2.19,2.92]",62.5,2.55293413504461,7,0.163398692810458,0.138633578431373,0.274872904867356,8
MMRd,Tcd4-Treg-comb,"(60,65]","(3.65,4.38]",62.5,4.01175364078438,4,0.379898617930533,0.312466419514292,0.717338217338217,8
MMRd,CD8-all,"(60,65]","[0,0.729]",62.5,0.364704876434944,6,0.295698924731183,0.141023198713064,0.446722037434313,8
MMRd,Myeloid-noDC-noGran,"(65,70]","(0.729,1.46]",67.5,1.09411462930483,5,0.851063829787234,0.65359477124183,1.50501672240803,8
MMRd,Myeloid-ISG,"(65,70]","(1.46,2.19]",67.5,1.82352438217472,5,0.36036036036036,0.0706214689265537,0.434782608695652,8
MMRd,Myeloid-noDC-noGran,"(65,70]","(1.46,2.19]",67.5,1.82352438217472,7,1.08695652173913,0.751299797521581,1.62115603976069,8
MMRd,CD8-all,"(65,70]","(1.46,2.19]",67.5,1.82352438217472,5,0.516795865633075,0.217391304347826,0.77720207253886,8
MMRd,Tplzf-gdlike-comb,"(65,70]","(1.46,2.19]",67.5,1.82352438217472,4,0.176222734362269,0.152113723511843,0.238762078140316,8
MMRd,Tcd8-GZMK,"(65,70]","(2.19,2.92]",67.5,2.55293413504461,4,0.0821687401811571,0.0407315353233561,0.209509811505634,8
MMRd,CD8-all,"(65,70]","(2.19,2.92]",67.5,2.55293413504461,7,0.479616306954437,0.207347775237111,0.917374860176038,8
MMRd,Tcd8-CXCL13-comb,"(65,70]","[0,0.729]",67.5,0.364704876434944,4,0.281591841385597,0.217218369555031,0.333059210526316,8
MMRd,CD8-all,"(65,70]","[0,0.729]",67.5,0.364704876434944,5,0.394736842105263,0.233644859813084,0.455788514129444,8
MMRd,Tcd8-CXCL13-comb,"(70,75]","(0.729,1.46]",72.5,1.09411462930483,4,0.931723315444246,0.562309137890533,1.55677655677656,8
MMRd,CD8-all,"(70,75]","(0.729,1.46]",72.5,1.09411462930483,4,1.65846750149076,1.21406371406371,2.71663898117387,8
MMRd,Tcd4-Treg-comb,"(70,75]","(1.46,2.19]",72.5,1.82352438217472,4,0.237767347741772,0.192674808487726,0.272201708867526,8
MMRd,Tcd8-CXCL13-comb,"(70,75]","(1.46,2.19]",72.5,1.82352438217472,5,0.255754475703325,0.233100233100233,0.267737617135208,8
MMRd,CD8-all,"(70,75]","(1.46,2.19]",72.5,1.82352438217472,6,0.389623284270929,0.241759579108977,0.610192350391855,8
MMRd,Tplzf-gdlike-comb,"(70,75]","(1.46,2.19]",72.5,1.82352438217472,5,0.133868808567604,0.111358574610245,0.255754475703325,8
MMRd,Myeloid-ISG,"(70,75]","(2.19,2.92]",72.5,2.55293413504461,5,0.476947535771065,0.408163265306122,0.489929232444203,8
MMRd,Myeloid-mregDC,"(70,75]","[0,0.729]",72.5,0.364704876434944,4,0.111612248071944,0.0534279759468673,0.170602948877664,8
MMRd,Tcd4-Treg-comb,"(70,75]","[0,0.729]",72.5,0.364704876434944,4,0.114781315241612,0.0935649197397776,0.175347111041989,8
MMRd,Tcd8-CXCL13-LAG3,"(70,75]","[0,0.729]",72.5,0.364704876434944,4,0.175347111041989,0.125244053599717,0.193105230947014,8
MMRd,CD8-all,"(70,75]","[0,0.729]",72.5,0.364704876434944,6,0.300778605052216,0.170602948877664,0.481812756349095,8
MMRd,Tplzf-gdlike-comb,"(70,75]","[0,0.729]",72.5,0.364704876434944,5,0.203942895989123,0.159489633173844,0.229709035222052,8
MMRd,Myeloid-ISG,"(75,80]","(1.46,2.19]",77.5,1.82352438217472,4,0.321187115749913,0.258188026492857,0.465820880695929,8
MMRd,Myeloid-noDC-noGran,"(75,80]","(1.46,2.19]",77.5,1.82352438217472,6,1.22002355712603,0.549503631642275,1.73391136801541,8
MMRd,CD8-all,"(75,80]","(1.46,2.19]",77.5,1.82352438217472,6,0.601606425702811,0.232508833922262,0.940362377584584,8
MMRd,Tcd8-CXCL13-comb,"(75,80]","(1.46,2.19]",77.5,1.82352438217472,5,0.401606425702811,0.4,0.433526011560694,8
MMRd,Tcd8-CXCL13-comb,"(75,80]","(2.19,2.92]",77.5,2.55293413504461,4,0.463705547095604,0.355111497103385,0.606331578676842,8
MMRd,CD8-all,"(75,80]","(2.19,2.92]",77.5,2.55293413504461,5,0.881057268722467,0.382409177820268,1.16918844566713,8
MMRd,Tplzf-gdlike-comb,"(75,80]","(2.92,3.65]",77.5,3.2823438879145,5,0.159108989657916,0.150375939849624,0.704225352112676,8
MMRd,Tplzf-gdlike-comb,"(75,80]","[0,0.729]",77.5,0.364704876434944,6,0.213191568500265,0.163783314100766,0.292748252822364,8
MMRd,Myeloid-noDC-noGran,"(80,85]","(1.46,2.19]",82.5,1.82352438217472,6,1.09619097770757,0.664738105496399,1.66124816727226,8
MMRd,CD8-all,"(80,85]","(1.46,2.19]",82.5,1.82352438217472,4,0.978954611241607,0.578746650175222,1.23202529747707,8
MMRd,Myeloid-noDC-noGran,"(85,90]","(1.46,2.19]",87.5,1.82352438217472,7,0.952380952380952,0.512772817460317,1.36520228909831,8
MMRd,Tcd8-CXCL13-comb,"(85,90]","(1.46,2.19]",87.5,1.82352438217472,4,0.627429584668895,0.305734392582521,0.897919285016059,8
MMRd,CD8-all,"(85,90]","(1.46,2.19]",87.5,1.82352438217472,5,0.600150037509377,0.225225225225225,0.952380952380952,8
MMRd,Tcd8-CXCL13-LAG3,"(85,90]","(2.19,2.92]",87.5,2.55293413504461,5,0.284784377542718,0.278551532033426,0.390625,8
MMRd,Myeloid-ISG,"(90,95]","(2.92,3.65]",92.5,3.2823438879145,4,0.909049346215977,0.544899799486956,1.62966878083157,8
MMRd,Myeloid-ISG,"(90,95]","[0,0.729]",92.5,0.364704876434944,4,0.182656546369491,0.0985749270448422,0.340571540079357,8
MMRd,Myeloid-noDC-noGran,"(95,100]","(2.19,2.92]",97.5,2.55293413504461,6,1.74722185031463,0.657356060888012,2.18299288651047,8
MMRd,Tcd8-CXCL13-comb,"(95,100]","(2.19,2.92]",97.5,2.55293413504461,4,0.513901606297424,0.311158441212686,0.874620714641547,8
MMRd,CD8-all,"(95,100]","(2.19,2.92]",97.5,2.55293413504461,5,1.33976420150054,0.36101083032491,1.40845070422535,8
MMRd,Myeloid-ISG,"[-100,-95]","(2.92,3.65]",-97.5,3.2823438879145,6,7.02312138728324,3.95798926507019,10,8
MMRd,Myeloid-noDC-noGran,"[-100,-95]","(2.92,3.65]",-97.5,3.2823438879145,7,25,17.1996284062758,28.3625730994152,8
MMRd,Tcd4-CXCL13,"[-100,-95]","[0,0.729]",-97.5,0.364704876434944,7,0.872093023255814,0.666447260161264,1.77811550151976,8
MMRd,Tplzf-gdlike-comb,"(-10,-5]","(0.729,1.46]",-7.5,1.09411462930483,4,0.287791396298967,0.117611825967909,0.562592228234137,8
MMRd,Tcd8-CXCL13-LAG3,"(-10,-5]","(2.92,3.65]",-7.5,3.2823438879145,6,0.264965904484242,0.159167468686679,0.417083468895223,8
MMRd,Tcd8-GZMK,"(-15,-10]","(1.46,2.19]",-12.5,1.82352438217472,6,0.121814884318803,0.0888853915737833,0.344821425381001,8
MMRd,Tcd8-CXCL13-LAG3,"(-15,-10]","(2.19,2.92]",-12.5,2.55293413504461,5,0.252780586450961,0.119331742243437,0.267379679144385,8
MMRd,Tcd8-CXCL13-LAG3,"(-15,-10]","[0,0.729]",-12.5,0.364704876434944,4,0.183810418419695,0.147656702485858,0.224314167993672,8
MMRd,Tcd8-GZMK,"(-15,-10]","[0,0.729]",-12.5,0.364704876434944,6,0.243207195777523,0.118700623637501,0.364696940386423,8
MMRd,Tcd4-CXCL13,"(-20,-15]","(1.46,2.19]",-17.5,1.82352438217472,5,0.487012987012987,0.286396181384248,0.851063829787234,8
MMRd,Tcd8-GZMK,"(-20,-15]","(1.46,2.19]",-17.5,1.82352438217472,5,0.425531914893617,0.324675324675325,0.450450450450451,8
MMRd,Tcd8-CXCL13-LAG3,"(-20,-15]","(2.19,2.92]",-17.5,2.55293413504461,4,0.179885196863126,0.157405393649413,0.23895378246806,8
MMRd,Tcd8-CXCL13-LAG3,"(-20,-15]","(4.38,5.11]",-17.5,4.74116339365427,4,0.513736287903446,0.475988357991754,0.535142654088891,8
MMRd,Tcd4-CXCL13,"(-20,-15]","[0,0.729]",-17.5,0.364704876434944,5,0.244698205546493,0.21865889212828,0.451127819548872,8
MMRd,Tcd8-GZMK,"(-20,-15]","[0,0.729]",-17.5,0.364704876434944,6,0.181570948648216,0.119591069510511,0.246989938974105,8
MMRd,Tcd8-HOBIT,"(-20,-15]","[0,0.729]",-17.5,0.364704876434944,5,0.283687943262411,0.255102040816327,0.300751879699248,8
MMRd,Myeloid-mregDC,"(-25,-20]","(1.46,2.19]",-22.5,1.82352438217472,4,0.796796533543725,0.405338619165037,1.19889040887673,8
MMRd,Tcd4-CXCL13,"(-25,-20]","(1.46,2.19]",-22.5,1.82352438217472,5,0.592353257942919,0.581395348837209,0.986842105263158,8
MMRd,Tplzf-gdlike-comb,"(-25,-20]","(1.46,2.19]",-22.5,1.82352438217472,4,0.908192734458124,0.50365865247553,1.27604275395599,8
MMRd,Tcd8-CXCL13-LAG3,"(-25,-20]","(2.19,2.92]",-22.5,2.55293413504461,5,0.174064403829417,0.145985401459854,0.292397660818713,8
MMRd,Tcd8-HOBIT,"(-25,-20]","(2.92,3.65]",-22.5,3.2823438879145,5,0.377358490566038,0.314465408805031,0.573613766730402,8
MMRd,Tcd8-CXCL13-LAG3,"(-25,-20]","(3.65,4.38]",-22.5,4.01175364078438,5,0.220264317180617,0.187265917602996,0.757877941763064,8
MMRd,Tcd8-HOBIT,"(-25,-20]","(3.65,4.38]",-22.5,4.01175364078438,5,0.561797752808989,0.278551532033426,0.925925925925926,8
MMRd,Tcd4-CXCL13,"(-25,-20]","(4.38,5.11]",-22.5,4.74116339365427,5,1.02040816326531,0.943396226415094,1.07758620689655,8
MMRd,Tcd8-GZMK,"(-25,-20]","(4.38,5.11]",-22.5,4.74116339365427,5,1.41509433962264,1.3671875,2.04081632653061,8
MMRd,Tcd8-CXCL13-LAG3,"(-25,-20]","[0,0.729]",-22.5,0.364704876434944,4,0.34748490945674,0.310618792971734,0.353690241809279,8
MMRd,Tcd8-GZMK,"(-25,-20]","[0,0.729]",-22.5,0.364704876434944,4,0.204538421866942,0.17683843118942,0.259456740442656,8
MMRd,Myeloid-ISG,"(-30,-25]","(1.46,2.19]",-27.5,1.82352438217472,6,2.63683502976762,2.27642276422764,3.75434669651065,8
MMRd,Tcd4-CXCL13,"(-30,-25]","(1.46,2.19]",-27.5,1.82352438217472,4,0.593313279438491,0.420080738638635,0.851725012683917,8
MMRd,Tcd4-Treg-comb,"(-30,-25]","(1.46,2.19]",-27.5,1.82352438217472,4,2.6071741032371,2.17428087986464,3.09775302477434,8
MMRd,Tcd8-GZMK,"(-30,-25]","(1.46,2.19]",-27.5,1.82352438217472,4,0.9387386134483,0.411574857429341,1.38172796893539,8
MMRd,Tcd8-CXCL13-comb,"(-30,-25]","(2.19,2.92]",-27.5,2.55293413504461,6,0.43284804706408,0.385134588549356,0.564360967947318,8
MMRd,Tcd8-CXCL13-LAG3,"(-30,-25]","(2.19,2.92]",-27.5,2.55293413504461,4,0.243341471248997,0.17296882617798,0.316706071994366,8
MMRd,Tcd8-HOBIT,"(-30,-25]","(2.92,3.65]",-27.5,3.2823438879145,4,0.571916461695534,0.504627514677766,0.722253806483562,8
MMRd,Tplzf-gdlike-comb,"(-30,-25]","(3.65,4.38]",-27.5,4.01175364078438,4,0.642991260181821,0.532011699707507,0.797647001864001,8
MMRd,CD8-all,"(-35,-30]","(1.46,2.19]",-32.5,1.82352438217472,4,0.906154913788502,0.740304318868795,1.88283470323943,8
MMRd,Tplzf-gdlike-comb,"(-35,-30]","(1.46,2.19]",-32.5,1.82352438217472,5,0.763358778625954,0.505902192242833,1.11111111111111,8
MMRd,Myeloid-mregDC,"(-35,-30]","(2.19,2.92]",-32.5,2.55293413504461,6,1.19461183977313,0.683603779398172,1.31464413722478,8
MMRd,Tcd4-CXCL13,"(-35,-30]","(2.19,2.92]",-32.5,2.55293413504461,5,0.54945054945055,0.311526479750779,0.901352028042063,8
MMRd,CD8-all,"(-35,-30]","(2.19,2.92]",-32.5,2.55293413504461,6,1.61503998458426,0.841506624216905,2.45094778849352,8
MMRd,Tcd8-CXCL13-comb,"(-35,-30]","(2.19,2.92]",-32.5,2.55293413504461,5,0.515463917525773,0.366300366300366,0.645161290322581,8
MMRd,Tplzf-gdlike-comb,"(-35,-30]","(2.19,2.92]",-32.5,2.55293413504461,4,0.790877037205292,0.545394811794411,1.09370869680148,8
MMRd,Tcd4-CXCL13,"(-35,-30]","(2.92,3.65]",-32.5,3.2823438879145,6,0.607953285534777,0.490738464060323,0.691394319212048,8
MMRd,Tcd8-CXCL13-LAG3,"(-35,-30]","(2.92,3.65]",-32.5,3.2823438879145,4,0.346323776321399,0.219524011384969,0.492889660226738,8
MMRd,Tplzf-gdlike-comb,"(-35,-30]","(2.92,3.65]",-32.5,3.2823438879145,4,0.400116787625279,0.184235958261136,0.634835515105347,8
MMRd,Tcd8-GZMK,"(-35,-30]","(3.65,4.38]",-32.5,4.01175364078438,5,0.813008130081301,0.405268490374873,2.92887029288703,8
MMRd,Tcd8-HOBIT,"(-35,-30]","(3.65,4.38]",-32.5,4.01175364078438,4,0.625093297507091,0.420116689375677,0.759953087358945,8
MMRd,Tcd8-HOBIT,"(-35,-30]","(4.38,5.11]",-32.5,4.74116339365427,4,0.608983384961983,0.434942416074492,0.8174334513002,8
MMRd,Tcd8-GZMK,"(-35,-30]","[0,0.729]",-32.5,0.364704876434944,5,0.316455696202532,0.191938579654511,0.338983050847458,8
MMRd,Myeloid-mregDC,"(-40,-35]","(1.46,2.19]",-37.5,1.82352438217472,4,0.806863120295956,0.323944188830285,1.69683257918552,8
MMRd,Tcd4-CXCL13,"(-40,-35]","(1.46,2.19]",-37.5,1.82352438217472,5,1.47058823529412,1.32669983416252,2.56410256410256,8
MMRd,Tcd4-Treg-comb,"(-40,-35]","(1.46,2.19]",-37.5,1.82352438217472,5,1.6260162601626,1.47058823529412,1.99004975124378,8
MMRd,Tcd8-GZMK,"(-40,-35]","(1.46,2.19]",-37.5,1.82352438217472,4,1.81323773290411,1.1781291463954,2.89896670493685,8
MMRd,CD8-all,"(-40,-35]","(1.46,2.19]",-37.5,1.82352438217472,5,1.6260162601626,1.47058823529412,4.47761194029851,8
MMRd,Tcd8-GZMK,"(-40,-35]","(2.19,2.92]",-37.5,2.55293413504461,5,0.766283524904215,0.625,0.826446280991736,8
MMRd,Tcd8-HOBIT,"(-40,-35]","(2.92,3.65]",-37.5,3.2823438879145,6,0.601651922351264,0.353197808320136,0.845943673812526,8
MMRd,Tcd8-HOBIT,"(-40,-35]","(3.65,4.38]",-37.5,4.01175364078438,4,1.11001339217107,0.867288496154476,1.32868636777654,8
MMRd,Tcd8-CXCL13-comb,"(-40,-35]","[0,0.729]",-37.5,0.364704876434944,6,0.355261013634635,0.183230307713286,0.635649849649181,8
MMRd,Myeloid-ISG,"(-45,-40]","(1.46,2.19]",-42.5,1.82352438217472,5,6.06060606060606,2.97397769516729,6.66666666666667,8
MMRd,Tplzf-gdlike-comb,"(-45,-40]","(2.19,2.92]",-42.5,2.55293413504461,4,0.525067609735802,0.299043062200957,0.859701728083327,8
MMRd,Myeloid-mregDC,"(-45,-40]","(2.92,3.65]",-42.5,3.2823438879145,4,0.570897641812339,0.396659416652724,0.912458156992981,8
MMRd,Tcd8-HOBIT,"(-45,-40]","(2.92,3.65]",-42.5,3.2823438879145,5,1.19047619047619,0.889679715302491,1.19904076738609,8
MMRd,Myeloid-mregDC,"(-45,-40]","(4.38,5.11]",-42.5,4.74116339365427,5,1.63934426229508,0.775193798449612,3.19148936170213,8
MMRd,Tplzf-gdlike-comb,"(-45,-40]","[0,0.729]",-42.5,0.364704876434944,5,0.56657223796034,0.477326968973747,0.662251655629139,8
MMRd,Myeloid-ISG,"(-50,-45]","(1.46,2.19]",-47.5,1.82352438217472,5,3.25497287522604,2.63157894736842,6.25,8
MMRd,CD8-all,"(-50,-45]","(2.19,2.92]",-47.5,2.55293413504461,4,1.90732206861239,0.908539821941275,2.87817436512697,8
MMRd,Tcd8-CXCL13-comb,"(-50,-45]","(2.92,3.65]",-47.5,3.2823438879145,6,0.567940148868297,0.28675623405481,1.64679968903861,8
MMRd,CD8-all,"(-50,-45]","(2.92,3.65]",-47.5,3.2823438879145,6,2.90418054014058,1.11824983734548,3.95396043880107,8
MMRd,Tcd8-GZMK,"(-50,-45]","(2.92,3.65]",-47.5,3.2823438879145,4,1.58137773714201,0.845829393134297,2.61330034397441,8
MMRd,Tplzf-gdlike-comb,"(-50,-45]","(2.92,3.65]",-47.5,3.2823438879145,4,0.776497429373482,0.641814643030476,0.843270545344068,8
MMRd,Tcd8-CXCL13-comb,"(-50,-45]","(3.65,4.38]",-47.5,4.01175364078438,4,1.05807435788279,0.743866229098297,1.54454022988506,8
MMRd,Tcd8-HOBIT,"(-50,-45]","(4.38,5.11]",-47.5,4.74116339365427,4,1.14046391752577,1.00684073610174,1.61317567567568,8
MMRd,Tcd4-CXCL13,"(-50,-45]","[0,0.729]",-47.5,0.364704876434944,4,1.32726855306204,0.93389283066822,1.62580739870816,8
MMRd,Tcd8-HOBIT,"(-50,-45]","[0,0.729]",-47.5,0.364704876434944,4,0.362795099637205,0.325369075369075,0.395133961664725,8
MMRd,Tplzf-gdlike-comb,"(-50,-45]","[0,0.729]",-47.5,0.364704876434944,4,0.362795099637205,0.337690478535549,0.408217513480671,8
MMRd,Myeloid-ISG,"(-55,-50]","(1.46,2.19]",-52.5,1.82352438217472,5,3.125,2.24719101123596,3.7037037037037,8
MMRd,Myeloid-mregDC,"(-55,-50]","(2.19,2.92]",-52.5,2.55293413504461,4,0.569726990181536,0.430781731499125,0.858671171171171,8
MMRd,Myeloid-ISG,"(-55,-50]","(2.19,2.92]",-52.5,2.55293413504461,6,3.73622589531681,2.96098703131515,4.6875,8
MMRd,Tcd8-CXCL13-comb,"(-55,-50]","(2.19,2.92]",-52.5,2.55293413504461,5,1.16279069767442,0.258732212160414,1.35135135135135,8
MMRd,Tplzf-gdlike-comb,"(-55,-50]","(2.92,3.65]",-52.5,3.2823438879145,4,0.487336164140804,0.358941539831381,1.02151540326546,8
MMRd,Tcd4-CXCL13,"(-55,-50]","(3.65,4.38]",-52.5,4.01175364078438,4,1.33508618171195,0.880398671096345,3.78834355828221,8
MMRd,Tcd4-Treg-comb,"(-55,-50]","(3.65,4.38]",-52.5,4.01175364078438,4,1.81858019281332,1.40365448504983,2.51851068330865,8
MMRd,Tcd8-CXCL13-comb,"(-55,-50]","(3.65,4.38]",-52.5,4.01175364078438,5,0.952380952380952,0.736196319018405,2.73972602739726,8
MMRd,Tcd8-GZMK,"(-55,-50]","(4.38,5.11]",-52.5,4.74116339365427,4,1.81818181818182,1.02957769181173,2.875,8
MMRd,Myeloid-mregDC,"(-55,-50]","[0,0.729]",-52.5,0.364704876434944,5,0.873362445414847,0.371747211895911,1.13636363636364,8
MMRd,Tcd8-HOBIT,"(-55,-50]","[0,0.729]",-52.5,0.364704876434944,4,0.590087823249623,0.368007677289747,0.77564407365782,8
MMRd,Myeloid-ISG,"(-60,-55]","(1.46,2.19]",-57.5,1.82352438217472,5,4.00696864111498,3.50877192982456,4.34782608695652,8
MMRd,Myeloid-mregDC,"(-60,-55]","(2.19,2.92]",-57.5,2.55293413504461,4,0.67223099481164,0.550805372025737,1.16550116550117,8
MMRd,Tcd4-Treg-comb,"(-60,-55]","(2.19,2.92]",-57.5,2.55293413504461,5,2.65734265734266,2.04081632653061,3.27978580990629,8
MMRd,Tcd4-CXCL13,"(-60,-55]","(2.92,3.65]",-57.5,3.2823438879145,4,0.791058093621918,0.650728262468736,1.38853744939271,8
MMRd,Tcd8-CXCL13-comb,"(-60,-55]","(2.92,3.65]",-57.5,3.2823438879145,5,1.98675496688742,0.720906282183316,2.08333333333333,8
MMRd,CD8-all,"(-60,-55]","(2.92,3.65]",-57.5,3.2823438879145,6,2.74414988303176,1.56811731315043,4.00038619979403,8
MMRd,Tplzf-gdlike-comb,"(-60,-55]","(2.92,3.65]",-57.5,3.2823438879145,4,0.511352398360399,0.341768427247315,0.699117891519425,8
MMRd,Tcd4-CXCL13,"(-60,-55]","(3.65,4.38]",-57.5,4.01175364078438,5,1.11111111111111,1.0840108401084,1.85185185185185,8
MMRd,Tcd8-CXCL13-comb,"(-60,-55]","(3.65,4.38]",-57.5,4.01175364078438,4,1.02981029810298,0.930680359435173,1.32352941176471,8
MMRd,Tplzf-gdlike-comb,"(-60,-55]","[0,0.729]",-57.5,0.364704876434944,5,0.4739336492891,0.364298724954463,0.980392156862745,8
MMRd,Myeloid-ISG,"(-65,-60]","(2.19,2.92]",-62.5,2.55293413504461,5,4.64716006884682,3.07692307692308,5.51181102362205,8
MMRd,CD8-all,"(-65,-60]","(2.19,2.92]",-62.5,2.55293413504461,5,1.23456790123457,0.99009900990099,1.37693631669535,8
MMRd,Tplzf-gdlike-comb,"(-65,-60]","(2.19,2.92]",-62.5,2.55293413504461,5,0.78740157480315,0.41958041958042,0.99009900990099,8
MMRd,Tcd4-Treg-comb,"(-65,-60]","(2.92,3.65]",-62.5,3.2823438879145,6,1.97423464536984,1.61666666666667,3.24902208458968,8
MMRd,Tcd8-CXCL13-comb,"(-65,-60]","(2.92,3.65]",-62.5,3.2823438879145,4,0.534480572985992,0.457940490188415,0.616666666666667,8
MMRd,CD8-all,"(-65,-60]","(2.92,3.65]",-62.5,3.2823438879145,6,2.50357986891277,1.76020408163265,3.42015728139516,8
MMRd,Tcd8-CXCL13-LAG3,"(-65,-60]","[0,0.729]",-62.5,0.364704876434944,4,0.255079902307187,0.181486994225154,0.48672636125737,8
MMRd,CD8-all,"(-65,-60]","[0,0.729]",-62.5,0.364704876434944,6,1.69309833843049,1.19126374317883,1.96284449734072,8
MMRd,Myeloid-noDC-noGran,"(-70,-65]","(1.46,2.19]",-67.5,1.82352438217472,5,14.8148148148148,14,18.6046511627907,8
MMRd,Tcd4-Treg-comb,"(-70,-65]","(2.19,2.92]",-67.5,2.55293413504461,5,3.16573556797021,2.95602018745494,3.7037037037037,8
MMRd,CD8-all,"(-70,-65]","(2.19,2.92]",-67.5,2.55293413504461,4,2.12977918125075,1.21350268788869,3.14294106651713,8
MMRd,Tcd4-CXCL13,"(-70,-65]","(2.92,3.65]",-67.5,3.2823438879145,5,0.862600123228589,0.632911392405063,1.11111111111111,8
MMRd,Tcd4-CXCL13,"(-70,-65]","[0,0.729]",-67.5,0.364704876434944,5,0.671140939597315,0.619834710743802,0.704225352112676,8
MMRd,Tcd4-CXCL13,"(-75,-70]","(2.19,2.92]",-72.5,2.55293413504461,4,1.03573140209809,0.826107847205539,1.26642544277281,8
MMRd,Tcd8-CXCL13-comb,"(-75,-70]","(3.65,4.38]",-72.5,4.01175364078438,4,0.712474645030426,0.616842972935843,2.33718487394958,8
MMRd,CD8-all,"(-75,-70]","[0,0.729]",-72.5,0.364704876434944,6,1.25267874537308,1.00653440403086,1.48840833820378,8
MMRd,Myeloid-noDC-noGran,"(-80,-75]","(1.46,2.19]",-77.5,1.82352438217472,4,12.9449152542373,12.49486863711,13.4514637904468,8
MMRd,Myeloid-mregDC,"(-80,-75]","(2.19,2.92]",-77.5,2.55293413504461,5,1.38888888888889,0.966183574879227,1.96078431372549,8
MMRd,Tcd8-CXCL13-comb,"(-80,-75]","(2.19,2.92]",-77.5,2.55293413504461,4,1.21420579337781,0.731281669678608,1.76138251910934,8
MMRd,CD8-all,"(-80,-75]","(2.19,2.92]",-77.5,2.55293413504461,4,1.86620253339411,1.69389175468763,2.50850951627595,8
MMRd,Tcd4-Treg-comb,"(-80,-75]","(2.92,3.65]",-77.5,3.2823438879145,5,2.85714285714286,2.03081232492997,3.27868852459016,8
MMRd,Tcd8-HOBIT,"(-80,-75]","(2.92,3.65]",-77.5,3.2823438879145,4,0.675779745860608,0.393657462985194,2.17813540510544,8
MMRd,CD8-all,"(-80,-75]","(4.38,5.11]",-77.5,4.74116339365427,4,5.71120689655172,4.57375478927203,6.89338235294118,8
MMRd,Tcd8-CXCL13-comb,"(-80,-75]","(4.38,5.11]",-77.5,4.74116339365427,4,2.25095785440613,1.66075050709939,3.64583333333333,8
MMRd,Myeloid-ISG,"(-85,-80]","(2.19,2.92]",-82.5,2.55293413504461,4,2.81554603588502,2.46655518394649,3.09047201580808,8
MMRd,Tcd4-Treg-comb,"(-85,-80]","(2.19,2.92]",-82.5,2.55293413504461,4,2.39942528735632,2.26761619190405,2.58121468926554,8
MMRd,Tcd4-CXCL13,"(-85,-80]","(2.92,3.65]",-82.5,3.2823438879145,4,1.64961185603387,1.25334902979622,2.1002024291498,8
MMRd,Tcd4-CXCL13,"(-85,-80]","[0,0.729]",-82.5,0.364704876434944,5,0.740740740740741,0.56044835868695,1.20068610634648,8
MMRd,Tplzf-gdlike-comb,"(-90,-85]","[0,0.729]",-87.5,0.364704876434944,5,0.869565217391304,0.321285140562249,1.30293159609121,8
MMRd,Myeloid-mregDC,"(-95,-90]","(2.19,2.92]",-92.5,2.55293413504461,4,1.17117117117117,0.604033021348197,2.29166666666667,8
MMRd,Myeloid-ISG,"(-95,-90]","(2.19,2.92]",-92.5,2.55293413504461,4,3.53743821642654,3.36711711711712,4.85570687418936,8
MMRd,Myeloid-noDC-noGran,"(-95,-90]","(2.19,2.92]",-92.5,2.55293413504461,5,15.8560311284047,13.0434782608696,16.6666666666667,8
MMRd,Tcd8-GZMK,"(-95,-90]","[0,0.729]",-92.5,0.364704876434944,4,0.527231538138166,0.27766435279706,0.789354591659124,8
MMRd,Tcd8-HOBIT,"(-95,-90]","[0,0.729]",-92.5,0.364704876434944,4,0.404230308125866,0.257503062474479,0.840701803244448,8
MMRd,Myeloid-mregDC,"(10,15]","(1.46,2.19]",12.5,1.82352438217472,4,0.0401361459053767,0.035250963517073,0.072531635031635,8
MMRd,Tcd8-GZMK,"(10,15]","(1.46,2.19]",12.5,1.82352438217472,4,0.06794771422431,0.0289734304157381,0.108321229488891,8
MMRd,Tcd8-GZMK,"(10,15]","(2.92,3.65]",12.5,3.2823438879145,5,0.0598921940507087,0.0450126035289881,0.0831485587583149,8
MMRd,Myeloid-mregDC,"(15,20]","(2.19,2.92]",17.5,2.55293413504461,4,0.0514627523280181,0.0399728296605493,0.0569521868621055,8
MMRd,Tcd8-CXCL13-LAG3,"(20,25]","(2.92,3.65]",22.5,3.2823438879145,5,0.123548307388189,0.103252452245741,0.181268882175227,8
MMRd,Tcd4-CXCL13,"(25,30]","(0.729,1.46]",27.5,1.09411462930483,4,0.0789356879762006,0.0629529612703688,0.128650346541508,8
MMRd,Tcd8-CXCL13-LAG3,"(25,30]","(2.92,3.65]",27.5,3.2823438879145,6,0.165130399300276,0.125884117015889,0.245558757698792,8
MMRd,Tcd8-GZMK,"(30,35]","(2.92,3.65]",32.5,3.2823438879145,5,0.094577553593947,0.0611246943765281,0.103914097679252,8
MMRd,Tcd8-HOBIT,"(35,40]","(0.729,1.46]",37.5,1.09411462930483,5,0.0919963201471941,0.0742390497401633,0.13550135501355,8
MMRd,Myeloid-mregDC,"(35,40]","(1.46,2.19]",37.5,1.82352438217472,4,0.0316947265156285,0.0296657426829595,0.0404286736132317,8
MMRd,Tcd4-CXCL13,"(35,40]","(2.19,2.92]",37.5,2.55293413504461,5,0.21349975365413,0.0732600732600733,0.226850897092184,8
MMRd,Tcd4-CXCL13,"(35,40]","(2.92,3.65]",37.5,3.2823438879145,5,0.164846486709252,0.157977883096367,0.259067357512953,8
MMRd,Tcd8-HOBIT,"(35,40]","(2.92,3.65]",37.5,3.2823438879145,5,0.247269730063878,0.157977883096367,0.343053173241852,8
MMRd,Tcd4-Treg-comb,"(35,40]","[0,0.729]",37.5,0.364704876434944,4,0.0594660194174757,0.0489359101050337,0.0726279442446738,8
MMRd,Tcd8-CXCL13-LAG3,"(35,40]","[0,0.729]",37.5,0.364704876434944,4,0.0968372589928984,0.0594830607303035,0.122664987095981,8
MMRd,Tcd8-CXCL13-comb,"(40,45]","(0.729,1.46]",42.5,1.09411462930483,4,0.14087410006423,0.0951706828550587,0.194839260518121,8
MMRd,CD8-all,"(40,45]","(0.729,1.46]",42.5,1.09411462930483,5,0.583819849874896,0.229885057471264,0.97629009762901,8
MMRd,Tcd8-HOBIT,"(40,45]","(0.729,1.46]",42.5,1.09411462930483,4,0.44574569928683,0.278944139273149,0.70412432755529,8
MMRd,Tcd4-Treg-comb,"(40,45]","(1.46,2.19]",42.5,1.82352438217472,5,0.0718907260963336,0.0458505272810637,0.119225037257824,8
MMRd,Myeloid-mregDC,"(40,45]","[0,0.729]",42.5,0.364704876434944,4,0.037990525741802,0.0249178029861864,0.0521887491352858,8
MMRd,Tcd8-CXCL13-LAG3,"(40,45]","[0,0.729]",42.5,0.364704876434944,5,0.0662514906585398,0.049480455220188,0.12987012987013,8
MMRd,CD8-all,"(45,50]","(0.729,1.46]",47.5,1.09411462930483,4,0.380569898642188,0.157230131456936,0.824385470346363,8
MMRd,Tcd4-Treg-comb,"(45,50]","(2.19,2.92]",47.5,2.55293413504461,4,0.0948210225602835,0.0619475086745726,0.130615571717455,8
MMRd,Myeloid-mregDC,"(5,10]","(1.46,2.19]",7.5,1.82352438217472,5,0.0562113546936481,0.0405432799513481,0.068073519400953,8
MMRd,Tcd8-HOBIT,"(50,55]","(1.46,2.19]",52.5,1.82352438217472,5,0.0561482313307131,0.0496277915632754,0.240963855421687,8
MMRd,Tcd8-HOBIT,"(50,55]","(2.19,2.92]",52.5,2.55293413504461,4,0.195018655593669,0.159396323735725,0.318680694987128,8
MMRd,Tplzf-gdlike-comb,"(50,55]","(2.19,2.92]",52.5,2.55293413504461,5,0.188577586206897,0.116346713205352,0.297176820208024,8
MMRd,Myeloid-noDC-noGran,"(55,60]","(0.729,1.46]",57.5,1.09411462930483,4,1.39943549420544,0.888497701950415,2.23352243900189,8
MMRd,CD8-all,"(55,60]","(0.729,1.46]",57.5,1.09411462930483,5,1.05540897097625,0.24906600249066,1.11731843575419,8
MMRd,Tcd4-Treg-comb,"(60,65]","(2.19,2.92]",62.5,2.55293413504461,4,0.160706461121734,0.11662438353566,0.193204238495349,8
MMRd,Tcd8-CXCL13-comb,"(60,65]","[0,0.729]",62.5,0.364704876434944,5,0.161290322580645,0.0492125984251969,0.24405125076266,8
MMRd,Tplzf-gdlike-comb,"(60,65]","[0,0.729]",62.5,0.364704876434944,5,0.0650759219088937,0.0492125984251969,0.161290322580645,8
MMRd,Tcd8-CXCL13-LAG3,"(65,70]","(1.46,2.19]",67.5,1.82352438217472,4,0.106161297589547,0.0953755744855244,0.124588061266524,8
MMRd,Tcd8-CXCL13-comb,"(65,70]","(2.19,2.92]",67.5,2.55293413504461,5,0.326797385620915,0.15220700152207,0.358905338716913,8
MMRd,Myeloid-mregDC,"(65,70]","[0,0.729]",67.5,0.364704876434944,4,0.0604556074766355,0.0493041245585453,0.0696644257064722,8
MMRd,Tplzf-gdlike-comb,"(65,70]","[0,0.729]",67.5,0.364704876434944,4,0.0917056074766355,0.0493041245585453,0.201999772105743,8
MMRd,Tplzf-gdlike-comb,"(70,75]","(2.19,2.92]",72.5,2.55293413504461,4,0.237419240800758,0.132846029288439,0.338932793584901,8
MMRd,Myeloid-ISG,"(70,75]","[0,0.729]",72.5,0.364704876434944,4,0.272166774415976,0.113225105433229,0.578017844064186,8
MMRd,Tcd8-CXCL13-comb,"(70,75]","[0,0.729]",72.5,0.364704876434944,5,0.198807157057654,0.135961930659415,0.254939451880178,8
MMRd,Tplzf-gdlike-comb,"(75,80]","(1.46,2.19]",77.5,1.82352438217472,4,0.160593557874957,0.129094013246429,0.248518114664721,8
MMRd,Tplzf-gdlike-comb,"(75,80]","(2.19,2.92]",77.5,2.55293413504461,4,0.273052936856741,0.24887247047653,0.343595732407889,8
MMRd,Tcd4-CXCL13,"(75,80]","(2.92,3.65]",77.5,3.2823438879145,4,0.511221665714254,0.288788797770082,0.719008708740996,8
MMRd,Tcd4-CXCL13,"(75,80]","[0,0.729]",77.5,0.364704876434944,4,0.103979273048822,0.0636173166238551,0.337630739090593,8
MMRd,Tcd8-CXCL13-comb,"(75,80]","[0,0.729]",77.5,0.364704876434944,5,0.150489089541008,0.13271400132714,0.203665987780041,8
MMRd,CD8-all,"(75,80]","[0,0.729]",77.5,0.364704876434944,5,0.407331975560082,0.150489089541008,0.431034482758621,8
MMRd,Myeloid-noDC-noGran,"(80,85]","(0.729,1.46]",82.5,1.09411462930483,4,1.34050546448087,0.8168371886121,3.0152224824356,8
MMRd,Tplzf-gdlike-comb,"(80,85]","(1.46,2.19]",82.5,1.82352438217472,4,0.331249369769083,0.220754378380142,0.447271934248368,8
MMRd,CD8-all,"(80,85]","[0,0.729]",82.5,0.364704876434944,4,0.297968456354461,0.0733899328468751,0.547668076343802,8
MMRd,Tplzf-gdlike-comb,"(80,85]","[0,0.729]",82.5,0.364704876434944,4,0.17146624256572,0.0733899328468751,0.269830194481959,8
MMRd,Tcd8-CXCL13-comb,"(85,90]","[0,0.729]",87.5,0.364704876434944,5,0.229885057471264,0.0968992248062016,0.240384615384615,8
MMRd,CD8-all,"(85,90]","[0,0.729]",87.5,0.364704876434944,6,0.622027863407174,0.356623394414092,0.713279177718833,8
MMRd,Tplzf-gdlike-comb,"(85,90]","[0,0.729]",87.5,0.364704876434944,5,0.138600138600139,0.0968992248062016,0.300480769230769,8
MMRd,Myeloid-noDC-noGran,"(90,95]","(1.46,2.19]",92.5,1.82352438217472,5,1.37362637362637,0.54525627044711,1.47783251231527,8
MMRd,Myeloid-mregDC,"(90,95]","[0,0.729]",92.5,0.364704876434944,4,0.108937416255226,0.0865063776844753,0.13861330868367,8
MMRd,Tplzf-gdlike-comb,"(90,95]","[0,0.729]",92.5,0.364704876434944,4,0.291593962624717,0.202984564752978,0.526446737928493,8
MMRd,Myeloid-noDC-noGran,"(95,100]","(1.46,2.19]",97.5,1.82352438217472,5,0.761421319796954,0.72992700729927,1.69491525423729,8
MMRd,CD8-all,"(95,100]","(1.46,2.19]",97.5,1.82352438217472,4,0.792313931000062,0.632191018186317,1.01615961744579,8
MMRd,Tcd8-CXCL13-comb,"(95,100]","[0,0.729]",97.5,0.364704876434944,5,0.237529691211401,0.11037527593819,0.27163368257664,8
MMRd,CD8-all,"(95,100]","[0,0.729]",97.5,0.364704876434944,5,0.475059382422803,0.22075055187638,0.504462553356616,8
MMRd,Myeloid-ISG,"[-100,-95]","(2.19,2.92]",-97.5,2.55293413504461,4,5.23048327137547,4.21110952244781,8.34615384615385,8
MMRd,Myeloid-noDC-noGran,"[-100,-95]","(2.19,2.92]",-97.5,2.55293413504461,5,17.1003717472119,16.7307692307692,28,8
MMRd,Myeloid-ISG,"[-100,-95]","[0,0.729]",-97.5,0.364704876434944,6,1.89301718358562,1.48602226960436,3.44453625284032,8
MMRd,CD8-all,"[-100,-95]","[0,0.729]",-97.5,0.364704876434944,5,1.45631067961165,1.42857142857143,1.69491525423729,8
MMRd,Tcd8-CXCL13-comb,"[-100,-95]","[0,0.729]",-97.5,0.364704876434944,4,0.617903570840876,0.332721505739909,1.07163973196689,8
MMRd,Tcd8-GZMK,"(-15,-10]","(0.729,1.46]",-12.5,1.09411462930483,4,0.928440598749447,0.403167789741253,2.30633802816901,8
MMRd,Myeloid-ISG,"(-20,-15]","(0.729,1.46]",-17.5,1.09411462930483,4,2.95138888888889,2.30072463768116,3.23342971530249,8
MMRd,Tcd8-GZMK,"(-20,-15]","(5.11,5.84]",-17.5,5.47057314652416,4,1.46180110968843,1.15437724385529,1.71775898520085,8
MMRd,Myeloid-noDC-noGran,"(-30,-25]","(0.729,1.46]",-27.5,1.09411462930483,4,9.57993730407524,8.16953316953317,11.2554278416347,8
MMRd,Myeloid-mregDC,"(-30,-25]","(1.46,2.19]",-27.5,1.82352438217472,4,0.40138275398502,0.297948867502673,0.626270325203252,8
MMRd,Tcd8-GZMK,"(-35,-30]","(2.19,2.92]",-32.5,2.55293413504461,5,1.54639175257732,0.529100529100529,1.75262894341512,8
MMRd,Tcd8-GZMK,"(-35,-30]","(4.38,5.11]",-32.5,4.74116339365427,4,2.06279921148972,1.79388221841052,2.71003231266349,8
MMRd,Tcd8-CXCL13-comb,"(-40,-35]","(1.46,2.19]",-37.5,1.82352438217472,4,1.13853807883659,0.859050611603636,1.36804252657911,8
MMRd,Tcd4-CXCL13,"(-40,-35]","(2.19,2.92]",-37.5,2.55293413504461,4,0.692055362441544,0.436384895653899,1.16623358862144,8
MMRd,Tcd8-GZMK,"(-40,-35]","(4.38,5.11]",-37.5,4.74116339365427,4,1.74076687838156,0.855858629394742,2.78514588859416,8
MMRd,Tplzf-gdlike-comb,"(-40,-35]","[0,0.729]",-37.5,0.364704876434944,5,0.510204081632653,0.24390243902439,0.738916256157635,8
MMRd,Tplzf-gdlike-comb,"(-45,-40]","(1.46,2.19]",-42.5,1.82352438217472,4,0.876797716946416,0.578541319935916,1.07808857808858,8
MMRd,Tcd8-GZMK,"(-45,-40]","(2.92,3.65]",-42.5,3.2823438879145,4,1.0131429739929,0.379665645948854,2.12187392942789,8
MMRd,Tcd8-CXCL13-comb,"(-45,-40]","[0,0.729]",-42.5,0.364704876434944,5,0.348432055749129,0.178571428571429,0.477326968973747,8
MMRd,Tcd8-GZMK,"(-5,0]","(5.11,5.84]",-2.5,5.47057314652416,4,1.11431981825883,0.930174053196661,1.37435145499662,8
MMRd,CD8-all,"(-50,-45]","(1.46,2.19]",-47.5,1.82352438217472,4,1.36029411764706,1.11145626242545,1.78106052547601,8
MMRd,Tcd4-CXCL13,"(-50,-45]","(2.19,2.92]",-47.5,2.55293413504461,4,0.668569989705763,0.606972179552825,0.738304720008379,8
MMRd,Tcd4-CXCL13,"(-50,-45]","(4.38,5.11]",-47.5,4.74116339365427,4,2.98178613396005,2.5424909445528,3.38023161316538,8
MMRd,Tcd4-CXCL13,"(-55,-50]","(1.46,2.19]",-52.5,1.82352438217472,4,1.06214887640449,0.501820417611033,1.58171106557377,8
MMRd,Tcd8-GZMK,"(-55,-50]","(3.65,4.38]",-52.5,4.01175364078438,5,2.38095238095238,1.36986301369863,2.45398773006135,8
MMRd,Tcd4-CXCL13,"(-60,-55]","(2.19,2.92]",-57.5,2.55293413504461,5,1.00401606425703,0.645161290322581,1.02040816326531,8
MMRd,Tcd8-GZMK,"(-65,-60]","(1.46,2.19]",-62.5,1.82352438217472,4,1.74589201877934,1.11557973433015,2.09821428571429,8
MMRd,CD8-all,"(-65,-60]","(1.46,2.19]",-62.5,1.82352438217472,4,1.74589201877934,1.38216741205527,2.58928571428571,8
MMRd,Tcd8-CXCL13-comb,"(-65,-60]","[0,0.729]",-62.5,0.364704876434944,5,0.869565217391304,0.598802395209581,0.93167701863354,8
MMRd,Myeloid-ISG,"(-70,-65]","(1.46,2.19]",-67.5,1.82352438217472,4,2.67760141093474,2.4952380952381,3.86058816291374,8
MMRd,Tcd8-CXCL13-comb,"(-75,-70]","[0,0.729]",-72.5,0.364704876434944,4,0.74420416910189,0.305607151149292,1.2192118226601,8
MMRd,CD8-all,"(-80,-75]","(1.46,2.19]",-77.5,1.82352438217472,4,2.53209434243917,2.12827426810478,3.76026272577997,8
MMRd,Tplzf-gdlike-comb,"(-85,-80]","(1.46,2.19]",-82.5,1.82352438217472,4,1.25876156111318,0.338018098774918,3.76965772432932,8
MMRd,Myeloid-noDC-noGran,"(-90,-85]","(1.46,2.19]",-87.5,1.82352438217472,4,13.6935019730154,10.8869450714823,16.9090550144775,8
MMRd,CD8-all,"(-90,-85]","(2.92,3.65]",-87.5,3.2823438879145,4,3.64584707092554,2.32050757909302,4.84854445318647,8
MMRd,Tcd4-Treg-comb,"(-90,-85]","[0,0.729]",-87.5,0.364704876434944,4,1.5702058284084,1.39716147045137,1.9666110948788,8
MMRd,Myeloid-noDC-noGran,"(-95,-90]","(1.46,2.19]",-92.5,1.82352438217472,4,14.8148148148148,12.987012987013,15.3756495124208,8
MMRd,CD8-all,"(-95,-90]","(3.65,4.38]",-92.5,4.01175364078438,4,5.55218446601942,4.31041955617198,6.61057692307692,8
MMRd,Tcd4-CXCL13,"(10,15]","(0.729,1.46]",12.5,1.09411462930483,4,0.0986392816720252,0.0522479013199716,0.200176037554678,8
MMRd,Tcd8-GZMK,"(20,25]","(3.65,4.38]",22.5,4.01175364078438,4,0.208554481316322,0.142912197518539,0.24454833082555,8
MMRd,Tcd8-HOBIT,"(35,40]","(2.19,2.92]",37.5,2.55293413504461,4,0.121040941871644,0.076703496322025,0.210819872313349,8
MMRd,Tcd8-CXCL13-LAG3,"(40,45]","(1.46,2.19]",42.5,1.82352438217472,5,0.101522842639594,0.0718907260963336,0.137551581843191,8
MMRd,Tcd8-CXCL13-LAG3,"(40,45]","(2.92,3.65]",42.5,3.2823438879145,4,0.23057164345901,0.185743377833102,0.261955515140029,8
MMRd,Tcd8-GZMK,"(45,50]","(2.92,3.65]",47.5,3.2823438879145,4,0.107661741777657,0.0658851593266262,0.191109467158705,8
MMRd,Tcd4-CXCL13,"(45,50]","[0,0.729]",47.5,0.364704876434944,4,0.0821728841581246,0.0373568588887194,0.124033003808625,8
MMRd,Tcd4-CXCL13,"(50,55]","(1.46,2.19]",52.5,1.82352438217472,4,0.0809621271123508,0.0480199797415711,0.154503471494062,8
MMRd,Tcd4-Treg-comb,"(50,55]","(2.19,2.92]",52.5,2.55293413504461,4,0.114280373403537,0.0993925167802429,0.143623863941193,8
MMRd,Tplzf-gdlike-comb,"(60,65]","(2.92,3.65]",62.5,3.2823438879145,4,0.363417101453609,0.232596232596233,0.506615551170312,8
MMRd,CD8-all,"(65,70]","(0.729,1.46]",67.5,1.09411462930483,4,0.713075608651838,0.263273931346611,1.26520586400499,8
MMRd,Tcd8-HOBIT,"(65,70]","(2.19,2.92]",67.5,2.55293413504461,4,0.16957280861964,0.14498060327765,0.230988430782654,8
MMRd,Tplzf-gdlike-comb,"(65,70]","(2.19,2.92]",67.5,2.55293413504461,4,0.193857264754264,0.160600769988361,0.288667594440527,8
MMRd,Myeloid-ISG,"(80,85]","(1.46,2.19]",82.5,1.82352438217472,4,0.132440709032792,0.0855886586187675,0.182279269051891,8
MMRd,Myeloid-ISG,"(85,90]","(1.46,2.19]",87.5,1.82352438217472,4,0.161440737612613,0.091996876172168,0.315546484901324,8
MMRd,CD8-all,"(90,95]","(1.46,2.19]",92.5,1.82352438217472,4,1.27272727272727,0.977772227772228,1.35446205170976,8
MMRd,Myeloid-noDC-noGran,"[-100,-95]","(1.46,2.19]",-97.5,1.82352438217472,4,13.5658243913696,12.2468847352025,16.0675381263617,8
MMRd,Tcd8-GZMK,"[-100,-95]","[0,0.729]",-97.5,0.364704876434944,4,0.450015295689836,0.383619692236492,0.72122052704577,8
MMRd,Tcd8-CXCL13-LAG3,"(-40,-35]","[0,0.729]",-37.5,0.364704876434944,4,0.208186722965048,0.139410602950858,0.306680283551604,8
MMRd,Tcd8-CXCL13-LAG3,"(-60,-55]","[0,0.729]",-57.5,0.364704876434944,4,0.254473374049073,0.150848923908037,0.427579791040504,8
MMRd,Tcd8-GZMK,"(-75,-70]","[0,0.729]",-72.5,0.364704876434944,4,0.98740177933632,0.786883955282633,1.11985472154964,8
MMRd,Tplzf-gdlike-comb,"(-75,-70]","[0,0.729]",-72.5,0.364704876434944,4,0.362803757938382,0.341595077780358,0.644499178981938,8
MMRd,Tplzf-gdlike-comb,"(-80,-75]","[0,0.729]",-77.5,0.364704876434944,4,0.549683154956409,0.304497899553153,0.890954151177199,8
MMRd,Tcd4-CXCL13,"(-95,-90]","[0,0.729]",-92.5,0.364704876434944,4,1.12491631245426,0.879136412331865,1.45957117024025,8
MMRd,Tcd8-CXCL13-LAG3,"(20,25]","(3.65,4.38]",22.5,4.01175364078438,4,0.198624076454863,0.130800654470806,0.271457522511112,8
MMRd,Tcd8-CXCL13-LAG3,"(25,30]","(4.38,5.11]",27.5,4.74116339365427,4,0.560399411944513,0.13096915788123,1.1379914053796,8
MMRd,Tcd4-CXCL13,"(50,55]","(2.19,2.92]",52.5,2.55293413504461,4,0.164771163449062,0.112029948815675,0.215998887787322,8
MMRd,Tcd8-CXCL13-LAG3,"(50,55]","(2.19,2.92]",52.5,2.55293413504461,4,0.110891853104235,0.107330100193806,0.127799558280208,8
MMRd,Tcd8-CXCL13-comb,"(60,65]","(2.92,3.65]",62.5,3.2823438879145,4,0.419680336222245,0.341415652834338,0.521520084914264,8
MMRd,Tcd4-CXCL13,"(65,70]","(1.46,2.19]",67.5,1.82352438217472,4,0.146693265141271,0.0822548504357728,0.334011843079201,8
MMRd,CD8-all,"(90,95]","(2.19,2.92]",92.5,2.55293413504461,4,0.818867215797805,0.573502625093753,1.05584061070161,8
MMRp,Myeloid-mregDC,"(-10,-5]","(1.46,2.19]",-7.5,1.82352438217472,6,0.675118972222939,0.327499933560367,0.94678653357742,6
MMRp,Myeloid-ISG,"(-10,-5]","(1.46,2.19]",-7.5,1.82352438217472,6,1.9721969522456,1.42618679215097,2.23038756787119,6
MMRp,Myeloid-noDC-noGran,"(-10,-5]","(1.46,2.19]",-7.5,1.82352438217472,6,17.6391190730699,13.2537734006035,21.8080253886823,6
MMRp,Tcd4-Treg-comb,"(-10,-5]","(1.46,2.19]",-7.5,1.82352438217472,6,1.3988653798048,0.551151706994295,2.02292992505377,6
MMRp,Tcd8-GZMK,"(-10,-5]","(1.46,2.19]",-7.5,1.82352438217472,4,0.0838174946583309,0.0387545647927616,0.207944634686166,6
MMRp,CD8-all,"(-10,-5]","(1.46,2.19]",-7.5,1.82352438217472,6,0.628199086303298,0.208128888804623,0.8003722820676,6
MMRp,Tcd8-HOBIT,"(-10,-5]","(1.46,2.19]",-7.5,1.82352438217472,4,0.25662937756795,0.160930604070131,0.369780939898895,6
MMRp,Myeloid-mregDC,"(-10,-5]","(2.19,2.92]",-7.5,2.55293413504461,6,1.03465354054457,0.782232914352182,1.21446748403442,6
MMRp,Myeloid-ISG,"(-10,-5]","(2.19,2.92]",-7.5,2.55293413504461,6,2.78549016530459,2.02274191751089,3.29070052651208,6
MMRp,Myeloid-noDC-noGran,"(-10,-5]","(2.19,2.92]",-7.5,2.55293413504461,6,18.7400897484144,13.4998058887825,21.8762884826828,6
MMRp,Tcd4-CXCL13,"(-10,-5]","(2.19,2.92]",-7.5,2.55293413504461,4,0.318302944230652,0.175203364292186,0.441643195662911,6
MMRp,Tcd4-Treg-comb,"(-10,-5]","(2.19,2.92]",-7.5,2.55293413504461,6,1.2450743009068,0.505678587432548,1.6828606442577,6
MMRp,Tcd8-CXCL13-comb,"(-10,-5]","(2.19,2.92]",-7.5,2.55293413504461,5,0.280112044817927,0.121065375302663,0.37984806077569,6
MMRp,CD8-all,"(-10,-5]","(2.19,2.92]",-7.5,2.55293413504461,6,0.621287261010323,0.278803279668093,0.836549571347931,6
MMRp,Tcd8-GZMK,"(-10,-5]","(2.19,2.92]",-7.5,2.55293413504461,5,0.214460784313725,0.199920031987205,0.280112044817927,6
MMRp,Myeloid-mregDC,"(-10,-5]","(2.92,3.65]",-7.5,3.2823438879145,6,1.67703758554962,1.24104568473313,2.43977008682891,6
MMRp,Myeloid-ISG,"(-10,-5]","(2.92,3.65]",-7.5,3.2823438879145,6,3.38437508716147,2.06477732793522,4.72058211104093,6
MMRp,Myeloid-noDC-noGran,"(-10,-5]","(2.92,3.65]",-7.5,3.2823438879145,6,21.4582401506865,14.7959724430313,24.145552547467,6
MMRp,Tcd4-Treg-comb,"(-10,-5]","(2.92,3.65]",-7.5,3.2823438879145,6,0.903826418413722,0.516194331983806,1.93323748764489,6
MMRp,Tcd8-CXCL13-comb,"(-10,-5]","(2.92,3.65]",-7.5,3.2823438879145,4,0.602254407369198,0.36290749774665,0.865001624014907,6
MMRp,CD8-all,"(-10,-5]","(2.92,3.65]",-7.5,3.2823438879145,5,0.643651258045641,0.512820512820513,1.48383677795443,6
MMRp,Tcd8-GZMK,"(-10,-5]","(2.92,3.65]",-7.5,3.2823438879145,3,0.317965023847377,0.21749626265511,0.415392768333945,6
MMRp,Tcd8-HOBIT,"(-10,-5]","(2.92,3.65]",-7.5,3.2823438879145,3,0.211976682564918,0.164502092013881,1.18125715848676,6
MMRp,Tplzf-gdlike-comb,"(-10,-5]","(2.92,3.65]",-7.5,3.2823438879145,4,0.136559630251257,0.0941196936446997,0.25355331762017,6
MMRp,Myeloid-mregDC,"(-10,-5]","(3.65,4.38]",-7.5,4.01175364078438,5,1.5625,1.15798180314309,1.87265917602996,6
MMRp,Myeloid-ISG,"(-10,-5]","(3.65,4.38]",-7.5,4.01175364078438,6,8.66224689073903,5.87929476913691,9.47728382999512,6
MMRp,Myeloid-noDC-noGran,"(-10,-5]","(3.65,4.38]",-7.5,4.01175364078438,6,22.9214811273143,18.5054008576236,24.7488179669031,6
MMRp,Tcd4-CXCL13,"(-10,-5]","(3.65,4.38]",-7.5,4.01175364078438,3,0.354609929078014,0.301374443447196,0.364570882142003,6
MMRp,Tcd4-Treg-comb,"(-10,-5]","(3.65,4.38]",-7.5,4.01175364078438,4,1.76289154846336,1.01059430160322,2.72535307428215,6
MMRp,Tcd8-CXCL13-comb,"(-10,-5]","(3.65,4.38]",-7.5,4.01175364078438,3,0.472813238770686,0.360476098293531,0.486094509522671,6
MMRp,CD8-all,"(-10,-5]","(3.65,4.38]",-7.5,4.01175364078438,4,1.45828352856801,1.22925575911163,2.16526217228464,6
MMRp,Tcd8-CXCL13-LAG3,"(-10,-5]","(3.65,4.38]",-7.5,4.01175364078438,3,0.249687890137328,0.16620043803806,0.361250564454007,6
MMRp,Tcd8-GZMK,"(-10,-5]","(3.65,4.38]",-7.5,4.01175364078438,3,0.248138957816377,0.183171133754524,0.311335396511185,6
MMRp,Tcd8-HOBIT,"(-10,-5]","(3.65,4.38]",-7.5,4.01175364078438,4,0.243047254761336,0.197983211023705,1.22893258426966,6
MMRp,Tplzf-gdlike-comb,"(-10,-5]","(3.65,4.38]",-7.5,4.01175364078438,3,0.236406619385343,0.159559802662068,0.305469227295668,6
MMRp,Myeloid-mregDC,"(-10,-5]","(4.38,5.11]",-7.5,4.74116339365427,4,2.13868577317564,1.56867471639676,2.80502290853555,6
MMRp,Myeloid-ISG,"(-10,-5]","(4.38,5.11]",-7.5,4.74116339365427,4,10.1083650751469,7.79533227248617,12.7059920498601,6
MMRp,Myeloid-noDC-noGran,"(-10,-5]","(4.38,5.11]",-7.5,4.74116339365427,4,23.5294694999264,20.0933310707619,25.4191045953586,6
MMRp,Tcd4-CXCL13,"(-10,-5]","(4.38,5.11]",-7.5,4.74116339365427,3,0.348432055749129,0.279037830809575,0.455906168719635,6
MMRp,Tcd4-Treg-comb,"(-10,-5]","(4.38,5.11]",-7.5,4.74116339365427,4,1.6477058058016,1.11325806370135,2.62428227904009,6
MMRp,CD8-all,"(-10,-5]","(4.38,5.11]",-7.5,4.74116339365427,4,1.12505772217791,0.993615731305561,1.32614966909893,6
MMRp,Tcd8-HOBIT,"(-10,-5]","(4.38,5.11]",-7.5,4.74116339365427,3,0.628930817610063,0.596155549650102,0.916875047359248,6
MMRp,Tplzf-gdlike-comb,"(-10,-5]","(4.38,5.11]",-7.5,4.74116339365427,3,0.28169014084507,0.245666873357546,0.3150610982971,6
MMRp,Myeloid-mregDC,"(-10,-5]","(5.11,5.84]",-7.5,5.47057314652416,3,3.15789473684211,2.46390312063344,6.1244019138756,6
MMRp,Myeloid-ISG,"(-10,-5]","(5.11,5.84]",-7.5,5.47057314652416,4,17.4382859804378,14.2196299275945,20.4605263157895,6
MMRp,Myeloid-noDC-noGran,"(-10,-5]","(5.11,5.84]",-7.5,5.47057314652416,4,26.9617224880383,18.8516746411483,32.049477071601,6
MMRp,CD8-all,"(-10,-5]","(5.11,5.84]",-7.5,5.47057314652416,3,2.27272727272727,2.02131938857603,2.71531100478469,6
MMRp,Myeloid-mregDC,"(-10,-5]","[0,0.729]",-7.5,0.364704876434944,6,0.646718473148688,0.387217453115695,0.914787141294519,6
MMRp,Myeloid-ISG,"(-10,-5]","[0,0.729]",-7.5,0.364704876434944,6,1.87059767647066,1.10184423150082,2.30157242823425,6
MMRp,Myeloid-noDC-noGran,"(-10,-5]","[0,0.729]",-7.5,0.364704876434944,6,15.984950757485,11.9937464179449,20.8665551697462,6
MMRp,Tcd4-CXCL13,"(-10,-5]","[0,0.729]",-7.5,0.364704876434944,6,0.149283743191299,0.0855519117977018,0.160664441993141,6
MMRp,Tcd4-Treg-comb,"(-10,-5]","[0,0.729]",-7.5,0.364704876434944,6,1.07393230861002,0.537301906734598,1.6504783809537,6
MMRp,Tplzf-gdlike-comb,"(-10,-5]","[0,0.729]",-7.5,0.364704876434944,6,0.0688501421852473,0.0483470137495316,0.140718694426522,6
MMRp,Myeloid-mregDC,"(-15,-10]","(1.46,2.19]",-12.5,1.82352438217472,6,0.796968880620341,0.501801017475186,1.57781670523162,6
MMRp,Myeloid-ISG,"(-15,-10]","(1.46,2.19]",-12.5,1.82352438217472,6,1.72636972581091,0.890832725998081,2.22850595106084,6
MMRp,Myeloid-noDC-noGran,"(-15,-10]","(1.46,2.19]",-12.5,1.82352438217472,6,15.9995187058036,12.3088949261648,18.8398450379163,6
MMRp,Tcd4-Treg-comb,"(-15,-10]","(1.46,2.19]",-12.5,1.82352438217472,6,1.82209718848545,0.813043565724095,2.39718465991564,6
MMRp,Myeloid-mregDC,"(-15,-10]","(2.19,2.92]",-12.5,2.55293413504461,6,1.36986222877221,0.954579375625978,1.5775514666278,6
MMRp,Myeloid-ISG,"(-15,-10]","(2.19,2.92]",-12.5,2.55293413504461,6,2.30237828086155,1.73149988566604,3.06839968500694,6
MMRp,Myeloid-noDC-noGran,"(-15,-10]","(2.19,2.92]",-12.5,2.55293413504461,6,17.1318090546163,13.4507838428297,20.6401012038413,6
MMRp,Tcd4-Treg-comb,"(-15,-10]","(2.19,2.92]",-12.5,2.55293413504461,6,0.820587985872204,0.401005709077248,1.37130593029236,6
MMRp,Tcd8-CXCL13-comb,"(-15,-10]","(2.19,2.92]",-12.5,2.55293413504461,4,0.295419275024582,0.130661621749007,0.576761137191931,6
MMRp,CD8-all,"(-15,-10]","(2.19,2.92]",-12.5,2.55293413504461,6,0.420558912287822,0.29128266365347,0.707772525804339,6
MMRp,Tcd8-GZMK,"(-15,-10]","(2.19,2.92]",-12.5,2.55293413504461,5,0.251889168765743,0.164667137144201,0.287769784172662,6
MMRp,Myeloid-mregDC,"(-15,-10]","(2.92,3.65]",-12.5,3.2823438879145,6,1.63631309021513,1.44029880826022,1.75371788190965,6
MMRp,Myeloid-ISG,"(-15,-10]","(2.92,3.65]",-12.5,3.2823438879145,6,4.47052947052947,3.95061212551707,5.47756698746798,6
MMRp,Myeloid-noDC-noGran,"(-15,-10]","(2.92,3.65]",-12.5,3.2823438879145,6,19.3192163697706,14.1314671244249,22.2689744844622,6
MMRp,Tcd4-CXCL13,"(-15,-10]","(2.92,3.65]",-12.5,3.2823438879145,3,0.704225352112676,0.399641193166604,0.732919987556719,6
MMRp,Tcd4-Treg-comb,"(-15,-10]","(2.92,3.65]",-12.5,3.2823438879145,5,1.98019801980198,1.06007067137809,3.2967032967033,6
MMRp,Tcd8-CXCL13-comb,"(-15,-10]","(2.92,3.65]",-12.5,3.2823438879145,4,0.79733499510718,0.446797019567414,1.04297111339365,6
MMRp,CD8-all,"(-15,-10]","(2.92,3.65]",-12.5,3.2823438879145,6,0.834621652112146,0.485312131681141,1.37907866781106,6
MMRp,Myeloid-mregDC,"(-15,-10]","(3.65,4.38]",-12.5,4.01175364078438,3,1.27186009538951,1.20654345710987,1.67615196170308,6
MMRp,Myeloid-ISG,"(-15,-10]","(3.65,4.38]",-12.5,4.01175364078438,5,7.69230769230769,6.79611650485437,8.2670906200318,6
MMRp,Myeloid-noDC-noGran,"(-15,-10]","(3.65,4.38]",-12.5,4.01175364078438,6,24.741653418124,20.371866930976,26.364122681883,6
MMRp,Tcd4-CXCL13,"(-15,-10]","(3.65,4.38]",-12.5,4.01175364078438,3,0.158982511923688,0.148839383562399,0.222144608315625,6
MMRp,Tcd4-Treg-comb,"(-15,-10]","(3.65,4.38]",-12.5,4.01175364078438,3,2.54372019077901,1.69982015245085,3.69904456140892,6
MMRp,Tcd8-CXCL13-comb,"(-15,-10]","(3.65,4.38]",-12.5,4.01175364078438,4,0.540109632163001,0.283328156131225,1.07695365048306,6
MMRp,CD8-all,"(-15,-10]","(3.65,4.38]",-12.5,4.01175364078438,4,1.05201881329808,0.802449838847218,1.43466430231136,6
MMRp,Tcd8-GZMK,"(-15,-10]","(3.65,4.38]",-12.5,4.01175364078438,3,0.317965023847377,0.301635864277469,0.367026894725353,6
MMRp,Tcd8-HOBIT,"(-15,-10]","(3.65,4.38]",-12.5,4.01175364078438,3,0.14265335235378,0.140674803777445,0.150817932138734,6
MMRp,Tplzf-gdlike-comb,"(-15,-10]","(3.65,4.38]",-12.5,4.01175364078438,3,0.14265335235378,0.140674803777445,0.230309188100579,6
MMRp,Myeloid-mregDC,"(-15,-10]","(4.38,5.11]",-12.5,4.74116339365427,4,2.71702407624738,2.15648172965246,3.46885113268608,6
MMRp,Myeloid-ISG,"(-15,-10]","(4.38,5.11]",-12.5,4.74116339365427,4,9.57359792311249,8.67673992673993,10.815770779067,6
MMRp,Myeloid-noDC-noGran,"(-15,-10]","(4.38,5.11]",-12.5,4.74116339365427,4,20.1574709921857,18.2443365695793,22.6603680871974,6
MMRp,Tcd4-CXCL13,"(-15,-10]","(4.38,5.11]",-12.5,4.74116339365427,3,1.6260162601626,0.996158313231484,1.9456942142237,6
MMRp,Tcd4-Treg-comb,"(-15,-10]","(4.38,5.11]",-12.5,4.74116339365427,3,1.21951219512195,0.976056463861342,2.71331596811114,6
MMRp,CD8-all,"(-15,-10]","(4.38,5.11]",-12.5,4.74116339365427,4,1.01354955723888,0.651076565710712,1.31809600862999,6
MMRp,Myeloid-mregDC,"(-15,-10]","(5.11,5.84]",-12.5,5.47057314652416,3,4.22535211267606,3.3472439575726,4.74425500370645,6
MMRp,Myeloid-ISG,"(-15,-10]","(5.11,5.84]",-12.5,5.47057314652416,4,14.7912885662432,12.8096163186013,17.0890188434048,6
MMRp,Myeloid-noDC-noGran,"(-15,-10]","(5.11,5.84]",-12.5,5.47057314652416,4,27.8776104905294,27.2686025408349,28.8428099460963,6
MMRp,Tcd4-Treg-comb,"(-15,-10]","(5.11,5.84]",-12.5,5.47057314652416,3,3.44827586206897,3.13258863525983,5.42784163473819,6
MMRp,Myeloid-mregDC,"(-15,-10]","[0,0.729]",-12.5,0.364704876434944,6,0.494511142027005,0.402965355255432,0.736750643417055,6
MMRp,Myeloid-ISG,"(-15,-10]","[0,0.729]",-12.5,0.364704876434944,6,1.72925986223036,0.968981586189149,1.96619623374934,6
MMRp,Myeloid-noDC-noGran,"(-15,-10]","[0,0.729]",-12.5,0.364704876434944,6,14.1740153147715,11.2644822632634,16.1631613073565,6
MMRp,Tcd4-Treg-comb,"(-15,-10]","[0,0.729]",-12.5,0.364704876434944,6,1.11368510116851,0.611861421021726,1.94944182856259,6
MMRp,Tcd8-CXCL13-comb,"(-15,-10]","[0,0.729]",-12.5,0.364704876434944,5,0.249930574840322,0.151716290536696,0.458015267175573,6
MMRp,CD8-all,"(-15,-10]","[0,0.729]",-12.5,0.364704876434944,6,0.409170728600113,0.187446954149921,0.541468548812777,6
MMRp,Myeloid-mregDC,"(-20,-15]","(1.46,2.19]",-17.5,1.82352438217472,6,0.719198819404408,0.515856426182513,2.26475946703617,6
MMRp,Myeloid-ISG,"(-20,-15]","(1.46,2.19]",-17.5,1.82352438217472,5,1.73913043478261,1.67834208990076,2.24358974358974,6
MMRp,Myeloid-noDC-noGran,"(-20,-15]","(1.46,2.19]",-17.5,1.82352438217472,6,13.9032960617899,11.0127122075661,14.6125975473802,6
MMRp,Tcd4-Treg-comb,"(-20,-15]","(1.46,2.19]",-17.5,1.82352438217472,6,0.962732919254658,0.567367415193502,2.17591182517323,6
MMRp,Myeloid-mregDC,"(-20,-15]","(2.19,2.92]",-17.5,2.55293413504461,6,1.17982961607123,0.911896745230079,1.21837893649974,6
MMRp,Myeloid-ISG,"(-20,-15]","(2.19,2.92]",-17.5,2.55293413504461,6,2.02633127390409,1.20255957634598,2.38026235509457,6
MMRp,Myeloid-noDC-noGran,"(-20,-15]","(2.19,2.92]",-17.5,2.55293413504461,6,16.1115126484254,12.1307368991933,18.462285287528,6
MMRp,Tcd4-CXCL13,"(-20,-15]","(2.19,2.92]",-17.5,2.55293413504461,3,0.402684563758389,0.293649974186887,0.444060728481136,6
MMRp,Tcd4-Treg-comb,"(-20,-15]","(2.19,2.92]",-17.5,2.55293413504461,6,1.24301265077964,0.860002397219226,1.71724941724942,6
MMRp,Tcd8-CXCL13-comb,"(-20,-15]","(2.19,2.92]",-17.5,2.55293413504461,4,0.337842023748064,0.225068459049042,0.70093552979459,6
MMRp,CD8-all,"(-20,-15]","(2.19,2.92]",-17.5,2.55293413504461,6,0.544222855333967,0.355405910961467,0.753123386680434,6
MMRp,Tcd8-GZMK,"(-20,-15]","(2.19,2.92]",-17.5,2.55293413504461,4,0.165081233042398,0.14149345148889,0.172416472416472,6
MMRp,Myeloid-mregDC,"(-20,-15]","(2.92,3.65]",-17.5,3.2823438879145,6,1.24261846103341,1.05868648032014,3.1542327492388,6
MMRp,Myeloid-ISG,"(-20,-15]","(2.92,3.65]",-17.5,3.2823438879145,6,2.83800797370078,2.58726316869572,4.23497007357707,6
MMRp,Myeloid-noDC-noGran,"(-20,-15]","(2.92,3.65]",-17.5,3.2823438879145,6,17.5918940433687,15.5204772823723,20.4969703680928,6
MMRp,Tcd4-Treg-comb,"(-20,-15]","(2.92,3.65]",-17.5,3.2823438879145,6,2.37474736730135,1.21350088580057,3.16562464259845,6
MMRp,Tcd8-CXCL13-comb,"(-20,-15]","(2.92,3.65]",-17.5,3.2823438879145,4,0.525054846201155,0.499616724107752,0.568893644400015,6
MMRp,CD8-all,"(-20,-15]","(2.92,3.65]",-17.5,3.2823438879145,5,0.994575045207957,0.951248513674197,1.16655865197667,6
MMRp,Tcd8-GZMK,"(-20,-15]","(2.92,3.65]",-17.5,3.2823438879145,3,0.194426441996111,0.156666253102693,0.232837090799141,6
MMRp,Tcd8-HOBIT,"(-20,-15]","(2.92,3.65]",-17.5,3.2823438879145,3,0.118906064209275,0.104660988704999,0.156666253102693,6
MMRp,Tplzf-gdlike-comb,"(-20,-15]","(2.92,3.65]",-17.5,3.2823438879145,3,0.180831826401447,0.155224727199427,0.209321977409998,6
MMRp,Myeloid-mregDC,"(-20,-15]","(3.65,4.38]",-17.5,4.01175364078438,4,1.67513876716331,1.47451861750592,1.88860817638953,6
MMRp,Myeloid-ISG,"(-20,-15]","(3.65,4.38]",-17.5,4.01175364078438,5,7.80952380952381,5.31697341513292,8.52090032154341,6
MMRp,Myeloid-noDC-noGran,"(-20,-15]","(3.65,4.38]",-17.5,4.01175364078438,5,25.1428571428571,19.1318327974277,25.7668711656442,6
MMRp,Tcd4-Treg-comb,"(-20,-15]","(3.65,4.38]",-17.5,4.01175364078438,4,1.46628948609147,0.918784691790827,2.65074337015695,6
MMRp,Myeloid-mregDC,"(-20,-15]","(4.38,5.11]",-17.5,4.74116339365427,3,2.09424083769634,1.89939314612089,2.92799816179488,6
MMRp,Myeloid-ISG,"(-20,-15]","(4.38,5.11]",-17.5,4.74116339365427,4,10.3938600666349,9.15139616055846,12.2061128526646,6
MMRp,Myeloid-noDC-noGran,"(-20,-15]","(4.38,5.11]",-17.5,4.74116339365427,4,24.314263322884,22.0643939393939,26.296180800604,6
MMRp,Tcd4-Treg-comb,"(-20,-15]","(4.38,5.11]",-17.5,4.74116339365427,3,1.70454545454545,1.63761304140885,3.20336990595611,6
MMRp,Tcd8-GZMK,"(-20,-15]","(4.38,5.11]",-17.5,4.74116339365427,3,0.523560209424084,0.418519916624268,0.82996192289386,6
MMRp,CD8-all,"(-20,-15]","(4.38,5.11]",-17.5,4.74116339365427,3,1.70454545454545,1.37583293669681,1.94945141065831,6
MMRp,Tcd8-HOBIT,"(-20,-15]","(4.38,5.11]",-17.5,4.74116339365427,3,0.523560209424084,0.418519916624268,0.545871013802951,6
MMRp,Myeloid-ISG,"(-20,-15]","(5.11,5.84]",-17.5,5.47057314652416,3,18.1818181818182,17.9144385026738,20.5366922234392,6
MMRp,Myeloid-noDC-noGran,"(-20,-15]","(5.11,5.84]",-17.5,5.47057314652416,3,31.3253012048193,24.7535596933187,38.2116702102528,6
MMRp,Myeloid-mregDC,"(-20,-15]","[0,0.729]",-17.5,0.364704876434944,6,0.57218388584225,0.284951097932504,0.832017220266732,6
MMRp,Myeloid-ISG,"(-20,-15]","[0,0.729]",-17.5,0.364704876434944,6,1.74440822708334,0.916216319051225,2.18830108124266,6
MMRp,Myeloid-noDC-noGran,"(-20,-15]","[0,0.729]",-17.5,0.364704876434944,6,13.1305939566343,10.2499357866923,14.4267771047087,6
MMRp,Tcd4-Treg-comb,"(-20,-15]","[0,0.729]",-17.5,0.364704876434944,6,1.19986499586724,0.46401114357743,2.15139404893274,6
MMRp,Tcd8-CXCL13-comb,"(-20,-15]","[0,0.729]",-17.5,0.364704876434944,6,0.193146094865877,0.137858958669185,0.255761437054571,6
MMRp,CD8-all,"(-20,-15]","[0,0.729]",-17.5,0.364704876434944,6,0.30816372411752,0.168429663176446,0.585186278391969,6
MMRp,Myeloid-mregDC,"(-25,-20]","(1.46,2.19]",-22.5,1.82352438217472,6,0.764224812945885,0.469892026578073,1.1181615136158,6
MMRp,Myeloid-ISG,"(-25,-20]","(1.46,2.19]",-22.5,1.82352438217472,6,1.71846180615974,1.24615863787375,1.89550322450844,6
MMRp,Myeloid-noDC-noGran,"(-25,-20]","(1.46,2.19]",-22.5,1.82352438217472,6,13.0901248248514,9.34783247180451,14.0485751171547,6
MMRp,Tcd4-Treg-comb,"(-25,-20]","(1.46,2.19]",-22.5,1.82352438217472,6,1.71375704887218,1.15011160714286,2.59672004547746,6
MMRp,Myeloid-mregDC,"(-25,-20]","(2.19,2.92]",-22.5,2.55293413504461,6,1.06388217715757,1.04174778450948,1.87684618348388,6
MMRp,Myeloid-ISG,"(-25,-20]","(2.19,2.92]",-22.5,2.55293413504461,6,2.26301103345877,1.57489242056254,2.53006175965059,6
MMRp,Myeloid-noDC-noGran,"(-25,-20]","(2.19,2.92]",-22.5,2.55293413504461,6,14.2176036429857,12.0476130103041,17.0780639182644,6
MMRp,Tcd4-CXCL13,"(-25,-20]","(2.19,2.92]",-22.5,2.55293413504461,4,0.339643874255801,0.302907336451062,0.549594084076843,6
MMRp,Tcd4-Treg-comb,"(-25,-20]","(2.19,2.92]",-22.5,2.55293413504461,6,1.64207708096088,0.938399835458659,2.26237104165067,6
MMRp,Tcd8-CXCL13-comb,"(-25,-20]","(2.19,2.92]",-22.5,2.55293413504461,5,0.371195248700817,0.299670362601139,0.452488687782805,6
MMRp,CD8-all,"(-25,-20]","(2.19,2.92]",-22.5,2.55293413504461,5,0.839077015283188,0.678733031674208,0.874125874125874,6
MMRp,Tcd8-GZMK,"(-25,-20]","(2.19,2.92]",-22.5,2.55293413504461,4,0.232990316986157,0.206802782788634,0.354627392385858,6
MMRp,Myeloid-mregDC,"(-25,-20]","(2.92,3.65]",-22.5,3.2823438879145,6,1.37439175331436,0.871160361477182,1.94940321357968,6
MMRp,Myeloid-ISG,"(-25,-20]","(2.92,3.65]",-22.5,3.2823438879145,5,3.22085889570552,3.20466132556446,4.08163265306122,6
MMRp,Myeloid-noDC-noGran,"(-25,-20]","(2.92,3.65]",-22.5,3.2823438879145,6,16.9415820778454,13.0620420054402,20.351624956858,6
MMRp,Tcd4-Treg-comb,"(-25,-20]","(2.92,3.65]",-22.5,3.2823438879145,4,2.54736458332462,1.71273763321195,3.22666302500607,6
MMRp,Tcd8-CXCL13-comb,"(-25,-20]","(2.92,3.65]",-22.5,3.2823438879145,4,0.557370578894424,0.421118804279687,0.658290847293032,6
MMRp,CD8-all,"(-25,-20]","(2.92,3.65]",-22.5,3.2823438879145,4,1.10791379764878,0.603635902601199,1.70174799708667,6
MMRp,Tcd8-HOBIT,"(-25,-20]","(2.92,3.65]",-22.5,3.2823438879145,4,0.185936934481387,0.143733315489565,0.330541393542122,6
MMRp,Tplzf-gdlike-comb,"(-25,-20]","(2.92,3.65]",-22.5,3.2823438879145,3,0.229621125143513,0.187643774516403,0.268184795700591,6
MMRp,Myeloid-mregDC,"(-25,-20]","(3.65,4.38]",-22.5,4.01175364078438,3,1.91256830601093,1.58578055588316,1.94883998427097,6
MMRp,Myeloid-ISG,"(-25,-20]","(3.65,4.38]",-22.5,4.01175364078438,5,5.75539568345324,4.37158469945355,7.44416873449132,6
MMRp,Myeloid-noDC-noGran,"(-25,-20]","(3.65,4.38]",-22.5,4.01175364078438,5,17.2661870503597,15.7894736842105,21.0918114143921,6
MMRp,Tcd4-CXCL13,"(-25,-20]","(3.65,4.38]",-22.5,4.01175364078438,3,0.496277915632754,0.384750979674301,0.787707303140118,6
MMRp,Tcd4-Treg-comb,"(-25,-20]","(3.65,4.38]",-22.5,4.01175364078438,4,2.57150319968656,1.69375177968515,3.62741385838697,6
MMRp,Tcd8-CXCL13-comb,"(-25,-20]","(3.65,4.38]",-22.5,4.01175364078438,4,0.679620238235641,0.4667109984469,0.877911993097498,6
MMRp,CD8-all,"(-25,-20]","(3.65,4.38]",-22.5,4.01175364078438,4,1.22262845461336,0.9334219968938,1.55090595340811,6
MMRp,Tcd8-GZMK,"(-25,-20]","(3.65,4.38]",-22.5,4.01175364078438,3,0.359712230215827,0.316468136965837,0.706171904581598,6
MMRp,Tplzf-gdlike-comb,"(-25,-20]","(3.65,4.38]",-22.5,4.01175364078438,4,0.427995072924291,0.338090183590832,0.635366331461408,6
MMRp,Myeloid-mregDC,"(-25,-20]","(4.38,5.11]",-22.5,4.74116339365427,4,1.77508016491067,0.83720612356479,2.93611793611794,6
MMRp,Myeloid-ISG,"(-25,-20]","(4.38,5.11]",-22.5,4.74116339365427,4,11.041769041769,9.51939843068875,11.84437596302,6
MMRp,Myeloid-noDC-noGran,"(-25,-20]","(4.38,5.11]",-22.5,4.74116339365427,4,25.9214175654854,20.014742014742,29.9070530344451,6
MMRp,Tcd4-Treg-comb,"(-25,-20]","(4.38,5.11]",-22.5,4.74116339365427,4,3.30781848004374,3.09503051438535,4.26964560862866,6
MMRp,Myeloid-mregDC,"(-25,-20]","[0,0.729]",-22.5,0.364704876434944,6,0.530043727438781,0.331703862172684,0.666086539303104,6
MMRp,Myeloid-ISG,"(-25,-20]","[0,0.729]",-22.5,0.364704876434944,6,1.57645243692419,0.86969044762315,1.88618219683822,6
MMRp,Myeloid-noDC-noGran,"(-25,-20]","[0,0.729]",-22.5,0.364704876434944,6,12.1094981971922,9.55648459952548,12.735372146149,6
MMRp,Tcd4-CXCL13,"(-25,-20]","[0,0.729]",-22.5,0.364704876434944,6,0.152969582280085,0.11677335034861,0.260424884036477,6
MMRp,Tcd4-Treg-comb,"(-25,-20]","[0,0.729]",-22.5,0.364704876434944,6,1.52840094008485,0.614601828696364,2.37656195765359,6
MMRp,Tcd8-CXCL13-comb,"(-25,-20]","[0,0.729]",-22.5,0.364704876434944,5,0.203527815468114,0.110253583241455,0.333142965924234,6
MMRp,CD8-all,"(-25,-20]","[0,0.729]",-22.5,0.364704876434944,5,0.441014332965821,0.407055630936228,0.618694079573577,6
MMRp,Tcd8-GZMK,"(-25,-20]","[0,0.729]",-22.5,0.364704876434944,5,0.142775556824672,0.0781148287983336,0.330760749724366,6
MMRp,Myeloid-mregDC,"(-30,-25]","(1.46,2.19]",-27.5,1.82352438217472,6,0.659783858045473,0.513212125646278,1.16649323621228,6
MMRp,Myeloid-ISG,"(-30,-25]","(1.46,2.19]",-27.5,1.82352438217472,4,2.04013426623387,1.37894617007224,2.4387223365929,6
MMRp,Myeloid-noDC-noGran,"(-30,-25]","(1.46,2.19]",-27.5,1.82352438217472,6,14.0659035726674,9.67279506541746,15.5603233830846,6
MMRp,Tcd4-CXCL13,"(-30,-25]","(1.46,2.19]",-27.5,1.82352438217472,5,0.478668054110302,0.373134328358209,0.689655172413793,6
MMRp,Tcd8-HOBIT,"(-30,-25]","(1.46,2.19]",-27.5,1.82352438217472,4,0.759950248756219,0.160737027660863,1.3448275862069,6
MMRp,CD8-all,"(-30,-25]","(1.46,2.19]",-27.5,1.82352438217472,5,0.624349635796046,0.373134328358209,1.37931034482759,6
MMRp,Myeloid-mregDC,"(-30,-25]","(2.19,2.92]",-27.5,2.55293413504461,6,1.93948294931409,1.12667797959398,3.08453299352528,6
MMRp,Myeloid-ISG,"(-30,-25]","(2.19,2.92]",-27.5,2.55293413504461,6,1.84898166759499,1.49598773935804,2.17334431372709,6
MMRp,Myeloid-noDC-noGran,"(-30,-25]","(2.19,2.92]",-27.5,2.55293413504461,6,14.6866668634722,12.6450440752945,16.9540145037086,6
MMRp,Tcd4-CXCL13,"(-30,-25]","(2.19,2.92]",-27.5,2.55293413504461,3,0.204918032786885,0.198520495740225,0.226090242108738,6
MMRp,Tcd4-Treg-comb,"(-30,-25]","(2.19,2.92]",-27.5,2.55293413504461,5,1.63934426229508,0.409836065573771,1.92122958693564,6
MMRp,Tcd8-GZMK,"(-30,-25]","(2.19,2.92]",-27.5,2.55293413504461,3,0.176616036736136,0.136338758041459,0.19076703476151,6
MMRp,CD8-all,"(-30,-25]","(2.19,2.92]",-27.5,2.55293413504461,5,0.409836065573771,0.384245917387128,0.565171317555634,6
MMRp,Tcd8-HOBIT,"(-30,-25]","(2.19,2.92]",-27.5,2.55293413504461,3,0.204918032786885,0.120120620067056,0.922131147540984,6
MMRp,Myeloid-mregDC,"(-30,-25]","(2.92,3.65]",-27.5,3.2823438879145,3,1.64338537387017,1.22753684277924,1.6937857101909,6
MMRp,Myeloid-ISG,"(-30,-25]","(2.92,3.65]",-27.5,3.2823438879145,4,3.63718446045365,2.60186380769783,4.14810480217457,6
MMRp,Myeloid-noDC-noGran,"(-30,-25]","(2.92,3.65]",-27.5,3.2823438879145,5,15.1191454396056,15,21.3178294573643,6
MMRp,Tcd4-CXCL13,"(-30,-25]","(2.92,3.65]",-27.5,3.2823438879145,3,0.575184880854561,0.481390890039683,0.693436596271436,6
MMRp,Tcd4-Treg-comb,"(-30,-25]","(2.92,3.65]",-27.5,3.2823438879145,4,1.04617604617605,0.643687707641196,1.87788792965457,6
MMRp,CD8-all,"(-30,-25]","(2.92,3.65]",-27.5,3.2823438879145,3,0.775193798449612,0.712272223900131,1.04495104877288,6
MMRp,Myeloid-mregDC,"(-30,-25]","(3.65,4.38]",-27.5,4.01175364078438,3,1.8018018018018,1.75414322172001,2.27076391459953,6
MMRp,Myeloid-ISG,"(-30,-25]","(3.65,4.38]",-27.5,4.01175364078438,5,5.47945205479452,5.46075085324232,6.00600600600601,6
MMRp,Myeloid-noDC-noGran,"(-30,-25]","(3.65,4.38]",-27.5,4.01175364078438,5,16.8949771689498,12.6984126984127,19.5195195195195,6
MMRp,Tcd4-CXCL13,"(-30,-25]","(3.65,4.38]",-27.5,4.01175364078438,4,0.943066354025258,0.599022862218898,1.2977262977263,6
MMRp,Tcd4-Treg-comb,"(-30,-25]","(3.65,4.38]",-27.5,4.01175364078438,3,2.4024024024024,1.37184966536502,3.25599572174915,6
MMRp,Tcd8-CXCL13-comb,"(-30,-25]","(3.65,4.38]",-27.5,4.01175364078438,4,0.871076556008063,0.535774682532362,1.25298978038704,6
MMRp,CD8-all,"(-30,-25]","(3.65,4.38]",-27.5,4.01175364078438,4,1.24410124410124,0.760999907757587,1.70417482061318,6
MMRp,Myeloid-ISG,"(-30,-25]","(4.38,5.11]",-27.5,4.74116339365427,4,13.1747638326586,10.3070175438597,15.7692307692308,6
MMRp,Myeloid-noDC-noGran,"(-30,-25]","(4.38,5.11]",-27.5,4.74116339365427,4,23.9304993252362,20.5592105263158,26.1538461538462,6
MMRp,Myeloid-ISG,"(-30,-25]","(5.11,5.84]",-27.5,5.47057314652416,3,20.8333333333333,19.2401960784314,25.4166666666667,6
MMRp,Myeloid-noDC-noGran,"(-30,-25]","(5.11,5.84]",-27.5,5.47057314652416,3,29.4117647058824,27.9003267973856,29.7058823529412,6
MMRp,Myeloid-mregDC,"(-30,-25]","[0,0.729]",-27.5,0.364704876434944,6,0.453765722377396,0.339750108787671,0.762034106273049,6
MMRp,Myeloid-ISG,"(-30,-25]","[0,0.729]",-27.5,0.364704876434944,6,1.53953736871343,1.00164076590588,2.16768674652307,6
MMRp,Myeloid-noDC-noGran,"(-30,-25]","[0,0.729]",-27.5,0.364704876434944,6,12.3460891531448,9.25236624971092,12.4568909322316,6
MMRp,Tcd4-Treg-comb,"(-30,-25]","[0,0.729]",-27.5,0.364704876434944,6,1.04837944462514,0.573281968839167,2.29361971794209,6
MMRp,Tcd8-GZMK,"(-30,-25]","[0,0.729]",-27.5,0.364704876434944,4,0.172754773009945,0.111668209501389,0.275064765502026,6
MMRp,CD8-all,"(-30,-25]","[0,0.729]",-27.5,0.364704876434944,6,0.336611564746919,0.289223513762024,0.5880211268201,6
MMRp,Tcd8-HOBIT,"(-30,-25]","[0,0.729]",-27.5,0.364704876434944,6,0.116129631447091,0.0969310520257088,0.154804349985887,6
MMRp,Tplzf-gdlike-comb,"(-30,-25]","[0,0.729]",-27.5,0.364704876434944,5,0.113250283125708,0.0416840350145894,0.173103970572325,6
MMRp,Myeloid-ISG,"(-35,-30]","(1.46,2.19]",-32.5,1.82352438217472,5,2.02622169249106,2.01654601861427,2.12765957446809,6
MMRp,Myeloid-noDC-noGran,"(-35,-30]","(1.46,2.19]",-32.5,1.82352438217472,6,13.9478998857408,9.74373765964545,19.1410905840286,6
MMRp,Tcd8-HOBIT,"(-35,-30]","(1.46,2.19]",-32.5,1.82352438217472,3,0.15511892450879,0.137154217915897,0.432169391332409,6
MMRp,CD8-all,"(-35,-30]","(1.46,2.19]",-32.5,1.82352438217472,4,0.587396602790785,0.414973815254889,0.700831334756174,6
MMRp,Myeloid-mregDC,"(-35,-30]","(2.19,2.92]",-32.5,2.55293413504461,5,0.714285714285714,0.684931506849315,1.0752688172043,6
MMRp,Myeloid-ISG,"(-35,-30]","(2.19,2.92]",-32.5,2.55293413504461,5,2.21182475542322,1.36986301369863,3.08370044052863,6
MMRp,Myeloid-noDC-noGran,"(-35,-30]","(2.19,2.92]",-32.5,2.55293413504461,6,13.6180271098085,10.5426451402479,15.3927843995525,6
MMRp,Tcd4-Treg-comb,"(-35,-30]","(2.19,2.92]",-32.5,2.55293413504461,5,1.65198237885463,1.0752688172043,2.50957039557635,6
MMRp,Tcd8-CXCL13-comb,"(-35,-30]","(2.19,2.92]",-32.5,2.55293413504461,3,0.45662100456621,0.393508740168568,0.589858779611901,6
MMRp,CD8-all,"(-35,-30]","(2.19,2.92]",-32.5,2.55293413504461,3,0.684931506849315,0.672862229195583,0.87415439655524,6
MMRp,Tcd8-GZMK,"(-35,-30]","(2.19,2.92]",-32.5,2.55293413504461,3,0.170140365801786,0.140136262196047,0.199225434042446,6
MMRp,Myeloid-mregDC,"(-35,-30]","(2.92,3.65]",-32.5,3.2823438879145,4,1.52775060327398,1.19181915260906,2.02286018075492,6
MMRp,Myeloid-ISG,"(-35,-30]","(2.92,3.65]",-32.5,3.2823438879145,4,3.61051115910727,3.15789473684211,4.2168819802966,6
MMRp,Myeloid-noDC-noGran,"(-35,-30]","(2.92,3.65]",-32.5,3.2823438879145,4,17.1869886772695,14.4338118022329,19.2960288084016,6
MMRp,Tcd4-Treg-comb,"(-35,-30]","(2.92,3.65]",-32.5,3.2823438879145,3,2.41635687732342,1.74813524211743,3.68292591340918,6
MMRp,Tcd8-CXCL13-comb,"(-35,-30]","(2.92,3.65]",-32.5,3.2823438879145,3,0.557620817843866,0.494793130304223,0.632345762457287,6
MMRp,CD8-all,"(-35,-30]","(2.92,3.65]",-32.5,3.2823438879145,3,1.6728624535316,1.05241394814809,1.74552213585671,6
MMRp,Tplzf-gdlike-comb,"(-35,-30]","(2.92,3.65]",-32.5,3.2823438879145,3,0.215982721382289,0.209001461701246,0.2938649666391,6
MMRp,Myeloid-mregDC,"(-35,-30]","(3.65,4.38]",-32.5,4.01175364078438,3,3.00751879699248,2.18557758031442,3.01891091364776,6
MMRp,Myeloid-ISG,"(-35,-30]","(3.65,4.38]",-32.5,4.01175364078438,4,6.59090909090909,5.50802139037433,7.49458874458875,6
MMRp,Myeloid-noDC-noGran,"(-35,-30]","(3.65,4.38]",-32.5,4.01175364078438,4,19.049043062201,14.9899732620321,23.2894736842105,6
MMRp,Tcd4-Treg-comb,"(-35,-30]","(3.65,4.38]",-32.5,4.01175364078438,3,1.89393939393939,1.85606060606061,2.82666894509,6
MMRp,Myeloid-ISG,"(-35,-30]","(4.38,5.11]",-32.5,4.74116339365427,4,7.05128205128205,5.28846153846154,9.28468208092486,6
MMRp,Myeloid-noDC-noGran,"(-35,-30]","(4.38,5.11]",-32.5,4.74116339365427,4,22.0375722543353,17.1909737661183,27.0833333333333,6
MMRp,Myeloid-mregDC,"(-35,-30]","(5.11,5.84]",-32.5,5.47057314652416,3,20,11.7857142857143,20,6
MMRp,Myeloid-ISG,"(-35,-30]","(5.11,5.84]",-32.5,5.47057314652416,3,10,10,10.3571428571429,6
MMRp,Myeloid-noDC-noGran,"(-35,-30]","(5.11,5.84]",-32.5,5.47057314652416,3,10,10,12.1428571428571,6
MMRp,Myeloid-ISG,"(-35,-30]","[0,0.729]",-32.5,0.364704876434944,6,1.56738445987939,0.78006114787724,1.97584446067507,6
MMRp,Myeloid-noDC-noGran,"(-35,-30]","[0,0.729]",-32.5,0.364704876434944,6,11.8652109044828,8.51720966429658,12.2119436419639,6
MMRp,Tcd4-CXCL13,"(-35,-30]","[0,0.729]",-32.5,0.364704876434944,6,0.273414147196534,0.211865121535685,0.337490606090547,6
MMRp,Tcd4-Treg-comb,"(-35,-30]","[0,0.729]",-32.5,0.364704876434944,6,1.24340443462779,0.582797766644738,1.86839460394155,6
MMRp,Tcd8-CXCL13-comb,"(-35,-30]","[0,0.729]",-32.5,0.364704876434944,5,0.191021967526266,0.105820105820106,0.288401253918495,6
MMRp,CD8-all,"(-35,-30]","[0,0.729]",-32.5,0.364704876434944,5,0.429799426934097,0.11522633744856,0.626959247648903,6
MMRp,Tplzf-gdlike-comb,"(-35,-30]","[0,0.729]",-32.5,0.364704876434944,6,0.148421036673186,0.0828813587434277,0.207160380298145,6
MMRp,Myeloid-mregDC,"(-40,-35]","(1.46,2.19]",-37.5,1.82352438217472,6,0.839898235312555,0.545978086085038,1.12797169374981,6
MMRp,Myeloid-ISG,"(-40,-35]","(1.46,2.19]",-37.5,1.82352438217472,6,1.75881037707265,1.32785728683733,2.16301462722598,6
MMRp,Myeloid-noDC-noGran,"(-40,-35]","(1.46,2.19]",-37.5,1.82352438217472,6,12.870997095596,11.3614207409042,13.4037623679619,6
MMRp,Myeloid-mregDC,"(-40,-35]","(2.19,2.92]",-37.5,2.55293413504461,3,1.02564102564103,0.882642998027613,1.23224497325217,6
MMRp,Myeloid-ISG,"(-40,-35]","(2.19,2.92]",-37.5,2.55293413504461,5,2.30769230769231,1.96078431372549,2.87769784172662,6
MMRp,Myeloid-noDC-noGran,"(-40,-35]","(2.19,2.92]",-37.5,2.55293413504461,6,14.8948533480908,10.8901114402596,18.7771203155819,6
MMRp,Tcd4-CXCL13,"(-40,-35]","(2.19,2.92]",-37.5,2.55293413504461,4,0.585649823336597,0.387843571296809,0.773074339164363,6
MMRp,Tcd4-Treg-comb,"(-40,-35]","(2.19,2.92]",-37.5,2.55293413504461,4,2.41617357001972,1.17987907289217,3.58598328437841,6
MMRp,Tcd8-GZMK,"(-40,-35]","(2.19,2.92]",-37.5,2.55293413504461,3,0.191846522781775,0.169887758432307,0.352333517801144,6
MMRp,CD8-all,"(-40,-35]","(2.19,2.92]",-37.5,2.55293413504461,3,0.739644970414201,0.626232741617357,0.75351553077065,6
MMRp,Myeloid-mregDC,"(-40,-35]","(2.92,3.65]",-37.5,3.2823438879145,4,1.71818067596432,1.01986723051529,2.50245740498034,6
MMRp,Myeloid-ISG,"(-40,-35]","(2.92,3.65]",-37.5,3.2823438879145,5,3.69393139841689,3.57142857142857,4.337899543379,6
MMRp,Myeloid-noDC-noGran,"(-40,-35]","(2.92,3.65]",-37.5,3.2823438879145,5,15.2522935779817,7.14285714285714,16.3588390501319,6
MMRp,Tcd4-Treg-comb,"(-40,-35]","(2.92,3.65]",-37.5,3.2823438879145,3,2.51141552511416,2.04726449078927,3.14790959741946,6
MMRp,Tcd8-CXCL13-comb,"(-40,-35]","(2.92,3.65]",-37.5,3.2823438879145,3,0.45662100456621,0.360236623655137,0.515007749989527,6
MMRp,CD8-all,"(-40,-35]","(2.92,3.65]",-37.5,3.2823438879145,3,0.802752293577982,0.743841900213648,0.929080632277118,6
MMRp,Myeloid-mregDC,"(-40,-35]","(3.65,4.38]",-37.5,4.01175364078438,3,1.38248847926267,1.22887864823349,2.32523116773591,6
MMRp,Myeloid-ISG,"(-40,-35]","(3.65,4.38]",-37.5,4.01175364078438,4,5.1505376344086,3.91705069124424,6.62418300653595,6
MMRp,Myeloid-noDC-noGran,"(-40,-35]","(3.65,4.38]",-37.5,4.01175364078438,4,19.1545435378452,17.2156862745098,19.7004608294931,6
MMRp,Tcd4-CXCL13,"(-40,-35]","(3.65,4.38]",-37.5,4.01175364078438,3,0.980392156862745,0.759013282732448,1.18144031806271,6
MMRp,Tcd4-Treg-comb,"(-40,-35]","(3.65,4.38]",-37.5,4.01175364078438,3,2.94117647058824,2.00822264389627,4.69639468690702,6
MMRp,Myeloid-ISG,"(-40,-35]","(4.38,5.11]",-37.5,4.74116339365427,3,9.75609756097561,8.66592756836659,12.6649340263894,6
MMRp,Myeloid-noDC-noGran,"(-40,-35]","(4.38,5.11]",-37.5,4.74116339365427,4,22.3671137605564,17.7882072977261,25.4988913525499,6
MMRp,Tcd4-Treg-comb,"(-40,-35]","(4.38,5.11]",-37.5,4.74116339365427,4,4.86515071390799,3.0687724910036,6.73264907135875,6
MMRp,Myeloid-mregDC,"(-40,-35]","[0,0.729]",-37.5,0.364704876434944,6,0.815921790008147,0.377178581047885,0.927928710902599,6
MMRp,Myeloid-ISG,"(-40,-35]","[0,0.729]",-37.5,0.364704876434944,6,1.36934718264785,0.796775894929144,1.80776078856073,6
MMRp,Myeloid-noDC-noGran,"(-40,-35]","[0,0.729]",-37.5,0.364704876434944,6,10.9665650984783,7.73887417163792,12.8234724112948,6
MMRp,Tcd4-Treg-comb,"(-40,-35]","[0,0.729]",-37.5,0.364704876434944,6,1.19505258391704,0.571113834773918,2.54572763738922,6
MMRp,Tcd8-CXCL13-comb,"(-40,-35]","[0,0.729]",-37.5,0.364704876434944,5,0.224592925322852,0.112739571589628,0.318471337579618,6
MMRp,CD8-all,"(-40,-35]","[0,0.729]",-37.5,0.364704876434944,5,0.336889387984279,0.112739571589628,0.734870317002882,6
MMRp,Myeloid-mregDC,"(-45,-40]","(1.46,2.19]",-42.5,1.82352438217472,6,1.01216627238932,0.850714123781456,1.66769929781082,6
MMRp,Myeloid-ISG,"(-45,-40]","(1.46,2.19]",-42.5,1.82352438217472,5,2.16126350789692,1.85185185185185,2.23048327137546,6
MMRp,Myeloid-noDC-noGran,"(-45,-40]","(1.46,2.19]",-42.5,1.82352438217472,6,13.0257689110557,8.48382743798399,15.4615861214374,6
MMRp,Tcd4-CXCL13,"(-45,-40]","(1.46,2.19]",-42.5,1.82352438217472,3,0.457190357439734,0.321531981693845,0.683140633265322,6
MMRp,Tcd4-Treg-comb,"(-45,-40]","(1.46,2.19]",-42.5,1.82352438217472,4,1.93139574180466,1.56922846889952,2.20885209528842,6
MMRp,Tcd8-GZMK,"(-45,-40]","(1.46,2.19]",-42.5,1.82352438217472,4,0.176062322508475,0.165806700354377,0.366677931733694,6
MMRp,CD8-all,"(-45,-40]","(1.46,2.19]",-42.5,1.82352438217472,4,0.539157063969568,0.319928829974565,0.757197914305146,6
MMRp,Myeloid-mregDC,"(-45,-40]","(2.19,2.92]",-42.5,2.55293413504461,3,0.578034682080925,0.481695568400771,1.02141170723765,6
MMRp,Myeloid-ISG,"(-45,-40]","(2.19,2.92]",-42.5,2.55293413504461,4,1.6802898314744,1.33381502890173,2.54451952563163,6
MMRp,Myeloid-noDC-noGran,"(-45,-40]","(2.19,2.92]",-42.5,2.55293413504461,5,13.2394366197183,10.4166666666667,15.028901734104,6
MMRp,Tcd4-Treg-comb,"(-45,-40]","(2.19,2.92]",-42.5,2.55293413504461,4,2.00505780346821,1.58959537572254,2.3794014084507,6
MMRp,CD8-all,"(-45,-40]","(2.19,2.92]",-42.5,2.55293413504461,3,0.732394366197183,0.510705853618823,0.847892751499362,6
MMRp,Myeloid-mregDC,"(-45,-40]","(2.92,3.65]",-42.5,3.2823438879145,4,1.61603102779573,0.991851285968933,2.58371040723982,6
MMRp,Myeloid-ISG,"(-45,-40]","(2.92,3.65]",-42.5,3.2823438879145,3,3.61990950226244,3.17359111476759,4.33096315449257,6
MMRp,Myeloid-noDC-noGran,"(-45,-40]","(2.92,3.65]",-42.5,3.2823438879145,5,17.1945701357466,8,18.1818181818182,6
MMRp,Tcd4-Treg-comb,"(-45,-40]","(2.92,3.65]",-42.5,3.2823438879145,3,0.909090909090909,0.874713521772345,2.41532976827094,6
MMRp,Tcd8-CXCL13-comb,"(-45,-40]","(2.92,3.65]",-42.5,3.2823438879145,3,0.606060606060606,0.58314234784823,0.755518990813108,6
MMRp,CD8-all,"(-45,-40]","(2.92,3.65]",-42.5,3.2823438879145,4,1.18745595489782,1.15220506807374,1.51240915946798,6
MMRp,Tcd8-GZMK,"(-45,-40]","(2.92,3.65]",-42.5,3.2823438879145,4,0.680104209515974,0.524573465749936,0.856308534147112,6
MMRp,Myeloid-mregDC,"(-45,-40]","(3.65,4.38]",-42.5,4.01175364078438,3,0.65359477124183,0.614153707459995,1.87718498252014,6
MMRp,Myeloid-ISG,"(-45,-40]","(3.65,4.38]",-42.5,4.01175364078438,3,6.58914728682171,5.90895272837817,8.17963111467522,6
MMRp,Myeloid-noDC-noGran,"(-45,-40]","(3.65,4.38]",-42.5,4.01175364078438,4,20.6027800053462,16.3654934003771,23.2871309443318,6
MMRp,Tcd4-Treg-comb,"(-45,-40]","(3.65,4.38]",-42.5,4.01175364078438,4,1.92606399502951,1.0254676583277,2.80222082547664,6
MMRp,Tcd8-CXCL13-comb,"(-45,-40]","(3.65,4.38]",-42.5,4.01175364078438,3,0.65359477124183,0.614153707459995,0.908192734458124,6
MMRp,CD8-all,"(-45,-40]","(3.65,4.38]",-42.5,4.01175364078438,3,1.55038759689923,1.42878856969144,1.63726276396685,6
MMRp,Myeloid-mregDC,"(-45,-40]","(4.38,5.11]",-42.5,4.74116339365427,4,3.39366515837104,2.85243407707911,4.38461538461539,6
MMRp,Myeloid-ISG,"(-45,-40]","(4.38,5.11]",-42.5,4.74116339365427,4,8.84615384615385,7.23981900452489,10.5172413793103,6
MMRp,Myeloid-noDC-noGran,"(-45,-40]","(4.38,5.11]",-42.5,4.74116339365427,4,18.3062880324544,17.0814479638009,24.2241379310345,6
MMRp,Tcd4-Treg-comb,"(-45,-40]","(4.38,5.11]",-42.5,4.74116339365427,3,4,3.47058823529412,5.87931034482759,6
MMRp,Myeloid-mregDC,"(-45,-40]","[0,0.729]",-42.5,0.364704876434944,6,0.675512280589687,0.470254383297862,0.897713604661187,6
MMRp,Myeloid-ISG,"(-45,-40]","[0,0.729]",-42.5,0.364704876434944,6,1.71380920912123,0.893252449841154,2.37035910948954,6
MMRp,Myeloid-noDC-noGran,"(-45,-40]","[0,0.729]",-42.5,0.364704876434944,6,12.5736975235471,8.59429847237963,13.2820400211705,6
MMRp,Tcd4-Treg-comb,"(-45,-40]","[0,0.729]",-42.5,0.364704876434944,6,0.967666692200408,0.498416186770001,1.93624463021015,6
MMRp,Tcd8-CXCL13-comb,"(-45,-40]","[0,0.729]",-42.5,0.364704876434944,5,0.334448160535117,0.0673400673400673,0.367769976596456,6
MMRp,CD8-all,"(-45,-40]","[0,0.729]",-42.5,0.364704876434944,5,0.445930880713489,0.404040404040404,0.885991307255099,6
MMRp,Tcd8-GZMK,"(-45,-40]","[0,0.729]",-42.5,0.364704876434944,5,0.202020202020202,0.111482720178372,0.250752256770311,6
MMRp,Myeloid-mregDC,"(-5,0]","(1.46,2.19]",-2.5,1.82352438217472,6,0.650587251587134,0.331045035336009,0.731224991208311,6
MMRp,Myeloid-ISG,"(-5,0]","(1.46,2.19]",-2.5,1.82352438217472,6,1.96483183070964,1.13748705887985,2.45408826097751,6
MMRp,Myeloid-noDC-noGran,"(-5,0]","(1.46,2.19]",-2.5,1.82352438217472,6,13.4103517776373,9.88504844317577,18.7602599801382,6
MMRp,Myeloid-mregDC,"(-5,0]","(2.19,2.92]",-2.5,2.55293413504461,6,0.896836247280847,0.715237921898542,0.947826250395594,6
MMRp,Myeloid-ISG,"(-5,0]","(2.19,2.92]",-2.5,2.55293413504461,6,2.88913825372257,1.39102639168427,3.55122497749747,6
MMRp,Myeloid-noDC-noGran,"(-5,0]","(2.19,2.92]",-2.5,2.55293413504461,6,14.915440154459,8.67373902929279,20.4694464331338,6
MMRp,Tcd4-CXCL13,"(-5,0]","(2.19,2.92]",-2.5,2.55293413504461,4,0.242308525282652,0.199315891895306,0.344997485674665,6
MMRp,Tcd8-CXCL13-comb,"(-5,0]","(2.19,2.92]",-2.5,2.55293413504461,6,0.162255284864492,0.108711298887203,0.26221829415593,6
MMRp,CD8-all,"(-5,0]","(2.19,2.92]",-2.5,2.55293413504461,6,0.423271123636925,0.270709584642826,0.818854158256155,6
MMRp,Tcd8-HOBIT,"(-5,0]","(2.19,2.92]",-2.5,2.55293413504461,5,0.183992640294388,0.128842260261366,0.245338567222767,6
MMRp,Tplzf-gdlike-comb,"(-5,0]","(2.19,2.92]",-2.5,2.55293413504461,4,0.0920132530240848,0.0894220767117028,0.142624209592562,6
MMRp,Myeloid-mregDC,"(-5,0]","(2.92,3.65]",-2.5,3.2823438879145,5,2.0293122886133,0.657894736842105,2.32558139534884,6
MMRp,Myeloid-ISG,"(-5,0]","(2.92,3.65]",-2.5,3.2823438879145,6,3.82085020242915,3.48552700044274,5.10884329425222,6
MMRp,Myeloid-noDC-noGran,"(-5,0]","(2.92,3.65]",-2.5,3.2823438879145,6,17.0064395669795,11.8428541719114,22.6989205032885,6
MMRp,Tcd4-CXCL13,"(-5,0]","(2.92,3.65]",-2.5,3.2823438879145,3,0.620067643742954,0.335337465596173,0.658546833023893,6
MMRp,Tcd4-Treg-comb,"(-5,0]","(2.92,3.65]",-2.5,3.2823438879145,5,1.34758364312268,0.427350427350427,1.69109357384442,6
MMRp,Tcd8-CXCL13-comb,"(-5,0]","(2.92,3.65]",-2.5,3.2823438879145,4,0.415476333811291,0.268022090326638,0.56636966006295,6
MMRp,CD8-all,"(-5,0]","(2.92,3.65]",-2.5,3.2823438879145,4,0.992764965357209,0.867325380291655,1.12112221975415,6
MMRp,Tcd8-CXCL13-LAG3,"(-5,0]","(2.92,3.65]",-2.5,3.2823438879145,3,0.101214574898785,0.0787921803467997,0.14354409042337,6
MMRp,Tcd8-GZMK,"(-5,0]","(2.92,3.65]",-2.5,3.2823438879145,4,0.16046560986631,0.148717697876375,0.207738166905645,6
MMRp,Tcd8-HOBIT,"(-5,0]","(2.92,3.65]",-2.5,3.2823438879145,4,0.257095468204507,0.224863793025601,0.292292845597866,6
MMRp,Tplzf-gdlike-comb,"(-5,0]","(2.92,3.65]",-2.5,3.2823438879145,3,0.056369785794814,0.0534885366221034,0.237292699588857,6
MMRp,Myeloid-mregDC,"(-5,0]","(3.65,4.38]",-2.5,4.01175364078438,6,1.67547607896464,1.26032095180305,3.71719290289666,6
MMRp,Myeloid-ISG,"(-5,0]","(3.65,4.38]",-2.5,4.01175364078438,5,7.51953125,5.22875816993464,8.34419817470665,6
MMRp,Myeloid-noDC-noGran,"(-5,0]","(3.65,4.38]",-2.5,4.01175364078438,5,20.3125,16.6883963494133,22.746185852982,6
MMRp,Tcd4-CXCL13,"(-5,0]","(3.65,4.38]",-2.5,4.01175364078438,3,0.391134289439374,0.264915272320242,0.635020269719687,6
MMRp,Tcd4-Treg-comb,"(-5,0]","(3.65,4.38]",-2.5,4.01175364078438,5,1.30718954248366,1.26953125,3.38983050847458,6
MMRp,Tcd8-CXCL13-comb,"(-5,0]","(3.65,4.38]",-2.5,4.01175364078438,5,0.78125,0.65359477124183,0.782268578878748,6
MMRp,CD8-all,"(-5,0]","(3.65,4.38]",-2.5,4.01175364078438,6,1.43314048239896,0.816141319630851,2.36430921052632,6
MMRp,Tcd8-GZMK,"(-5,0]","(3.65,4.38]",-2.5,4.01175364078438,4,0.211673423239896,0.115120604259982,0.877621299342105,6
MMRp,Myeloid-mregDC,"(-5,0]","(4.38,5.11]",-2.5,4.74116339365427,4,1.67871617920911,1.37096107973027,2.18036741510484,6
MMRp,Myeloid-ISG,"(-5,0]","(4.38,5.11]",-2.5,4.74116339365427,4,9.52303287303831,8.95674779789134,10.1920578957135,6
MMRp,Myeloid-noDC-noGran,"(-5,0]","(4.38,5.11]",-2.5,4.74116339365427,4,20.7501365807236,16.5584949063424,23.9311766386584,6
MMRp,Tcd4-Treg-comb,"(-5,0]","(4.38,5.11]",-2.5,4.74116339365427,4,1.36536665315546,0.720913061886224,2.3999505164842,6
MMRp,Tcd8-HOBIT,"(-5,0]","(4.38,5.11]",-2.5,4.74116339365427,3,0.558659217877095,0.371751050713039,0.752515728812365,6
MMRp,CD8-all,"(-5,0]","(4.38,5.11]",-2.5,4.74116339365427,3,1.39664804469274,0.79074546412086,1.80242496871861,6
MMRp,Myeloid-mregDC,"(-5,0]","(5.11,5.84]",-2.5,5.47057314652416,3,3.63636363636364,2.51262626262626,3.79186602870813,6
MMRp,Myeloid-ISG,"(-5,0]","(5.11,5.84]",-2.5,5.47057314652416,3,15.7894736842105,13.8038277511962,17.6169590643275,6
MMRp,Myeloid-noDC-noGran,"(-5,0]","(5.11,5.84]",-2.5,5.47057314652416,3,26.3636363636364,24.366028708134,27.0707070707071,6
MMRp,Myeloid-mregDC,"(-5,0]","[0,0.729]",-2.5,0.364704876434944,6,0.478531192004554,0.238703722946066,0.683942716445882,6
MMRp,Myeloid-ISG,"(-5,0]","[0,0.729]",-2.5,0.364704876434944,6,1.36935719144067,0.868667023040029,1.83075753460667,6
MMRp,Myeloid-noDC-noGran,"(-5,0]","[0,0.729]",-2.5,0.364704876434944,6,12.3232806203592,8.82204980338014,19.2189230633992,6
MMRp,Tcd4-Treg-comb,"(-5,0]","[0,0.729]",-2.5,0.364704876434944,6,0.820244622731357,0.300017135832052,1.24881107274435,6
MMRp,Myeloid-mregDC,"(-50,-45]","(1.46,2.19]",-47.5,1.82352438217472,4,0.896878397266656,0.688158201065447,1.12385027422694,6
MMRp,Myeloid-ISG,"(-50,-45]","(1.46,2.19]",-47.5,1.82352438217472,5,2.40722166499499,2.12765957446809,2.67639902676399,6
MMRp,Myeloid-noDC-noGran,"(-50,-45]","(1.46,2.19]",-47.5,1.82352438217472,6,13.471497216711,10.6469408224674,18.7483822539732,6
MMRp,CD8-all,"(-50,-45]","(1.46,2.19]",-47.5,1.82352438217472,3,0.752256770310933,0.619437387588556,1.43995817238951,6
MMRp,Myeloid-mregDC,"(-50,-45]","(2.19,2.92]",-47.5,2.55293413504461,4,1.35780533293009,0.858446827006665,1.90847789940812,6
MMRp,Myeloid-ISG,"(-50,-45]","(2.19,2.92]",-47.5,2.55293413504461,5,2.61437908496732,2.32558139534884,2.82776349614396,6
MMRp,Myeloid-noDC-noGran,"(-50,-45]","(2.19,2.92]",-47.5,2.55293413504461,5,15.6862745098039,6.40394088669951,16.3355408388521,6
MMRp,Tcd4-CXCL13,"(-50,-45]","(2.19,2.92]",-47.5,2.55293413504461,3,0.51413881748072,0.47781996061674,0.747265487171732,6
MMRp,Tcd4-Treg-comb,"(-50,-45]","(2.19,2.92]",-47.5,2.55293413504461,4,1.83708016197053,0.613348787790979,3.09323873406085,6
MMRp,Myeloid-mregDC,"(-50,-45]","(2.92,3.65]",-47.5,3.2823438879145,4,2.31664273749701,1.41259949727692,3.45146786564401,6
MMRp,Myeloid-ISG,"(-50,-45]","(2.92,3.65]",-47.5,3.2823438879145,4,4.6416291986247,3.64007537688442,5.78021299583269,6
MMRp,Myeloid-noDC-noGran,"(-50,-45]","(2.92,3.65]",-47.5,3.2823438879145,5,15.7894736842105,15.4103852596315,18.9285714285714,6
MMRp,Tcd4-CXCL13,"(-50,-45]","(2.92,3.65]",-47.5,3.2823438879145,3,0.586510263929619,0.471826560536238,0.712015600976535,6
MMRp,Tcd4-Treg-comb,"(-50,-45]","(2.92,3.65]",-47.5,3.2823438879145,3,3.2258064516129,2.14861751152074,3.95796185227211,6
MMRp,Myeloid-mregDC,"(-50,-45]","(3.65,4.38]",-47.5,4.01175364078438,4,2.80653420159181,2.34550804916046,3.15634218289086,6
MMRp,Myeloid-ISG,"(-50,-45]","(3.65,4.38]",-47.5,4.01175364078438,4,5.48505593588245,5.12908987578144,5.91194968553459,6
MMRp,Myeloid-noDC-noGran,"(-50,-45]","(3.65,4.38]",-47.5,4.01175364078438,4,16.8238993710692,16.0398230088496,17.5523628180717,6
MMRp,Myeloid-ISG,"(-50,-45]","(4.38,5.11]",-47.5,4.74116339365427,3,10.4166666666667,8.54166666666667,13.9921171171171,6
MMRp,Myeloid-noDC-noGran,"(-50,-45]","(4.38,5.11]",-47.5,4.74116339365427,4,20.4166666666667,17.5,23.3952702702703,6
MMRp,Myeloid-mregDC,"(-50,-45]","[0,0.729]",-47.5,0.364704876434944,6,0.623270395711671,0.225251929899136,1.18580392308332,6
MMRp,Myeloid-ISG,"(-50,-45]","[0,0.729]",-47.5,0.364704876434944,6,1.55132898421489,0.840409918600723,2.15487637362637,6
MMRp,Myeloid-noDC-noGran,"(-50,-45]","[0,0.729]",-47.5,0.364704876434944,6,12.8378856881374,7.45548465111551,14.3625177943393,6
MMRp,Tcd4-CXCL13,"(-50,-45]","[0,0.729]",-47.5,0.364704876434944,4,0.170223789984927,0.115476216007965,0.269098735436823,6
MMRp,Tcd4-Treg-comb,"(-50,-45]","[0,0.729]",-47.5,0.364704876434944,5,0.961538461538461,0.468933177022274,1.41369047619048,6
MMRp,Tcd8-CXCL13-comb,"(-50,-45]","[0,0.729]",-47.5,0.364704876434944,5,0.148809523809524,0.117233294255569,0.155763239875389,6
MMRp,CD8-all,"(-50,-45]","[0,0.729]",-47.5,0.364704876434944,6,0.266042818065092,0.223924119025514,0.795558608058608,6
MMRp,Tcd8-HOBIT,"(-50,-45]","[0,0.729]",-47.5,0.364704876434944,3,0.117233294255569,0.0958190280801652,0.139967064048671,6
MMRp,Tplzf-gdlike-comb,"(-50,-45]","[0,0.729]",-47.5,0.364704876434944,3,0.351699882766706,0.25720035830424,0.361861846145258,6
MMRp,Myeloid-mregDC,"(-55,-50]","(1.46,2.19]",-52.5,1.82352438217472,4,0.868860164828875,0.779641933014728,1.02828379674017,6
MMRp,Myeloid-ISG,"(-55,-50]","(1.46,2.19]",-52.5,1.82352438217472,4,2.1672802572996,1.26224465195086,3.6409608091024,6
MMRp,Myeloid-noDC-noGran,"(-55,-50]","(1.46,2.19]",-52.5,1.82352438217472,5,13.4256472004816,10.9619686800895,13.8643067846608,6
MMRp,Myeloid-mregDC,"(-55,-50]","(2.19,2.92]",-52.5,2.55293413504461,4,1.21438600095884,0.95705402254178,1.49855280289967,6
MMRp,Myeloid-ISG,"(-55,-50]","(2.19,2.92]",-52.5,2.55293413504461,3,2.5089605734767,2.20989429947721,2.77381730331294,6
MMRp,Myeloid-noDC-noGran,"(-55,-50]","(2.19,2.92]",-52.5,2.55293413504461,5,14.8885350318471,6.62650602409639,16.5745856353591,6
MMRp,Tcd4-Treg-comb,"(-55,-50]","(2.19,2.92]",-52.5,2.55293413504461,3,2.5089605734767,1.66884492762233,3.12549939501861,6
MMRp,Tcd8-CXCL13-comb,"(-55,-50]","(2.19,2.92]",-52.5,2.55293413504461,3,0.398089171974522,0.378256055521311,0.475287679909913,6
MMRp,CD8-all,"(-55,-50]","(2.19,2.92]",-52.5,2.55293413504461,3,1.10497237569061,1.09012059644745,1.18942886300454,6
MMRp,Tcd8-GZMK,"(-55,-50]","(2.19,2.92]",-52.5,2.55293413504461,3,0.557324840764331,0.416783967343492,0.637085359450266,6
MMRp,Myeloid-mregDC,"(-55,-50]","(2.92,3.65]",-52.5,3.2823438879145,3,1.40845070422535,0.916991309559485,1.54850302565864,6
MMRp,Myeloid-ISG,"(-55,-50]","(2.92,3.65]",-52.5,3.2823438879145,4,4.43032577178919,4.08746157838011,5.1696542893726,6
MMRp,Myeloid-noDC-noGran,"(-55,-50]","(2.92,3.65]",-52.5,3.2823438879145,5,15.7446808510638,13.6363636363636,17.2607879924953,6
MMRp,Tcd4-CXCL13,"(-55,-50]","(2.92,3.65]",-52.5,3.2823438879145,3,0.425531914893617,0.388822295474978,0.869426370204782,6
MMRp,Tcd4-Treg-comb,"(-55,-50]","(2.92,3.65]",-52.5,3.2823438879145,3,1.76056338028169,1.51857956248127,2.0997938852628,6
MMRp,Tcd8-CXCL13-comb,"(-55,-50]","(2.92,3.65]",-52.5,3.2823438879145,3,0.425531914893617,0.388822295474978,0.588000479022794,6
MMRp,CD8-all,"(-55,-50]","(2.92,3.65]",-52.5,3.2823438879145,3,0.851063829787234,0.777644590949955,1.26980958843958,6
MMRp,Myeloid-mregDC,"(-55,-50]","(3.65,4.38]",-52.5,4.01175364078438,4,2.74776344835599,1.7093644707796,3.67324561403509,6
MMRp,Myeloid-ISG,"(-55,-50]","(3.65,4.38]",-52.5,4.01175364078438,3,4.63576158940397,3.6336702683862,4.94945974207041,6
MMRp,Myeloid-noDC-noGran,"(-55,-50]","(3.65,4.38]",-52.5,4.01175364078438,4,21.0526315789474,16.8311403508772,21.0874869292436,6
MMRp,Tcd4-Treg-comb,"(-55,-50]","(3.65,4.38]",-52.5,4.01175364078438,3,3.97350993377483,2.42535145811549,5.49552689671198,6
MMRp,Myeloid-ISG,"(-55,-50]","(4.38,5.11]",-52.5,4.74116339365427,4,9.93710691823899,6.59574468085106,14.451114922813,6
MMRp,Myeloid-noDC-noGran,"(-55,-50]","(4.38,5.11]",-52.5,4.74116339365427,4,26.3348052990767,19.7327044025157,35.2998065764023,6
MMRp,Myeloid-mregDC,"(-55,-50]","[0,0.729]",-52.5,0.364704876434944,6,0.562551327675883,0.275303375256957,1.01432341782592,6
MMRp,Myeloid-ISG,"(-55,-50]","[0,0.729]",-52.5,0.364704876434944,6,1.38967043328821,0.710797304459756,2.28785212880996,6
MMRp,Myeloid-noDC-noGran,"(-55,-50]","[0,0.729]",-52.5,0.364704876434944,6,11.5855296843237,7.73074884530931,12.5562672971536,6
MMRp,Tcd4-Treg-comb,"(-55,-50]","[0,0.729]",-52.5,0.364704876434944,5,2.05128205128205,0.474495848161329,2.85918513223731,6
MMRp,Myeloid-ISG,"(-60,-55]","(1.46,2.19]",-57.5,1.82352438217472,4,1.38207671241355,0.957613814756672,1.91756504373232,6
MMRp,Myeloid-noDC-noGran,"(-60,-55]","(1.46,2.19]",-57.5,1.82352438217472,4,11.6969153089591,10.2145473574045,17.3089369256088,6
MMRp,Tcd4-Treg-comb,"(-60,-55]","(1.46,2.19]",-57.5,1.82352438217472,4,1.97030031524805,1.10694183864916,2.9695502158407,6
MMRp,Tcd8-GZMK,"(-60,-55]","(1.46,2.19]",-57.5,1.82352438217472,3,0.340136054421769,0.321698049955388,0.77982412477186,6
MMRp,CD8-all,"(-60,-55]","(1.46,2.19]",-57.5,1.82352438217472,4,0.795026122655279,0.574306645735217,0.987213151130753,6
MMRp,Myeloid-mregDC,"(-60,-55]","(2.19,2.92]",-57.5,2.55293413504461,4,1.58421249458725,1.55679834999207,1.80314698035411,6
MMRp,Myeloid-ISG,"(-60,-55]","(2.19,2.92]",-57.5,2.55293413504461,4,1.77965073975261,1.03814811687215,2.74706652996127,6
MMRp,Myeloid-noDC-noGran,"(-60,-55]","(2.19,2.92]",-57.5,2.55293413504461,5,14.2424242424242,6.28272251308901,16.3533834586466,6
MMRp,Tcd4-Treg-comb,"(-60,-55]","(2.19,2.92]",-57.5,2.55293413504461,3,2.72727272727273,1.76686217008798,3.57228298017772,6
MMRp,Myeloid-mregDC,"(-60,-55]","(2.92,3.65]",-57.5,3.2823438879145,4,1.33272194775612,1.161995898838,1.48801991057116,6
MMRp,Myeloid-ISG,"(-60,-55]","(2.92,3.65]",-57.5,3.2823438879145,3,3.87243735763098,3.43997807731173,4.10072084331765,6
MMRp,Myeloid-noDC-noGran,"(-60,-55]","(2.92,3.65]",-57.5,3.2823438879145,5,15.4897494305239,15.3846153846154,19.5488721804511,6
MMRp,Myeloid-mregDC,"(-60,-55]","(3.65,4.38]",-57.5,4.01175364078438,3,1.85185185185185,1.38888888888889,2.62660619803477,6
MMRp,Myeloid-ISG,"(-60,-55]","(3.65,4.38]",-57.5,4.01175364078438,3,4.08163265306122,3.89266817838246,7.13340891912321,6
MMRp,Myeloid-noDC-noGran,"(-60,-55]","(3.65,4.38]",-57.5,4.01175364078438,4,20.6481481481482,19.2517006802721,23.8425925925926,6
MMRp,Tcd4-Treg-comb,"(-60,-55]","(3.65,4.38]",-57.5,4.01175364078438,3,2.77777777777778,1.85185185185185,3.4297052154195,6
MMRp,Myeloid-ISG,"(-60,-55]","(4.38,5.11]",-57.5,4.74116339365427,4,8.89328063241107,7.9923273657289,10.541586073501,6
MMRp,Myeloid-noDC-noGran,"(-60,-55]","(4.38,5.11]",-57.5,4.74116339365427,4,19.3850267379679,17.9841897233202,21.2922403003755,6
MMRp,Myeloid-mregDC,"(-60,-55]","[0,0.729]",-57.5,0.364704876434944,6,0.410499375570527,0.311924293027204,0.77899089916977,6
MMRp,Myeloid-ISG,"(-60,-55]","[0,0.729]",-57.5,0.364704876434944,5,1.48127445500279,0.623441396508728,1.94049159120311,6
MMRp,Myeloid-noDC-noGran,"(-60,-55]","[0,0.729]",-57.5,0.364704876434944,6,11.4683053040104,7.04488778054863,13.3794852400432,6
MMRp,Tcd4-Treg-comb,"(-60,-55]","[0,0.729]",-57.5,0.364704876434944,5,0.865800865800866,0.598503740648379,1.24164278892073,6
MMRp,Myeloid-mregDC,"(-65,-60]","(1.46,2.19]",-62.5,1.82352438217472,3,1.44927536231884,0.917687874209613,1.46721193858516,6
MMRp,Myeloid-ISG,"(-65,-60]","(1.46,2.19]",-62.5,1.82352438217472,4,2.24135457023963,1.25109110407262,2.94611381567903,6
MMRp,Myeloid-noDC-noGran,"(-65,-60]","(1.46,2.19]",-62.5,1.82352438217472,5,13.5643564356436,7.05289672544081,17.3745173745174,6
MMRp,Myeloid-mregDC,"(-65,-60]","(2.19,2.92]",-62.5,2.55293413504461,3,1.28205128205128,0.824175824175824,1.68269230769231,6
MMRp,Myeloid-ISG,"(-65,-60]","(2.19,2.92]",-62.5,2.55293413504461,4,2.38095238095238,1.98618948618949,2.58858618233618,6
MMRp,Myeloid-noDC-noGran,"(-65,-60]","(2.19,2.92]",-62.5,2.55293413504461,4,14.2857142857143,12.5928125928126,15.6183226495727,6
MMRp,Tcd4-CXCL13,"(-65,-60]","(2.19,2.92]",-62.5,2.55293413504461,3,0.462962962962963,0.445156695156695,0.597781847781848,6
MMRp,Tcd4-Treg-comb,"(-65,-60]","(2.19,2.92]",-62.5,2.55293413504461,3,1.46520146520147,0.946275946275946,2.3529711029711,6
MMRp,Myeloid-mregDC,"(-65,-60]","(2.92,3.65]",-62.5,3.2823438879145,3,0.584795321637427,0.494826810616284,2.20627325890484,6
MMRp,Myeloid-ISG,"(-65,-60]","(2.92,3.65]",-62.5,3.2823438879145,4,2.38416554206028,2.24458204334365,2.65918292234082,6
MMRp,Myeloid-noDC-noGran,"(-65,-60]","(2.92,3.65]",-62.5,3.2823438879145,4,17.1982987772461,13.6715451730932,18.7584345479082,6
MMRp,Tcd4-Treg-comb,"(-65,-60]","(2.92,3.65]",-62.5,3.2823438879145,3,1.75438596491228,1.07962213225371,2.43221690590112,6
MMRp,CD8-all,"(-65,-60]","(2.92,3.65]",-62.5,3.2823438879145,3,0.584795321637427,0.494826810616284,1.01010101010101,6
MMRp,Myeloid-ISG,"(-65,-60]","(3.65,4.38]",-62.5,4.01175364078438,3,5.88235294117647,5.00303214069133,9.2436974789916,6
MMRp,Myeloid-noDC-noGran,"(-65,-60]","(3.65,4.38]",-62.5,4.01175364078438,4,18.6426116838488,14.0625,20.9261023997228,6
MMRp,Tcd4-Treg-comb,"(-65,-60]","(3.65,4.38]",-62.5,4.01175364078438,3,2.06185567010309,2.01131999191429,3.97210430563978,6
MMRp,CD8-all,"(-65,-60]","(3.65,4.38]",-62.5,4.01175364078438,3,1.03092783505155,1.00565999595715,1.77596811920645,6
MMRp,Myeloid-ISG,"(-65,-60]","(4.38,5.11]",-62.5,4.74116339365427,3,12.5,10.9375,16.25,6
MMRp,Myeloid-noDC-noGran,"(-65,-60]","(4.38,5.11]",-62.5,4.74116339365427,4,24,18.125,28.03125,6
MMRp,Myeloid-mregDC,"(-65,-60]","[0,0.729]",-62.5,0.364704876434944,5,0.523560209424084,0.162999185004075,0.573613766730402,6
MMRp,Myeloid-ISG,"(-65,-60]","[0,0.729]",-62.5,0.364704876434944,5,1.60307790958641,0.923662048356425,2.59403372243839,6
MMRp,Myeloid-noDC-noGran,"(-65,-60]","[0,0.729]",-62.5,0.364704876434944,6,13.393608654046,8.12713001444553,14.2934668025644,6
MMRp,Tcd4-Treg-comb,"(-65,-60]","[0,0.729]",-62.5,0.364704876434944,6,1.34512800291643,0.459426204814501,2.66621281886078,6
MMRp,Tcd8-CXCL13-LAG3,"(-65,-60]","[0,0.729]",-62.5,0.364704876434944,3,0.0961846745751844,0.0958934845151256,0.112943180348552,6
MMRp,CD8-all,"(-65,-60]","[0,0.729]",-62.5,0.364704876434944,4,0.48135941254808,0.339370222733841,0.670672011485762,6
MMRp,Tcd8-GZMK,"(-65,-60]","[0,0.729]",-62.5,0.364704876434944,4,0.14500473854028,0.124442795425452,0.168031990446514,6
MMRp,Tplzf-gdlike-comb,"(-65,-60]","[0,0.729]",-62.5,0.364704876434944,3,0.261780104712042,0.195740895416981,0.275167064218797,6
MMRp,Myeloid-ISG,"(-70,-65]","(1.46,2.19]",-67.5,1.82352438217472,4,1.34443021766965,1.17582453971478,1.859090321747,6
MMRp,Myeloid-noDC-noGran,"(-70,-65]","(1.46,2.19]",-67.5,1.82352438217472,4,13.1920379659106,11.5654480698191,15.5947150794676,6
MMRp,Tcd4-Treg-comb,"(-70,-65]","(1.46,2.19]",-67.5,1.82352438217472,3,1.8348623853211,1.62165654477323,2.64598432966439,6
MMRp,Tcd8-CXCL13-comb,"(-70,-65]","(1.46,2.19]",-67.5,1.82352438217472,3,1.40845070422535,0.933583150277814,1.40845070422535,6
MMRp,CD8-all,"(-70,-65]","(1.46,2.19]",-67.5,1.82352438217472,3,1.40845070422535,0.933583150277814,1.53649167733675,6
MMRp,Myeloid-ISG,"(-70,-65]","(2.19,2.92]",-67.5,2.55293413504461,3,2.85326086956522,1.67788671618964,3.43466256329667,6
MMRp,Myeloid-noDC-noGran,"(-70,-65]","(2.19,2.92]",-67.5,2.55293413504461,5,12.0603015075377,5.74712643678161,14.2663043478261,6
MMRp,Myeloid-mregDC,"(-70,-65]","(2.92,3.65]",-67.5,3.2823438879145,3,1.53061224489796,1.46460682174968,2.71970351658579,6
MMRp,Myeloid-ISG,"(-70,-65]","(2.92,3.65]",-67.5,3.2823438879145,3,6.29370629370629,4.67746539175111,6.40418213708116,6
MMRp,Myeloid-noDC-noGran,"(-70,-65]","(2.92,3.65]",-67.5,3.2823438879145,4,21.8108090141594,16.4003121606949,22.7807906379335,6
MMRp,Tcd4-Treg-comb,"(-70,-65]","(2.92,3.65]",-67.5,3.2823438879145,3,2.7972027972028,1.65370343941773,3.67873169176101,6
MMRp,Myeloid-mregDC,"(-70,-65]","(3.65,4.38]",-67.5,4.01175364078438,3,1.98019801980198,1.86729199235713,2.0105071731663,6
MMRp,Myeloid-ISG,"(-70,-65]","(3.65,4.38]",-67.5,4.01175364078438,3,6.12244897959184,5.69280343716434,6.52657102444938,6
MMRp,Myeloid-noDC-noGran,"(-70,-65]","(3.65,4.38]",-67.5,4.01175364078438,3,22.4489795918367,19.1452818751263,22.6279985678482,6
MMRp,Tcd4-Treg-comb,"(-70,-65]","(3.65,4.38]",-67.5,4.01175364078438,3,1.98019801980198,1.86729199235713,2.0105071731663,6
MMRp,Myeloid-noDC-noGran,"(-70,-65]","(4.38,5.11]",-67.5,4.74116339365427,3,28.2051282051282,22.9260935143288,34.6907993966818,6
MMRp,Myeloid-mregDC,"(-70,-65]","[0,0.729]",-67.5,0.364704876434944,6,0.562367495027648,0.293775856458885,0.930240069455031,6
MMRp,Myeloid-ISG,"(-70,-65]","[0,0.729]",-67.5,0.364704876434944,6,1.51292075459997,0.605570362783552,1.94359564711836,6
MMRp,Myeloid-noDC-noGran,"(-70,-65]","[0,0.729]",-67.5,0.364704876434944,6,12.3214467369484,7.35273219764859,13.4878931715472,6
MMRp,Tcd4-CXCL13,"(-70,-65]","[0,0.729]",-67.5,0.364704876434944,4,0.261309051633925,0.128628902415841,0.402636830206626,6
MMRp,Tcd4-Treg-comb,"(-70,-65]","[0,0.729]",-67.5,0.364704876434944,5,0.585823081429408,0.529801324503311,0.99009900990099,6
MMRp,Tcd8-HOBIT,"(-70,-65]","[0,0.729]",-67.5,0.364704876434944,4,0.202783885812621,0.126840498619398,1.39531427085075,6
MMRp,CD8-all,"(-70,-65]","[0,0.729]",-67.5,0.364704876434944,5,0.77007700770077,0.132450331125828,1.20952009364027,6
MMRp,Tplzf-gdlike-comb,"(-70,-65]","[0,0.729]",-67.5,0.364704876434944,3,0.22002200220022,0.176236166663024,0.246569721349817,6
MMRp,Myeloid-ISG,"(-75,-70]","(1.46,2.19]",-72.5,1.82352438217472,4,1.81754157863373,1.33840518455903,2.46176210340033,6
MMRp,Myeloid-noDC-noGran,"(-75,-70]","(1.46,2.19]",-72.5,1.82352438217472,5,14.8464163822526,5.88235294117647,16.4021164021164,6
MMRp,Myeloid-ISG,"(-75,-70]","(2.19,2.92]",-72.5,2.55293413504461,4,3.13025210084034,2.43823529411765,3.81868131868132,6
MMRp,Myeloid-noDC-noGran,"(-75,-70]","(2.19,2.92]",-72.5,2.55293413504461,4,16.3273001508296,13.0294117647059,18.6996336996337,6
MMRp,Myeloid-mregDC,"(-75,-70]","(2.92,3.65]",-72.5,3.2823438879145,3,2.23642172523962,1.39445395654246,3.37384996036417,6
MMRp,Myeloid-ISG,"(-75,-70]","(2.92,3.65]",-72.5,3.2823438879145,3,3.7593984962406,2.98467162381091,3.79663215546854,6
MMRp,Myeloid-noDC-noGran,"(-75,-70]","(2.92,3.65]",-72.5,3.2823438879145,4,16.3177589889326,14.0999079189687,18.0991616421245,6
MMRp,Tcd4-Treg-comb,"(-75,-70]","(2.92,3.65]",-72.5,3.2823438879145,4,1.87039594843462,1.43106384746396,2.8404552715655,6
MMRp,Myeloid-ISG,"(-75,-70]","(3.65,4.38]",-72.5,4.01175364078438,3,6.66666666666667,4.13978494623656,7.03703703703704,6
MMRp,Myeloid-noDC-noGran,"(-75,-70]","(3.65,4.38]",-72.5,4.01175364078438,3,18.0952380952381,14.6927803379416,22.010582010582,6
MMRp,Myeloid-ISG,"(-75,-70]","(4.38,5.11]",-72.5,4.74116339365427,3,12.5,11.8055555555556,17.7884615384615,6
MMRp,Myeloid-noDC-noGran,"(-75,-70]","(4.38,5.11]",-72.5,4.74116339365427,3,22.9166666666667,19.7916666666667,22.9967948717949,6
MMRp,Myeloid-mregDC,"(-75,-70]","[0,0.729]",-72.5,0.364704876434944,5,0.455062571103527,0.343642611683849,0.722543352601156,6
MMRp,Myeloid-ISG,"(-75,-70]","[0,0.729]",-72.5,0.364704876434944,5,1.55820348304308,0.662460567823344,2.3121387283237,6
MMRp,Myeloid-noDC-noGran,"(-75,-70]","[0,0.729]",-72.5,0.364704876434944,6,12.1700539887572,7.51492952353167,13.7258612976791,6
MMRp,Tcd4-Treg-comb,"(-75,-70]","[0,0.729]",-72.5,0.364704876434944,4,0.573431447980167,0.568576996371701,1.20117037453045,6
MMRp,Tcd8-CXCL13-comb,"(-75,-70]","[0,0.729]",-72.5,0.364704876434944,3,0.144508670520231,0.129137156648056,0.209742877881564,6
MMRp,CD8-all,"(-75,-70]","[0,0.729]",-72.5,0.364704876434944,5,0.343642611683849,0.144508670520231,0.504124656278643,6
MMRp,Myeloid-noDC-noGran,"(-80,-75]","(1.46,2.19]",-77.5,1.82352438217472,4,12.083045778698,8.83123689727463,15.3759284194067,6
MMRp,Tcd4-CXCL13,"(-80,-75]","(1.46,2.19]",-77.5,1.82352438217472,3,0.699300699300699,0.664115758455381,1.27557627557628,6
MMRp,Myeloid-mregDC,"(-80,-75]","(2.19,2.92]",-77.5,2.55293413504461,3,0.537634408602151,0.526549163063962,1.30187505554074,6
MMRp,Myeloid-ISG,"(-80,-75]","(2.19,2.92]",-77.5,2.55293413504461,4,2.09511140671766,1.56179009541118,2.65613018658942,6
MMRp,Myeloid-noDC-noGran,"(-80,-75]","(2.19,2.92]",-77.5,2.55293413504461,5,15.9090909090909,10.5633802816901,17.2043010752688,6
MMRp,Tcd4-Treg-comb,"(-80,-75]","(2.19,2.92]",-77.5,2.55293413504461,4,1.5106769650159,1.18520400755046,2.29438816315649,6
MMRp,Myeloid-ISG,"(-80,-75]","(2.92,3.65]",-77.5,3.2823438879145,3,4.42477876106195,3.80601487853894,5.00568546991645,6
MMRp,Myeloid-noDC-noGran,"(-80,-75]","(2.92,3.65]",-77.5,3.2823438879145,4,17.5866366934497,11.7081673306773,23.2226726652494,6
MMRp,Myeloid-ISG,"(-80,-75]","(3.65,4.38]",-77.5,4.01175364078438,3,7.40740740740741,6.71575189647479,7.82135076252723,6
MMRp,Myeloid-noDC-noGran,"(-80,-75]","(3.65,4.38]",-77.5,4.01175364078438,3,22.2222222222222,18.9424364123159,22.2875816993464,6
MMRp,Tcd4-Treg-comb,"(-80,-75]","(3.65,4.38]",-77.5,4.01175364078438,3,2.40963855421687,1.79305457122608,3.98259705488621,6
MMRp,Myeloid-ISG,"(-80,-75]","(4.38,5.11]",-77.5,4.74116339365427,3,14.2857142857143,10.7142857142857,16.2337662337662,6
MMRp,Myeloid-noDC-noGran,"(-80,-75]","(4.38,5.11]",-77.5,4.74116339365427,3,36.3636363636364,30.0865800865801,37.2294372294372,6
MMRp,CD8-all,"(-80,-75]","(4.38,5.11]",-77.5,4.74116339365427,3,9.09090909090909,6.92640692640693,9.30735930735931,6
MMRp,Myeloid-mregDC,"(-80,-75]","[0,0.729]",-77.5,0.364704876434944,4,0.87197145007946,0.529240072457211,1.19047619047619,6
MMRp,Myeloid-ISG,"(-80,-75]","[0,0.729]",-77.5,0.364704876434944,4,1.79628574880478,1.34563391327678,2.22211075441413,6
MMRp,Myeloid-noDC-noGran,"(-80,-75]","[0,0.729]",-77.5,0.364704876434944,6,12.5569398584984,8.03885684620624,15.1050026752274,6
MMRp,Tcd4-Treg-comb,"(-80,-75]","[0,0.729]",-77.5,0.364704876434944,4,1.23442384293106,0.59630356488171,1.99770780144104,6
MMRp,Myeloid-mregDC,"(-85,-80]","(1.46,2.19]",-82.5,1.82352438217472,3,0.923076923076923,0.834672789896671,1.38746438746439,6
MMRp,Myeloid-ISG,"(-85,-80]","(1.46,2.19]",-82.5,1.82352438217472,3,1.85185185185185,1.67219458264234,3.07977207977208,6
MMRp,Myeloid-noDC-noGran,"(-85,-80]","(1.46,2.19]",-82.5,1.82352438217472,4,15.3777267508611,8.97650530616878,22.6381766381766,6
MMRp,Tcd4-CXCL13,"(-85,-80]","(1.46,2.19]",-82.5,1.82352438217472,3,0.923076923076923,0.651652529979526,1.38746438746439,6
MMRp,Myeloid-mregDC,"(-85,-80]","(2.19,2.92]",-82.5,2.55293413504461,4,1.02114121510673,0.837428092042186,1.35834688115,6
MMRp,Myeloid-ISG,"(-85,-80]","(2.19,2.92]",-82.5,2.55293413504461,3,3.47394540942928,3.17375431391004,3.75039552350659,6
MMRp,Myeloid-noDC-noGran,"(-85,-80]","(2.19,2.92]",-82.5,2.55293413504461,4,15.7640978168634,12.6932526366251,16.1012235817575,6
MMRp,Tcd4-Treg-comb,"(-85,-80]","(2.19,2.92]",-82.5,2.55293413504461,3,1.98511166253102,1.85462479678275,1.99926724066148,6
MMRp,Tcd8-GZMK,"(-85,-80]","(2.19,2.92]",-82.5,2.55293413504461,3,0.574712643678161,0.411425800747269,0.622926791637738,6
MMRp,CD8-all,"(-85,-80]","(2.19,2.92]",-82.5,2.55293413504461,3,1.48883374689826,1.03177319528821,1.7511282828451,6
MMRp,Myeloid-ISG,"(-85,-80]","(2.92,3.65]",-82.5,3.2823438879145,4,2.90536467751658,2.35837438423645,3.21518987341772,6
MMRp,Myeloid-noDC-noGran,"(-85,-80]","(2.92,3.65]",-82.5,3.2823438879145,4,18.0003013863773,16.3928571428571,18.7800087298123,6
MMRp,Tcd4-Treg-comb,"(-85,-80]","(2.92,3.65]",-82.5,3.2823438879145,3,4.21940928270042,3.18113321277878,5.12694602066056,6
MMRp,Myeloid-mregDC,"(-85,-80]","(3.65,4.38]",-82.5,4.01175364078438,3,4.28571428571429,3.49420849420849,4.3167701863354,6
MMRp,Myeloid-noDC-noGran,"(-85,-80]","(3.65,4.38]",-82.5,4.01175364078438,3,18.4782608695652,16.3819875776398,20.0499412455934,6
MMRp,Tcd4-Treg-comb,"(-85,-80]","(3.65,4.38]",-82.5,4.01175364078438,3,2.7027027027027,2.43830787309048,4.20849420849421,6
MMRp,Myeloid-ISG,"(-85,-80]","(4.38,5.11]",-82.5,4.74116339365427,3,8.10810810810811,6.32678132678133,11.9487908961593,6
MMRp,Myeloid-noDC-noGran,"(-85,-80]","(4.38,5.11]",-82.5,4.74116339365427,3,40.9090909090909,33.968058968059,41.5071770334928,6
MMRp,Tcd4-Treg-comb,"(-85,-80]","(4.38,5.11]",-82.5,4.74116339365427,3,5.40540540540541,4.97542997542998,7.96586059743955,6
MMRp,Myeloid-mregDC,"(-85,-80]","[0,0.729]",-82.5,0.364704876434944,4,0.344853423914595,0.2141446165959,0.643423646449365,6
MMRp,Myeloid-ISG,"(-85,-80]","[0,0.729]",-82.5,0.364704876434944,4,2.06855439642325,1.24252634158295,2.76835215576814,6
MMRp,Myeloid-noDC-noGran,"(-85,-80]","[0,0.729]",-82.5,0.364704876434944,5,14.8260211800303,5.79514824797844,16.3636363636364,6
MMRp,Tcd4-Treg-comb,"(-85,-80]","[0,0.729]",-82.5,0.364704876434944,5,0.596125186289121,0.462962962962963,1.0590015128593,6
MMRp,CD8-all,"(-85,-80]","[0,0.729]",-82.5,0.364704876434944,4,0.300317226980752,0.231970125451412,0.484504653188466,6
MMRp,Tcd8-GZMK,"(-85,-80]","[0,0.729]",-82.5,0.364704876434944,4,0.150158613490376,0.120196653022202,0.18922202356393,6
MMRp,Tplzf-gdlike-comb,"(-85,-80]","[0,0.729]",-82.5,0.364704876434944,3,0.14903129657228,0.0913620094721239,0.225801578694612,6
MMRp,Myeloid-ISG,"(-90,-85]","(1.46,2.19]",-87.5,1.82352438217472,4,3.35706751054852,2.29667030567686,4.51476793248945,6
MMRp,Myeloid-noDC-noGran,"(-90,-85]","(1.46,2.19]",-87.5,1.82352438217472,4,20.1344936708861,16.0275655021834,26.1392405063291,6
MMRp,Myeloid-mregDC,"(-90,-85]","(2.19,2.92]",-87.5,2.55293413504461,4,0.92882818116463,0.865918803418803,1.52060671058679,6
MMRp,Myeloid-noDC-noGran,"(-90,-85]","(2.19,2.92]",-87.5,2.55293413504461,4,14.0958385876419,11.237934732649,16.1688034188034,6
MMRp,Tcd4-Treg-comb,"(-90,-85]","(2.19,2.92]",-87.5,2.55293413504461,4,1.69679791634748,0.874545690550363,2.84426229508197,6
MMRp,Myeloid-mregDC,"(-90,-85]","(2.92,3.65]",-87.5,3.2823438879145,3,0.87719298245614,0.826193390452876,0.976230899830221,6
MMRp,Myeloid-ISG,"(-90,-85]","(2.92,3.65]",-87.5,3.2823438879145,3,4.3859649122807,4.13096695226438,4.8811544991511,6
MMRp,Myeloid-noDC-noGran,"(-90,-85]","(2.92,3.65]",-87.5,3.2823438879145,4,16.591647911978,14.6477946017117,17.1766625866993,6
MMRp,Tcd4-Treg-comb,"(-90,-85]","(2.92,3.65]",-87.5,3.2823438879145,3,1.75438596491228,1.26478988168095,1.95246179966044,6
MMRp,CD8-all,"(-90,-85]","(2.92,3.65]",-87.5,3.2823438879145,3,0.87719298245614,0.826193390452876,0.976230899830221,6
MMRp,Myeloid-noDC-noGran,"(-90,-85]","(3.65,4.38]",-87.5,4.01175364078438,4,16.9491525423729,14.2743644067797,18.2674199623352,6
MMRp,Myeloid-mregDC,"(-90,-85]","[0,0.729]",-87.5,0.364704876434944,5,0.302114803625378,0.297176820208024,0.448430493273543,6
MMRp,Myeloid-ISG,"(-90,-85]","[0,0.729]",-87.5,0.364704876434944,5,1.3595166163142,0.462140063988624,1.73370319001387,6
MMRp,Myeloid-noDC-noGran,"(-90,-85]","[0,0.729]",-87.5,0.364704876434944,5,10.8761329305136,6.72645739910314,14.493758668516,6
MMRp,Tcd4-CXCL13,"(-90,-85]","[0,0.729]",-87.5,0.364704876434944,4,0.351686715454225,0.138103234346583,0.567146167416018,6
MMRp,Tcd4-Treg-comb,"(-90,-85]","[0,0.729]",-87.5,0.364704876434944,5,0.533238535371489,0.448430493273543,1.51057401812689,6
MMRp,Myeloid-ISG,"(-95,-90]","(1.46,2.19]",-92.5,1.82352438217472,3,5.40540540540541,3.62294810147571,7.05052878965922,6
MMRp,Myeloid-noDC-noGran,"(-95,-90]","(1.46,2.19]",-92.5,1.82352438217472,4,12.1891062841983,5.71233810497614,21.2911280846063,6
MMRp,Myeloid-ISG,"(-95,-90]","(2.19,2.92]",-92.5,2.55293413504461,4,1.5,0.846153846153846,2.0952380952381,6
MMRp,Myeloid-noDC-noGran,"(-95,-90]","(2.19,2.92]",-92.5,2.55293413504461,4,12.7014652014652,11.4807692307692,15.3214285714286,6
MMRp,Tcd4-CXCL13,"(-95,-90]","(2.19,2.92]",-92.5,2.55293413504461,3,1,0.692307692307692,1.69047619047619,6
MMRp,Myeloid-mregDC,"(-95,-90]","(2.92,3.65]",-92.5,3.2823438879145,3,2.08333333333333,1.45833333333333,2.20445736434109,6
MMRp,Myeloid-ISG,"(-95,-90]","(2.92,3.65]",-92.5,3.2823438879145,3,2.32558139534884,2.20445736434109,2.82945736434109,6
MMRp,Myeloid-noDC-noGran,"(-95,-90]","(2.92,3.65]",-92.5,3.2823438879145,4,14.1291182170543,10.9074519230769,16.5843023255814,6
MMRp,Tcd4-Treg-comb,"(-95,-90]","(2.92,3.65]",-92.5,3.2823438879145,3,3.125,2.8125,3.30668604651163,6
MMRp,CD8-all,"(-95,-90]","(2.92,3.65]",-92.5,3.2823438879145,3,1.5625,1.19791666666667,1.94404069767442,6
MMRp,Myeloid-ISG,"(-95,-90]","(3.65,4.38]",-92.5,4.01175364078438,3,7.04225352112676,4.91001564945227,7.22483046426708,6
MMRp,Myeloid-noDC-noGran,"(-95,-90]","(3.65,4.38]",-92.5,4.01175364078438,4,13.6574074074074,11.1607142857143,18.1533646322379,6
MMRp,Myeloid-noDC-noGran,"(-95,-90]","(4.38,5.11]",-92.5,4.74116339365427,3,20,17.1428571428571,25,6
MMRp,Myeloid-mregDC,"(-95,-90]","[0,0.729]",-92.5,0.364704876434944,4,0.341772665398588,0.200482497062686,0.540656617259192,6
MMRp,Myeloid-ISG,"(-95,-90]","[0,0.729]",-92.5,0.364704876434944,4,1.38510029606467,0.99663974253802,1.78326638612599,6
MMRp,Myeloid-noDC-noGran,"(-95,-90]","[0,0.729]",-92.5,0.364704876434944,5,13.0434782608696,6.42235123367199,13.389441469013,6
MMRp,Tcd4-CXCL13,"(-95,-90]","[0,0.729]",-92.5,0.364704876434944,3,0.229533282325937,0.192406392715764,0.337980926877254,6
MMRp,Tcd4-Treg-comb,"(-95,-90]","[0,0.729]",-92.5,0.364704876434944,4,0.999611801242236,0.407390369064897,1.96796276143271,6
MMRp,Tcd8-HOBIT,"(-95,-90]","[0,0.729]",-92.5,0.364704876434944,3,0.148809523809524,0.128831467274864,0.189171403067731,6
MMRp,CD8-all,"(-95,-90]","[0,0.729]",-92.5,0.364704876434944,4,0.307324016563147,0.138820495542194,0.559784390786354,6
MMRp,Myeloid-noDC-noGran,"(0,5]","(0.729,1.46]",2.5,1.09411462930483,6,1.31439994807632,0.795847590434065,2.29484122485993,6
MMRp,Myeloid-noDC-noGran,"(0,5]","(1.46,2.19]",2.5,1.82352438217472,6,1.44720323615567,1.19553771225484,1.57828904954189,6
MMRp,Tcd4-Treg-comb,"(0,5]","(1.46,2.19]",2.5,1.82352438217472,6,0.21415907055042,0.153988787931279,0.268940026284507,6
MMRp,Myeloid-mregDC,"(0,5]","(2.19,2.92]",2.5,2.55293413504461,5,0.284090909090909,0.242945243879649,0.293040293040293,6
MMRp,Myeloid-ISG,"(0,5]","(2.19,2.92]",2.5,2.55293413504461,6,0.538703291554559,0.300162932336687,0.859118455829351,6
MMRp,Myeloid-noDC-noGran,"(0,5]","(2.19,2.92]",2.5,2.55293413504461,6,2.41463566019516,1.82946291711977,4.15067019631329,6
MMRp,Tcd4-Treg-comb,"(0,5]","(2.19,2.92]",2.5,2.55293413504461,5,0.249037808467285,0.146520146520147,0.373761913660998,6
MMRp,Tcd8-CXCL13-comb,"(0,5]","(2.19,2.92]",2.5,2.55293413504461,4,0.214439548829406,0.115895175226177,0.351013815580745,6
MMRp,CD8-all,"(0,5]","(2.19,2.92]",2.5,2.55293413504461,5,0.271677609237039,0.168192861147449,0.43956043956044,6
MMRp,Tcd8-HOBIT,"(0,5]","(2.19,2.92]",2.5,2.55293413504461,3,0.0747523827321996,0.060015992135853,0.110636264626173,6
MMRp,Myeloid-mregDC,"(0,5]","(2.92,3.65]",2.5,3.2823438879145,3,0.502318392581144,0.335725792485075,0.518221510830631,6
MMRp,Myeloid-ISG,"(0,5]","(2.92,3.65]",2.5,3.2823438879145,5,0.712166172106825,0.656877897990726,1.09936575052854,6
MMRp,Myeloid-noDC-noGran,"(0,5]","(2.92,3.65]",2.5,3.2823438879145,6,2.75025278058645,2.19525926273443,4.34676960830766,6
MMRp,Tcd4-CXCL13,"(0,5]","(2.92,3.65]",2.5,3.2823438879145,3,0.154559505409583,0.136626933713693,0.18298799794792,6
MMRp,Tcd8-CXCL13-comb,"(0,5]","(2.92,3.65]",2.5,3.2823438879145,3,0.0845665961945032,0.0616032362734494,0.131304069610605,6
MMRp,CD8-all,"(0,5]","(2.92,3.65]",2.5,3.2823438879145,4,0.374939213798716,0.299135965841832,0.417280945539865,6
MMRp,Tcd8-CXCL13-LAG3,"(0,5]","(2.92,3.65]",2.5,3.2823438879145,4,0.152445718659231,0.104797389806915,0.217143197403809,6
MMRp,Myeloid-mregDC,"(0,5]","(3.65,4.38]",2.5,4.01175364078438,4,0.47040870929754,0.349644837095175,1.47725272791271,6
MMRp,Myeloid-ISG,"(0,5]","(3.65,4.38]",2.5,4.01175364078438,6,1.35014023500293,1.05936412015014,1.58778845149838,6
MMRp,Myeloid-noDC-noGran,"(0,5]","(3.65,4.38]",2.5,4.01175364078438,6,2.17397535931937,1.67955320122176,4.3988222950114,6
MMRp,Tcd4-Treg-comb,"(0,5]","(3.65,4.38]",2.5,4.01175364078438,4,0.249244669689899,0.174612234190684,0.648689568758484,6
MMRp,Tcd8-CXCL13-comb,"(0,5]","(3.65,4.38]",2.5,4.01175364078438,3,0.27002700270027,0.161412656577168,0.294249170139944,6
MMRp,CD8-all,"(0,5]","(3.65,4.38]",2.5,4.01175364078438,3,0.477707006369427,0.344450124092844,0.598889506785073,6
MMRp,Tcd8-HOBIT,"(0,5]","(3.65,4.38]",2.5,4.01175364078438,3,0.159235668789809,0.13241614484897,0.259635836195085,6
MMRp,Myeloid-mregDC,"(0,5]","(4.38,5.11]",2.5,4.74116339365427,3,0.526315789473684,0.446308077887025,0.63407777604248,6
MMRp,Myeloid-ISG,"(0,5]","(4.38,5.11]",2.5,4.74116339365427,4,1.94970706840143,1.26464157426206,4.1958041958042,6
MMRp,Myeloid-noDC-noGran,"(0,5]","(4.38,5.11]",2.5,4.74116339365427,4,3.79968695992435,2.93305378831695,5.49973024008632,6
MMRp,Tcd4-Treg-comb,"(0,5]","(4.38,5.11]",2.5,4.74116339365427,3,0.263157894736842,0.205762923629549,0.681029496818971,6
MMRp,CD8-all,"(0,5]","(4.38,5.11]",2.5,4.74116339365427,3,0.366300366300366,0.257334159411311,0.841044919992289,6
MMRp,Myeloid-mregDC,"(0,5]","(5.11,5.84]",2.5,5.47057314652416,3,2.53164556962025,2.00656352555087,2.69439421338156,6
MMRp,Myeloid-ISG,"(0,5]","(5.11,5.84]",2.5,5.47057314652416,3,2.53164556962025,2.00656352555087,4.12296564195298,6
MMRp,Myeloid-noDC-noGran,"(0,5]","(5.11,5.84]",2.5,5.47057314652416,3,7.59493670886076,6.39006094702297,8.08318264014467,6
MMRp,CD8-all,"(0,5]","(5.11,5.84]",2.5,5.47057314652416,3,1.48148148148148,1.45502645502646,2.00656352555087,6
MMRp,Myeloid-mregDC,"(0,5]","[0,0.729]",2.5,0.364704876434944,6,0.113440740126053,0.0500669871055434,0.206275379877458,6
MMRp,Myeloid-ISG,"(0,5]","[0,0.729]",2.5,0.364704876434944,6,0.224861163640991,0.160675990015827,0.377009019802953,6
MMRp,Myeloid-noDC-noGran,"(0,5]","[0,0.729]",2.5,0.364704876434944,6,1.82383629866086,1.60191909087484,2.6757330353129,6
MMRp,Tcd4-CXCL13,"(0,5]","[0,0.729]",2.5,0.364704876434944,6,0.0532176701190262,0.0112356564556424,0.140276465850177,6
MMRp,Tcd4-Treg-comb,"(0,5]","[0,0.729]",2.5,0.364704876434944,6,0.188052994012131,0.0900306285180626,0.243708145181093,6
MMRp,Tcd8-GZMK,"(0,5]","[0,0.729]",2.5,0.364704876434944,6,0.0132708705254511,0.00949318378591889,0.0467469437795167,6
MMRp,CD8-all,"(0,5]","[0,0.729]",2.5,0.364704876434944,6,0.16171427375098,0.0598350868693766,0.251321615657665,6
MMRp,Myeloid-noDC-noGran,"(10,15]","(1.46,2.19]",12.5,1.82352438217472,6,0.220848141961695,0.164570572468125,0.323515210043457,6
MMRp,Myeloid-noDC-noGran,"(10,15]","(2.19,2.92]",12.5,2.55293413504461,6,0.430713817461311,0.3936039439806,0.55463232466112,6
MMRp,Tcd8-CXCL13-comb,"(10,15]","(2.19,2.92]",12.5,2.55293413504461,3,0.078740157480315,0.055768898025169,0.0831401400182433,6
MMRp,CD8-all,"(10,15]","(2.19,2.92]",12.5,2.55293413504461,4,0.105132766456219,0.0865578464131686,0.126910201296329,6
MMRp,Tcd8-HOBIT,"(10,15]","(2.19,2.92]",12.5,2.55293413504461,3,0.078740157480315,0.0539600991661861,0.0861427634922622,6
MMRp,Tplzf-gdlike-comb,"(10,15]","(2.19,2.92]",12.5,2.55293413504461,3,0.078740157480315,0.0685501195922147,0.0793700787401575,6
MMRp,Myeloid-ISG,"(10,15]","(2.92,3.65]",12.5,3.2823438879145,4,0.297275223961441,0.20552087325564,0.685483870967742,6
MMRp,Myeloid-noDC-noGran,"(10,15]","(2.92,3.65]",12.5,3.2823438879145,5,0.590318772136954,0.483091787439614,1.03544404619673,6
MMRp,CD8-all,"(10,15]","(2.92,3.65]",12.5,3.2823438879145,3,0.118063754427391,0.0789442627174788,0.40013477658834,6
MMRp,Myeloid-ISG,"(10,15]","(3.65,4.38]",12.5,4.01175364078438,3,0.330214639515685,0.280848060498583,0.63829343963166,6
MMRp,Myeloid-noDC-noGran,"(10,15]","(3.65,4.38]",12.5,4.01175364078438,3,0.946372239747634,0.820408342096039,1.16113328553149,6
MMRp,Tcd4-CXCL13,"(10,15]","(3.65,4.38]",12.5,4.01175364078438,3,0.115740740740741,0.0853882569966775,0.215599076994976,6
MMRp,Myeloid-noDC-noGran,"(10,15]","(4.38,5.11]",12.5,4.74116339365427,3,0.93167701863354,0.875674574890541,3.24361628709455,6
MMRp,Myeloid-noDC-noGran,"(10,15]","[0,0.729]",12.5,0.364704876434944,6,0.340967713993771,0.277861756383476,0.662383297424849,6
MMRp,Tcd4-Treg-comb,"(10,15]","[0,0.729]",12.5,0.364704876434944,6,0.0325214156696532,0.0139083803433142,0.0698933005027188,6
MMRp,Tcd8-CXCL13-comb,"(10,15]","[0,0.729]",12.5,0.364704876434944,6,0.0235823625710553,0.00642622810627732,0.0563207482644233,6
MMRp,CD8-all,"(10,15]","[0,0.729]",12.5,0.364704876434944,6,0.0707470877131659,0.014490940941877,0.180504257720324,6
MMRp,Myeloid-ISG,"(15,20]","(1.46,2.19]",17.5,1.82352438217472,4,0.0393939730972137,0.0222582386672958,0.130214534316684,6
MMRp,Myeloid-noDC-noGran,"(15,20]","(1.46,2.19]",17.5,1.82352438217472,6,0.233578404718628,0.176130627016277,0.455150428667378,6
MMRp,Myeloid-noDC-noGran,"(15,20]","(2.19,2.92]",17.5,2.55293413504461,6,0.464666244692354,0.316942098707731,0.554019280255022,6
MMRp,Tcd8-CXCL13-comb,"(15,20]","(2.19,2.92]",17.5,2.55293413504461,3,0.0841750841750842,0.0658518006426752,0.0910431556645656,6
MMRp,CD8-all,"(15,20]","(2.19,2.92]",17.5,2.55293413504461,4,0.240492391275681,0.183226776797149,0.298564245070795,6
MMRp,Myeloid-ISG,"(15,20]","(2.92,3.65]",17.5,3.2823438879145,3,0.0861697544161999,0.074413198010105,0.142291226414449,6
MMRp,Myeloid-noDC-noGran,"(15,20]","(2.92,3.65]",17.5,3.2823438879145,3,0.689358035329599,0.563977263278835,0.741504414490196,6
MMRp,CD8-all,"(15,20]","(2.92,3.65]",17.5,3.2823438879145,3,0.1723395088324,0.14882639602021,0.185376103622549,6
MMRp,Myeloid-ISG,"(15,20]","(3.65,4.38]",17.5,4.01175364078438,3,0.132450331125828,0.129276867958879,0.32132720637924,6
MMRp,Myeloid-noDC-noGran,"(15,20]","(3.65,4.38]",17.5,4.01175364078438,3,0.662251655629139,0.586227868630896,0.804013595784305,6
MMRp,Myeloid-noDC-noGran,"(15,20]","[0,0.729]",17.5,0.364704876434944,6,0.342514069436714,0.202907893408309,0.484725624293326,6
MMRp,Tplzf-gdlike-comb,"(15,20]","[0,0.729]",17.5,0.364704876434944,5,0.00858995833870206,0.00858663918942126,0.0157878118092832,6
MMRp,Myeloid-ISG,"(20,25]","(2.19,2.92]",22.5,2.55293413504461,3,0.0871080139372822,0.0813897996284974,0.254524471103662,6
MMRp,Myeloid-noDC-noGran,"(20,25]","(2.19,2.92]",22.5,2.55293413504461,6,0.33898691198523,0.217729290137401,0.561365502985336,6
MMRp,Tcd8-CXCL13-comb,"(20,25]","(2.19,2.92]",22.5,2.55293413504461,3,0.0871080139372822,0.0762765200576463,0.119225592288354,6
MMRp,CD8-all,"(20,25]","(2.19,2.92]",22.5,2.55293413504461,5,0.174216027874564,0.130890052356021,0.378357926598562,6
MMRp,Myeloid-noDC-noGran,"(20,25]","(2.92,3.65]",22.5,3.2823438879145,6,0.858266558847313,0.72215941209723,1.48471944831744,6
MMRp,Myeloid-noDC-noGran,"(20,25]","[0,0.729]",22.5,0.364704876434944,6,0.353126627128761,0.205570933634553,0.477118129522686,6
MMRp,Tplzf-gdlike-comb,"(20,25]","[0,0.729]",22.5,0.364704876434944,4,0.0156300812798129,0.00846292283223256,0.172862031540711,6
MMRp,Myeloid-ISG,"(25,30]","(1.46,2.19]",27.5,1.82352438217472,4,0.137959866220736,0.0683651386976195,0.271134322530262,6
MMRp,Myeloid-noDC-noGran,"(25,30]","(1.46,2.19]",27.5,1.82352438217472,6,0.152714932126697,0.110135931799522,0.298913043478261,6
MMRp,Myeloid-ISG,"(25,30]","(2.19,2.92]",27.5,2.55293413504461,3,0.273972602739726,0.183890616566861,0.372835357973637,6
MMRp,Myeloid-noDC-noGran,"(25,30]","(2.19,2.92]",27.5,2.55293413504461,6,0.312513180854604,0.232902505487851,0.447582215299657,6
MMRp,CD8-all,"(25,30]","(2.19,2.92]",27.5,2.55293413504461,3,0.0938086303939962,0.0925664156536191,0.10372249701518,6
MMRp,Tplzf-gdlike-comb,"(25,30]","(2.19,2.92]",27.5,2.55293413504461,3,0.187617260787992,0.139470730850617,0.32965768699777,6
MMRp,Myeloid-noDC-noGran,"(25,30]","(2.92,3.65]",27.5,3.2823438879145,3,0.367647058823529,0.352173697761933,0.451920044157073,6
MMRp,Myeloid-noDC-noGran,"(25,30]","(3.65,4.38]",27.5,4.01175364078438,3,0.78740157480315,0.660130627543671,2.77465316835396,6
MMRp,Myeloid-ISG,"(25,30]","[0,0.729]",27.5,0.364704876434944,6,0.0423858126540414,0.0144387117163395,0.0707065358802401,6
MMRp,Myeloid-noDC-noGran,"(25,30]","[0,0.729]",27.5,0.364704876434944,6,0.320593728975529,0.153164371277437,0.416977291479045,6
MMRp,Tcd8-CXCL13-comb,"(25,30]","[0,0.729]",27.5,0.364704876434944,4,0.0515912632277608,0.0316440428124397,0.259902837524257,6
MMRp,CD8-all,"(25,30]","[0,0.729]",27.5,0.364704876434944,4,0.125863163628144,0.0830038549822695,0.319950875955001,6
MMRp,CD8-all,"(30,35]","(1.46,2.19]",32.5,1.82352438217472,4,0.0970582901925282,0.0311366676660331,0.239941881881063,6
MMRp,Myeloid-noDC-noGran,"(30,35]","(2.19,2.92]",32.5,2.55293413504461,5,0.23094688221709,0.13550135501355,0.402010050251256,6
MMRp,Myeloid-noDC-noGran,"(30,35]","(2.92,3.65]",32.5,3.2823438879145,5,1.14942528735632,0.749531542785759,1.48514851485149,6
MMRp,Myeloid-noDC-noGran,"(30,35]","(4.38,5.11]",32.5,4.74116339365427,3,1.59362549800797,1.3649945671858,5.34226729445853,6
MMRp,Myeloid-ISG,"(30,35]","[0,0.729]",32.5,0.364704876434944,6,0.0312019537627162,0.0258903146101193,0.0335067308713912,6
MMRp,Myeloid-noDC-noGran,"(30,35]","[0,0.729]",32.5,0.364704876434944,6,0.269006526571161,0.177848266324603,0.378433422610554,6
MMRp,Myeloid-noDC-noGran,"(35,40]","(2.19,2.92]",37.5,2.55293413504461,6,0.305875771121286,0.298094756364863,0.46069706497299,6
MMRp,Myeloid-noDC-noGran,"(35,40]","(2.92,3.65]",37.5,3.2823438879145,5,1.00719424460432,0.803212851405623,1.28205128205128,6
MMRp,CD8-all,"(35,40]","(2.92,3.65]",37.5,3.2823438879145,3,0.133868808567604,0.102905627305385,0.707960045309443,6
MMRp,Myeloid-ISG,"(35,40]","[0,0.729]",37.5,0.364704876434944,6,0.0398798453856336,0.0214715714589411,0.067004115721958,6
MMRp,Myeloid-noDC-noGran,"(35,40]","[0,0.729]",37.5,0.364704876434944,6,0.344732090899462,0.169131457332711,0.479750351416576,6
MMRp,Myeloid-noDC-noGran,"(40,45]","(1.46,2.19]",42.5,1.82352438217472,5,0.337204945672537,0.181900864029104,0.453257790368272,6
MMRp,Myeloid-noDC-noGran,"(40,45]","(2.19,2.92]",42.5,2.55293413504461,6,0.320920297501094,0.303887375906266,0.354694485842027,6
MMRp,Myeloid-ISG,"(40,45]","(2.92,3.65]",42.5,3.2823438879145,3,0.347826086956522,0.220123764365507,0.538876547127896,6
MMRp,Myeloid-noDC-noGran,"(40,45]","(2.92,3.65]",42.5,3.2823438879145,4,0.988422998346143,0.823595595917383,1.15443718786016,6
MMRp,Myeloid-mregDC,"(40,45]","[0,0.729]",42.5,0.364704876434944,5,0.0227894257064722,0.0201531640467553,0.0278590332915448,6
MMRp,Myeloid-ISG,"(40,45]","[0,0.729]",42.5,0.364704876434944,6,0.0858851795064551,0.0367304973064116,0.0959193880967772,6
MMRp,Myeloid-noDC-noGran,"(40,45]","[0,0.729]",42.5,0.364704876434944,6,0.438333423445684,0.22112832377385,0.545702623485419,6
MMRp,CD8-all,"(45,50]","(1.46,2.19]",47.5,1.82352438217472,3,0.347222222222222,0.291591290440984,0.973611111111111,6
MMRp,Myeloid-noDC-noGran,"(45,50]","(2.19,2.92]",47.5,2.55293413504461,3,0.525394045534151,0.435707403389913,0.629333136424271,6
MMRp,Myeloid-noDC-noGran,"(45,50]","(2.92,3.65]",47.5,3.2823438879145,3,0.851063829787234,0.712558321323009,1.74132138857783,6
MMRp,Myeloid-noDC-noGran,"(45,50]","[0,0.729]",47.5,0.364704876434944,6,0.405059950006126,0.226439206785406,0.540205872790596,6
MMRp,Tcd4-CXCL13,"(45,50]","[0,0.729]",47.5,0.364704876434944,4,0.0198771798100751,0.0152566122340941,0.32586751504222,6
MMRp,Myeloid-ISG,"(5,10]","(1.46,2.19]",7.5,1.82352438217472,5,0.0878117316473481,0.0433275563258232,0.121829659984494,6
MMRp,Myeloid-noDC-noGran,"(5,10]","(1.46,2.19]",7.5,1.82352438217472,6,0.506145304033995,0.297535493111254,0.844421941996424,6
MMRp,Tcd4-CXCL13,"(5,10]","(1.46,2.19]",7.5,1.82352438217472,4,0.0522100482060513,0.0443375048852473,0.111148517063656,6
MMRp,Tcd8-CXCL13-comb,"(5,10]","(1.46,2.19]",7.5,1.82352438217472,5,0.105374077976818,0.0553771181747702,0.158730158730159,6
MMRp,CD8-all,"(5,10]","(1.46,2.19]",7.5,1.82352438217472,5,0.193185809624166,0.0886033890796323,0.476190476190476,6
MMRp,Myeloid-ISG,"(5,10]","(2.19,2.92]",7.5,2.55293413504461,6,0.177581992910796,0.0787480063795853,0.304579079976404,6
MMRp,Myeloid-noDC-noGran,"(5,10]","(2.19,2.92]",7.5,2.55293413504461,6,0.950146984063833,0.734769157544027,1.94970490921484,6
MMRp,Tcd4-CXCL13,"(5,10]","(2.19,2.92]",7.5,2.55293413504461,4,0.0834793004698752,0.0655077653746017,0.102147821560883,6
MMRp,Tcd4-Treg-comb,"(5,10]","(2.19,2.92]",7.5,2.55293413504461,3,0.0972526136639922,0.0882459581790643,0.106799663434672,6
MMRp,Tcd8-CXCL13-comb,"(5,10]","(2.19,2.92]",7.5,2.55293413504461,3,0.0757575757575758,0.0524221270294569,0.077498439225856,6
MMRp,CD8-all,"(5,10]","(2.19,2.92]",7.5,2.55293413504461,4,0.19461652979878,0.125792940344363,0.265548465965821,6
MMRp,Tcd8-GZMK,"(5,10]","(2.19,2.92]",7.5,2.55293413504461,3,0.0792393026941363,0.0517762280550672,0.112336347100413,6
MMRp,Tcd8-HOBIT,"(5,10]","(2.19,2.92]",7.5,2.55293413504461,4,0.0669654661801259,0.0497083058060065,0.0766280074917159,6
MMRp,Myeloid-mregDC,"(5,10]","(2.92,3.65]",7.5,3.2823438879145,4,0.182095565943631,0.117316790649863,0.800210779885577,6
MMRp,Myeloid-ISG,"(5,10]","(2.92,3.65]",7.5,3.2823438879145,5,0.441058540497193,0.2710027100271,1.16279069767442,6
MMRp,Myeloid-noDC-noGran,"(5,10]","(2.92,3.65]",7.5,3.2823438879145,6,1.2987540078737,0.993487421785213,2.46257685110933,6
MMRp,Tcd8-CXCL13-comb,"(5,10]","(2.92,3.65]",7.5,3.2823438879145,3,0.0801924619085806,0.0671965019570003,0.0807466374583553,6
MMRp,CD8-all,"(5,10]","(2.92,3.65]",7.5,3.2823438879145,3,0.24390243902439,0.162047450466485,0.284552845528455,6
MMRp,Myeloid-ISG,"(5,10]","(3.65,4.38]",7.5,4.01175364078438,3,0.80091533180778,0.580870037037911,0.952334045594839,6
MMRp,Myeloid-noDC-noGran,"(5,10]","(3.65,4.38]",7.5,4.01175364078438,5,2.57731958762887,2.05949656750572,2.64900662251656,6
MMRp,Tcd4-Treg-comb,"(5,10]","(3.65,4.38]",7.5,4.01175364078438,3,0.154639175257732,0.134527825615136,0.187694863567056,6
MMRp,CD8-all,"(5,10]","(3.65,4.38]",7.5,4.01175364078438,3,0.22075055187638,0.161921667690767,0.62524941781462,6
MMRp,Myeloid-ISG,"(5,10]","(4.38,5.11]",7.5,4.74116339365427,3,0.841514726507714,0.612328244479911,1.02681796931446,6
MMRp,Myeloid-noDC-noGran,"(5,10]","(4.38,5.11]",7.5,4.74116339365427,3,1.81818181818182,1.10066179031696,2.17136299885248,6
MMRp,Myeloid-ISG,"(5,10]","[0,0.729]",7.5,0.364704876434944,6,0.108524479831157,0.0929147734737571,0.224481301300023,6
MMRp,Myeloid-noDC-noGran,"(5,10]","[0,0.729]",7.5,0.364704876434944,6,0.89682800845945,0.654136098828015,1.18331008700958,6
MMRp,Tplzf-gdlike-comb,"(5,10]","[0,0.729]",7.5,0.364704876434944,6,0.0421109280867202,0.0103093834537318,0.0857125497770292,6
MMRp,Myeloid-noDC-noGran,"(50,55]","(1.46,2.19]",52.5,1.82352438217472,4,0.378230431375484,0.151080922892631,0.684552902294838,6
MMRp,CD8-all,"(50,55]","(2.19,2.92]",52.5,2.55293413504461,3,0.350467289719626,0.282760526580243,0.554021523647692,6
MMRp,Myeloid-ISG,"(50,55]","[0,0.729]",52.5,0.364704876434944,6,0.0427380606299361,0.0259150952403008,0.143493206698194,6
MMRp,Myeloid-noDC-noGran,"(50,55]","[0,0.729]",52.5,0.364704876434944,6,0.382428452871122,0.190459763429158,0.521090524035445,6
MMRp,Myeloid-noDC-noGran,"(55,60]","(2.19,2.92]",57.5,2.55293413504461,3,0.638297872340426,0.602836879432624,0.730107840279802,6
MMRp,Myeloid-noDC-noGran,"(55,60]","(2.92,3.65]",57.5,3.2823438879145,3,1.28913443830571,1.16540055248619,1.97790055248619,6
MMRp,Myeloid-ISG,"(55,60]","[0,0.729]",57.5,0.364704876434944,5,0.0537598279685505,0.0420698359276399,0.0676742612226483,6
MMRp,Myeloid-noDC-noGran,"(55,60]","[0,0.729]",57.5,0.364704876434944,6,0.457628441493422,0.304641559083663,0.623249007970872,6
MMRp,Myeloid-noDC-noGran,"(60,65]","(2.19,2.92]",62.5,2.55293413504461,5,0.526315789473684,0.314465408805031,0.543478260869565,6
MMRp,Myeloid-noDC-noGran,"(60,65]","(2.92,3.65]",62.5,3.2823438879145,4,1.75095785440613,1.39640923339983,1.94308943089431,6
MMRp,Myeloid-ISG,"(60,65]","[0,0.729]",62.5,0.364704876434944,4,0.088405972960259,0.0288772210932656,0.468089602704987,6
MMRp,Myeloid-noDC-noGran,"(60,65]","[0,0.729]",62.5,0.364704876434944,6,0.408940665267653,0.352769284796077,0.48126379278511,6
MMRp,Myeloid-noDC-noGran,"(65,70]","(2.19,2.92]",67.5,2.55293413504461,4,0.43065483640679,0.416510553265892,0.508016332193023,6
MMRp,Myeloid-ISG,"(65,70]","[0,0.729]",67.5,0.364704876434944,5,0.118764845605701,0.0386070573700873,0.129087779690189,6
MMRp,Myeloid-noDC-noGran,"(65,70]","[0,0.729]",67.5,0.364704876434944,6,0.398654434891462,0.350190899594369,0.594332757079665,6
MMRp,Myeloid-ISG,"(70,75]","[0,0.729]",72.5,0.364704876434944,4,0.0886620628015965,0.0229236883046243,0.499031860587925,6
MMRp,Myeloid-noDC-noGran,"(70,75]","[0,0.729]",72.5,0.364704876434944,6,0.379442013968839,0.309548994859856,0.440148652723822,6
MMRp,Myeloid-ISG,"(75,80]","[0,0.729]",77.5,0.364704876434944,6,0.0616106052326004,0.0466258017268214,0.0885577252483727,6
MMRp,Myeloid-noDC-noGran,"(75,80]","[0,0.729]",77.5,0.364704876434944,6,0.421188515026488,0.233694007344218,0.825952242269954,6
MMRp,Myeloid-noDC-noGran,"(80,85]","(2.19,2.92]",82.5,2.55293413504461,5,0.444444444444444,0.401606425702811,0.571428571428571,6
MMRp,Myeloid-noDC-noGran,"(80,85]","(2.92,3.65]",82.5,3.2823438879145,4,1.88471940500338,1.23521630874572,2.61699507389163,6
MMRp,Myeloid-ISG,"(80,85]","[0,0.729]",82.5,0.364704876434944,6,0.0884256553455852,0.0617517858897169,0.140105410836841,6
MMRp,Myeloid-noDC-noGran,"(80,85]","[0,0.729]",82.5,0.364704876434944,6,0.644233356097763,0.366064976365169,0.70081143593827,6
MMRp,Myeloid-ISG,"(85,90]","[0,0.729]",87.5,0.364704876434944,6,0.0903297050007888,0.0435171972405718,0.237693006357857,6
MMRp,Myeloid-noDC-noGran,"(85,90]","[0,0.729]",87.5,0.364704876434944,6,0.529066328686101,0.292173686947478,0.658765680237691,6
MMRp,Tplzf-gdlike-comb,"(85,90]","[0,0.729]",87.5,0.364704876434944,3,0.0666666666666667,0.0382085283411337,0.682683982683983,6
MMRp,Myeloid-noDC-noGran,"(90,95]","[0,0.729]",92.5,0.364704876434944,6,0.414928777650722,0.249406349055812,0.713882241796637,6
MMRp,Myeloid-noDC-noGran,"(95,100]","[0,0.729]",97.5,0.364704876434944,6,0.450222266045472,0.311934906251263,0.494629714747725,6
MMRp,Myeloid-ISG,"[-100,-95]","(1.46,2.19]",-97.5,1.82352438217472,3,1.8348623853211,1.41743119266055,5.08409785932722,6
MMRp,Myeloid-noDC-noGran,"[-100,-95]","(1.46,2.19]",-97.5,1.82352438217472,4,13.545871559633,8.530345800988,19,6
MMRp,Myeloid-ISG,"[-100,-95]","(2.19,2.92]",-97.5,2.55293413504461,3,2.32558139534884,2.29915433403806,6.06475148198815,6
MMRp,Myeloid-noDC-noGran,"[-100,-95]","(2.19,2.92]",-97.5,2.55293413504461,4,13.2267441860465,10.3183962264151,16.8376652986776,6
MMRp,Myeloid-ISG,"[-100,-95]","(2.92,3.65]",-97.5,3.2823438879145,3,3.6231884057971,2.72068511198946,3.98550724637681,6
MMRp,Myeloid-noDC-noGran,"[-100,-95]","(2.92,3.65]",-97.5,3.2823438879145,4,14.8550724637681,10.2807971014493,17.8162055335968,6
MMRp,Tcd4-Treg-comb,"[-100,-95]","(2.92,3.65]",-97.5,3.2823438879145,3,2.17391304347826,1.54150197628459,2.89855072463768,6
MMRp,Tcd8-CXCL13-comb,"[-100,-95]","(2.92,3.65]",-97.5,3.2823438879145,3,0.909090909090909,0.816864295125165,1.54150197628459,6
MMRp,CD8-all,"[-100,-95]","(2.92,3.65]",-97.5,3.2823438879145,4,2.1286231884058,2.01704545454545,2.17391304347826,6
MMRp,Myeloid-ISG,"[-100,-95]","(3.65,4.38]",-97.5,4.01175364078438,3,4.05405405405405,2.86036036036036,7.02702702702703,6
MMRp,Myeloid-noDC-noGran,"[-100,-95]","(3.65,4.38]",-97.5,4.01175364078438,4,12.5,10,15.3040540540541,6
MMRp,Myeloid-ISG,"[-100,-95]","(4.38,5.11]",-97.5,4.74116339365427,3,9.09090909090909,6.3973063973064,11.6883116883117,6
MMRp,Myeloid-noDC-noGran,"[-100,-95]","(4.38,5.11]",-97.5,4.74116339365427,3,22.2222222222222,18.2539682539683,33.8383838383838,6
MMRp,Myeloid-mregDC,"[-100,-95]","[0,0.729]",-97.5,0.364704876434944,4,0.426774483378257,0.301441859818412,0.579275328871452,6
MMRp,Myeloid-ISG,"[-100,-95]","[0,0.729]",-97.5,0.364704876434944,4,1.41417990063096,1.03328652271242,2.14522912018873,6
MMRp,Myeloid-noDC-noGran,"[-100,-95]","[0,0.729]",-97.5,0.364704876434944,5,10.377358490566,6.37435519528371,14.7011308562197,6
MMRp,Tcd4-Treg-comb,"[-100,-95]","[0,0.729]",-97.5,0.364704876434944,5,0.568181818181818,0.476190476190476,1.50943396226415,6
MMRp,Tcd8-CXCL13-comb,"[-100,-95]","[0,0.729]",-97.5,0.364704876434944,3,0.484652665589661,0.32169141215991,0.526417241885739,6
MMRp,CD8-all,"[-100,-95]","[0,0.729]",-97.5,0.364704876434944,5,0.566037735849057,0.158730158730159,0.568181818181818,6
MMRp,Myeloid-mregDC,"(-10,-5]","(0.729,1.46]",-7.5,1.09411462930483,5,0.347372991749891,0.297619047619048,0.566223535204333,6
MMRp,Myeloid-ISG,"(-10,-5]","(0.729,1.46]",-7.5,1.09411462930483,5,1.55096011816839,0.512618296529969,2.57234726688103,6
MMRp,Myeloid-noDC-noGran,"(-10,-5]","(0.729,1.46]",-7.5,1.09411462930483,5,14.9433776464796,12.7760252365931,19.8002605297438,6
MMRp,Tcd4-Treg-comb,"(-10,-5]","(0.729,1.46]",-7.5,1.09411462930483,5,1.89561792220581,0.446428571428571,2.43161094224924,6
MMRp,Tcd8-GZMK,"(-10,-5]","(0.729,1.46]",-7.5,1.09411462930483,5,0.148809523809524,0.0394321766561514,0.173686495874946,6
MMRp,CD8-all,"(-10,-5]","(0.729,1.46]",-7.5,1.09411462930483,5,0.270802560315116,0.148809523809524,0.694745983499783,6
MMRp,Tcd4-CXCL13,"(-10,-5]","(1.46,2.19]",-7.5,1.82352438217472,5,0.173122700714131,0.170068027210884,0.248708628276258,6
MMRp,Tcd8-CXCL13-comb,"(-10,-5]","(1.46,2.19]",-7.5,1.82352438217472,5,0.281324388660463,0.0503524672708963,0.296537210637077,6
MMRp,Tplzf-gdlike-comb,"(-10,-5]","(1.46,2.19]",-7.5,1.82352438217472,4,0.219213877826163,0.179552286380121,0.267782551617138,6
MMRp,Tcd4-CXCL13,"(-10,-5]","(2.92,3.65]",-7.5,3.2823438879145,3,0.501392757660167,0.383181805433157,0.50710663524034,6
MMRp,Tcd8-CXCL13-LAG3,"(-10,-5]","[0,0.729]",-7.5,0.364704876434944,4,0.0582124101497173,0.0490825856152691,0.0605066699181198,6
MMRp,CD8-all,"(-10,-5]","[0,0.729]",-7.5,0.364704876434944,5,0.509672188115371,0.112892300745089,0.585075261954151,6
MMRp,Tcd8-CXCL13-comb,"(-10,-5]","[0,0.729]",-7.5,0.364704876434944,5,0.220085717595274,0.0242918913666618,0.287218764959311,6
MMRp,Tcd8-GZMK,"(-10,-5]","[0,0.729]",-7.5,0.364704876434944,5,0.0695007529248234,0.0451569202980357,0.0851018562842402,6
MMRp,Tcd8-HOBIT,"(-10,-5]","[0,0.729]",-7.5,0.364704876434944,5,0.11701505239083,0.0145751348199971,0.127418047028843,6
MMRp,Myeloid-mregDC,"(-15,-10]","(0.729,1.46]",-12.5,1.09411462930483,5,0.601131541725601,0.588235294117647,0.825763831544178,6
MMRp,Myeloid-ISG,"(-15,-10]","(0.729,1.46]",-12.5,1.09411462930483,5,1.53846153846154,0.875420875420875,1.55586987270156,6
MMRp,Myeloid-noDC-noGran,"(-15,-10]","(0.729,1.46]",-12.5,1.09411462930483,5,13.6492220650636,12.5925925925926,16.7630057803468,6
MMRp,Tcd4-Treg-comb,"(-15,-10]","(0.729,1.46]",-12.5,1.09411462930483,5,1.94483734087694,0.588235294117647,2.30769230769231,6
MMRp,Tcd8-CXCL13-comb,"(-15,-10]","(0.729,1.46]",-12.5,1.09411462930483,3,0.247729149463254,0.17690559311918,0.41798222179045,6
MMRp,CD8-all,"(-15,-10]","(0.729,1.46]",-12.5,1.09411462930483,4,0.500558604944868,0.36270245521662,0.82579185520362,6
MMRp,Tcd8-CXCL13-comb,"(-15,-10]","(1.46,2.19]",-12.5,1.82352438217472,4,0.206488801604101,0.1670904762063,0.355823432101722,6
MMRp,CD8-all,"(-15,-10]","(1.46,2.19]",-12.5,1.82352438217472,5,0.445103857566766,0.223964165733483,0.610705304753922,6
MMRp,Tcd8-GZMK,"(-15,-10]","(1.46,2.19]",-12.5,1.82352438217472,5,0.111982082866741,0.0957969105496348,0.148367952522255,6
MMRp,Tplzf-gdlike-comb,"(-15,-10]","(1.46,2.19]",-12.5,1.82352438217472,4,0.111629023629216,0.110399854385853,0.145714957211784,6
MMRp,Tcd4-CXCL13,"(-15,-10]","(2.19,2.92]",-12.5,2.55293413504461,5,0.423429781227946,0.251889168765743,0.454959053685168,6
MMRp,Tplzf-gdlike-comb,"(-15,-10]","(2.19,2.92]",-12.5,2.55293413504461,3,0.11761938367443,0.104305597205732,0.184754276220086,6
MMRp,Tcd4-CXCL13,"(-15,-10]","[0,0.729]",-12.5,0.364704876434944,5,0.102564102564103,0.099274532264223,0.312413218550403,6
MMRp,Tcd8-GZMK,"(-15,-10]","[0,0.729]",-12.5,0.364704876434944,5,0.0568936089512611,0.0381825124093165,0.118022771452374,6
MMRp,Tplzf-gdlike-comb,"(-15,-10]","[0,0.729]",-12.5,0.364704876434944,5,0.0568936089512611,0.0512820512820513,0.076367675645654,6
MMRp,Myeloid-noDC-noGran,"(-20,-15]","(0.729,1.46]",-17.5,1.09411462930483,5,12.2720551996057,9.25925925925926,13.5111111111111,6
MMRp,Tcd4-Treg-comb,"(-20,-15]","(0.729,1.46]",-17.5,1.09411462930483,5,2.26712666338098,1.85185185185185,2.35294117647059,6
MMRp,Tcd4-CXCL13,"(-20,-15]","(1.46,2.19]",-17.5,1.82352438217472,5,0.267094017094017,0.20703933747412,0.277291301809691,6
MMRp,Tcd8-GZMK,"(-20,-15]","(1.46,2.19]",-17.5,1.82352438217472,5,0.116754232340922,0.115606936416185,0.20703933747412,6
MMRp,CD8-all,"(-20,-15]","(1.46,2.19]",-17.5,1.82352438217472,5,0.427350427350427,0.20703933747412,0.467016929363689,6
MMRp,Tcd8-HOBIT,"(-20,-15]","(2.19,2.92]",-17.5,2.55293413504461,3,0.214765100671141,0.199690242643263,0.313143867207998,6
MMRp,Tcd4-CXCL13,"(-20,-15]","[0,0.729]",-17.5,0.364704876434944,5,0.117735202825645,0.0825991189427313,0.388301387970919,6
MMRp,Tplzf-gdlike-comb,"(-20,-15]","[0,0.729]",-17.5,0.364704876434944,5,0.11566424322538,0.0461467466543609,0.137080191912269,6
MMRp,Tcd4-CXCL13,"(-25,-20]","(1.46,2.19]",-22.5,1.82352438217472,5,0.499286733238231,0.243605359317905,0.75187969924812,6
MMRp,Tcd8-CXCL13-comb,"(-25,-20]","(1.46,2.19]",-22.5,1.82352438217472,5,0.313206890551592,0.285306704707561,0.390625,6
MMRp,CD8-all,"(-25,-20]","(1.46,2.19]",-22.5,1.82352438217472,5,0.390625,0.356633380884451,0.643814163911606,6
MMRp,Tcd4-CXCL13,"(-25,-20]","(2.92,3.65]",-22.5,3.2823438879145,3,1.26291618828932,0.849957729978602,1.65186625740997,6
MMRp,Tcd4-Treg-comb,"(-30,-25]","(1.46,2.19]",-27.5,1.82352438217472,5,2.51865671641791,1.96078431372549,2.66666666666667,6
MMRp,Tcd8-CXCL13-comb,"(-30,-25]","[0,0.729]",-27.5,0.364704876434944,5,0.182982616651418,0.166736140058358,0.280504908835905,6
MMRp,Tcd4-Treg-comb,"(-35,-30]","(1.46,2.19]",-32.5,1.82352438217472,4,1.31236623220167,1.03607273804674,1.96354551202803,6
MMRp,Myeloid-mregDC,"(-35,-30]","[0,0.729]",-32.5,0.364704876434944,5,0.334288443170965,0.318809776833156,0.815047021943574,6
MMRp,Tcd4-CXCL13,"(-40,-35]","[0,0.729]",-37.5,0.364704876434944,5,0.228050171037628,0.0927127758205081,0.31700288184438,6
MMRp,Myeloid-mregDC,"(-5,0]","(0.729,1.46]",-2.5,1.09411462930483,5,0.402446877012234,0.276520864756159,0.520720329789542,6
MMRp,Myeloid-ISG,"(-5,0]","(0.729,1.46]",-2.5,1.09411462930483,5,1.54539600772698,0.930115635997989,1.7791277934476,6
MMRp,Myeloid-noDC-noGran,"(-5,0]","(0.729,1.46]",-2.5,1.09411462930483,5,10.3026400515132,8.77325289089995,14.0594489043176,6
MMRp,Tcd4-CXCL13,"(-5,0]","(0.729,1.46]",-2.5,1.09411462930483,5,0.168067226890756,0.128783000643915,0.226757369614512,6
MMRp,Tcd4-Treg-comb,"(-5,0]","(0.729,1.46]",-2.5,1.09411462930483,5,1.2073406310367,0.736961451247166,1.68067226890756,6
MMRp,Tcd8-CXCL13-comb,"(-5,0]","(0.729,1.46]",-2.5,1.09411462930483,5,0.144880875724404,0.113378684807256,0.325450206118464,6
MMRp,CD8-all,"(-5,0]","(0.729,1.46]",-2.5,1.09411462930483,5,0.305859626529298,0.113378684807256,0.846170535908006,6
MMRp,Tplzf-gdlike-comb,"(-5,0]","(0.729,1.46]",-2.5,1.09411462930483,5,0.113378684807256,0.0643915003219575,0.151876762855283,6
MMRp,Tcd4-CXCL13,"(-5,0]","(1.46,2.19]",-2.5,1.82352438217472,5,0.201971239295524,0.0742023250061835,0.2910784456411,6
MMRp,Tcd4-Treg-comb,"(-5,0]","(1.46,2.19]",-2.5,1.82352438217472,5,1.26030053320407,0.519416275043285,1.586377528744,6
MMRp,Tcd8-CXCL13-comb,"(-5,0]","(1.46,2.19]",-2.5,1.82352438217472,5,0.242365487154629,0.123670541676973,0.26197060107699,6
MMRp,CD8-all,"(-5,0]","(1.46,2.19]",-2.5,1.82352438217472,5,0.525125222168363,0.173138758347762,0.654926502692476,6
MMRp,Tcd8-CXCL13-LAG3,"(-5,0]","(1.46,2.19]",-2.5,1.82352438217472,4,0.0449312322649469,0.0354397188161393,0.0698474876377156,6
MMRp,Tplzf-gdlike-comb,"(-5,0]","(1.46,2.19]",-2.5,1.82352438217472,5,0.14553922282055,0.0484730974309258,0.148404650012367,6
MMRp,Tcd4-Treg-comb,"(-5,0]","(2.19,2.92]",-2.5,2.55293413504461,5,0.571895424836601,0.542005420054201,1.28842260261366,6
MMRp,Tcd4-CXCL13,"(-5,0]","[0,0.729]",-2.5,0.364704876434944,5,0.142797144057119,0.0801228550444014,0.182918249613058,6
MMRp,Tcd8-CXCL13-comb,"(-5,0]","[0,0.729]",-2.5,0.364704876434944,5,0.182918249613058,0.0867997596314349,0.268794624107518,6
MMRp,CD8-all,"(-5,0]","[0,0.729]",-2.5,0.364704876434944,5,0.431499460625674,0.21366094678507,0.621587568248635,6
MMRp,Tcd8-CXCL13-LAG3,"(-5,0]","[0,0.729]",-2.5,0.364704876434944,5,0.0333845229351673,0.0310077519379845,0.0797335959851789,6
MMRp,Tcd8-GZMK,"(-5,0]","[0,0.729]",-2.5,0.364704876434944,5,0.0703531729280991,0.0400614275222007,0.0755984880302394,6
MMRp,Tcd8-HOBIT,"(-5,0]","[0,0.729]",-2.5,0.364704876434944,5,0.0844238075137189,0.0400614275222007,0.142797144057119,6
MMRp,Tplzf-gdlike-comb,"(-5,0]","[0,0.729]",-2.5,0.364704876434944,5,0.0609727498710192,0.0400614275222007,0.109197816043679,6
MMRp,Tcd4-CXCL13,"(-55,-50]","[0,0.729]",-52.5,0.364704876434944,4,0.275038184444986,0.162302264826281,0.396253734352376,6
MMRp,CD8-all,"(-60,-55]","[0,0.729]",-57.5,0.364704876434944,4,0.394758059514507,0.193509732163099,0.632426592948631,6
MMRp,Tcd4-CXCL13,"(-65,-60]","[0,0.729]",-62.5,0.364704876434944,4,0.274293494038621,0.216709976659541,0.319305226647017,6
MMRp,Tcd4-Treg-comb,"(-70,-65]","(2.19,2.92]",-67.5,2.55293413504461,4,2.7733215470578,1.34849743802797,4.34405193236715,6
MMRp,Myeloid-mregDC,"(0,5]","(0.729,1.46]",2.5,1.09411462930483,4,0.0620811298153138,0.0460791732893285,0.155850228325291,6
MMRp,Tcd4-Treg-comb,"(0,5]","(0.729,1.46]",2.5,1.09411462930483,5,0.218204488778055,0.0912408759124088,0.229226361031519,6
MMRp,Myeloid-mregDC,"(0,5]","(1.46,2.19]",2.5,1.82352438217472,4,0.0402372630566721,0.0395305038210514,0.0841704288273246,6
MMRp,Myeloid-ISG,"(0,5]","(1.46,2.19]",2.5,1.82352438217472,5,0.218733916623778,0.0609508329947176,0.350011932224962,6
MMRp,Tcd4-CXCL13,"(0,5]","(1.46,2.19]",2.5,1.82352438217472,4,0.0613393395867205,0.0228784171245968,0.112710774870367,6
MMRp,Tcd8-CXCL13-comb,"(0,5]","[0,0.729]",2.5,0.364704876434944,5,0.0361729064930367,0.0208298616897184,0.0648845055800675,6
MMRp,Tcd8-HOBIT,"(0,5]","[0,0.729]",2.5,0.364704876434944,5,0.00904322662325918,0.00833194467588735,0.0650336006936917,6
MMRp,Tplzf-gdlike-comb,"(0,5]","[0,0.729]",2.5,0.364704876434944,5,0.0249958340276621,0.0162223544043692,0.0433557337957945,6
MMRp,Myeloid-noDC-noGran,"(10,15]","(0.729,1.46]",12.5,1.09411462930483,5,0.185228062051401,0.103412616339193,0.18796992481203,6
MMRp,Tcd4-Treg-comb,"(10,15]","(1.46,2.19]",12.5,1.82352438217472,3,0.0391134289439374,0.0316281775332917,0.0445900923090849,6
MMRp,CD8-all,"(10,15]","(1.46,2.19]",12.5,1.82352438217472,3,0.0260756192959583,0.0251092727093022,0.0797934838802889,6
MMRp,Myeloid-ISG,"(10,15]","(2.19,2.92]",12.5,2.55293413504461,4,0.109365338418132,0.0856550919171287,0.145165600462174,6
MMRp,Myeloid-mregDC,"(10,15]","[0,0.729]",12.5,0.364704876434944,5,0.0243664717348928,0.0131078778345786,0.02553463134376,6
MMRp,Myeloid-ISG,"(10,15]","[0,0.729]",12.5,0.364704876434944,5,0.05106926268752,0.0285423037716616,0.0769467528470299,6
MMRp,Tcd8-HOBIT,"(10,15]","[0,0.729]",12.5,0.364704876434944,5,0.00655393891728929,0.00638365783593999,0.0243664717348928,6
MMRp,Myeloid-noDC-noGran,"(15,20]","(0.729,1.46]",17.5,1.09411462930483,5,0.197775030902349,0.0697999069334574,0.205338809034908,6
MMRp,CD8-all,"(15,20]","(0.729,1.46]",17.5,1.09411462930483,3,0.410677618069815,0.229528455866064,0.415474779368653,6
MMRp,Tcd8-CXCL13-comb,"(15,20]","(1.46,2.19]",17.5,1.82352438217472,3,0.0237925291458482,0.0207239481887433,0.0485598759386436,6
MMRp,CD8-all,"(15,20]","(1.46,2.19]",17.5,1.82352438217472,3,0.0529661016949153,0.0502755799933058,0.173137496310336,6
MMRp,Tplzf-gdlike-comb,"(15,20]","(1.46,2.19]",17.5,1.82352438217472,3,0.073327222731439,0.0485598759386436,0.124076198778307,6
MMRp,Myeloid-ISG,"(15,20]","(2.19,2.92]",17.5,2.55293413504461,4,0.212017937696448,0.147954236310678,0.287402244840354,6
MMRp,Myeloid-mregDC,"(15,20]","[0,0.729]",17.5,0.364704876434944,4,0.020638854302145,0.00801826453089386,0.0363566715561534,6
MMRp,Tcd4-CXCL13,"(15,20]","[0,0.729]",17.5,0.364704876434944,3,0.0157878118092832,0.0110454974583763,0.0250671842834841,6
MMRp,Tcd4-Treg-comb,"(15,20]","[0,0.729]",17.5,0.364704876434944,5,0.0315159155373464,0.0128849375080531,0.0601064743259488,6
MMRp,Tcd8-CXCL13-LAG3,"(15,20]","[0,0.729]",17.5,0.364704876434944,4,0.00723756033693313,0.00580113212293971,0.0104222727695084,6
MMRp,CD8-all,"(15,20]","[0,0.729]",17.5,0.364704876434944,5,0.0214748958467551,0.0126063662149385,0.0944530310836339,6
MMRp,Tcd8-GZMK,"(15,20]","[0,0.729]",17.5,0.364704876434944,3,0.0257599175682638,0.0160315503378665,0.0286677705934151,6
MMRp,Myeloid-noDC-noGran,"(20,25]","(1.46,2.19]",22.5,1.82352438217472,4,0.207916002586219,0.169574239134008,0.305076463467454,6
MMRp,Tcd8-CXCL13-LAG3,"(20,25]","(2.19,2.92]",22.5,2.55293413504461,3,0.0756715853197125,0.0705583057488615,0.0885972139796532,6
MMRp,Myeloid-mregDC,"(20,25]","[0,0.729]",22.5,0.364704876434944,5,0.0132896252325684,0.0130386596257905,0.0297412511152969,6
MMRp,Myeloid-ISG,"(20,25]","[0,0.729]",22.5,0.364704876434944,5,0.0364431486880466,0.0260773192515809,0.0622277535780958,6
MMRp,Tcd4-CXCL13,"(20,25]","[0,0.729]",22.5,0.364704876434944,3,0.0182215743440233,0.0123704520784593,0.0324461947637976,6
MMRp,Tcd4-Treg-comb,"(20,25]","[0,0.729]",22.5,0.364704876434944,4,0.0322892367019178,0.00906514523204804,0.0604447152672074,6
MMRp,Tcd8-CXCL13-comb,"(20,25]","[0,0.729]",22.5,0.364704876434944,5,0.0221493753876141,0.00991375037176564,0.05466472303207,6
MMRp,CD8-all,"(20,25]","[0,0.729]",22.5,0.364704876434944,5,0.0310091255426597,0.0297412511152969,0.100218658892128,6
MMRp,Tcd8-HOBIT,"(25,30]","(1.46,2.19]",27.5,1.82352438217472,4,0.0272888530117898,0.0261199558005593,0.0274371023255588,6
MMRp,CD8-all,"(25,30]","(1.46,2.19]",27.5,1.82352438217472,5,0.0557413600891862,0.054585152838428,0.0904977375565611,6
MMRp,Myeloid-mregDC,"(25,30]","[0,0.729]",27.5,0.364704876434944,5,0.0195656427313637,0.00700721743395698,0.0244887963756581,6
MMRp,Tcd4-Treg-comb,"(25,30]","[0,0.729]",27.5,0.364704876434944,5,0.014014434867914,0.0122443981878291,0.0160128102481986,6
MMRp,Tplzf-gdlike-comb,"(25,30]","[0,0.729]",27.5,0.364704876434944,4,0.0157480069048076,0.00640320243316481,0.0503922177781407,6
MMRp,Myeloid-noDC-noGran,"(30,35]","(0.729,1.46]",32.5,1.09411462930483,3,0.10826416456153,0.0841260834805251,0.233988197388679,6
MMRp,Myeloid-noDC-noGran,"(30,35]","(1.46,2.19]",32.5,1.82352438217472,5,0.223713646532438,0.188560653676933,0.432432432432432,6
MMRp,Tcd8-CXCL13-comb,"(30,35]","(1.46,2.19]",32.5,1.82352438217472,3,0.0302663438256659,0.0286906556438525,0.030846559719244,6
MMRp,Myeloid-mregDC,"(30,35]","[0,0.729]",32.5,0.364704876434944,4,0.0159695847633544,0.0131066880903187,0.018103403236754,6
MMRp,Tcd4-Treg-comb,"(30,35]","[0,0.729]",32.5,0.364704876434944,4,0.0435342850922471,0.0204504418377709,0.0655390302147972,6
MMRp,CD8-all,"(30,35]","[0,0.729]",32.5,0.364704876434944,5,0.0216006048169349,0.0148445038224597,0.03000300030003,6
MMRp,Tcd8-HOBIT,"(30,35]","[0,0.729]",32.5,0.364704876434944,4,0.0187126261056299,0.00679265990242985,0.0352055022575428,6
MMRp,Tplzf-gdlike-comb,"(30,35]","[0,0.729]",32.5,0.364704876434944,4,0.0182225543196973,0.0148112907738672,0.0458413750219153,6
MMRp,Myeloid-noDC-noGran,"(35,40]","(1.46,2.19]",37.5,1.82352438217472,5,0.275482093663912,0.109449106165633,0.347331859804231,6
MMRp,Tcd8-CXCL13-LAG3,"(35,40]","(1.46,2.19]",37.5,1.82352438217472,3,0.0364830353885443,0.0340293295035554,0.140192737206467,6
MMRp,CD8-all,"(35,40]","(1.46,2.19]",37.5,1.82352438217472,5,0.0918273645546373,0.0729660707770887,0.252604988948532,6
MMRp,Tcd8-HOBIT,"(35,40]","(1.46,2.19]",37.5,1.82352438217472,3,0.0918273645546373,0.0641551999715908,0.167864901789514,6
MMRp,Myeloid-mregDC,"(35,40]","[0,0.729]",37.5,0.364704876434944,4,0.0182882444047939,0.0162812451198685,0.0200332254095187,6
MMRp,Tcd4-CXCL13,"(35,40]","[0,0.729]",37.5,0.364704876434944,4,0.0173598101999121,0.00984100128847796,0.0274535338079721,6
MMRp,Tcd8-CXCL13-comb,"(35,40]","[0,0.729]",37.5,0.364704876434944,3,0.0252079657171666,0.024803568072686,0.0309122948322193,6
MMRp,CD8-all,"(35,40]","[0,0.729]",37.5,0.364704876434944,5,0.0252079657171666,0.0182681768359518,0.0549249359209081,6
MMRp,Myeloid-ISG,"(40,45]","(2.19,2.92]",42.5,2.55293413504461,4,0.160460148750547,0.136522273476229,0.267459490192362,6
MMRp,Tcd4-Treg-comb,"(40,45]","[0,0.729]",42.5,0.364704876434944,3,0.0201531640467553,0.0147966802014198,0.0240060986691501,6
MMRp,Tcd8-CXCL13-comb,"(40,45]","[0,0.729]",42.5,0.364704876434944,3,0.0557180665830896,0.0325791314695869,0.0681653613850555,6
MMRp,CD8-all,"(40,45]","[0,0.729]",42.5,0.364704876434944,3,0.125365649811952,0.07212302126206,0.153372063116375,6
MMRp,Myeloid-noDC-noGran,"(45,50]","(0.729,1.46]",47.5,1.09411462930483,5,0.128205128205128,0.116686114352392,0.214362272240086,6
MMRp,Myeloid-noDC-noGran,"(45,50]","(1.46,2.19]",47.5,1.82352438217472,4,0.206700490264479,0.0755268744207152,0.384798313945904,6
MMRp,Myeloid-mregDC,"(45,50]","[0,0.729]",47.5,0.364704876434944,3,0.0229673863114378,0.0168164576608383,0.0550124221168332,6
MMRp,Myeloid-ISG,"(45,50]","[0,0.729]",47.5,0.364704876434944,5,0.0229673863114378,0.0118462358585559,0.0503609199261373,6
MMRp,Tcd4-Treg-comb,"(45,50]","[0,0.729]",47.5,0.364704876434944,4,0.0458061259494553,0.0278468422156284,0.0607542686946927,6
MMRp,CD8-all,"(45,50]","[0,0.729]",47.5,0.364704876434944,5,0.0290191526407429,0.0106655290102389,0.0671478932348498,6
MMRp,Tplzf-gdlike-comb,"(45,50]","[0,0.729]",47.5,0.364704876434944,4,0.0261628404421901,0.0152566122340941,0.0438795704153292,6
MMRp,Myeloid-noDC-noGran,"(5,10]","(0.729,1.46]",7.5,1.09411462930483,5,0.412654745529574,0.297136682874122,0.428265524625268,6
MMRp,Myeloid-mregDC,"(5,10]","(1.46,2.19]",7.5,1.82352438217472,4,0.0651075022165436,0.0459819114192684,0.0978285137660484,6
MMRp,Tcd4-Treg-comb,"(5,10]","(1.46,2.19]",7.5,1.82352438217472,4,0.109013368040218,0.0710792384394321,0.145056617659357,6
MMRp,Myeloid-mregDC,"(5,10]","[0,0.729]",7.5,0.364704876434944,5,0.0423944378497541,0.0268654711532004,0.0764901928645577,6
MMRp,Tcd4-CXCL13,"(5,10]","[0,0.729]",7.5,0.364704876434944,4,0.00759762767912546,0.00640317214237788,0.0139985850815884,6
MMRp,Tcd4-Treg-comb,"(5,10]","[0,0.729]",7.5,0.364704876434944,5,0.0874173632737803,0.0470145745181006,0.0916730328495034,6
MMRp,CD8-all,"(5,10]","[0,0.729]",7.5,0.364704876434944,5,0.0600994372507239,0.020705648500911,0.161098863829066,6
MMRp,Tcd8-HOBIT,"(5,10]","[0,0.729]",7.5,0.364704876434944,5,0.0273179260230563,0.00828225940036442,0.0423944378497541,6
MMRp,Myeloid-noDC-noGran,"(50,55]","(0.729,1.46]",52.5,1.09411462930483,4,0.199940148879662,0.129229371813133,0.28174336817287,6
MMRp,Myeloid-mregDC,"(50,55]","[0,0.729]",52.5,0.364704876434944,4,0.0235643681852688,0.0125595846442517,0.0393542598151903,6
MMRp,Tcd8-HOBIT,"(50,55]","[0,0.729]",52.5,0.364704876434944,4,0.0451149365854331,0.0285498752650767,0.0552995406298432,6
MMRp,CD8-all,"(50,55]","[0,0.729]",52.5,0.364704876434944,4,0.105468097845491,0.0333321235594081,0.185535170771737,6
MMRp,Tplzf-gdlike-comb,"(50,55]","[0,0.729]",52.5,0.364704876434944,5,0.0271444082519001,0.0194439043359907,0.0343760742523204,6
MMRp,Myeloid-noDC-noGran,"(55,60]","(1.46,2.19]",57.5,1.82352438217472,4,0.21197698635272,0.177809424761629,0.228133688279753,6
MMRp,CD8-all,"(55,60]","[0,0.729]",57.5,0.364704876434944,3,0.0130753138075314,0.0098976461518001,0.119328092274846,6
MMRp,Tplzf-gdlike-comb,"(55,60]","[0,0.729]",57.5,0.364704876434944,3,0.0225580870742161,0.0178167004408737,0.0280789897772801,6
MMRp,Myeloid-noDC-noGran,"(60,65]","(1.46,2.19]",62.5,1.82352438217472,5,0.602409638554217,0.340425531914894,0.651465798045603,6
MMRp,Tcd4-Treg-comb,"(60,65]","[0,0.729]",62.5,0.364704876434944,4,0.0196188772224495,0.0126276953123657,0.0309332211847335,6
MMRp,Tcd8-HOBIT,"(60,65]","[0,0.729]",62.5,0.364704876434944,3,0.0288600288600289,0.0268338844374568,0.0515771169560174,6
MMRp,CD8-all,"(60,65]","[0,0.729]",62.5,0.364704876434944,5,0.0493096646942801,0.0288600288600289,0.074294205052006,6
MMRp,Myeloid-noDC-noGran,"(65,70]","(0.729,1.46]",67.5,1.09411462930483,3,0.200803212851406,0.166714603773183,0.557320666477922,6
MMRp,Myeloid-mregDC,"(65,70]","[0,0.729]",67.5,0.364704876434944,3,0.0430292598967298,0.0373399187598857,0.0808970527512152,6
MMRp,Tcd4-Treg-comb,"(65,70]","[0,0.729]",67.5,0.364704876434944,3,0.0551267916207277,0.0354760402161242,0.057254607211789,6
MMRp,CD8-all,"(65,70]","[0,0.729]",67.5,0.364704876434944,5,0.0593824228028504,0.0158252888115208,0.165380374862183,6
MMRp,Myeloid-noDC-noGran,"(70,75]","(1.46,2.19]",72.5,1.82352438217472,4,0.427807131912297,0.236988716234709,0.835526436866224,6
MMRp,Myeloid-noDC-noGran,"(70,75]","(2.19,2.92]",72.5,2.55293413504461,3,0.704225352112676,0.486160933428992,0.744269538801436,6
MMRp,CD8-all,"(70,75]","[0,0.729]",72.5,0.364704876434944,5,0.07627765064836,0.0173882802990784,0.0928217821782178,6
MMRp,Myeloid-noDC-noGran,"(75,80]","(0.729,1.46]",77.5,1.09411462930483,3,0.497512437810945,0.303192800288162,0.636353118130279,6
MMRp,Myeloid-noDC-noGran,"(75,80]","(1.46,2.19]",77.5,1.82352438217472,3,0.28735632183908,0.21003516158311,0.404434353879123,6
MMRp,Myeloid-noDC-noGran,"(75,80]","(2.19,2.92]",77.5,2.55293413504461,4,0.755178959531211,0.519364405547641,1.01048357774815,6
MMRp,CD8-all,"(75,80]","[0,0.729]",77.5,0.364704876434944,4,0.0439201433883949,0.0166893971518766,0.0787397590524017,6
MMRp,Tplzf-gdlike-comb,"(75,80]","[0,0.729]",77.5,0.364704876434944,4,0.0434888761640593,0.0305246486040981,0.0532157323128859,6
MMRp,CD8-all,"(80,85]","[0,0.729]",82.5,0.364704876434944,4,0.0665712383678904,0.0182592919703434,0.114417647974695,6
MMRp,Myeloid-noDC-noGran,"(85,90]","(1.46,2.19]",87.5,1.82352438217472,4,0.70474996479657,0.42214176098216,1.37750455373406,6
MMRp,CD8-all,"(85,90]","[0,0.729]",87.5,0.364704876434944,4,0.0451648525003944,0.0201848762544917,0.0922475707646811,6
MMRp,CD8-all,"(90,95]","[0,0.729]",92.5,0.364704876434944,3,0.130633572828217,0.0912840676397641,0.202805329035557,6
MMRp,Myeloid-ISG,"(95,100]","[0,0.729]",97.5,0.364704876434944,4,0.101744047391918,0.0629085091122156,0.153476432355672,6
MMRp,CD8-all,"(95,100]","[0,0.729]",97.5,0.364704876434944,4,0.0543494197059531,0.0426273693455704,0.0790667291147978,6
MMRp,Tcd4-CXCL13,"(-10,-5]","(0.729,1.46]",-7.5,1.09411462930483,4,0.182240337854734,0.110433209460709,0.265023961395793,6
MMRp,Tcd8-CXCL13-comb,"(-10,-5]","(0.729,1.46]",-7.5,1.09411462930483,3,0.196947316592811,0.118189746624481,0.228738530202615,6
MMRp,Tcd8-HOBIT,"(-10,-5]","(0.729,1.46]",-7.5,1.09411462930483,3,0.0492368291482029,0.0443345029021771,0.0680400385428379,6
MMRp,Tplzf-gdlike-comb,"(-10,-5]","(0.729,1.46]",-7.5,1.09411462930483,3,0.0984736582964057,0.0886690058043543,0.114369265101307,6
MMRp,Tcd8-CXCL13-LAG3,"(-10,-5]","(1.46,2.19]",-7.5,1.82352438217472,3,0.0765257317773101,0.0707233722725547,0.123296879494097,6
MMRp,Tcd8-HOBIT,"(-10,-5]","(2.19,2.92]",-7.5,2.55293413504461,4,0.121250519400083,0.109404138811039,0.161939775910364,6
MMRp,Tcd4-CXCL13,"(-15,-10]","(0.729,1.46]",-12.5,1.09411462930483,4,0.348739250473355,0.178035660708928,0.563901416502573,6
MMRp,Tcd4-CXCL13,"(-15,-10]","(1.46,2.19]",-12.5,1.82352438217472,4,0.438094977520061,0.374397531829987,0.519013078360259,6
MMRp,Tcd8-HOBIT,"(-15,-10]","(1.46,2.19]",-12.5,1.82352438217472,3,0.155669979643157,0.133472972017424,0.324748570068492,6
MMRp,Tcd8-HOBIT,"(-15,-10]","(2.19,2.92]",-12.5,2.55293413504461,4,0.181059080590271,0.110962490440081,0.304147029989488,6
MMRp,Tcd8-GZMK,"(-15,-10]","(2.92,3.65]",-12.5,3.2823438879145,3,0.256081946222791,0.24228316656151,0.304719418341078,6
MMRp,Tcd8-CXCL13-LAG3,"(-15,-10]","[0,0.729]",-12.5,0.364704876434944,3,0.0555401277422938,0.046734600188234,0.0683709570907977,6
MMRp,Tcd8-HOBIT,"(-15,-10]","[0,0.729]",-12.5,0.364704876434944,4,0.112433736693555,0.0890375684748382,0.207143093085844,6
MMRp,Myeloid-mregDC,"(-20,-15]","(0.729,1.46]",-17.5,1.09411462930483,4,0.650829636931165,0.236764705882353,2.06934790367261,6
MMRp,Myeloid-ISG,"(-20,-15]","(0.729,1.46]",-17.5,1.09411462930483,3,1.67570231641203,1.46007338042824,2.16138056997072,6
MMRp,Tcd4-CXCL13,"(-20,-15]","(0.729,1.46]",-17.5,1.09411462930483,4,0.172100136259531,0.132516339869281,0.578890569500858,6
MMRp,Tcd8-CXCL13-comb,"(-20,-15]","(0.729,1.46]",-17.5,1.09411462930483,3,0.147856086742238,0.147457455135825,0.162816932260008,6
MMRp,CD8-all,"(-20,-15]","(0.729,1.46]",-17.5,1.09411462930483,3,0.177777777777778,0.162418300653595,0.236744975631126,6
MMRp,Tcd8-CXCL13-comb,"(-20,-15]","(1.46,2.19]",-17.5,1.82352438217472,4,0.264895519930546,0.21147363412733,0.635103121516165,6
MMRp,Tcd8-HOBIT,"(-20,-15]","(1.46,2.19]",-17.5,1.82352438217472,3,0.0534188034188034,0.0486008202733247,0.244100706057228,6
MMRp,Tcd8-CXCL13-LAG3,"(-20,-15]","(2.19,2.92]",-17.5,2.55293413504461,3,0.0615384615384615,0.0576148683531234,0.114944314944315,6
MMRp,Tcd4-CXCL13,"(-20,-15]","(2.92,3.65]",-17.5,3.2823438879145,3,0.50761421319797,0.415829141595744,0.751094629202963,6
MMRp,CD8-all,"(-20,-15]","(3.65,4.38]",-17.5,4.01175364078438,3,1.33333333333333,1.30975348338692,5.21212121212121,6
MMRp,Tcd8-CXCL13-comb,"(-20,-15]","(3.65,4.38]",-17.5,4.01175364078438,3,0.380952380952381,0.351247894656255,4.73593073593074,6
MMRp,Tcd8-GZMK,"(-20,-15]","[0,0.729]",-17.5,0.364704876434944,4,0.155580781537978,0.108600498806852,0.21579739357372,6
MMRp,Tcd8-HOBIT,"(-20,-15]","[0,0.729]",-17.5,0.364704876434944,4,0.106019490407656,0.0439753595355848,0.220539820074321,6
MMRp,Myeloid-mregDC,"(-25,-20]","(0.729,1.46]",-22.5,1.09411462930483,4,0.528307534105507,0.372885636418525,1.28619574936378,6
MMRp,Myeloid-ISG,"(-25,-20]","(0.729,1.46]",-22.5,1.09411462930483,3,1.32036136205698,0.840686096190947,1.93949837825664,6
MMRp,Myeloid-noDC-noGran,"(-25,-20]","(0.729,1.46]",-22.5,1.09411462930483,4,10.6296657743837,9.37463607779201,11.9674139972233,6
MMRp,Tcd4-CXCL13,"(-25,-20]","(0.729,1.46]",-22.5,1.09411462930483,3,0.120336943441637,0.0949148233538968,0.273388087925509,6
MMRp,Tcd4-Treg-comb,"(-25,-20]","(0.729,1.46]",-22.5,1.09411462930483,4,2.69004012643189,1.82629500196102,3.32553820757961,6
MMRp,Tcd8-GZMK,"(-25,-20]","(1.46,2.19]",-22.5,1.82352438217472,4,0.158139888961278,0.0723374829977109,0.370673944300459,6
MMRp,Tplzf-gdlike-comb,"(-25,-20]","(1.46,2.19]",-22.5,1.82352438217472,4,0.107663885479216,0.0719061967619102,0.294959939077365,6
MMRp,Tcd8-CXCL13-LAG3,"(-25,-20]","[0,0.729]",-22.5,0.364704876434944,3,0.067842605156038,0.0577172287154643,0.0823709149811198,6
MMRp,Tcd8-HOBIT,"(-25,-20]","[0,0.729]",-22.5,0.364704876434944,4,0.0719947843979314,0.0606463074668202,0.081335028931419,6
MMRp,Tplzf-gdlike-comb,"(-25,-20]","[0,0.729]",-22.5,0.364704876434944,4,0.0550341331089219,0.031950546000042,0.105559835132969,6
MMRp,Myeloid-mregDC,"(-30,-25]","(0.729,1.46]",-27.5,1.09411462930483,3,0.568181818181818,0.445903206825537,0.781108801735044,6
MMRp,Myeloid-ISG,"(-30,-25]","(0.729,1.46]",-27.5,1.09411462930483,3,1.0934393638171,1.03215657511243,2.67740150009037,6
MMRp,Myeloid-noDC-noGran,"(-30,-25]","(0.729,1.46]",-27.5,1.09411462930483,4,9.22120995708596,8.06364617044229,10.9212621995301,6
MMRp,Tcd4-Treg-comb,"(-30,-25]","(0.729,1.46]",-27.5,1.09411462930483,4,1.7895468100488,1.39510831451421,2.88036616161616,6
MMRp,CD8-all,"(-30,-25]","(0.729,1.46]",-27.5,1.09411462930483,4,0.589361557925176,0.253521256251839,2.05986304395847,6
MMRp,Tcd8-CXCL13-comb,"(-30,-25]","(1.46,2.19]",-27.5,1.82352438217472,3,0.416233090530697,0.254758336310125,2.87478321193202,6
MMRp,Tcd8-GZMK,"(-30,-25]","(1.46,2.19]",-27.5,1.82352438217472,4,0.0918497476451378,0.0886235894270773,0.403296019900498,6
MMRp,Tcd8-CXCL13-comb,"(-30,-25]","(2.19,2.92]",-27.5,2.55293413504461,3,0.288184438040346,0.283367985036886,0.303046652082695,6
MMRp,Tcd4-CXCL13,"(-30,-25]","[0,0.729]",-27.5,0.364704876434944,4,0.265699081133782,0.198783894903169,0.316159804948485,6
MMRp,Myeloid-ISG,"(-35,-30]","(0.729,1.46]",-32.5,1.09411462930483,3,1.47239263803681,1.12682131901841,2.62695262153941,6
MMRp,Myeloid-noDC-noGran,"(-35,-30]","(0.729,1.46]",-32.5,1.09411462930483,3,12.0245398773006,9.62555118865031,12.5248749806671,6
MMRp,Tcd4-CXCL13,"(-35,-30]","(0.729,1.46]",-32.5,1.09411462930483,3,0.1953125,0.159005943251534,0.307740283613445,6
MMRp,Tcd4-Treg-comb,"(-35,-30]","(0.729,1.46]",-32.5,1.09411462930483,3,3.36134453781513,2.16895351890756,3.39846367995051,6
MMRp,Myeloid-mregDC,"(-35,-30]","(1.46,2.19]",-32.5,1.82352438217472,3,0.595947556615018,0.355379059593387,0.789183705918678,6
MMRp,Tcd4-CXCL13,"(-35,-30]","(1.46,2.19]",-32.5,1.82352438217472,3,0.476758045292014,0.353189585217764,0.535690294621188,6
MMRp,Tcd8-GZMK,"(-35,-30]","(1.46,2.19]",-32.5,1.82352438217472,3,0.119189511323004,0.11700003694738,0.175933949043094,6
MMRp,Tcd4-CXCL13,"(-35,-30]","(2.19,2.92]",-32.5,2.55293413504461,3,0.357142857142857,0.343769666456891,0.455049522999332,6
MMRp,Tcd4-CXCL13,"(-35,-30]","(2.92,3.65]",-32.5,3.2823438879145,3,0.808080808080808,0.775787615936315,1.28123338649654,6
MMRp,Tcd8-GZMK,"(-35,-30]","[0,0.729]",-32.5,0.364704876434944,4,0.141799379028902,0.0757484641597981,0.195532061657822,6
MMRp,Tcd8-HOBIT,"(-35,-30]","[0,0.729]",-32.5,0.364704876434944,3,0.100313479623824,0.0583871924868094,0.121789977634262,6
MMRp,Myeloid-ISG,"(-40,-35]","(0.729,1.46]",-37.5,1.09411462930483,3,1.75438596491228,1.1417432470064,5.44708545557442,6
MMRp,Myeloid-noDC-noGran,"(-40,-35]","(0.729,1.46]",-37.5,1.09411462930483,3,10.8771929824561,10.4650515176831,15.3848330503679,6
MMRp,Tcd4-Treg-comb,"(-40,-35]","(0.729,1.46]",-37.5,1.09411462930483,3,1.61290322580645,0.938726745178358,2.03452178834182,6
MMRp,Tcd4-CXCL13,"(-40,-35]","(1.46,2.19]",-37.5,1.82352438217472,3,0.301659125188537,0.277251812910324,0.366656900723765,6
MMRp,Tcd4-Treg-comb,"(-40,-35]","(1.46,2.19]",-37.5,1.82352438217472,4,2.56067028581344,1.68641557342361,3.41208386009271,6
MMRp,CD8-all,"(-40,-35]","(1.46,2.19]",-37.5,1.82352438217472,3,0.150829562594268,0.1473572273403,0.533695438692836,6
MMRp,Tcd8-GZMK,"(-40,-35]","[0,0.729]",-37.5,0.364704876434944,4,0.120989729889791,0.0981292633691458,0.256497916628426,6
MMRp,Myeloid-ISG,"(-45,-40]","(0.729,1.46]",-42.5,1.09411462930483,3,1.47058823529412,1.22389346618126,7.83206831119545,6
MMRp,Myeloid-noDC-noGran,"(-45,-40]","(0.729,1.46]",-42.5,1.09411462930483,3,10.7843137254902,10.4410167975985,15.7147375079064,6
MMRp,Tcd4-Treg-comb,"(-45,-40]","(0.729,1.46]",-42.5,1.09411462930483,3,2.58064516129032,2.26752127771357,3.74130297280202,6
MMRp,Tplzf-gdlike-comb,"(-45,-40]","(1.46,2.19]",-42.5,1.82352438217472,3,0.185873605947955,0.155280942624851,3.42627013630731,6
MMRp,Tcd4-CXCL13,"(-45,-40]","[0,0.729]",-42.5,0.364704876434944,3,0.202020202020202,0.121506104289462,0.251461455072288,6
MMRp,Tcd8-HOBIT,"(-45,-40]","[0,0.729]",-42.5,0.364704876434944,4,0.0921788935831062,0.0556290513248906,0.195521910559264,6
MMRp,Tplzf-gdlike-comb,"(-45,-40]","[0,0.729]",-42.5,0.364704876434944,3,0.0673400673400673,0.0439180353097139,0.0838204850240959,6
MMRp,Tcd8-CXCL13-LAG3,"(-5,0]","(0.729,1.46]",-2.5,1.09411462930483,3,0.108483402039488,0.078388513640478,0.138275314465122,6
MMRp,Tcd8-GZMK,"(-5,0]","(0.729,1.46]",-2.5,1.09411462930483,3,0.0321957501609788,0.0286670052966784,0.0920362565081309,6
MMRp,Tcd8-HOBIT,"(-5,0]","(0.729,1.46]",-2.5,1.09411462930483,3,0.260360164894771,0.170424770148609,0.298247309338142,6
MMRp,Tcd8-GZMK,"(-5,0]","(1.46,2.19]",-2.5,1.82352438217472,3,0.0888673452900307,0.0650098043322582,0.109926322914263,6
MMRp,Tcd8-HOBIT,"(-5,0]","(1.46,2.19]",-2.5,1.82352438217472,4,0.112331988206643,0.0706366831910583,0.182707776249006,6
MMRp,Myeloid-noDC-noGran,"(-50,-45]","(0.729,1.46]",-47.5,1.09411462930483,3,14.4144144144144,13.5097282156106,17.2072072072072,6
MMRp,Tcd4-Treg-comb,"(-50,-45]","(0.729,1.46]",-47.5,1.09411462930483,3,1.53846153846154,0.979314802844215,2.87133287133287,6
MMRp,Tcd4-Treg-comb,"(-50,-45]","(1.46,2.19]",-47.5,1.82352438217472,3,1.70316301703163,1.1330073996978,2.55669685455393,6
MMRp,CD8-all,"(-50,-45]","(2.19,2.92]",-47.5,2.55293413504461,3,0.883002207505519,0.687806522471971,1.01990727341857,6
MMRp,Tcd4-CXCL13,"(-50,-45]","(3.65,4.38]",-47.5,4.01175364078438,3,2.21238938053097,1.42066009907052,2.77286135693215,6
MMRp,Tcd8-CXCL13-LAG3,"(-50,-45]","[0,0.729]",-47.5,0.364704876434944,3,0.0744047619047619,0.0482228790788963,0.0880463915279352,6
MMRp,Myeloid-ISG,"(-55,-50]","(0.729,1.46]",-52.5,1.09411462930483,3,1.50753768844221,1.21248444055138,6.53889281116325,6
MMRp,Myeloid-noDC-noGran,"(-55,-50]","(0.729,1.46]",-52.5,1.09411462930483,3,15.5778894472362,11.4586694942603,18.1195232360148,6
MMRp,Tcd4-Treg-comb,"(-55,-50]","(1.46,2.19]",-52.5,1.82352438217472,3,2.06489675516224,1.36801884737978,2.47736108077197,6
MMRp,Tplzf-gdlike-comb,"(-55,-50]","(2.19,2.92]",-52.5,2.55293413504461,3,0.276243093922652,0.21773938135623,0.439326366238435,6
MMRp,Tcd8-CXCL13-comb,"(-55,-50]","[0,0.729]",-52.5,0.364704876434944,4,0.349639241705003,0.262341454512273,0.534006052955759,6
MMRp,CD8-all,"(-55,-50]","[0,0.729]",-52.5,0.364704876434944,4,0.711191754794328,0.536545305228579,0.81992456617949,6
MMRp,Tcd8-GZMK,"(-55,-50]","[0,0.729]",-52.5,0.364704876434944,3,0.0854700854700855,0.0783222313471424,0.102301399656653,6
MMRp,Myeloid-mregDC,"(-60,-55]","(0.729,1.46]",-57.5,1.09411462930483,3,1.06382978723404,0.834945196647324,1.37937252073567,6
MMRp,Myeloid-ISG,"(-60,-55]","(0.729,1.46]",-57.5,1.09411462930483,3,2.25988700564972,2.03903441191577,8.04483711984614,6
MMRp,Myeloid-noDC-noGran,"(-60,-55]","(0.729,1.46]",-57.5,1.09411462930483,3,16.9491525423729,10.8988186954289,19.6447890371439,6
MMRp,Tcd4-CXCL13,"(-60,-55]","(0.729,1.46]",-57.5,1.09411462930483,3,0.606060606060606,0.585516178736518,0.834945196647324,6
MMRp,Myeloid-mregDC,"(-60,-55]","(1.46,2.19]",-57.5,1.82352438217472,3,0.680272108843537,0.596546310832025,0.946656145399782,6
MMRp,Tcd4-CXCL13,"(-60,-55]","[0,0.729]",-57.5,0.364704876434944,3,0.286532951289398,0.168204131505048,0.394803647248947,6
MMRp,Tcd8-CXCL13-comb,"(-60,-55]","[0,0.729]",-57.5,0.364704876434944,3,0.286532951289398,0.168204131505048,0.352880785314906,6
MMRp,Tcd8-GZMK,"(-60,-55]","[0,0.729]",-57.5,0.364704876434944,3,0.139742873113471,0.0948090924170847,0.165382420319868,6
MMRp,Myeloid-ISG,"(-65,-60]","(0.729,1.46]",-62.5,1.09411462930483,3,3.90625,3.40240036231884,6.36488970588235,6
MMRp,Myeloid-noDC-noGran,"(-65,-60]","(0.729,1.46]",-62.5,1.09411462930483,3,10.15625,9.42595108695652,15.3722426470588,6
MMRp,Tcd4-Treg-comb,"(-65,-60]","(1.46,2.19]",-62.5,1.82352438217472,3,1.93050193050193,1.46902930278245,2.7969341335678,6
MMRp,Tcd8-CXCL13-comb,"(-65,-60]","[0,0.729]",-62.5,0.364704876434944,3,0.286806883365201,0.184153237933619,0.383865128120561,6
MMRp,Myeloid-noDC-noGran,"(-70,-65]","(0.729,1.46]",-67.5,1.09411462930483,3,12.9032258064516,9.92383512544803,13.1182795698925,6
MMRp,Myeloid-mregDC,"(-70,-65]","(1.46,2.19]",-67.5,1.82352438217472,3,0.640204865556978,0.463780593698029,0.778818029108764,6
MMRp,Tcd8-CXCL13-comb,"(-70,-65]","[0,0.729]",-67.5,0.364704876434944,3,0.22002200220022,0.124656578135845,0.363620052992424,6
MMRp,Tcd8-GZMK,"(-70,-65]","[0,0.729]",-67.5,0.364704876434944,3,0.11001100110011,0.0696510775857902,0.250089386621066,6
MMRp,Myeloid-noDC-noGran,"(-75,-70]","(0.729,1.46]",-72.5,1.09411462930483,3,15.2173913043478,11.1440491875275,15.6444099378882,6
MMRp,Tcd4-Treg-comb,"(-75,-70]","(0.729,1.46]",-72.5,1.09411462930483,3,1.78571428571429,1.39790764790765,1.97981366459627,6
MMRp,Myeloid-mregDC,"(-75,-70]","(1.46,2.19]",-72.5,1.82352438217472,3,0.529100529100529,0.520522960795998,0.560408252715945,6
MMRp,Tcd4-Treg-comb,"(-75,-70]","(1.46,2.19]",-72.5,1.82352438217472,3,2.64550264550265,1.47068031683416,3.19988442855337,6
MMRp,CD8-all,"(-75,-70]","(1.46,2.19]",-72.5,1.82352438217472,3,0.591715976331361,0.560408252715945,0.893127612739059,6
MMRp,Tcd4-Treg-comb,"(-75,-70]","(2.19,2.92]",-72.5,2.55293413504461,3,1.6,1.51428571428571,2.44835164835165,6
MMRp,Tcd8-GZMK,"(-75,-70]","[0,0.729]",-72.5,0.364704876434944,3,0.137488542621448,0.100290012635645,0.182509914086606,6
MMRp,Tcd8-HOBIT,"(-75,-70]","[0,0.729]",-72.5,0.364704876434944,3,0.0916590284142988,0.0773752555320705,0.159595156983031,6
MMRp,Tplzf-gdlike-comb,"(-75,-70]","[0,0.729]",-72.5,0.364704876434944,3,0.137488542621448,0.0845171419731847,0.182509914086606,6
MMRp,Myeloid-ISG,"(-80,-75]","(0.729,1.46]",-77.5,1.09411462930483,3,4.83870967741936,3.5821455363841,12.4193548387097,6
MMRp,Myeloid-noDC-noGran,"(-80,-75]","(0.729,1.46]",-77.5,1.09411462930483,3,19.3548387096774,16.6541635408852,25.3917050691244,6
MMRp,Myeloid-ISG,"(-80,-75]","(1.46,2.19]",-77.5,1.82352438217472,3,1.24223602484472,0.778350716824876,2.01971941102376,6
MMRp,Tcd4-Treg-comb,"(-80,-75]","(1.46,2.19]",-77.5,1.82352438217472,3,0.62111801242236,0.467791710613696,2.52501122066339,6
MMRp,Tcd4-CXCL13,"(-80,-75]","[0,0.729]",-77.5,0.364704876434944,3,0.248138957816377,0.172054123821816,0.39159221834104,6
MMRp,Tcd8-HOBIT,"(-80,-75]","[0,0.729]",-77.5,0.364704876434944,3,0.124069478908189,0.0780296210919702,0.14229156128395,6
MMRp,CD8-all,"(-80,-75]","[0,0.729]",-77.5,0.364704876434944,3,0.124069478908189,0.0780296210919702,0.436566574660087,6
MMRp,Myeloid-ISG,"(-85,-80]","(0.729,1.46]",-82.5,1.09411462930483,3,7.54716981132076,5.38648813146683,9.32914046121593,6
MMRp,Myeloid-noDC-noGran,"(-85,-80]","(0.729,1.46]",-82.5,1.09411462930483,3,11.2903225806452,11.2007168458781,14.1357273280584,6
MMRp,Tcd4-Treg-comb,"(-85,-80]","(1.46,2.19]",-82.5,1.82352438217472,3,0.746268656716418,0.563248396799274,2.0654420206659,6
MMRp,Myeloid-mregDC,"(-85,-80]","(2.92,3.65]",-82.5,3.2823438879145,3,1.68776371308017,1.27491633929871,1.84388185654008,6
MMRp,Tcd4-CXCL13,"(-85,-80]","[0,0.729]",-82.5,0.364704876434944,3,0.453857791225416,0.243775256798692,0.529959198643011,6
MMRp,Myeloid-noDC-noGran,"(-90,-85]","(0.729,1.46]",-87.5,1.09411462930483,3,20.6896551724138,13.1226053639847,24.6305418719212,6
MMRp,CD8-all,"(-90,-85]","(2.19,2.92]",-87.5,2.55293413504461,3,0.934579439252336,0.877125785199939,1.08267433501078,6
MMRp,CD8-all,"(-90,-85]","[0,0.729]",-87.5,0.364704876434944,3,0.213295414148596,0.182176407980642,0.522736472677627,6
MMRp,Myeloid-mregDC,"(-95,-90]","(2.19,2.92]",-92.5,2.55293413504461,3,1.19047619047619,1.0952380952381,1.94139194139194,6
MMRp,Myeloid-ISG,"(0,5]","(0.729,1.46]",2.5,1.09411462930483,4,0.158451274411374,0.108960618669357,0.207132002848657,6
MMRp,Tcd4-CXCL13,"(0,5]","(0.729,1.46]",2.5,1.09411462930483,3,0.12987012987013,0.0764930862018241,0.141343851945571,6
MMRp,Tcd8-CXCL13-comb,"(0,5]","(0.729,1.46]",2.5,1.09411462930483,3,0.171919770773639,0.109338937755897,0.215830015256949,6
MMRp,CD8-all,"(0,5]","(0.729,1.46]",2.5,1.09411462930483,3,0.515759312320917,0.312430778354972,0.517619915900718,6
MMRp,Tcd8-HOBIT,"(0,5]","(0.729,1.46]",2.5,1.09411462930483,3,0.114613180515759,0.0728926251705979,0.18717672012801,6
MMRp,Tplzf-gdlike-comb,"(0,5]","(0.729,1.46]",2.5,1.09411462930483,3,0.0573065902578797,0.040211316395699,0.15852342499907,6
MMRp,Tcd8-CXCL13-comb,"(0,5]","(1.46,2.19]",2.5,1.82352438217472,3,0.0988142292490119,0.0772489728696734,0.120173970002787,6
MMRp,CD8-all,"(0,5]","(1.46,2.19]",2.5,1.82352438217472,3,0.386001029336078,0.276526089403541,0.538850317039581,6
MMRp,Tcd8-CXCL13-LAG3,"(0,5]","(1.46,2.19]",2.5,1.82352438217472,3,0.0772002058672156,0.0545097362165607,0.13741433218262,6
MMRp,Tcd8-GZMK,"(0,5]","(1.46,2.19]",2.5,1.82352438217472,3,0.0514668039114771,0.0416430352386914,0.12454763120475,6
MMRp,Tcd8-HOBIT,"(0,5]","(1.46,2.19]",2.5,1.82352438217472,3,0.0772002058672156,0.0624645528580371,0.13741433218262,6
MMRp,Tplzf-gdlike-comb,"(0,5]","(1.46,2.19]",2.5,1.82352438217472,3,0.0900669068450849,0.0529882700640189,0.0944405680470484,6
MMRp,Tcd8-CXCL13-LAG3,"(0,5]","[0,0.729]",2.5,0.364704876434944,4,0.031539803221129,0.0116342444161881,0.0541573934663371,6
MMRp,Tplzf-gdlike-comb,"(10,15]","(1.46,2.19]",12.5,1.82352438217472,3,0.0219876868953386,0.019338302726708,0.0873297213102647,6
MMRp,Tcd8-GZMK,"(10,15]","[0,0.729]",12.5,0.364704876434944,3,0.015389350569406,0.0109716447433476,0.0198779111521494,6
MMRp,Myeloid-ISG,"(15,20]","(0.729,1.46]",17.5,1.09411462930483,3,0.0465332712889716,0.0356275750758826,0.0509291529335591,6
MMRp,Tplzf-gdlike-comb,"(15,20]","(0.729,1.46]",17.5,1.09411462930483,3,0.0247218788627936,0.0239942572536397,0.115030343948851,6
MMRp,Myeloid-ISG,"(15,20]","[0,0.729]",17.5,0.364704876434944,4,0.0408549960927674,0.0311286415299526,0.0477804829204828,6
MMRp,Tcd8-CXCL13-comb,"(15,20]","[0,0.729]",17.5,0.364704876434944,3,0.0315756236185665,0.0179353013939588,0.0372544097828364,6
MMRp,Tcd8-HOBIT,"(15,20]","[0,0.729]",17.5,0.364704876434944,3,0.00858995833870206,0.00858829876406166,0.0516584145972007,6
MMRp,Myeloid-noDC-noGran,"(20,25]","(0.729,1.46]",22.5,1.09411462930483,3,0.160944206008584,0.0920461770783659,0.216341668221683,6
MMRp,Tplzf-gdlike-comb,"(20,25]","(1.46,2.19]",22.5,1.82352438217472,3,0.0224971878515186,0.0213231456082094,0.0236802199824475,6
MMRp,Tcd8-CXCL13-LAG3,"(20,25]","[0,0.729]",22.5,0.364704876434944,4,0.0144691439577715,0.00794055914838945,0.0304275639521724,6
MMRp,Tcd8-HOBIT,"(20,25]","[0,0.729]",22.5,0.364704876434944,3,0.0182215743440233,0.0113257247107731,0.0324461947637976,6
MMRp,Myeloid-noDC-noGran,"(25,30]","(0.729,1.46]",27.5,1.09411462930483,4,0.223628371733454,0.182155292870137,0.2496116866279,6
MMRp,Tcd8-GZMK,"(25,30]","(1.46,2.19]",27.5,1.82352438217472,3,0.027292576419214,0.0249585054041771,0.0275816282319035,6
MMRp,CD8-all,"(30,35]","(0.729,1.46]",32.5,1.09411462930483,3,0.0574382538770821,0.0413645492956478,0.173071346353915,6
MMRp,Tplzf-gdlike-comb,"(30,35]","(0.729,1.46]",32.5,1.09411462930483,3,0.0721761097076868,0.0487334772109501,0.215944169961757,6
MMRp,Myeloid-ISG,"(30,35]","(1.46,2.19]",32.5,1.82352438217472,3,0.0605326876513317,0.0482843618436839,0.0980537624807635,6
MMRp,Tcd4-CXCL13,"(30,35]","[0,0.729]",32.5,0.364704876434944,3,0.015001500150015,0.0129009012792412,0.0159695847633544,6
MMRp,Tcd8-CXCL13-LAG3,"(30,35]","[0,0.729]",32.5,0.364704876434944,3,0.0108003024084674,0.00785209314224863,0.0138689858925806,6
MMRp,Myeloid-noDC-noGran,"(35,40]","(0.729,1.46]",37.5,1.09411462930483,3,0.222222222222222,0.137892043087544,0.237373737373737,6
MMRp,CD8-all,"(35,40]","(0.729,1.46]",37.5,1.09411462930483,3,0.168350168350168,0.0975655501633006,0.594379165807737,6
MMRp,Tplzf-gdlike-comb,"(35,40]","[0,0.729]",37.5,0.364704876434944,3,0.0549249359209081,0.0300425804533587,0.0579614309957109,6
MMRp,Myeloid-noDC-noGran,"(40,45]","(0.729,1.46]",42.5,1.09411462930483,3,0.210637177461822,0.119959877164293,0.300631088730911,6
MMRp,Tplzf-gdlike-comb,"(40,45]","[0,0.729]",42.5,0.364704876434944,3,0.0278590332915448,0.0166924055223818,0.0441592627159054,6
MMRp,Tcd8-GZMK,"(45,50]","[0,0.729]",47.5,0.364704876434944,3,0.0229673863114378,0.0198771798100751,0.0259932694760903,6
MMRp,Myeloid-ISG,"(5,10]","(0.729,1.46]",7.5,1.09411462930483,3,0.0669344042838019,0.0604796278577302,0.0884878348791774,6
MMRp,Tcd4-Treg-comb,"(5,10]","(0.729,1.46]",7.5,1.09411462930483,3,0.137551581843191,0.102242993063497,0.175842172077913,6
MMRp,CD8-all,"(5,10]","(0.729,1.46]",7.5,1.09411462930483,4,0.162845051392818,0.0904211117837097,0.229375362656071,6
MMRp,Tcd8-HOBIT,"(5,10]","(0.729,1.46]",7.5,1.09411462930483,4,0.0360666262789197,0.027385843705436,0.0870003927200594,6
MMRp,Tcd8-HOBIT,"(5,10]","(1.46,2.19]",7.5,1.82352438217472,3,0.0351246926589392,0.0231000581469466,0.176292505059628,6
MMRp,Tplzf-gdlike-comb,"(5,10]","(1.46,2.19]",7.5,1.82352438217472,3,0.0878117316473481,0.0547377549051299,0.123270945188753,6
MMRp,Myeloid-mregDC,"(5,10]","(2.19,2.92]",7.5,2.55293413504461,4,0.086505094710784,0.0640898513935163,0.145613878852645,6
MMRp,Tcd8-CXCL13-comb,"(5,10]","[0,0.729]",7.5,0.364704876434944,4,0.0283818434169871,0.010265942657008,0.04709571867349,6
MMRp,Tcd8-CXCL13-LAG3,"(5,10]","[0,0.729]",7.5,0.364704876434944,3,0.0458365164247517,0.0283818434169871,0.0483549209222283,6
MMRp,CD8-all,"(50,55]","(0.729,1.46]",52.5,1.09411462930483,3,0.149253731343284,0.0919159389773126,0.149645620360314,6
MMRp,Tcd8-CXCL13-comb,"(50,55]","[0,0.729]",52.5,0.364704876434944,3,0.0194439043359907,0.0160982832271039,0.0504385645458455,6
MMRp,Tcd8-CXCL13-LAG3,"(50,55]","[0,0.729]",52.5,0.364704876434944,3,0.0271444082519001,0.0167603696555044,0.0330161084619407,6
MMRp,CD8-all,"(60,65]","(2.19,2.92]",62.5,2.55293413504461,3,0.526315789473684,0.375014718003061,0.851393188854489,6
MMRp,Tcd8-CXCL13-comb,"(60,65]","[0,0.729]",62.5,0.364704876434944,3,0.0493096646942801,0.0282652013268498,0.0494625723620247,6
MMRp,Myeloid-noDC-noGran,"(65,70]","(1.46,2.19]",67.5,1.82352438217472,3,0.21978021978022,0.138266954385002,0.310491915306359,6
MMRp,Tcd8-CXCL13-LAG3,"(65,70]","[0,0.729]",67.5,0.364704876434944,3,0.0551267916207277,0.0490780257587287,0.057254607211789,6
MMRp,Tcd8-HOBIT,"(70,75]","[0,0.729]",72.5,0.364704876434944,4,0.0396951032312534,0.0252695142367605,0.0554066219644156,6
MMRp,Tcd4-Treg-comb,"(75,80]","[0,0.729]",77.5,0.364704876434944,3,0.0547045951859956,0.0317455846503741,0.0616106052326004,6
MMRp,Tcd8-CXCL13-LAG3,"(75,80]","[0,0.729]",77.5,0.364704876434944,3,0.0342583076396026,0.0215224408771776,0.0444814514127991,6
MMRp,Myeloid-noDC-noGran,"(80,85]","(1.46,2.19]",82.5,1.82352438217472,3,0.365497076023392,0.344038860592341,0.454487668446479,6
MMRp,Myeloid-noDC-noGran,"(90,95]","(1.46,2.19]",92.5,1.82352438217472,3,0.702576112412178,0.440573770491803,0.92600069988425,6
MMRp,Tplzf-gdlike-comb,"(95,100]","[0,0.729]",97.5,0.364704876434944,3,0.0497017892644135,0.030201922029467,0.059669836136385,6
MMRp,Tcd4-Treg-comb,"[-100,-95]","(1.46,2.19]",-97.5,1.82352438217472,3,3.84615384615385,2.84050811573747,5.92307692307692,6
MMRp,Tcd4-CXCL13,"[-100,-95]","[0,0.729]",-97.5,0.364704876434944,3,0.403877221324717,0.238784594450126,0.484957478586887,6
MMRp,Tcd8-GZMK,"[-100,-95]","[0,0.729]",-97.5,0.364704876434944,3,0.188679245283019,0.112762614535393,0.215502789038925,6
MMRp,Tcd8-GZMK,"(-30,-25]","(0.729,1.46]",-27.5,1.09411462930483,3,0.298210735586481,0.230011516660555,2.92688314557102,6
MMRp,Tcd8-CXCL13-LAG3,"(-35,-30]","[0,0.729]",-32.5,0.364704876434944,3,0.0376175548589342,0.0270392301043642,0.236673701176744,6
MMRp,Tcd8-GZMK,"(-50,-45]","[0,0.729]",-47.5,0.364704876434944,3,0.264388854992882,0.176276420002502,0.612963658265672,6
MMRp,Myeloid-ISG,"(10,15]","(1.46,2.19]",12.5,1.82352438217472,3,0.0521512385919166,0.0370694627436276,0.102411497158554,6
