MMRstatus,population,gene,xbin,ybin,x_mid,y_mid,n_pat,val,lo,hi,n_pat_arm
MMRd,Myeloid-mregDC,ITGAE,"(-15,-10]","(4.38,5.11]",-12.5,4.74116339365427,4,0.00368714857129333,0.00296822523991979,0.00426990990619098,8
MMRd,Myeloid-mregDC,ITGAE,"(-5,0]","(3.65,4.38]",-2.5,4.01175364078438,6,0.0056273019341674,0.00464007235305987,0.00638922896096354,8
MMRd,Myeloid-mregDC,ITGAE,"(-10,-5]","(3.65,4.38]",-7.5,4.01175364078438,5,0.00772797527047914,0.00285937093839355,0.00878293601003764,8
MMRd,Myeloid-mregDC,ITGAE,"(-15,-10]","(2.92,3.65]",-12.5,3.2823438879145,7,0.00482800241400121,0.00270934320969723,0.00665923167252588,8
MMRd,Myeloid-mregDC,ITGAE,"(-5,0]","(2.92,3.65]",-2.5,3.2823438879145,7,0.00533902829684997,0.00470112354087081,0.00788893213253078,8
MMRd,Myeloid-mregDC,ITGAE,"(-10,-5]","(2.19,2.92]",-7.5,2.55293413504461,6,0.00475571505269999,0.00206531777348669,0.00632362366137034,8
MMRd,Myeloid-mregDC,ITGAE,"(-5,0]","(1.46,2.19]",-2.5,1.82352438217472,4,0.00406387508339518,0.00117924528301887,0.00887033863161161,8
MMRd,Myeloid-mregDC,ITGAE,"(-5,0]","(2.19,2.92]",-2.5,2.55293413504461,5,0.00520156046814044,0.004739336492891,0.00540540540540541,8
MMRd,Myeloid-mregDC,ITGAE,"(-10,-5]","(2.92,3.65]",-7.5,3.2823438879145,7,0.00514359194170596,0.00438467758842733,0.00763826031468592,8
MMRd,Myeloid-mregDC,ITGAE,"(-15,-10]","(3.65,4.38]",-12.5,4.01175364078438,4,0.00650280644577223,0.00436672133999354,0.00843908135461269,8
MMRd,Myeloid-mregDC,ITGAE,"(-5,0]","[0,0.729]",-2.5,0.364704876434944,4,0.0038534816192083,0.00223462798613099,0.0073449913437391,8
MMRd,Myeloid-mregDC,ITGAE,"(-15,-10]","(2.19,2.92]",-12.5,2.55293413504461,4,0.00221493140634301,0.00145098545687941,0.00372540773787757,8
MMRd,Myeloid-ISG,ITGAE,"(-10,-5]","(5.11,5.84]",-7.5,5.47057314652416,5,0.00167879127028539,0.0015462323471807,0.00179372197309417,8
MMRd,Myeloid-noDC-noGran,ITGAE,"(-10,-5]","(5.11,5.84]",-7.5,5.47057314652416,7,0.0017180162638873,0.00159755922315002,0.00306107639998993,8
MMRd,Myeloid-ISG,ITGAE,"(-40,-35]","(4.38,5.11]",-37.5,4.74116339365427,7,0.00384615384615385,0.00205476405427312,0.00502283580100206,8
MMRd,Myeloid-noDC-noGran,ITGAE,"(-40,-35]","(4.38,5.11]",-37.5,4.74116339365427,7,0.00372825186412593,0.0032591369505499,0.00437523333495232,8
MMRd,Myeloid-noDC-noGran,ITGAE,"(20,25]","(3.65,4.38]",22.5,4.01175364078438,5,0.00105708245243129,0.000172176308539945,0.0017162471395881,8
MMRd,Myeloid-ISG,ITGAE,"(0,5]","(3.65,4.38]",2.5,4.01175364078438,8,0.00224267475392562,0.00109201340207295,0.00287241848482763,8
MMRd,Myeloid-noDC-noGran,ITGAE,"(0,5]","(3.65,4.38]",2.5,4.01175364078438,8,0.00209955471799259,0.0015106955816566,0.00302862512608778,8
MMRd,Myeloid-ISG,ITGAE,"(-10,-5]","(2.92,3.65]",-7.5,3.2823438879145,8,0.00148309807201442,0.000766932688883126,0.00286082442547328,8
MMRd,Myeloid-noDC-noGran,ITGAE,"(-10,-5]","(2.92,3.65]",-7.5,3.2823438879145,8,0.00206201191127126,0.00125645459036856,0.00274491625123005,8
MMRd,Myeloid-ISG,ITGAE,"(-5,0]","(5.11,5.84]",-2.5,5.47057314652416,6,0.00172816315682402,0.000524187173769405,0.00265904217651306,8
MMRd,Myeloid-noDC-noGran,ITGAE,"(-5,0]","(5.11,5.84]",-2.5,5.47057314652416,6,0.00234466887642418,0.000997143547365227,0.00302128269073002,8
MMRd,Myeloid-ISG,ITGAE,"(-10,-5]","(3.65,4.38]",-7.5,4.01175364078438,8,0.00180981247738441,0.00134342520502479,0.00212691975385269,8
MMRd,Myeloid-noDC-noGran,ITGAE,"(-10,-5]","(3.65,4.38]",-7.5,4.01175364078438,8,0.00183705349253874,0.00123522241347452,0.00252574362534224,8
MMRd,Myeloid-noDC-noGran,ITGAE,"(45,50]","(2.92,3.65]",47.5,3.2823438879145,5,0.00195694716242661,0.00120048019207683,0.00211864406779661,8
MMRd,Myeloid-noDC-noGran,ITGAE,"(5,10]","(4.38,5.11]",7.5,4.74116339365427,7,0.00104931794333683,0.000398247710075667,0.0028538809429445,8
MMRd,Myeloid-ISG,ITGAE,"(0,5]","(5.11,5.84]",2.5,5.47057314652416,4,0.00120979535018542,0.000809061488673139,0.00199182483049059,8
MMRd,Myeloid-noDC-noGran,ITGAE,"(0,5]","(5.11,5.84]",2.5,5.47057314652416,4,0.00172591810133376,0.00142898434937368,0.0019720155320492,8
MMRd,Myeloid-ISG,ITGAE,"(-15,-10]","(3.65,4.38]",-12.5,4.01175364078438,8,0.0018175641303809,0.00135564254203951,0.0024534860590494,8
MMRd,Myeloid-noDC-noGran,ITGAE,"(-15,-10]","(3.65,4.38]",-12.5,4.01175364078438,8,0.00196808265553082,0.00144486211601573,0.00259996433464607,8
MMRd,Myeloid-noDC-noGran,ITGAE,"(-95,-90]","(4.38,5.11]",-92.5,4.74116339365427,4,0.00341063111461593,0.0022414193593997,0.00430868214543367,8
MMRd,Myeloid-ISG,ITGAE,"(-15,-10]","(4.38,5.11]",-12.5,4.74116339365427,7,0.0024443237370994,0.00166265512033153,0.0035766314003384,8
MMRd,Myeloid-noDC-noGran,ITGAE,"(-15,-10]","(4.38,5.11]",-12.5,4.74116339365427,7,0.00277853538797218,0.0020904164280242,0.00370033719432224,8
MMRd,Myeloid-noDC-noGran,ITGAE,"(-95,-90]","[0,0.729]",-92.5,0.364704876434944,7,0,0,0.00105345278595451,8
MMRd,Myeloid-ISG,ITGAE,"(-15,-10]","(5.11,5.84]",-12.5,5.47057314652416,4,0.00301187071391987,0.00230005761211932,0.00340784212242814,8
MMRd,Myeloid-noDC-noGran,ITGAE,"(-15,-10]","(5.11,5.84]",-12.5,5.47057314652416,6,0.00339005563324804,0.00116436685646745,0.00436534006362909,8
MMRd,Myeloid-noDC-noGran,ITGAE,"(-45,-40]","(4.38,5.11]",-42.5,4.74116339365427,6,0.00331454374808597,0.00174397574455227,0.00463206553610626,8
MMRd,Myeloid-ISG,ITGAE,"(-5,0]","(4.38,5.11]",-2.5,4.74116339365427,7,0.00178392239937563,0.0015055064394346,0.00242458501495623,8
MMRd,Myeloid-noDC-noGran,ITGAE,"(-5,0]","(4.38,5.11]",-2.5,4.74116339365427,8,0.00235074401460416,0.00202544788033943,0.00380321642551542,8
MMRd,Myeloid-ISG,ITGAE,"(-20,-15]","(3.65,4.38]",-17.5,4.01175364078438,8,0.00203080426970002,0.00137549376699328,0.00239671103589554,8
MMRd,Myeloid-noDC-noGran,ITGAE,"(-20,-15]","(3.65,4.38]",-17.5,4.01175364078438,8,0.00218176744021685,0.00198480811713989,0.00242334404066747,8
MMRd,Myeloid-ISG,ITGAE,"(-5,0]","(2.92,3.65]",-2.5,3.2823438879145,8,0.00213118914457866,0.00177459468661444,0.00241114564287178,8
MMRd,Myeloid-noDC-noGran,ITGAE,"(-5,0]","(2.92,3.65]",-2.5,3.2823438879145,8,0.00200869342274768,0.00172513689265899,0.00291480620251261,8
MMRd,Myeloid-ISG,ITGAE,"(-5,0]","(3.65,4.38]",-2.5,4.01175364078438,8,0.00189083279317667,0.00138869821661017,0.00239105804022642,8
MMRd,Myeloid-noDC-noGran,ITGAE,"(-5,0]","(3.65,4.38]",-2.5,4.01175364078438,8,0.00226631647770875,0.00137307080443154,0.0028621855071671,8
MMRd,Myeloid-noDC-noGran,ITGAE,"(-25,-20]","(5.11,5.84]",-22.5,5.47057314652416,4,0.00199913310372297,0.000864553314121038,0.00311223710828658,8
MMRd,Myeloid-noDC-noGran,ITGAE,"(-50,-45]","(3.65,4.38]",-47.5,4.01175364078438,7,0.00235907623541098,0.00154927868297555,0.00404148561433347,8
MMRd,Myeloid-noDC-noGran,ITGAE,"(-25,-20]","(3.65,4.38]",-22.5,4.01175364078438,8,0.00244081275985563,0.00123421746139172,0.00290172363128911,8
MMRd,Myeloid-noDC-noGran,ITGAE,"(-30,-25]","(3.65,4.38]",-27.5,4.01175364078438,7,0.00301204819277108,0.00253982846790532,0.00334693073871442,8
MMRd,Myeloid-ISG,ITGAE,"(-35,-30]","(3.65,4.38]",-32.5,4.01175364078438,7,0.00129645635263613,0.000481695568400771,0.00334085846055269,8
MMRd,Myeloid-noDC-noGran,ITGAE,"(-35,-30]","(3.65,4.38]",-32.5,4.01175364078438,7,0.00211416490486258,0.00147385049093117,0.00255440031536415,8
MMRd,Myeloid-ISG,ITGAE,"(-20,-15]","(5.11,5.84]",-17.5,5.47057314652416,5,0.00205973223480947,0.00153452685421995,0.00286204922724671,8
MMRd,Myeloid-noDC-noGran,ITGAE,"(-20,-15]","(5.11,5.84]",-17.5,5.47057314652416,6,0.00220917932287918,0.00165173080302232,0.00300059015627953,8
MMRd,Myeloid-ISG,ITGAE,"(0,5]","(4.38,5.11]",2.5,4.74116339365427,6,0.000478504122497055,0,0.00274272911270889,8
MMRd,Myeloid-noDC-noGran,ITGAE,"(0,5]","(4.38,5.11]",2.5,4.74116339365427,7,0.00263504611330698,0.00173034144981805,0.00355330955747889,8
MMRd,Myeloid-ISG,ITGAE,"(-10,-5]","(4.38,5.11]",-7.5,4.74116339365427,7,0.00249100470523111,0.00154605675424054,0.00282650852490745,8
MMRd,Myeloid-noDC-noGran,ITGAE,"(-10,-5]","(4.38,5.11]",-7.5,4.74116339365427,8,0.00252912770339576,0.00161142117046479,0.00329978076022872,8
MMRd,Myeloid-noDC-noGran,ITGAE,"(-20,-15]","(2.92,3.65]",-17.5,3.2823438879145,8,0.00228911805827177,0.00160226738154314,0.00289348062457306,8
MMRd,Myeloid-noDC-noGran,ITGAE,"(-85,-80]","(3.65,4.38]",-82.5,4.01175364078438,4,0.0022573183241734,0.00205613099514367,0.00476310772747456,8
MMRd,Myeloid-noDC-noGran,ITGAE,"(65,70]","(2.92,3.65]",67.5,3.2823438879145,4,0.0031964870384578,0.00217601547388781,0.00360881409369987,8
MMRd,Myeloid-ISG,ITGAE,"(-20,-15]","(4.38,5.11]",-17.5,4.74116339365427,7,0.00120884590770106,0.000991763282988915,0.00297837712547671,8
MMRd,Myeloid-noDC-noGran,ITGAE,"(-20,-15]","(4.38,5.11]",-17.5,4.74116339365427,7,0.0015979081929111,0.00155663645303996,0.00236202113677899,8
MMRd,Myeloid-ISG,ITGAE,"(-30,-25]","(4.38,5.11]",-27.5,4.74116339365427,7,0.00383533623114293,0.00175265038268629,0.00391699890069341,8
MMRd,Myeloid-noDC-noGran,ITGAE,"(-30,-25]","(4.38,5.11]",-27.5,4.74116339365427,7,0.00285062713797035,0.00191919659861845,0.00341421366091459,8
MMRd,Myeloid-noDC-noGran,ITGAE,"(-20,-15]","(2.19,2.92]",-17.5,2.55293413504461,8,0.00149767723239086,0.000698983702137839,0.00257349448115122,8
MMRd,Myeloid-noDC-noGran,ITGAE,"(-50,-45]","(4.38,5.11]",-47.5,4.74116339365427,7,0.00213219616204691,0.00147162752026606,0.00291352108158784,8
MMRd,Myeloid-noDC-noGran,ITGAE,"(25,30]","(3.65,4.38]",27.5,4.01175364078438,5,0.000255558395093279,0,0.000646830530401035,8
MMRd,Myeloid-noDC-noGran,ITGAE,"(-55,-50]","[0,0.729]",-52.5,0.364704876434944,8,0.0019408051893628,0.000991395634696522,0.00278260541030679,8
MMRd,Myeloid-ISG,ITGAE,"(5,10]","(3.65,4.38]",7.5,4.01175364078438,6,0.00214579388813849,0.00168204195537014,0.00273616435138223,8
MMRd,Myeloid-noDC-noGran,ITGAE,"(5,10]","(3.65,4.38]",7.5,4.01175364078438,8,0.00268239479699926,0.00182079705188739,0.00413442581531309,8
MMRd,Myeloid-noDC-noGran,ITGAE,"(-15,-10]","(2.19,2.92]",-12.5,2.55293413504461,8,0.00262944005820687,0.00124897077060572,0.0030778453900561,8
MMRd,Myeloid-noDC-noGran,ITGAE,"(-30,-25]","[0,0.729]",-27.5,0.364704876434944,8,0.00134982927669121,0.000723449406771487,0.00180746818891584,8
MMRd,Myeloid-ISG,ITGAE,"(0,5]","(2.92,3.65]",2.5,3.2823438879145,8,0.00216433659813865,0.00149043621413517,0.00352577576703136,8
MMRd,Myeloid-noDC-noGran,ITGAE,"(0,5]","(2.92,3.65]",2.5,3.2823438879145,8,0.00280151384911722,0.00229444849911525,0.0029363741359273,8
MMRd,Myeloid-ISG,ITGAE,"(-5,0]","(2.19,2.92]",-2.5,2.55293413504461,8,0.00171154045106559,0.0013588642449646,0.0031775384449035,8
MMRd,Myeloid-noDC-noGran,ITGAE,"(-5,0]","(2.19,2.92]",-2.5,2.55293413504461,8,0.00212992650027212,0.00129824433699202,0.00271234927218877,8
MMRd,Myeloid-ISG,ITGAE,"(-10,-5]","(1.46,2.19]",-7.5,1.82352438217472,7,0.00236779794790845,0.00143216065593748,0.00271802791546448,8
MMRd,Myeloid-noDC-noGran,ITGAE,"(-10,-5]","(1.46,2.19]",-7.5,1.82352438217472,8,0.0012535256750096,0.00107028865064681,0.00274518151418004,8
MMRd,Myeloid-noDC-noGran,ITGAE,"(-20,-15]","(1.46,2.19]",-17.5,1.82352438217472,7,0.000877654906090925,0.000767513025682733,0.00258779274407346,8
MMRd,Myeloid-ISG,ITGAE,"(-5,0]","(1.46,2.19]",-2.5,1.82352438217472,6,0.00128710037917721,0.000759716864699231,0.00237765755876764,8
MMRd,Myeloid-noDC-noGran,ITGAE,"(-5,0]","(1.46,2.19]",-2.5,1.82352438217472,8,0.00129831525184421,0.0011170748850913,0.00255835654677073,8
MMRd,Myeloid-ISG,ITGAE,"(-30,-25]","(2.92,3.65]",-27.5,3.2823438879145,6,0.00121696450208553,9.76944118796405e-05,0.00270483952126942,8
MMRd,Myeloid-noDC-noGran,ITGAE,"(-30,-25]","(2.92,3.65]",-27.5,3.2823438879145,8,0.00172271224996198,0.00112402089521712,0.00348971718297021,8
MMRd,Myeloid-noDC-noGran,ITGAE,"(-45,-40]","(3.65,4.38]",-42.5,4.01175364078438,7,0.00233879051119278,0.00115264065896864,0.00282023006235044,8
MMRd,Myeloid-noDC-noGran,ITGAE,"(-35,-30]","(4.38,5.11]",-32.5,4.74116339365427,7,0.00177462289263532,0.00154666183019971,0.00215133157568098,8
MMRd,Myeloid-noDC-noGran,ITGAE,"(-55,-50]","(3.65,4.38]",-52.5,4.01175364078438,7,0.0024653312788906,0.00198038235784069,0.00479811557747673,8
MMRd,Myeloid-noDC-noGran,ITGAE,"(35,40]","(2.92,3.65]",37.5,3.2823438879145,7,0.00203741433598815,0.000471624470535305,0.00631886617276901,8
MMRd,Myeloid-noDC-noGran,ITGAE,"(-65,-60]","(3.65,4.38]",-62.5,4.01175364078438,7,0.00146681334800147,0.00055883761775507,0.00248268537883674,8
MMRd,Myeloid-ISG,ITGAE,"(-10,-5]","(2.19,2.92]",-7.5,2.55293413504461,8,0.00129016354985307,0.000604706333693296,0.00249401596399302,8
MMRd,Myeloid-noDC-noGran,ITGAE,"(-10,-5]","(2.19,2.92]",-7.5,2.55293413504461,8,0.0018799890994205,0.00142043652482263,0.00246274400312609,8
MMRd,Myeloid-ISG,ITGAE,"(-25,-20]","(2.92,3.65]",-22.5,3.2823438879145,6,0.00253017889753798,0.00207299186103362,0.00366120152961848,8
MMRd,Myeloid-noDC-noGran,ITGAE,"(-25,-20]","(2.92,3.65]",-22.5,3.2823438879145,8,0.00199469419638291,0.00141387878697393,0.00336022667935183,8
MMRd,Myeloid-ISG,ITGAE,"(10,15]","(3.65,4.38]",12.5,4.01175364078438,5,0.000767459708365311,0,0.0029940119760479,8
MMRd,Myeloid-noDC-noGran,ITGAE,"(10,15]","(3.65,4.38]",12.5,4.01175364078438,7,0.00137315482320632,0.000593704495844929,0.00170194921626468,8
MMRd,Myeloid-noDC-noGran,ITGAE,"(30,35]","(1.46,2.19]",32.5,1.82352438217472,5,0.000908265213442325,0.000853606487409304,0.00145348837209302,8
MMRd,Myeloid-ISG,ITGAE,"(-5,0]","(0.729,1.46]",-2.5,1.09411462930483,4,0.000325520833333333,0,0.000663678817820393,8
MMRd,Myeloid-noDC-noGran,ITGAE,"(-5,0]","(0.729,1.46]",-2.5,1.09411462930483,6,0.00138405019099162,0.000735061222151995,0.00197377762254565,8
MMRd,Myeloid-noDC-noGran,ITGAE,"(5,10]","(1.46,2.19]",7.5,1.82352438217472,7,0.00159138205410699,0.000927749548617531,0.00227931586356688,8
MMRd,Myeloid-ISG,ITGAE,"(-25,-20]","(4.38,5.11]",-22.5,4.74116339365427,7,0.00179425837320574,0.000615866846941486,0.00325012722398877,8
MMRd,Myeloid-noDC-noGran,ITGAE,"(-25,-20]","(4.38,5.11]",-22.5,4.74116339365427,7,0.00317080466646725,0.00223442978524271,0.00348268616306047,8
MMRd,Myeloid-ISG,ITGAE,"(-5,0]","[0,0.729]",-2.5,0.364704876434944,8,0.00295157215507553,0.00231187937204512,0.00356880826139538,8
MMRd,Myeloid-noDC-noGran,ITGAE,"(-5,0]","[0,0.729]",-2.5,0.364704876434944,8,0.00301602779249187,0.00158047850073693,0.00368420275541039,8
MMRd,Myeloid-ISG,ITGAE,"(0,5]","(2.19,2.92]",2.5,2.55293413504461,7,0.00210329516242113,0.00179516919240227,0.00291744297367453,8
MMRd,Myeloid-noDC-noGran,ITGAE,"(0,5]","(2.19,2.92]",2.5,2.55293413504461,8,0.00201481696664344,0.00121743709123157,0.00295228396821887,8
MMRd,Myeloid-ISG,ITGAE,"(0,5]","(1.46,2.19]",2.5,1.82352438217472,5,0.00185528756957328,0.0014396256973187,0.0022238695329874,8
MMRd,Myeloid-noDC-noGran,ITGAE,"(0,5]","(1.46,2.19]",2.5,1.82352438217472,7,0.00171526586620926,0.0012470796631218,0.00314865414561532,8
MMRd,Myeloid-ISG,ITGAE,"(15,20]","(2.92,3.65]",17.5,3.2823438879145,5,0.000632911392405063,0.000597728631201435,0.00138312586445367,8
MMRd,Myeloid-noDC-noGran,ITGAE,"(15,20]","(2.92,3.65]",17.5,3.2823438879145,8,0.00168268199616561,0.00134788178784367,0.00224009310674288,8
MMRd,Myeloid-noDC-noGran,ITGAE,"(35,40]","(2.19,2.92]",37.5,2.55293413504461,7,0.00145401672119229,0.000170270730461434,0.00160676903366253,8
MMRd,Myeloid-ISG,ITGAE,"(5,10]","(2.92,3.65]",7.5,3.2823438879145,6,0.00127374264542406,0.000284900284900285,0.00208274026858098,8
MMRd,Myeloid-noDC-noGran,ITGAE,"(5,10]","(2.92,3.65]",7.5,3.2823438879145,8,0.00216872566407763,0.00123070467968963,0.00287751035969748,8
MMRd,Myeloid-ISG,ITGAE,"(-15,-10]","(2.19,2.92]",-12.5,2.55293413504461,7,0.00154718927282104,0.00100760920820833,0.00209027300596872,8
MMRd,Myeloid-ISG,ITGAE,"(-20,-15]","(2.92,3.65]",-17.5,3.2823438879145,7,0.00114695340501792,0.00071606518337301,0.00205628589977765,8
MMRd,Myeloid-noDC-noGran,ITGAE,"(20,25]","[0,0.729]",22.5,0.364704876434944,5,0.000522739153162572,0.000196078431372549,0.00326797385620915,8
MMRd,Myeloid-noDC-noGran,ITGAE,"(30,35]","(2.19,2.92]",32.5,2.55293413504461,7,0.00236686390532544,0.000861899543832486,0.002733031400895,8
MMRd,Myeloid-noDC-noGran,ITGAE,"(20,25]","(2.19,2.92]",22.5,2.55293413504461,6,0.00293912337085777,0.000837296989242084,0.00523551335412183,8
MMRd,Myeloid-ISG,ITGAE,"(-15,-10]","(1.46,2.19]",-12.5,1.82352438217472,6,0.00138447687593675,0.000191570881226054,0.00269429142336999,8
MMRd,Myeloid-noDC-noGran,ITGAE,"(-15,-10]","(1.46,2.19]",-12.5,1.82352438217472,7,0.00149503647889009,0.00127063006706963,0.00197880715816293,8
MMRd,Myeloid-ISG,ITGAE,"(-25,-20]","(3.65,4.38]",-22.5,4.01175364078438,6,0.00158092506208544,0.000742881242552105,0.00194741208000194,8
MMRd,Myeloid-noDC-noGran,ITGAE,"(-10,-5]","(0.729,1.46]",-7.5,1.09411462930483,6,0.000827980696837174,0.000626285205349074,0.00179919473314772,8
MMRd,Myeloid-noDC-noGran,ITGAE,"(20,25]","(1.46,2.19]",22.5,1.82352438217472,5,0.00193423597678917,0.00149105367793241,0.00241652021089631,8
MMRd,Myeloid-ISG,ITGAE,"(0,5]","[0,0.729]",2.5,0.364704876434944,5,0.00207253886010363,0.00171489817792069,0.00237529691211401,8
MMRd,Myeloid-noDC-noGran,ITGAE,"(0,5]","[0,0.729]",2.5,0.364704876434944,8,0.00198463409156037,0.00120210886687998,0.00245984534497258,8
MMRd,Myeloid-noDC-noGran,ITGAE,"(-70,-65]","(2.92,3.65]",-67.5,3.2823438879145,6,0.00185197844390516,0.00116678729556799,0.00206582633053221,8
MMRd,Myeloid-noDC-noGran,ITGAE,"(15,20]","(3.65,4.38]",17.5,4.01175364078438,6,0.00415524639780273,0.00296772155351104,0.00541589205349819,8
MMRd,Myeloid-noDC-noGran,ITGAE,"(10,15]","[0,0.729]",12.5,0.364704876434944,7,0.00207072316024212,0.000644911647104347,0.00385863131814798,8
MMRd,Myeloid-ISG,ITGAE,"(-35,-30]","(2.92,3.65]",-32.5,3.2823438879145,5,0.00138176075799447,0.0011154489682097,0.00221157390342794,8
MMRd,Myeloid-noDC-noGran,ITGAE,"(-35,-30]","(2.92,3.65]",-32.5,3.2823438879145,7,0.00166924007845428,0.00128528336844747,0.00248426606336591,8
MMRd,Myeloid-ISG,ITGAE,"(5,10]","(2.19,2.92]",7.5,2.55293413504461,6,0.000797694864486668,0.000133904659882164,0.00285293449078767,8
MMRd,Myeloid-noDC-noGran,ITGAE,"(5,10]","(2.19,2.92]",7.5,2.55293413504461,8,0.00189548339535021,0.00147690508110869,0.00276818792482968,8
MMRd,Myeloid-noDC-noGran,ITGAE,"(-35,-30]","(2.19,2.92]",-32.5,2.55293413504461,7,0.00183823529411765,0.00168934230010966,0.00306628766512736,8
MMRd,Myeloid-noDC-noGran,ITGAE,"(25,30]","(2.92,3.65]",27.5,3.2823438879145,7,0.00103986135181976,9.89315393747527e-05,0.00141774389459493,8
MMRd,Myeloid-noDC-noGran,ITGAE,"(-35,-30]","[0,0.729]",-32.5,0.364704876434944,8,0.00108955289828659,0.00029221538221772,0.00172277902330319,8
MMRd,Myeloid-ISG,ITGAE,"(-30,-25]","(3.65,4.38]",-27.5,4.01175364078438,6,0.00188971186716909,0.000923136651198368,0.00220336116991042,8
MMRd,Myeloid-noDC-noGran,ITGAE,"(-50,-45]","(2.92,3.65]",-47.5,3.2823438879145,6,0.00264863995346707,0.00128057774250196,0.00607875927792541,8
MMRd,Myeloid-ISG,ITGAE,"(-20,-15]","(2.19,2.92]",-17.5,2.55293413504461,7,0.00253991291727141,0.000590696565440398,0.00291732428892844,8
MMRd,Myeloid-ISG,ITGAE,"(-15,-10]","(2.92,3.65]",-12.5,3.2823438879145,8,0.00210556242654335,0.00138709232121785,0.00289266078876132,8
MMRd,Myeloid-noDC-noGran,ITGAE,"(-15,-10]","(2.92,3.65]",-12.5,3.2823438879145,8,0.00199923329739908,0.00171392078480399,0.00315114799571778,8
MMRd,Myeloid-noDC-noGran,ITGAE,"(0,5]","(0.729,1.46]",2.5,1.09411462930483,4,0.00134060662689204,0.000699658435465749,0.00300737488723898,8
MMRd,Myeloid-ISG,ITGAE,"(10,15]","(2.92,3.65]",12.5,3.2823438879145,6,0.00260643976998146,0.00148853931573304,0.00411853195236498,8
MMRd,Myeloid-noDC-noGran,ITGAE,"(10,15]","(2.92,3.65]",12.5,3.2823438879145,7,0.00149142431021626,0.00124391037313922,0.00279550936581696,8
MMRd,Myeloid-noDC-noGran,ITGAE,"(-75,-70]","[0,0.729]",-72.5,0.364704876434944,7,0.000840866092074837,0,0.00108832162329076,8
MMRd,Myeloid-ISG,ITGAE,"(-40,-35]","(3.65,4.38]",-37.5,4.01175364078438,5,0.00174804801305209,0.00159404888416578,0.00429401363980803,8
MMRd,Myeloid-noDC-noGran,ITGAE,"(-40,-35]","(3.65,4.38]",-37.5,4.01175364078438,7,0.00240311093633941,0.00191933616591151,0.00405628994902132,8
MMRd,Myeloid-noDC-noGran,ITGAE,"(-45,-40]","(2.92,3.65]",-42.5,3.2823438879145,6,0.00128546949908699,0.00039215971504586,0.0017767893752641,8
MMRd,Myeloid-noDC-noGran,ITGAE,"(15,20]","(2.19,2.92]",17.5,2.55293413504461,7,0.00210687607737981,0.00133874325290059,0.00309686512963293,8
MMRd,Myeloid-noDC-noGran,ITGAE,"(45,50]","[0,0.729]",47.5,0.364704876434944,5,0.00180072028811525,0.000581057524694945,0.00198412698412698,8
MMRd,Myeloid-ISG,ITGAE,"(-35,-30]","(2.19,2.92]",-32.5,2.55293413504461,4,0.00286130128105389,0.00140536504383908,0.0046945067264574,8
MMRd,Myeloid-ISG,ITGAE,"(-40,-35]","(2.19,2.92]",-37.5,2.55293413504461,4,0.00114267670350002,0.000716674629718108,0.00142874681034641,8
MMRd,Myeloid-noDC-noGran,ITGAE,"(-40,-35]","(2.19,2.92]",-37.5,2.55293413504461,7,0.00188797986154814,0.00113820814226444,0.00266922604071094,8
MMRd,Myeloid-noDC-noGran,ITGAE,"(20,25]","(2.92,3.65]",22.5,3.2823438879145,5,0.00264594013560443,0.001093693036821,0.00323624595469256,8
MMRd,Myeloid-ISG,ITGAE,"(-35,-30]","[0,0.729]",-32.5,0.364704876434944,4,0.00159254298212893,0.000506756756756757,0.00383300531955815,8
MMRd,Myeloid-ISG,ITGAE,"(-35,-30]","(4.38,5.11]",-32.5,4.74116339365427,6,0.00261193218668589,0.0013871467011957,0.00341944155143043,8
MMRd,Myeloid-ISG,ITGAE,"(-50,-45]","(2.92,3.65]",-47.5,3.2823438879145,4,0.0021589320579027,0.00151615760205408,0.00285701633715897,8
MMRd,Myeloid-ISG,ITGAE,"(-25,-20]","(2.19,2.92]",-22.5,2.55293413504461,6,0.000992678750433931,0.000606644444322811,0.00123260225981745,8
MMRd,Myeloid-noDC-noGran,ITGAE,"(-25,-20]","(2.19,2.92]",-22.5,2.55293413504461,8,0.00109845341050554,0.000739085078449511,0.00204091452046896,8
MMRd,Myeloid-ISG,ITGAE,"(-45,-40]","(3.65,4.38]",-42.5,4.01175364078438,4,0.00176658777100028,0.000933416303671437,0.00229051816568777,8
MMRd,Myeloid-noDC-noGran,ITGAE,"(30,35]","(0.729,1.46]",32.5,1.09411462930483,4,0.000256147540983607,0,0.000558680488028096,8
MMRd,Myeloid-ISG,ITGAE,"(-10,-5]","[0,0.729]",-7.5,0.364704876434944,8,0.00235220508658009,0.00141795171147638,0.00390642399622275,8
MMRd,Myeloid-noDC-noGran,ITGAE,"(-10,-5]","[0,0.729]",-7.5,0.364704876434944,8,0.00203234812478645,0.000959132324759246,0.00310371034849172,8
MMRd,Myeloid-ISG,ITGAE,"(10,15]","(2.19,2.92]",12.5,2.55293413504461,4,0.00153711964580143,0.00105513569440506,0.00238323448901758,8
MMRd,Myeloid-noDC-noGran,ITGAE,"(10,15]","(2.19,2.92]",12.5,2.55293413504461,7,0.00143061516452074,0.000852608215795712,0.00292349684702877,8
MMRd,Myeloid-noDC-noGran,ITGAE,"(-35,-30]","(1.46,2.19]",-32.5,1.82352438217472,6,0.00158986726803803,0.000870916914197705,0.0023382662041603,8
MMRd,Myeloid-noDC-noGran,ITGAE,"(50,55]","(1.46,2.19]",52.5,1.82352438217472,4,0.00130863317895737,0.000683989351235061,0.00263435920992191,8
MMRd,Myeloid-noDC-noGran,ITGAE,"(-75,-70]","(2.19,2.92]",-72.5,2.55293413504461,4,0.001681475107392,0.00151022401506246,0.00229321700890516,8
MMRd,Myeloid-noDC-noGran,ITGAE,"(-60,-55]","(4.38,5.11]",-57.5,4.74116339365427,7,0.00141843971631206,0.00125263342147872,0.00198716293219668,8
MMRd,Myeloid-ISG,ITGAE,"(-45,-40]","(2.92,3.65]",-42.5,3.2823438879145,4,0.00222669051519373,0.00137766348273328,0.00448878478431547,8
MMRd,Myeloid-noDC-noGran,ITGAE,"(50,55]","(2.19,2.92]",52.5,2.55293413504461,6,0.00194735925100429,0.000673569781376192,0.00312759261622898,8
MMRd,Myeloid-noDC-noGran,ITGAE,"[-100,-95]","[0,0.729]",-97.5,0.364704876434944,7,0.00117037284734994,0.000745327033371965,0.00190946493055745,8
MMRd,Myeloid-noDC-noGran,ITGAE,"(-50,-45]","(2.19,2.92]",-47.5,2.55293413504461,7,0.00171821305841924,0.00155547225661849,0.00261387768345197,8
MMRd,Myeloid-noDC-noGran,ITGAE,"(-50,-45]","[0,0.729]",-47.5,0.364704876434944,8,0.00112216332913934,0.000965724719501155,0.00258805238957997,8
MMRd,Myeloid-noDC-noGran,ITGAE,"(-85,-80]","(2.92,3.65]",-82.5,3.2823438879145,4,0.00162724822149765,0.00113464447806354,0.00230224379043791,8
MMRd,Myeloid-noDC-noGran,ITGAE,"(-65,-60]","(2.19,2.92]",-62.5,2.55293413504461,5,0.00171302716371645,0.00134952766531714,0.00221011513157895,8
MMRd,Myeloid-noDC-noGran,ITGAE,"(60,65]","[0,0.729]",62.5,0.364704876434944,6,0.00112727571917962,5.51632833186231e-05,0.00326245254444744,8
MMRd,Myeloid-ISG,ITGAE,"(-15,-10]","[0,0.729]",-12.5,0.364704876434944,8,0.00147439772040411,0.00100657086450427,0.0022880635429174,8
MMRd,Myeloid-noDC-noGran,ITGAE,"(-15,-10]","[0,0.729]",-12.5,0.364704876434944,8,0.00189246033233885,0.000983726454288758,0.00224632348893285,8
MMRd,Myeloid-noDC-noGran,ITGAE,"(15,20]","[0,0.729]",17.5,0.364704876434944,5,0.000326157860404436,0,0.00161899622234215,8
MMRd,Myeloid-noDC-noGran,ITGAE,"(30,35]","(2.92,3.65]",32.5,3.2823438879145,6,0.00212148365512024,0.00186010090100135,0.00250547784703989,8
MMRd,Myeloid-ISG,ITGAE,"(5,10]","[0,0.729]",7.5,0.364704876434944,4,0.00270803083424821,0.00189670917764565,0.00325965943311858,8
MMRd,Myeloid-noDC-noGran,ITGAE,"(5,10]","[0,0.729]",7.5,0.364704876434944,8,0.00171071151441594,0.00104335689234445,0.0026794554438182,8
MMRd,Myeloid-noDC-noGran,ITGAE,"(10,15]","(1.46,2.19]",12.5,1.82352438217472,6,0.00125463410494836,0.000496958453835732,0.00241508373276525,8
MMRd,Myeloid-ISG,ITGAE,"(-30,-25]","[0,0.729]",-27.5,0.364704876434944,4,0.00328691079080639,0.000707250217283968,0.00614643801269997,8
MMRd,Myeloid-ISG,ITGAE,"(-40,-35]","(2.92,3.65]",-37.5,3.2823438879145,4,0.00203806487475899,0.00161806977789685,0.0023897389327391,8
MMRd,Myeloid-noDC-noGran,ITGAE,"(-40,-35]","(2.92,3.65]",-37.5,3.2823438879145,7,0.00153590170229105,0.000748484319253512,0.00234892640967128,8
MMRd,Myeloid-ISG,ITGAE,"(-25,-20]","(1.46,2.19]",-22.5,1.82352438217472,4,0.00304625124750499,0.00110513025520699,0.00618572707652974,8
MMRd,Myeloid-noDC-noGran,ITGAE,"(-25,-20]","(1.46,2.19]",-22.5,1.82352438217472,7,0.00119830393904013,0.000658876421913455,0.00295696158383237,8
MMRd,Myeloid-noDC-noGran,ITGAE,"(85,90]","[0,0.729]",87.5,0.364704876434944,4,0.00135013501350135,0,0.00316156615661566,8
MMRd,Myeloid-noDC-noGran,ITGAE,"(15,20]","(1.46,2.19]",17.5,1.82352438217472,5,0.00195950359242325,0.000154320987654321,0.00203977562468129,8
MMRd,Myeloid-noDC-noGran,ITGAE,"(65,70]","[0,0.729]",67.5,0.364704876434944,5,0.00097624471200781,0.000748502994011976,0.00294117647058824,8
MMRd,Myeloid-ISG,ITGAE,"(-25,-20]","[0,0.729]",-22.5,0.364704876434944,7,0.00157977883096367,0.00022583559168925,0.00200872466956246,8
MMRd,Myeloid-noDC-noGran,ITGAE,"(-25,-20]","[0,0.729]",-22.5,0.364704876434944,8,0.00148514646779346,0.000934641664301775,0.00193390177066247,8
MMRd,Myeloid-noDC-noGran,ITGAE,"(25,30]","(2.19,2.92]",27.5,2.55293413504461,6,0.00120226632137696,0.00101018887922329,0.00154856008971465,8
MMRd,Myeloid-ISG,ITGAE,"(-20,-15]","(1.46,2.19]",-17.5,1.82352438217472,4,0.000745267551050827,0,0.00266429307915356,8
MMRd,Myeloid-noDC-noGran,ITGAE,"(35,40]","[0,0.729]",37.5,0.364704876434944,5,0.00249584026622296,0.00196540880503145,0.0025062656641604,8
MMRd,Myeloid-noDC-noGran,ITGAE,"(-55,-50]","(2.92,3.65]",-52.5,3.2823438879145,6,0.00217319950284787,0.00137562808937197,0.00252596104985207,8
MMRd,Myeloid-noDC-noGran,ITGAE,"(-65,-60]","(2.92,3.65]",-62.5,3.2823438879145,5,0.00151610865445357,0.000804073974805682,0.00213903743315508,8
MMRd,Myeloid-noDC-noGran,ITGAE,"(-70,-65]","(2.19,2.92]",-67.5,2.55293413504461,5,0.00230149597238205,0.00140395660497766,0.00259529602595296,8
MMRd,Myeloid-noDC-noGran,ITGAE,"(75,80]","[0,0.729]",77.5,0.364704876434944,4,0.00245294839823205,0.000797024442082891,0.00393576894178203,8
MMRd,Myeloid-noDC-noGran,ITGAE,"(-75,-70]","(3.65,4.38]",-72.5,4.01175364078438,4,0.00169820522006693,0.0014326513194277,0.00260112741806843,8
MMRd,Myeloid-noDC-noGran,ITGAE,"(-65,-60]","[0,0.729]",-62.5,0.364704876434944,8,0.00185727593193089,0.000751252086811352,0.00436034623167223,8
MMRd,Myeloid-noDC-noGran,ITGAE,"(-70,-65]","(3.65,4.38]",-67.5,4.01175364078438,5,0.00122759636631476,0.000441208912420031,0.00295663600525624,8
MMRd,Myeloid-noDC-noGran,ITGAE,"(25,30]","[0,0.729]",27.5,0.364704876434944,5,0.00270793036750484,0.00129249062944294,0.00330250990752972,8
MMRd,Myeloid-ISG,ITGAE,"(-40,-35]","[0,0.729]",-37.5,0.364704876434944,4,0.000879484036032194,0.000291828793774319,0.00175414144632048,8
MMRd,Myeloid-noDC-noGran,ITGAE,"(-40,-35]","[0,0.729]",-37.5,0.364704876434944,8,0.00183219272582228,0.000852537729776776,0.00318337760994227,8
MMRd,Myeloid-noDC-noGran,ITGAE,"(-55,-50]","(2.19,2.92]",-52.5,2.55293413504461,6,0.00157405632296407,0.000714149717672326,0.00239498996422418,8
MMRd,Myeloid-noDC-noGran,ITGAE,"(40,45]","[0,0.729]",42.5,0.364704876434944,6,0.000542888165038002,0,0.00187474229598671,8
MMRd,Myeloid-noDC-noGran,ITGAE,"(65,70]","(2.19,2.92]",67.5,2.55293413504461,4,0.00272452901369928,0.000355450236966825,0.00799490917505496,8
MMRd,Myeloid-noDC-noGran,ITGAE,"(-30,-25]","(1.46,2.19]",-27.5,1.82352438217472,5,0.00137142857142857,0.00127521446788778,0.00185070943861814,8
MMRd,Myeloid-ISG,ITGAE,"(-30,-25]","(2.19,2.92]",-27.5,2.55293413504461,4,0.000765188486250837,0.000584044554541049,0.00157969573896322,8
MMRd,Myeloid-noDC-noGran,ITGAE,"(-30,-25]","(2.19,2.92]",-27.5,2.55293413504461,8,0.00171431121849446,0.0010045790195615,0.00265397445178775,8
MMRd,Myeloid-noDC-noGran,ITGAE,"(35,40]","(1.46,2.19]",37.5,1.82352438217472,5,0.00338461538461538,0.00100351229302559,0.00377180575200377,8
MMRd,Myeloid-noDC-noGran,ITGAE,"(40,45]","(2.19,2.92]",42.5,2.55293413504461,7,0.00116009280742459,0.000244738130200685,0.00298151885006178,8
MMRd,Myeloid-noDC-noGran,ITGAE,"(-70,-65]","[0,0.729]",-67.5,0.364704876434944,8,0.000750726940286185,0,0.00146489342026171,8
MMRd,Myeloid-noDC-noGran,ITGAE,"(25,30]","(1.46,2.19]",27.5,1.82352438217472,5,0.00114580349470066,0.000872093023255814,0.00118483412322275,8
MMRd,Myeloid-noDC-noGran,ITGAE,"(40,45]","(1.46,2.19]",42.5,1.82352438217472,5,0.0029479200786112,0.00190114068441065,0.00362056480811007,8
MMRd,Myeloid-ISG,ITGAE,"(-20,-15]","[0,0.729]",-17.5,0.364704876434944,6,0.000292312189418299,0,0.00119461835006796,8
MMRd,Myeloid-noDC-noGran,ITGAE,"(-20,-15]","[0,0.729]",-17.5,0.364704876434944,8,0.00227662138875776,0.000742996874638268,0.00346159132651132,8
MMRd,Myeloid-noDC-noGran,ITGAE,"(55,60]","(2.19,2.92]",57.5,2.55293413504461,5,0.00188442211055276,0.00175746924428823,0.00244648318042813,8
MMRd,Myeloid-noDC-noGran,ITGAE,"(-60,-55]","(2.19,2.92]",-57.5,2.55293413504461,5,0.00240601503759399,0.00172914222194776,0.00273972602739726,8
MMRd,Myeloid-noDC-noGran,ITGAE,"(55,60]","(1.46,2.19]",57.5,1.82352438217472,4,0.00111542903786108,0.000252016129032258,0.00205807010291859,8
MMRd,Myeloid-noDC-noGran,ITGAE,"(-65,-60]","(4.38,5.11]",-62.5,4.74116339365427,4,0.00166410650281618,0.00126373072244645,0.00181937119260804,8
MMRd,Myeloid-noDC-noGran,ITGAE,"(50,55]","[0,0.729]",52.5,0.364704876434944,7,0.00198019801980198,0.00123188213372587,0.00370996194285687,8
MMRd,Myeloid-noDC-noGran,ITGAE,"(30,35]","[0,0.729]",32.5,0.364704876434944,5,0.00231481481481482,0.00183534347142108,0.00270897832817338,8
MMRd,Myeloid-ISG,ITGAE,"(-45,-40]","[0,0.729]",-42.5,0.364704876434944,4,0.000740272469688983,0.000418526785714286,0.00169589798307622,8
MMRd,Myeloid-noDC-noGran,ITGAE,"(-45,-40]","[0,0.729]",-42.5,0.364704876434944,7,0.00127986348122867,0.00072428582251913,0.00223783025412959,8
MMRd,Myeloid-noDC-noGran,ITGAE,"(-40,-35]","(1.46,2.19]",-37.5,1.82352438217472,6,0.00299897320694135,0.00108517792475952,0.00549258082764023,8
MMRd,Myeloid-noDC-noGran,ITGAE,"(40,45]","(2.92,3.65]",42.5,3.2823438879145,7,0.000824402308326463,0,0.00173788560737832,8
MMRd,Myeloid-ISG,ITGAE,"(15,20]","(3.65,4.38]",17.5,4.01175364078438,4,0.00324242030876723,0.00154320987654321,0.0046978310549272,8
MMRd,Myeloid-noDC-noGran,ITGAE,"(-60,-55]","(3.65,4.38]",-57.5,4.01175364078438,5,0.0022002200220022,0.00129146823795302,0.0033311125916056,8
MMRd,Myeloid-ISG,ITGAE,"(-45,-40]","(4.38,5.11]",-42.5,4.74116339365427,4,0.00333617323751597,0.00189897877209212,0.00503031814867406,8
MMRd,Myeloid-noDC-noGran,ITGAE,"(-60,-55]","(2.92,3.65]",-57.5,3.2823438879145,6,0.00144137947628289,0.00127700795107346,0.0021912819155546,8
MMRd,Myeloid-noDC-noGran,ITGAE,"(-45,-40]","(2.19,2.92]",-42.5,2.55293413504461,6,0.00136468124530402,0.000993369230117388,0.00190787306396446,8
MMRd,Myeloid-noDC-noGran,ITGAE,"(45,50]","(1.46,2.19]",47.5,1.82352438217472,4,0.00179642738937214,0.00138473639352575,0.00249193073448641,8
MMRd,Myeloid-noDC-noGran,ITGAE,"(-55,-50]","(4.38,5.11]",-52.5,4.74116339365427,7,0.00413223140495868,0.00259677895981088,0.0047992636552007,8
MMRd,Myeloid-noDC-noGran,ITGAE,"(-80,-75]","[0,0.729]",-77.5,0.364704876434944,8,0.00216009807287866,0.00104856680215873,0.00306138249148371,8
MMRd,Myeloid-noDC-noGran,ITGAE,"(-75,-70]","(2.92,3.65]",-72.5,3.2823438879145,5,0.00185442744552619,0.00133422281521014,0.00285306704707561,8
MMRd,Myeloid-noDC-noGran,ITGAE,"(-90,-85]","[0,0.729]",-87.5,0.364704876434944,8,0.00220923546823806,0.000902449779876964,0.00244992188194647,8
MMRd,Myeloid-noDC-noGran,ITGAE,"(-85,-80]","(2.19,2.92]",-82.5,2.55293413504461,4,0.00108790081396495,0.000857547284505966,0.00192070333210012,8
MMRd,Myeloid-noDC-noGran,ITGAE,"(-90,-85]","(2.19,2.92]",-87.5,2.55293413504461,4,0.00349108441452747,0.00189962610218597,0.00499030500437537,8
MMRd,Myeloid-noDC-noGran,ITGAE,"(80,85]","[0,0.729]",82.5,0.364704876434944,4,0,0,0.00056095736724009,8
MMRd,Myeloid-noDC-noGran,ITGAE,"(-85,-80]","[0,0.729]",-82.5,0.364704876434944,8,0.00222315574445653,0.00212283316510034,0.00245564845688838,8
MMRd,Myeloid-noDC-noGran,ITGAE,"(-80,-75]","(2.92,3.65]",-77.5,3.2823438879145,4,0.00100801266445438,0.000825781753840557,0.00118879783828237,8
MMRd,Myeloid-noDC-noGran,ITGAE,"(60,65]","(2.92,3.65]",62.5,3.2823438879145,4,0.00400100189833369,0.00205460461994192,0.00632067170885128,8
MMRd,Myeloid-noDC-noGran,ITGAE,"(60,65]","(2.19,2.92]",62.5,2.55293413504461,4,0.0015359366270253,0.000699626865671642,0.00288196120944893,8
MMRd,Myeloid-noDC-noGran,ITGAE,"(70,75]","[0,0.729]",72.5,0.364704876434944,5,0.00180831826401447,0,0.00353356890459364,8
MMRd,Myeloid-noDC-noGran,ITGAE,"(70,75]","(2.19,2.92]",72.5,2.55293413504461,4,0.00138129010469436,0.000613402331294757,0.00311704285529325,8
MMRd,Myeloid-noDC-noGran,ITGAE,"(90,95]","[0,0.729]",92.5,0.364704876434944,4,0.00172318889063841,0.000462392108508015,0.00396968186784368,8
MMRd,Myeloid-noDC-noGran,ITGAE,"(45,50]","(2.19,2.92]",47.5,2.55293413504461,5,0.00120192307692308,0.00107584722969338,0.00318979266347687,8
MMRd,Myeloid-noDC-noGran,ITGAE,"(-60,-55]","[0,0.729]",-57.5,0.364704876434944,8,0.00108120831353501,0.000695745047319373,0.00230991629385848,8
MMRd,Myeloid-noDC-noGran,ITGAE,"(55,60]","(2.92,3.65]",57.5,3.2823438879145,5,0.00233644859813084,0.00133244503664224,0.00261780104712042,8
MMRd,Myeloid-noDC-noGran,ITGAE,"(-80,-75]","(2.19,2.92]",-77.5,2.55293413504461,4,0.000837676784348112,0.000474908975779642,0.00251771731185364,8
MMRd,Myeloid-noDC-noGran,ITGAE,"(20,25]","(0.729,1.46]",22.5,1.09411462930483,4,0.00128544794426455,0.000474683544303798,0.0025072291518612,8
MMRd,Myeloid-noDC-noGran,ITGAE,"(55,60]","[0,0.729]",57.5,0.364704876434944,5,0.00157418339236521,0.000861697544161999,0.00255406095692151,8
MMRd,Myeloid-noDC-noGran,ITGAE,"(-15,-10]","(0.729,1.46]",-12.5,1.09411462930483,4,0.00375184457255532,0.000809615467077529,0.00680819857649126,8
MMRd,Myeloid-noDC-noGran,ITGAE,"(-45,-40]","(1.46,2.19]",-42.5,1.82352438217472,4,0.00132163241121599,0.000940766741966729,0.00230733806563224,8
MMRd,Myeloid-noDC-noGran,ITGAE,"(-50,-45]","(1.46,2.19]",-47.5,1.82352438217472,4,0.00088296871285227,0.000478224829433144,0.00142627464355756,8
MMRd,Tcd4-CXCL13,ITGAE,"(-5,0]","(3.65,4.38]",-2.5,4.01175364078438,7,0.0579710144927536,0.0392999013959029,0.0673957018966933,8
MMRd,Tcd4-CXCL13,ITGAE,"(-10,-5]","(2.92,3.65]",-7.5,3.2823438879145,7,0.043756145526057,0.0320749985231039,0.0499978045690055,8
MMRd,Tcd4-CXCL13,ITGAE,"(0,5]","(2.19,2.92]",2.5,2.55293413504461,5,0.0633713561470216,0.0454545454545455,0.0734767025089606,8
MMRd,Tcd4-CXCL13,ITGAE,"(-10,-5]","(1.46,2.19]",-7.5,1.82352438217472,4,0.0541557733955414,0.0463830724833197,0.057011008115472,8
MMRd,Tcd4-CXCL13,ITGAE,"(-5,0]","(2.19,2.92]",-2.5,2.55293413504461,6,0.0554191179191179,0.0516378402530897,0.0602326627795797,8
MMRd,Tcd4-CXCL13,ITGAE,"(-5,0]","(1.46,2.19]",-2.5,1.82352438217472,6,0.0497482719921125,0.0424927468523891,0.0630972072626558,8
MMRd,Tcd4-CXCL13,ITGAE,"(-10,-5]","(2.19,2.92]",-7.5,2.55293413504461,6,0.0450437317784257,0.044222252659453,0.0463898679322498,8
MMRd,Tcd4-CXCL13,ITGAE,"(-15,-10]","(2.92,3.65]",-12.5,3.2823438879145,6,0.0429774205893609,0.0336275838313332,0.0502708559046587,8
MMRd,Tcd4-CXCL13,ITGAE,"(-15,-10]","(3.65,4.38]",-12.5,4.01175364078438,4,0.0375693762482208,0.0342260447122991,0.0408117637143446,8
MMRd,Tcd4-CXCL13,ITGAE,"(0,5]","(2.92,3.65]",2.5,3.2823438879145,6,0.0349627339564849,0.029613685608563,0.0403780778745654,8
MMRd,Tcd4-CXCL13,ITGAE,"(-5,0]","(2.92,3.65]",-2.5,3.2823438879145,6,0.0507796109902723,0.0444938565927013,0.0627531525129876,8
MMRd,Tcd4-CXCL13,ITGAE,"(-5,0]","[0,0.729]",-2.5,0.364704876434944,4,0.0562633343492838,0.0485856637737062,0.0714066764228929,8
MMRd,Tcd4-CXCL13,ITGAE,"(0,5]","(1.46,2.19]",2.5,1.82352438217472,4,0.0811649869945834,0.0423565049549302,0.116925078263813,8
MMRd,Tcd4-CXCL13,ITGAE,"(-10,-5]","(3.65,4.38]",-7.5,4.01175364078438,4,0.0320771438011573,0.0279670199050919,0.0390104773559425,8
MMRd,Tcd4-Treg-comb,ITGAE,"(-10,-5]","(3.65,4.38]",-7.5,4.01175364078438,8,0.00467317318642901,0.00352502240389823,0.0122574420086223,8
MMRd,Tcd4-Treg-comb,ITGAE,"(-5,0]","(4.38,5.11]",-2.5,4.74116339365427,4,0.00787989140747012,0.00685385901125222,0.00829305242704775,8
MMRd,Tcd4-Treg-comb,ITGAE,"(-10,-5]","(2.92,3.65]",-7.5,3.2823438879145,8,0.0066591721297896,0.00436671599450805,0.0106215579219471,8
MMRd,Tcd4-Treg-comb,ITGAE,"(-5,0]","(2.92,3.65]",-2.5,3.2823438879145,8,0.00910144378478973,0.00599683373512087,0.0134875118527896,8
MMRd,Tcd4-Treg-comb,ITGAE,"(-5,0]","(3.65,4.38]",-2.5,4.01175364078438,7,0.00784313725490196,0.00642441128957603,0.0124704026674428,8
MMRd,Tcd4-Treg-comb,ITGAE,"(-10,-5]","(4.38,5.11]",-7.5,4.74116339365427,5,0.00788834951456311,0.00398081045217924,0.00945378151260504,8
MMRd,Tcd4-Treg-comb,ITGAE,"(0,5]","(2.92,3.65]",2.5,3.2823438879145,6,0.00810127933946072,0.00631153424761041,0.0138685378629346,8
MMRd,Tcd4-Treg-comb,ITGAE,"(-15,-10]","(1.46,2.19]",-12.5,1.82352438217472,4,0.00345957756737072,0,0.00757410402991141,8
MMRd,Tcd4-Treg-comb,ITGAE,"(-10,-5]","[0,0.729]",-7.5,0.364704876434944,6,0.00820750249907929,0.00405028293842536,0.0129678004051605,8
MMRd,Tcd4-Treg-comb,ITGAE,"(-5,0]","(2.19,2.92]",-2.5,2.55293413504461,7,0.00802752293577982,0.00374616266497145,0.00940262695059677,8
MMRd,Tcd4-Treg-comb,ITGAE,"(-15,-10]","(2.19,2.92]",-12.5,2.55293413504461,7,0.0039454806312769,0.00278285095186504,0.00796737276329113,8
MMRd,Tcd4-Treg-comb,ITGAE,"(0,5]","(3.65,4.38]",2.5,4.01175364078438,4,0.00701821505832766,0.00388074918191834,0.00970606737371849,8
MMRd,Tcd4-Treg-comb,ITGAE,"(-15,-10]","(3.65,4.38]",-12.5,4.01175364078438,7,0.0103256552819698,0.00454755319930905,0.0129000704900245,8
MMRd,Tcd4-Treg-comb,ITGAE,"(-5,0]","(1.46,2.19]",-2.5,1.82352438217472,7,0.00466744457409568,0.00327086173896014,0.00671787550471653,8
MMRd,Tcd4-Treg-comb,ITGAE,"(0,5]","(2.19,2.92]",2.5,2.55293413504461,6,0.00482172094218153,0.00284557396626362,0.0105464864838117,8
MMRd,Tcd4-Treg-comb,ITGAE,"(-5,0]","[0,0.729]",-2.5,0.364704876434944,5,0.00790513833992095,0.00502008032128514,0.0118964310706788,8
MMRd,Tcd4-Treg-comb,ITGAE,"(-25,-20]","(2.19,2.92]",-22.5,2.55293413504461,5,0.00444938820912125,0.00388936905790838,0.00906344410876133,8
MMRd,Tcd4-Treg-comb,ITGAE,"(-20,-15]","(2.92,3.65]",-17.5,3.2823438879145,7,0.00276609869440142,0.000961759256137735,0.010311209439528,8
MMRd,Tcd4-Treg-comb,ITGAE,"(-10,-5]","(2.19,2.92]",-7.5,2.55293413504461,7,0.00880281690140845,0.00600604721836738,0.00949355602199351,8
MMRd,Tcd4-Treg-comb,ITGAE,"(-20,-15]","(2.19,2.92]",-17.5,2.55293413504461,6,0.00561180917725946,0.00207230656389021,0.00840308001339136,8
MMRd,Tcd4-Treg-comb,ITGAE,"(-15,-10]","(2.92,3.65]",-12.5,3.2823438879145,7,0.00456881781838949,0.00316696213733319,0.00582398356808218,8
MMRd,Tcd4-Treg-comb,ITGAE,"(-15,-10]","[0,0.729]",-12.5,0.364704876434944,5,0.00501169395255596,0.00240963855421687,0.00757575757575758,8
MMRd,Tcd4-Treg-comb,ITGAE,"(-20,-15]","(3.65,4.38]",-17.5,4.01175364078438,6,0.00331757230683235,0.00166301420308901,0.00418030722076301,8
MMRd,Tcd4-Treg-comb,ITGAE,"(5,10]","(2.19,2.92]",7.5,2.55293413504461,6,0.0128703539595801,0.00761278903366724,0.0182341526520052,8
MMRd,Tcd4-Treg-comb,ITGAE,"(5,10]","(2.92,3.65]",7.5,3.2823438879145,5,0.011377245508982,0.00871080139372822,0.0246913580246914,8
MMRd,Tcd4-Treg-comb,ITGAE,"(-10,-5]","(1.46,2.19]",-7.5,1.82352438217472,7,0.00404176490400808,0.00360754284724194,0.0109512472164644,8
MMRd,Tcd4-Treg-comb,ITGAE,"(0,5]","(1.46,2.19]",2.5,1.82352438217472,5,0.00193423597678917,0.00160642570281125,0.00567644276253548,8
MMRd,Tcd4-Treg-comb,ITGAE,"(-30,-25]","(2.92,3.65]",-27.5,3.2823438879145,4,0.00327439930003208,0.00243020937188435,0.00393257691325612,8
MMRd,Tcd4-Treg-comb,ITGAE,"(-25,-20]","(2.92,3.65]",-22.5,3.2823438879145,5,0.00733920469709101,0.00412087912087912,0.0083743842364532,8
MMRd,Tcd4-Treg-comb,ITGAE,"(-25,-20]","(3.65,4.38]",-22.5,4.01175364078438,4,0.00225866780951013,0.00202079867394269,0.0026836970038753,8
MMRd,Tcd4-Treg-comb,ITGAE,"(-35,-30]","(2.92,3.65]",-32.5,3.2823438879145,5,0.00212121212121212,0,0.00378071833648393,8
MMRd,Tcd8-CXCL13-comb,ITGAE,"(0,5]","(3.65,4.38]",2.5,4.01175364078438,7,0.0536499560246262,0.0480966660265595,0.0600813711002992,8
MMRd,CD8-all,ITGAE,"(0,5]","(3.65,4.38]",2.5,4.01175364078438,7,0.0540184453227932,0.0527780969142953,0.0589225576217983,8
MMRd,Tcd8-CXCL13-comb,ITGAE,"(-5,0]","(2.92,3.65]",-2.5,3.2823438879145,7,0.0498853211009174,0.0464363824320484,0.0594229990580201,8
MMRd,CD8-all,ITGAE,"(-5,0]","(2.92,3.65]",-2.5,3.2823438879145,8,0.0528386583544386,0.0438127298898264,0.0599013709048512,8
MMRd,Tcd8-CXCL13-comb,ITGAE,"(-5,0]","(4.38,5.11]",-2.5,4.74116339365427,4,0.0431625361783541,0.0384072702924323,0.0486644537064028,8
MMRd,CD8-all,ITGAE,"(-5,0]","(4.38,5.11]",-2.5,4.74116339365427,7,0.0492107706592386,0.0413682824309902,0.053141537023545,8
MMRd,Tcd8-CXCL13-comb,ITGAE,"(-5,0]","(3.65,4.38]",-2.5,4.01175364078438,7,0.0500295683027794,0.0455219017176905,0.0564979420403586,8
MMRd,CD8-all,ITGAE,"(-5,0]","(3.65,4.38]",-2.5,4.01175364078438,8,0.0521351680628023,0.0433789633865432,0.0600250097289508,8
MMRd,Tcd8-CXCL13-comb,ITGAE,"(-10,-5]","(3.65,4.38]",-7.5,4.01175364078438,6,0.0456909199822897,0.0433090571457587,0.0499816256684302,8
MMRd,CD8-all,ITGAE,"(-10,-5]","(3.65,4.38]",-7.5,4.01175364078438,8,0.0550507715369584,0.0490608641207493,0.061292594066681,8
MMRd,CD8-all,ITGAE,"(10,15]","(3.65,4.38]",12.5,4.01175364078438,4,0.0673275489669269,0.0634943101398403,0.0782348564057412,8
MMRd,CD8-all,ITGAE,"(-10,-5]","(4.38,5.11]",-7.5,4.74116339365427,4,0.0389721214074254,0.0313910346393531,0.0469611186229267,8
MMRd,CD8-all,ITGAE,"(5,10]","(3.65,4.38]",7.5,4.01175364078438,7,0.0627030080497105,0.0617555930124283,0.0754030606900361,8
MMRd,CD8-all,ITGAE,"(5,10]","(2.92,3.65]",7.5,3.2823438879145,7,0.0580720092915215,0.0540164008093527,0.0727628250685863,8
MMRd,CD8-all,ITGAE,"(25,30]","(1.46,2.19]",27.5,1.82352438217472,5,0.0825082508250825,0.0613682092555332,0.0933532486930545,8
MMRd,Tcd8-CXCL13-comb,ITGAE,"(-10,-5]","(2.19,2.92]",-7.5,2.55293413504461,6,0.0544350932996713,0.0469836608105698,0.0578848260379159,8
MMRd,CD8-all,ITGAE,"(-10,-5]","(2.19,2.92]",-7.5,2.55293413504461,7,0.0594947025264874,0.0543817232603295,0.0628887855787617,8
MMRd,CD8-all,ITGAE,"(-10,-5]","[0,0.729]",-7.5,0.364704876434944,6,0.0676563539587492,0.063227207441909,0.0749538634838462,8
MMRd,CD8-all,ITGAE,"(15,20]","(2.92,3.65]",17.5,3.2823438879145,7,0.0824427480916031,0.0585085833091872,0.10411594038002,8
MMRd,Tcd8-CXCL13-comb,ITGAE,"(-5,0]","[0,0.729]",-2.5,0.364704876434944,4,0.0651817112169897,0.0602689651916139,0.0880431924882629,8
MMRd,CD8-all,ITGAE,"(-5,0]","[0,0.729]",-2.5,0.364704876434944,5,0.0743113388853299,0.0713483146067416,0.0951893551688843,8
MMRd,Tcd8-CXCL13-comb,ITGAE,"(-5,0]","(1.46,2.19]",-2.5,1.82352438217472,6,0.0645414788423932,0.0581132154225573,0.0755317001269659,8
MMRd,CD8-all,ITGAE,"(-5,0]","(1.46,2.19]",-2.5,1.82352438217472,6,0.0665066424320967,0.0598744238293326,0.0795359165085446,8
MMRd,Tcd8-CXCL13-comb,ITGAE,"(-10,-5]","(2.92,3.65]",-7.5,3.2823438879145,6,0.0557312401698385,0.0475035162040819,0.0667658954945945,8
MMRd,CD8-all,ITGAE,"(-10,-5]","(2.92,3.65]",-7.5,3.2823438879145,7,0.0599605522682446,0.0433390518011351,0.0751879172220281,8
MMRd,Tcd8-CXCL13-comb,ITGAE,"(-5,0]","(2.19,2.92]",-2.5,2.55293413504461,6,0.0587107812483359,0.0491279385393463,0.0619472512485062,8
MMRd,CD8-all,ITGAE,"(-5,0]","(2.19,2.92]",-2.5,2.55293413504461,7,0.0637223974763407,0.0587497531341573,0.0765475045023177,8
MMRd,Tcd8-CXCL13-comb,ITGAE,"(0,5]","(1.46,2.19]",2.5,1.82352438217472,5,0.0625798212005109,0.0462962962962963,0.0706655710764174,8
MMRd,CD8-all,ITGAE,"(0,5]","(1.46,2.19]",2.5,1.82352438217472,6,0.0615584098657195,0.0490833766961534,0.0746224989238271,8
MMRd,Tcd8-CXCL13-comb,ITGAE,"(15,20]","(2.19,2.92]",17.5,2.55293413504461,5,0.0713224368499257,0.0618556701030928,0.0958646616541353,8
MMRd,CD8-all,ITGAE,"(15,20]","(2.19,2.92]",17.5,2.55293413504461,6,0.090168764831985,0.0698400805188996,0.103326280713544,8
MMRd,CD8-all,ITGAE,"(15,20]","[0,0.729]",17.5,0.364704876434944,4,0.0759024730646168,0.0725603236483118,0.0889662719625603,8
MMRd,Tcd8-CXCL13-comb,ITGAE,"(-10,-5]","(1.46,2.19]",-7.5,1.82352438217472,4,0.0528444473993307,0.0510242829046015,0.0741161627262896,8
MMRd,CD8-all,ITGAE,"(-10,-5]","(1.46,2.19]",-7.5,1.82352438217472,7,0.0702199661590525,0.0554833635132557,0.077452722639485,8
MMRd,CD8-all,ITGAE,"(15,20]","(1.46,2.19]",17.5,1.82352438217472,5,0.0849420849420849,0.0810028929604629,0.102587800369686,8
MMRd,CD8-all,ITGAE,"(30,35]","(2.19,2.92]",32.5,2.55293413504461,5,0.086258776328987,0.0635755258126195,0.110974106041924,8
MMRd,Tcd8-CXCL13-comb,ITGAE,"(20,25]","(2.19,2.92]",22.5,2.55293413504461,5,0.087893864013267,0.0606694560669456,0.0914702581369248,8
MMRd,CD8-all,ITGAE,"(20,25]","(2.19,2.92]",22.5,2.55293413504461,5,0.0835724533715925,0.0628390596745027,0.110935738444194,8
MMRd,Tcd8-CXCL13-comb,ITGAE,"(5,10]","(2.19,2.92]",7.5,2.55293413504461,5,0.050402144772118,0.0487276664861938,0.0711610486891386,8
MMRd,CD8-all,ITGAE,"(5,10]","(2.19,2.92]",7.5,2.55293413504461,6,0.0626340297476918,0.0549190290971651,0.0791692858789318,8
MMRd,CD8-all,ITGAE,"(-15,-10]","(2.92,3.65]",-12.5,3.2823438879145,7,0.0498168498168498,0.0417698607267957,0.0684825191590453,8
MMRd,Tcd8-CXCL13-comb,ITGAE,"(20,25]","(1.46,2.19]",22.5,1.82352438217472,5,0.0495049504950495,0.032258064516129,0.109298531810767,8
MMRd,CD8-all,ITGAE,"(20,25]","(1.46,2.19]",22.5,1.82352438217472,5,0.0593276203032301,0.0553359683794466,0.0965217391304348,8
MMRd,Tcd8-CXCL13-comb,ITGAE,"(0,5]","(2.19,2.92]",2.5,2.55293413504461,6,0.0538587721627572,0.0407458107929806,0.0787193338197642,8
MMRd,CD8-all,ITGAE,"(0,5]","(2.19,2.92]",2.5,2.55293413504461,7,0.061361014994233,0.0382838164878534,0.0797259653905449,8
MMRd,Tcd8-CXCL13-comb,ITGAE,"(0,5]","(2.92,3.65]",2.5,3.2823438879145,6,0.0531119069097801,0.0411403891457988,0.0698483885285116,8
MMRd,CD8-all,ITGAE,"(0,5]","(2.92,3.65]",2.5,3.2823438879145,7,0.0639763779527559,0.052045587142252,0.0748802755476164,8
MMRd,Tcd8-CXCL13-comb,ITGAE,"(5,10]","(1.46,2.19]",7.5,1.82352438217472,5,0.0628834355828221,0.0614389652384802,0.094147582697201,8
MMRd,CD8-all,ITGAE,"(5,10]","(1.46,2.19]",7.5,1.82352438217472,5,0.0742067553735926,0.0654205607476636,0.103676470588235,8
MMRd,Tcd8-CXCL13-comb,ITGAE,"(10,15]","(2.92,3.65]",12.5,3.2823438879145,4,0.0568518175240533,0.0477055601836261,0.0821329242282344,8
MMRd,CD8-all,ITGAE,"(10,15]","(2.92,3.65]",12.5,3.2823438879145,6,0.0663681047632166,0.0650683081881287,0.067782503963376,8
MMRd,Tcd8-CXCL13-comb,ITGAE,"(5,10]","(2.92,3.65]",7.5,3.2823438879145,6,0.0633526046645726,0.0550986050986051,0.0764326212821536,8
MMRd,CD8-all,ITGAE,"(10,15]","(2.19,2.92]",12.5,2.55293413504461,6,0.0707187254491614,0.0631731946236553,0.0899569583931133,8
MMRd,CD8-all,ITGAE,"(30,35]","(1.46,2.19]",32.5,1.82352438217472,5,0.0906002265005663,0.0616641901931649,0.0959377700950735,8
MMRd,CD8-all,ITGAE,"(25,30]","(2.19,2.92]",27.5,2.55293413504461,4,0.082922126470704,0.0745425130130834,0.0942712641090951,8
MMRd,CD8-all,ITGAE,"(35,40]","(2.19,2.92]",37.5,2.55293413504461,4,0.0764827670198514,0.0730574838631105,0.091896852344682,8
MMRd,Tcd8-CXCL13-comb,ITGAE,"(10,15]","(1.46,2.19]",12.5,1.82352438217472,5,0.0801104972375691,0.0505548705302096,0.0882956878850103,8
MMRd,CD8-all,ITGAE,"(10,15]","(1.46,2.19]",12.5,1.82352438217472,6,0.0639937344067168,0.0493278148791478,0.0856405702586331,8
MMRd,CD8-all,ITGAE,"(-5,0]","(0.729,1.46]",-2.5,1.09411462930483,6,0.0789851748803111,0.0690394241397593,0.0911169191426034,8
MMRd,Tcd8-CXCL13-comb,ITGAE,"(0,5]","[0,0.729]",2.5,0.364704876434944,4,0.0623738428725346,0.0469645231542631,0.0875347348072973,8
MMRd,CD8-all,ITGAE,"(0,5]","[0,0.729]",2.5,0.364704876434944,5,0.061127029608405,0.0542635658914729,0.0972972972972973,8
MMRd,CD8-all,ITGAE,"(-15,-10]","(3.65,4.38]",-12.5,4.01175364078438,6,0.0470918898776961,0.0436351289378065,0.0535005297146516,8
MMRd,Tcd8-CXCL13-comb,ITGAE,"(-15,-10]","(2.19,2.92]",-12.5,2.55293413504461,5,0.0504413619167718,0.0418410041841004,0.0517241379310345,8
MMRd,CD8-all,ITGAE,"(-15,-10]","(2.19,2.92]",-12.5,2.55293413504461,7,0.0529157667386609,0.0498580017523188,0.0682418244795853,8
MMRd,Tcd8-CXCL13-comb,ITGAE,"(-20,-15]","(2.92,3.65]",-17.5,3.2823438879145,4,0.0365734185723888,0.0341886754701881,0.0433732313591711,8
MMRd,CD8-all,ITGAE,"(-20,-15]","(2.92,3.65]",-17.5,3.2823438879145,5,0.0373831775700935,0.0363128491620112,0.0499490316004078,8
MMRd,Tcd8-CXCL13-comb,ITGAE,"(-15,-10]","(2.92,3.65]",-12.5,3.2823438879145,5,0.0446976336546889,0.0439207284413498,0.0577956989247312,8
MMRd,Tcd8-CXCL13-comb,ITGAE,"(10,15]","(2.19,2.92]",12.5,2.55293413504461,4,0.0541184420264745,0.0369344710700657,0.0778584693690389,8
MMRd,CD8-all,ITGAE,"(-25,-20]","(3.65,4.38]",-22.5,4.01175364078438,4,0.0401620247802605,0.0317547025377774,0.0451711019792919,8
MMRd,CD8-all,ITGAE,"(-25,-20]","(2.92,3.65]",-22.5,3.2823438879145,4,0.0560284354989145,0.0407545558566228,0.071979533790886,8
MMRd,CD8-all,ITGAE,"(-15,-10]","[0,0.729]",-12.5,0.364704876434944,4,0.0638186765992004,0.0468944019039735,0.084230238895151,8
MMRd,CD8-all,ITGAE,"(5,10]","[0,0.729]",7.5,0.364704876434944,4,0.0941759412982434,0.0608140405260824,0.12897758716104,8
MMRd,Tcd8-CXCL13-comb,ITGAE,"(-10,-5]","[0,0.729]",-7.5,0.364704876434944,4,0.072942404629987,0.0589980930911772,0.0906025145800197,8
MMRd,CD8-all,ITGAE,"(-20,-15]","(2.19,2.92]",-17.5,2.55293413504461,4,0.0415855169090207,0.0378386316275297,0.0505911606961843,8
MMRd,CD8-all,ITGAE,"(-25,-20]","(2.19,2.92]",-22.5,2.55293413504461,4,0.0566786225397149,0.049672879999205,0.0688347440686291,8
MMRd,CD8-all,ITGAE,"(-20,-15]","(3.65,4.38]",-17.5,4.01175364078438,5,0.0440881763527054,0.0302826379542396,0.04526503871352,8
MMRd,CD8-all,ITGAE,"(35,40]","(3.65,4.38]",37.5,4.01175364078438,4,0.0622628366526258,0.0546166306695464,0.0744770702927718,8
MMRd,CD8-all,ITGAE,"(20,25]","(2.92,3.65]",22.5,3.2823438879145,4,0.0908799018723619,0.0712114745515797,0.105683130885287,8
MMRd,CD8-all,ITGAE,"(-25,-20]","[0,0.729]",-22.5,0.364704876434944,4,0.0709832767858798,0.0541859430889627,0.101058212862157,8
MMRd,Tcd8-CXCL13-LAG3,ITGAE,"(-5,0]","(2.19,2.92]",-2.5,2.55293413504461,6,0.0816202420680033,0.0683356167227135,0.0898895224918933,8
MMRd,Tcd8-CXCL13-LAG3,ITGAE,"(-5,0]","(2.92,3.65]",-2.5,3.2823438879145,6,0.0705174164241904,0.0599962807273781,0.0977792392956727,8
MMRd,Tcd8-CXCL13-LAG3,ITGAE,"(-5,0]","(1.46,2.19]",-2.5,1.82352438217472,4,0.0759285740144083,0.0723167740650907,0.0853155211580115,8
MMRd,Tcd8-CXCL13-LAG3,ITGAE,"(0,5]","(2.19,2.92]",2.5,2.55293413504461,4,0.0756624912407276,0.0647997556739572,0.0906410136232971,8
MMRd,Tcd8-GZMK,ITGAE,"(-5,0]","(2.92,3.65]",-2.5,3.2823438879145,6,0.0376558289226236,0.0290715563387671,0.0483726998077451,8
MMRd,Tcd8-GZMK,ITGAE,"(-5,0]","(2.19,2.92]",-2.5,2.55293413504461,6,0.0484375,0.0331970781733746,0.0715551181102362,8
MMRd,Tcd8-GZMK,ITGAE,"(-15,-10]","(2.92,3.65]",-12.5,3.2823438879145,4,0.0212371691209588,0.0193812373362576,0.0301561874249099,8
MMRd,Tcd8-GZMK,ITGAE,"(-10,-5]","(2.92,3.65]",-7.5,3.2823438879145,4,0.0429845565268572,0.0321477018293839,0.0507535069432176,8
MMRd,Tcd8-GZMK,ITGAE,"(0,5]","(2.92,3.65]",2.5,3.2823438879145,4,0.0347854434233172,0.0331941279795707,0.0525760478891936,8
MMRd,Tcd8-GZMK,ITGAE,"(-10,-5]","(2.19,2.92]",-7.5,2.55293413504461,4,0.0390272481416966,0.0280783522763408,0.0534820252211557,8
MMRd,Tcd8-HOBIT,ITGAE,"(-5,0]","[0,0.729]",-2.5,0.364704876434944,4,0.101325005599332,0.0807802287581699,0.126507524738868,8
MMRd,Tcd8-HOBIT,ITGAE,"(-5,0]","(3.65,4.38]",-2.5,4.01175364078438,5,0.0763052208835341,0.0544303797468354,0.0896986685353889,8
MMRd,Tcd8-HOBIT,ITGAE,"(-5,0]","(2.19,2.92]",-2.5,2.55293413504461,6,0.0870131030375223,0.0763475126171593,0.113501869517281,8
MMRd,Tcd8-HOBIT,ITGAE,"(0,5]","(2.19,2.92]",2.5,2.55293413504461,5,0.0969387755102041,0.0855513307984791,0.119453924914676,8
MMRd,Tcd8-HOBIT,ITGAE,"(-5,0]","(2.92,3.65]",-2.5,3.2823438879145,6,0.0784554005859753,0.0726727395472939,0.0926862914942276,8
MMRd,Tcd8-HOBIT,ITGAE,"(-5,0]","(1.46,2.19]",-2.5,1.82352438217472,5,0.0916256157635468,0.0848297213622291,0.1015625,8
MMRd,Tcd8-HOBIT,ITGAE,"(-10,-5]","(2.92,3.65]",-7.5,3.2823438879145,4,0.0766807366306975,0.0626888564096463,0.0932017348477019,8
MMRd,Tcd8-HOBIT,ITGAE,"(0,5]","(2.92,3.65]",2.5,3.2823438879145,5,0.0651376146788991,0.0569007263922518,0.080920564216778,8
MMRd,Tcd8-HOBIT,ITGAE,"(-10,-5]","(2.19,2.92]",-7.5,2.55293413504461,5,0.0807799442896936,0.0746500777604977,0.0864978902953587,8
MMRd,Tplzf-gdlike-comb,ITGAE,"(-10,-5]","(3.65,4.38]",-7.5,4.01175364078438,4,0.065567014666723,0.0504960694846151,0.0771989215552627,8
MMRd,Tplzf-gdlike-comb,ITGAE,"(-5,0]","(3.65,4.38]",-2.5,4.01175364078438,7,0.0765957446808511,0.0696077067637156,0.0804088746525979,8
MMRd,Tplzf-gdlike-comb,ITGAE,"(-5,0]","[0,0.729]",-2.5,0.364704876434944,4,0.107357542819499,0.0796898906668367,0.136653742267143,8
MMRd,Tplzf-gdlike-comb,ITGAE,"(-5,0]","(1.46,2.19]",-2.5,1.82352438217472,5,0.0953545232273839,0.089644513137558,0.0956733698964046,8
MMRd,Tplzf-gdlike-comb,ITGAE,"(15,20]","(1.46,2.19]",17.5,1.82352438217472,5,0.110565110565111,0.10941475826972,0.112874779541446,8
MMRd,Tplzf-gdlike-comb,ITGAE,"(20,25]","(2.19,2.92]",22.5,2.55293413504461,4,0.0780122643139027,0.0739164086687307,0.0893866075794147,8
MMRd,Tplzf-gdlike-comb,ITGAE,"(-5,0]","(2.92,3.65]",-2.5,3.2823438879145,6,0.0775515429183001,0.0713683348191697,0.0800807985164942,8
MMRd,Tplzf-gdlike-comb,ITGAE,"(-5,0]","(2.19,2.92]",-2.5,2.55293413504461,6,0.088229385436317,0.0836337956770441,0.100484370318586,8
MMRd,Tplzf-gdlike-comb,ITGAE,"(0,5]","(1.46,2.19]",2.5,1.82352438217472,5,0.114093959731544,0.0853413654618474,0.1143583227446,8
MMRd,Tplzf-gdlike-comb,ITGAE,"(0,5]","(2.19,2.92]",2.5,2.55293413504461,6,0.0797272438599757,0.0761786453091804,0.0966645509747006,8
MMRd,Tplzf-gdlike-comb,ITGAE,"(-10,-5]","(2.92,3.65]",-7.5,3.2823438879145,5,0.0901360544217687,0.0670960815888352,0.0921732220897894,8
MMRd,Tplzf-gdlike-comb,ITGAE,"(0,5]","(2.92,3.65]",2.5,3.2823438879145,6,0.070601302678687,0.0663011278674296,0.101189795871717,8
MMRd,Tplzf-gdlike-comb,ITGAE,"(-10,-5]","(2.19,2.92]",-7.5,2.55293413504461,4,0.0787799810529976,0.0697808745561555,0.0897217355782016,8
MMRd,Tplzf-gdlike-comb,ITGAE,"(-10,-5]","[0,0.729]",-7.5,0.364704876434944,4,0.103898153675684,0.080582268053442,0.129434328508403,8
MMRd,Tplzf-gdlike-comb,ITGAE,"(5,10]","(2.19,2.92]",7.5,2.55293413504461,4,0.0706932099727983,0.0648526202381281,0.0872690152505719,8
MMRd,Tplzf-gdlike-comb,ITGAE,"(5,10]","(2.92,3.65]",7.5,3.2823438879145,4,0.0667742091204583,0.0533782404572362,0.09553325661547,8
MMRd,Tplzf-gdlike-comb,ITGAE,"(-10,-5]","(1.46,2.19]",-7.5,1.82352438217472,4,0.0692436003171665,0.0559366542511857,0.0871173211166013,8
MMRd,Myeloid-mregDC,CCR7,"(-15,-10]","(4.38,5.11]",-12.5,4.74116339365427,4,0.00256629597946963,0,0.00766777194348098,8
MMRd,Myeloid-mregDC,CCR7,"(-5,0]","(3.65,4.38]",-2.5,4.01175364078438,6,0.00268013977888106,0.00121966161832314,0.00572332397855397,8
MMRd,Myeloid-mregDC,CCR7,"(-10,-5]","(3.65,4.38]",-7.5,4.01175364078438,5,0.00376411543287328,0.00309119010819165,0.00415908500129971,8
MMRd,Myeloid-mregDC,CCR7,"(-15,-10]","(2.92,3.65]",-12.5,3.2823438879145,7,0.00731158605174353,0.00393790055194623,0.0150711322413862,8
MMRd,Myeloid-mregDC,CCR7,"(-5,0]","(2.92,3.65]",-2.5,3.2823438879145,7,0.00175438596491228,0.000410547049535204,0.00281528264264011,8
MMRd,Myeloid-mregDC,CCR7,"(-10,-5]","(2.19,2.92]",-7.5,2.55293413504461,6,0.0103384019081693,0.00403635391606522,0.0193409827471166,8
MMRd,Myeloid-mregDC,CCR7,"(-5,0]","(1.46,2.19]",-2.5,1.82352438217472,4,0.00120422006269774,0.000893921334922527,0.013859284803227,8
MMRd,Myeloid-mregDC,CCR7,"(-5,0]","(2.19,2.92]",-2.5,2.55293413504461,5,0.00244964616222101,0.0023696682464455,0.011703511053316,8
MMRd,Myeloid-mregDC,CCR7,"(-10,-5]","(2.92,3.65]",-7.5,3.2823438879145,7,0.00829015544041451,0.00171453064723532,0.00855588426000973,8
MMRd,Myeloid-mregDC,CCR7,"(-15,-10]","(3.65,4.38]",-12.5,4.01175364078438,4,0.00459623393083469,0.00142857142857143,0.00840695593826884,8
MMRd,Myeloid-mregDC,CCR7,"(-5,0]","[0,0.729]",-2.5,0.364704876434944,4,0.00122406780299572,0.000751503006012024,0.00187324223160459,8
MMRd,Myeloid-mregDC,CCR7,"(-15,-10]","(2.19,2.92]",-12.5,2.55293413504461,4,0.0099798748380338,0.0038716814159292,0.0173795378762974,8
MMRd,Myeloid-ISG,CCR7,"(-10,-5]","(5.11,5.84]",-7.5,5.47057314652416,5,0,0,0.000103082156478714,8
MMRd,Myeloid-noDC-noGran,CCR7,"(-10,-5]","(5.11,5.84]",-7.5,5.47057314652416,7,0,0,5.72672087962433e-05,8
MMRd,Myeloid-ISG,CCR7,"(-40,-35]","(4.38,5.11]",-37.5,4.74116339365427,7,0,0,0.000434338100893581,8
MMRd,Myeloid-noDC-noGran,CCR7,"(-40,-35]","(4.38,5.11]",-37.5,4.74116339365427,7,0,0,0.000211460257382203,8
MMRd,Myeloid-noDC-noGran,CCR7,"(20,25]","(3.65,4.38]",22.5,4.01175364078438,5,0,0,0.000172176308539945,8
MMRd,Myeloid-ISG,CCR7,"(0,5]","(3.65,4.38]",2.5,4.01175364078438,8,0,0,0.000218832781531252,8
MMRd,Myeloid-noDC-noGran,CCR7,"(0,5]","(3.65,4.38]",2.5,4.01175364078438,8,0.000179464465264684,0.000111899097867402,0.000227106606744167,8
MMRd,Myeloid-ISG,CCR7,"(-10,-5]","(2.92,3.65]",-7.5,3.2823438879145,8,0.00016758970728417,9.01236382981267e-05,0.000304796234670274,8
MMRd,Myeloid-noDC-noGran,CCR7,"(-10,-5]","(2.92,3.65]",-7.5,3.2823438879145,8,0.000164242039263894,0.00012623366184148,0.000286315389815013,8
MMRd,Myeloid-ISG,CCR7,"(-5,0]","(5.11,5.84]",-2.5,5.47057314652416,6,9.39084705440431e-05,0,0.000226810350379935,8
MMRd,Myeloid-noDC-noGran,CCR7,"(-5,0]","(5.11,5.84]",-2.5,5.47057314652416,6,5.48245614035088e-05,0,0.00015385797649027,8
MMRd,Myeloid-ISG,CCR7,"(-10,-5]","(3.65,4.38]",-7.5,4.01175364078438,8,0.000120257606231712,9.70009673454538e-05,0.000498762448658324,8
MMRd,Myeloid-noDC-noGran,CCR7,"(-10,-5]","(3.65,4.38]",-7.5,4.01175364078438,8,0.000158787264910894,0.000122534119238506,0.000235922220258745,8
MMRd,Myeloid-noDC-noGran,CCR7,"(45,50]","(2.92,3.65]",47.5,3.2823438879145,5,0,0,0,8
MMRd,Myeloid-noDC-noGran,CCR7,"(5,10]","(4.38,5.11]",7.5,4.74116339365427,7,0,0,0.000180421183170083,8
MMRd,Myeloid-ISG,CCR7,"(0,5]","(5.11,5.84]",2.5,5.47057314652416,4,0,0,0.000365764447695684,8
MMRd,Myeloid-noDC-noGran,CCR7,"(0,5]","(5.11,5.84]",2.5,5.47057314652416,4,0,0,0.000319897632757518,8
MMRd,Myeloid-ISG,CCR7,"(-15,-10]","(3.65,4.38]",-12.5,4.01175364078438,8,0.000103245429639783,0,0.000144699114886645,8
MMRd,Myeloid-noDC-noGran,CCR7,"(-15,-10]","(3.65,4.38]",-12.5,4.01175364078438,8,0.000211438421690297,0.000167774356657654,0.00050730524422868,8
MMRd,Myeloid-noDC-noGran,CCR7,"(-95,-90]","(4.38,5.11]",-92.5,4.74116339365427,4,0,0,0,8
MMRd,Myeloid-ISG,CCR7,"(-15,-10]","(4.38,5.11]",-12.5,4.74116339365427,7,0.000407387289516567,0.000185276679841897,0.000562687257768609,8
MMRd,Myeloid-noDC-noGran,CCR7,"(-15,-10]","(4.38,5.11]",-12.5,4.74116339365427,7,0.000264690312334569,0.000160467520089385,0.000401177182030416,8
MMRd,Myeloid-noDC-noGran,CCR7,"(-95,-90]","[0,0.729]",-92.5,0.364704876434944,7,0,0,5.21322072776561e-05,8
MMRd,Myeloid-ISG,CCR7,"(-15,-10]","(5.11,5.84]",-12.5,5.47057314652416,4,0.000402576489533011,0,0.000833222532464655,8
MMRd,Myeloid-noDC-noGran,CCR7,"(-15,-10]","(5.11,5.84]",-12.5,5.47057314652416,6,0.000751506513131718,0.000431700727041641,0.00138592651623022,8
MMRd,Myeloid-noDC-noGran,CCR7,"(-45,-40]","(4.38,5.11]",-42.5,4.74116339365427,6,0.000358517246574848,7.97957229492499e-05,0.000631000816709542,8
MMRd,Myeloid-ISG,CCR7,"(-5,0]","(4.38,5.11]",-2.5,4.74116339365427,7,0.000222990299921953,6.8927488282327e-05,0.000307390827926159,8
MMRd,Myeloid-noDC-noGran,CCR7,"(-5,0]","(4.38,5.11]",-2.5,4.74116339365427,8,0.000156568498991128,0.000125665271465808,0.000414118480963414,8
MMRd,Myeloid-ISG,CCR7,"(-20,-15]","(3.65,4.38]",-17.5,4.01175364078438,8,0.000269408533917294,0,0.000507871929296572,8
MMRd,Myeloid-noDC-noGran,CCR7,"(-20,-15]","(3.65,4.38]",-17.5,4.01175364078438,8,0.000258212010367691,0.000153919824873444,0.00039518306087967,8
MMRd,Myeloid-ISG,CCR7,"(-5,0]","(2.92,3.65]",-2.5,3.2823438879145,8,0.000216228959285475,0.000153348298067694,0.000291097059073702,8
MMRd,Myeloid-noDC-noGran,CCR7,"(-5,0]","(2.92,3.65]",-2.5,3.2823438879145,8,0.000141701375419611,0.000106778107537769,0.000247971827151101,8
MMRd,Myeloid-ISG,CCR7,"(-5,0]","(3.65,4.38]",-2.5,4.01175364078438,8,2.01930455151246e-05,0,0.000159403869348428,8
MMRd,Myeloid-noDC-noGran,CCR7,"(-5,0]","(3.65,4.38]",-2.5,4.01175364078438,8,0.000121911921550665,4.75972888584266e-05,0.000143241484025157,8
MMRd,Myeloid-noDC-noGran,CCR7,"(-25,-20]","(5.11,5.84]",-22.5,5.47057314652416,4,0,0,0.00014172335600907,8
MMRd,Myeloid-noDC-noGran,CCR7,"(-50,-45]","(3.65,4.38]",-47.5,4.01175364078438,7,0.000248323814253787,0,0.00041057636119994,8
MMRd,Myeloid-noDC-noGran,CCR7,"(-25,-20]","(3.65,4.38]",-22.5,4.01175364078438,8,7.09689629068887e-05,0,0.000202032379209991,8
MMRd,Myeloid-noDC-noGran,CCR7,"(-30,-25]","(3.65,4.38]",-27.5,4.01175364078438,7,0.000256410256410256,7.15230840753853e-05,0.000409695085711957,8
MMRd,Myeloid-ISG,CCR7,"(-35,-30]","(3.65,4.38]",-32.5,4.01175364078438,7,0.000192678227360308,0,0.000561114099758913,8
MMRd,Myeloid-noDC-noGran,CCR7,"(-35,-30]","(3.65,4.38]",-32.5,4.01175364078438,7,0.000203956761166633,0.00013920407570959,0.00063825420965206,8
MMRd,Myeloid-ISG,CCR7,"(-20,-15]","(5.11,5.84]",-17.5,5.47057314652416,5,0,0,0.00051150895140665,8
MMRd,Myeloid-noDC-noGran,CCR7,"(-20,-15]","(5.11,5.84]",-17.5,5.47057314652416,6,0.000198412698412698,0,0.000563458902595393,8
MMRd,Myeloid-ISG,CCR7,"(0,5]","(4.38,5.11]",2.5,4.74116339365427,6,0,0,0.000110424028268551,8
MMRd,Myeloid-noDC-noGran,CCR7,"(0,5]","(4.38,5.11]",2.5,4.74116339365427,7,0.000161746866154468,6.65070497472732e-05,0.000305850500527701,8
MMRd,Myeloid-ISG,CCR7,"(-10,-5]","(4.38,5.11]",-7.5,4.74116339365427,7,0.000240538806927518,0.000101874490627547,0.000467457754513226,8
MMRd,Myeloid-noDC-noGran,CCR7,"(-10,-5]","(4.38,5.11]",-7.5,4.74116339365427,8,0.000196845746964108,0.000122380503499404,0.00029972693287872,8
MMRd,Myeloid-noDC-noGran,CCR7,"(-20,-15]","(2.92,3.65]",-17.5,3.2823438879145,8,0.000224506605252215,0.000166638101802788,0.000338146954688308,8
MMRd,Myeloid-noDC-noGran,CCR7,"(-85,-80]","(3.65,4.38]",-82.5,4.01175364078438,4,0.000125675505843911,0,0.000302304792675744,8
MMRd,Myeloid-noDC-noGran,CCR7,"(65,70]","(2.92,3.65]",67.5,3.2823438879145,4,0,0,0.000384615384615385,8
MMRd,Myeloid-ISG,CCR7,"(-20,-15]","(4.38,5.11]",-17.5,4.74116339365427,7,0.000328839197632358,0,0.000711740771685017,8
MMRd,Myeloid-noDC-noGran,CCR7,"(-20,-15]","(4.38,5.11]",-17.5,4.74116339365427,7,0.000393545848091303,6.62778366914104e-05,0.000601585227990926,8
MMRd,Myeloid-ISG,CCR7,"(-30,-25]","(4.38,5.11]",-27.5,4.74116339365427,7,0,0,0.000453224150582566,8
MMRd,Myeloid-noDC-noGran,CCR7,"(-30,-25]","(4.38,5.11]",-27.5,4.74116339365427,7,0.000249003984063745,0,0.000543877217335141,8
MMRd,Myeloid-noDC-noGran,CCR7,"(-20,-15]","(2.19,2.92]",-17.5,2.55293413504461,8,0.000169876577357268,5.63655493762213e-05,0.000207137621894983,8
MMRd,Myeloid-noDC-noGran,CCR7,"(-50,-45]","(4.38,5.11]",-47.5,4.74116339365427,7,0,0,0.000973146764479464,8
MMRd,Myeloid-noDC-noGran,CCR7,"(25,30]","(3.65,4.38]",27.5,4.01175364078438,5,0,0,0,8
MMRd,Myeloid-noDC-noGran,CCR7,"(-55,-50]","[0,0.729]",-52.5,0.364704876434944,8,0,0,0.000556764227329323,8
MMRd,Myeloid-ISG,CCR7,"(5,10]","(3.65,4.38]",7.5,4.01175364078438,6,0,0,0,8
MMRd,Myeloid-noDC-noGran,CCR7,"(5,10]","(3.65,4.38]",7.5,4.01175364078438,8,0,0,1.17326825605406e-05,8
MMRd,Myeloid-noDC-noGran,CCR7,"(-15,-10]","(2.19,2.92]",-12.5,2.55293413504461,8,0.000154823002514286,6.29743750310985e-05,0.000296482131010006,8
MMRd,Myeloid-noDC-noGran,CCR7,"(-30,-25]","[0,0.729]",-27.5,0.364704876434944,8,0.000238264967224353,8.25854759676265e-05,0.000366045513879105,8
MMRd,Myeloid-ISG,CCR7,"(0,5]","(2.92,3.65]",2.5,3.2823438879145,8,0,0,0.000127017405572345,8
MMRd,Myeloid-noDC-noGran,CCR7,"(0,5]","(2.92,3.65]",2.5,3.2823438879145,8,4.80619037320068e-05,0,0.000115804025918515,8
MMRd,Myeloid-ISG,CCR7,"(-5,0]","(2.19,2.92]",-2.5,2.55293413504461,8,6.37805190591046e-05,0,8.68498592461042e-05,8
MMRd,Myeloid-noDC-noGran,CCR7,"(-5,0]","(2.19,2.92]",-2.5,2.55293413504461,8,0.000119989774591205,7.47488394779809e-05,0.000141512999862511,8
MMRd,Myeloid-ISG,CCR7,"(-10,-5]","(1.46,2.19]",-7.5,1.82352438217472,7,0.000129466597617815,2.47512499381219e-05,0.000215800639420314,8
MMRd,Myeloid-noDC-noGran,CCR7,"(-10,-5]","(1.46,2.19]",-7.5,1.82352438217472,8,0.000102903064795641,6.28368333384997e-05,0.000199698480398986,8
MMRd,Myeloid-noDC-noGran,CCR7,"(-20,-15]","(1.46,2.19]",-17.5,1.82352438217472,7,0.000162232316677482,4.23992311606083e-05,0.000507019602707246,8
MMRd,Myeloid-ISG,CCR7,"(-5,0]","(1.46,2.19]",-2.5,1.82352438217472,6,3.00516889049165e-05,0,0.000124419076657826,8
MMRd,Myeloid-noDC-noGran,CCR7,"(-5,0]","(1.46,2.19]",-2.5,1.82352438217472,8,9.54237757841706e-05,3.99921467782022e-05,0.000175620009546282,8
MMRd,Myeloid-ISG,CCR7,"(-30,-25]","(2.92,3.65]",-27.5,3.2823438879145,6,0.0001634521085322,0,0.000641010170597196,8
MMRd,Myeloid-noDC-noGran,CCR7,"(-30,-25]","(2.92,3.65]",-27.5,3.2823438879145,8,2.87819479622381e-05,0,0.000224177641887287,8
MMRd,Myeloid-noDC-noGran,CCR7,"(-45,-40]","(3.65,4.38]",-42.5,4.01175364078438,7,0.000151906425641805,0,0.000256594922073294,8
MMRd,Myeloid-noDC-noGran,CCR7,"(-35,-30]","(4.38,5.11]",-32.5,4.74116339365427,7,0,0,5.49752611324904e-05,8
MMRd,Myeloid-noDC-noGran,CCR7,"(-55,-50]","(3.65,4.38]",-52.5,4.01175364078438,7,0,0,0.000499717918237106,8
MMRd,Myeloid-noDC-noGran,CCR7,"(35,40]","(2.92,3.65]",37.5,3.2823438879145,7,0,0,0,8
MMRd,Myeloid-noDC-noGran,CCR7,"(-65,-60]","(3.65,4.38]",-62.5,4.01175364078438,7,0,0,0.000267171653418855,8
MMRd,Myeloid-ISG,CCR7,"(-10,-5]","(2.19,2.92]",-7.5,2.55293413504461,8,7.67623402279368e-05,0,0.000133957349818756,8
MMRd,Myeloid-noDC-noGran,CCR7,"(-10,-5]","(2.19,2.92]",-7.5,2.55293413504461,8,0.000104199122210514,6.44505796962001e-05,0.000251802930858541,8
MMRd,Myeloid-ISG,CCR7,"(-25,-20]","(2.92,3.65]",-22.5,3.2823438879145,6,0.000303600704353634,0,0.000618581120809149,8
MMRd,Myeloid-noDC-noGran,CCR7,"(-25,-20]","(2.92,3.65]",-22.5,3.2823438879145,8,0.000128296059126718,0,0.000290212071261005,8
MMRd,Myeloid-ISG,CCR7,"(10,15]","(3.65,4.38]",12.5,4.01175364078438,5,0,0,0,8
MMRd,Myeloid-noDC-noGran,CCR7,"(10,15]","(3.65,4.38]",12.5,4.01175364078438,7,0,0,0.000251004016064257,8
MMRd,Myeloid-noDC-noGran,CCR7,"(30,35]","(1.46,2.19]",32.5,1.82352438217472,5,0,0,0,8
MMRd,Myeloid-ISG,CCR7,"(-5,0]","(0.729,1.46]",-2.5,1.09411462930483,4,0,0,0,8
MMRd,Myeloid-noDC-noGran,CCR7,"(-5,0]","(0.729,1.46]",-2.5,1.09411462930483,6,0,0,4.89699977147334e-05,8
MMRd,Myeloid-noDC-noGran,CCR7,"(5,10]","(1.46,2.19]",7.5,1.82352438217472,7,0.000122414004162076,0,0.000191926414813475,8
MMRd,Myeloid-ISG,CCR7,"(-25,-20]","(4.38,5.11]",-22.5,4.74116339365427,7,0.000306560392397302,0,0.000681230949746294,8
MMRd,Myeloid-noDC-noGran,CCR7,"(-25,-20]","(4.38,5.11]",-22.5,4.74116339365427,7,0.000271296798697775,0,0.000486342189598973,8
MMRd,Myeloid-ISG,CCR7,"(-5,0]","[0,0.729]",-2.5,0.364704876434944,8,0,0,9.51815557620605e-05,8
MMRd,Myeloid-noDC-noGran,CCR7,"(-5,0]","[0,0.729]",-2.5,0.364704876434944,8,0.00012216707056652,5.43032292320317e-05,0.000201960401613494,8
MMRd,Myeloid-ISG,CCR7,"(0,5]","(2.19,2.92]",2.5,2.55293413504461,7,0,0,0.000177900138684279,8
MMRd,Myeloid-noDC-noGran,CCR7,"(0,5]","(2.19,2.92]",2.5,2.55293413504461,8,0.000114504445149588,6.6829870588956e-05,0.000158095301170119,8
MMRd,Myeloid-ISG,CCR7,"(0,5]","(1.46,2.19]",2.5,1.82352438217472,5,0,0,0,8
MMRd,Myeloid-noDC-noGran,CCR7,"(0,5]","(1.46,2.19]",2.5,1.82352438217472,7,0.00019216726238518,0,0.000239124361478318,8
MMRd,Myeloid-ISG,CCR7,"(15,20]","(2.92,3.65]",17.5,3.2823438879145,5,0,0,0,8
MMRd,Myeloid-noDC-noGran,CCR7,"(15,20]","(2.92,3.65]",17.5,3.2823438879145,8,0,0,0,8
MMRd,Myeloid-noDC-noGran,CCR7,"(35,40]","(2.19,2.92]",37.5,2.55293413504461,7,0,0,0,8
MMRd,Myeloid-ISG,CCR7,"(5,10]","(2.92,3.65]",7.5,3.2823438879145,6,0,0,0.000452534191472245,8
MMRd,Myeloid-noDC-noGran,CCR7,"(5,10]","(2.92,3.65]",7.5,3.2823438879145,8,7.53416115571555e-05,0,0.000282776259079876,8
MMRd,Myeloid-ISG,CCR7,"(-15,-10]","(2.19,2.92]",-12.5,2.55293413504461,7,0.00024981264051961,0,0.000284792788528936,8
MMRd,Myeloid-ISG,CCR7,"(-20,-15]","(2.92,3.65]",-17.5,3.2823438879145,7,0.00021505376344086,8.93814801573114e-05,0.000387670883593717,8
MMRd,Myeloid-noDC-noGran,CCR7,"(20,25]","[0,0.729]",22.5,0.364704876434944,5,0,0,0,8
MMRd,Myeloid-noDC-noGran,CCR7,"(30,35]","(2.19,2.92]",32.5,2.55293413504461,7,0,0,0,8
MMRd,Myeloid-noDC-noGran,CCR7,"(20,25]","(2.19,2.92]",22.5,2.55293413504461,6,0,0,0,8
MMRd,Myeloid-ISG,CCR7,"(-15,-10]","(1.46,2.19]",-12.5,1.82352438217472,6,0,0,6.38569604086846e-05,8
MMRd,Myeloid-noDC-noGran,CCR7,"(-15,-10]","(1.46,2.19]",-12.5,1.82352438217472,7,7.9484937604324e-05,2.77968237496062e-05,0.00016607693415092,8
MMRd,Myeloid-ISG,CCR7,"(-25,-20]","(3.65,4.38]",-22.5,4.01175364078438,6,0.000308058569604315,6.11097531165974e-05,0.000779889991955769,8
MMRd,Myeloid-noDC-noGran,CCR7,"(-10,-5]","(0.729,1.46]",-7.5,1.09411462930483,6,2.4823135161971e-05,0,0.00010036231516234,8
MMRd,Myeloid-noDC-noGran,CCR7,"(20,25]","(1.46,2.19]",22.5,1.82352438217472,5,0.000125187781672509,0,0.000219683655536028,8
MMRd,Myeloid-ISG,CCR7,"(0,5]","[0,0.729]",2.5,0.364704876434944,5,0,0,0,8
MMRd,Myeloid-noDC-noGran,CCR7,"(0,5]","[0,0.729]",2.5,0.364704876434944,8,0.000105393950144646,4.29799426934097e-05,0.000457631417180044,8
MMRd,Myeloid-noDC-noGran,CCR7,"(-70,-65]","(2.92,3.65]",-67.5,3.2823438879145,6,0.000293109740657418,6.71681891456206e-05,0.000515179824704297,8
MMRd,Myeloid-noDC-noGran,CCR7,"(15,20]","(3.65,4.38]",17.5,4.01175364078438,6,0,0,0.000153311529026983,8
MMRd,Myeloid-noDC-noGran,CCR7,"(10,15]","[0,0.729]",12.5,0.364704876434944,7,0,0,0.000144134363181285,8
MMRd,Myeloid-ISG,CCR7,"(-35,-30]","(2.92,3.65]",-32.5,3.2823438879145,5,0,0,0.000394788787998421,8
MMRd,Myeloid-noDC-noGran,CCR7,"(-35,-30]","(2.92,3.65]",-32.5,3.2823438879145,7,0.000114540977034534,0,0.000171662709508753,8
MMRd,Myeloid-ISG,CCR7,"(5,10]","(2.19,2.92]",7.5,2.55293413504461,6,0,0,0,8
MMRd,Myeloid-noDC-noGran,CCR7,"(5,10]","(2.19,2.92]",7.5,2.55293413504461,8,3.51691636772878e-05,0,0.000109689764018105,8
MMRd,Myeloid-noDC-noGran,CCR7,"(-35,-30]","(2.19,2.92]",-32.5,2.55293413504461,7,0.000173280194073817,0.000123537125779077,0.000319583544113799,8
MMRd,Myeloid-noDC-noGran,CCR7,"(25,30]","(2.92,3.65]",27.5,3.2823438879145,7,0,0,0,8
MMRd,Myeloid-noDC-noGran,CCR7,"(-35,-30]","[0,0.729]",-32.5,0.364704876434944,8,0,0,0.000157595912428629,8
MMRd,Myeloid-ISG,CCR7,"(-30,-25]","(3.65,4.38]",-27.5,4.01175364078438,6,0.000237702692431281,5.62809545249887e-05,0.000457065000264335,8
MMRd,Myeloid-noDC-noGran,CCR7,"(-50,-45]","(2.92,3.65]",-47.5,3.2823438879145,6,0.000170562827182636,4.00898011545863e-05,0.000312333197476803,8
MMRd,Myeloid-ISG,CCR7,"(-20,-15]","(2.19,2.92]",-17.5,2.55293413504461,7,9.84251968503937e-05,0,0.000264043665667038,8
MMRd,Myeloid-ISG,CCR7,"(-15,-10]","(2.92,3.65]",-12.5,3.2823438879145,8,9.63020030816641e-05,0,0.000298544764576265,8
MMRd,Myeloid-noDC-noGran,CCR7,"(-15,-10]","(2.92,3.65]",-12.5,3.2823438879145,8,0.000128475161702058,6.04275274161472e-05,0.000265813105680648,8
MMRd,Myeloid-noDC-noGran,CCR7,"(0,5]","(0.729,1.46]",2.5,1.09411462930483,4,0,0,7.79423226812159e-05,8
MMRd,Myeloid-ISG,CCR7,"(10,15]","(2.92,3.65]",12.5,3.2823438879145,6,0,0,0,8
MMRd,Myeloid-noDC-noGran,CCR7,"(10,15]","(2.92,3.65]",12.5,3.2823438879145,7,0.000165864985901476,0,0.000260875754662046,8
MMRd,Myeloid-noDC-noGran,CCR7,"(-75,-70]","[0,0.729]",-72.5,0.364704876434944,7,0,0,0.000581390425054413,8
MMRd,Myeloid-ISG,CCR7,"(-40,-35]","(3.65,4.38]",-37.5,4.01175364078438,5,0.000252589037635767,0,0.000815755739424309,8
MMRd,Myeloid-noDC-noGran,CCR7,"(-40,-35]","(3.65,4.38]",-37.5,4.01175364078438,7,0.000190258751902588,0,0.00037570969701235,8
MMRd,Myeloid-noDC-noGran,CCR7,"(-45,-40]","(2.92,3.65]",-42.5,3.2823438879145,6,0.000131416894019339,1.64085061695983e-05,0.000314099281783934,8
MMRd,Myeloid-noDC-noGran,CCR7,"(15,20]","(2.19,2.92]",17.5,2.55293413504461,7,0,0,0.000175790189460202,8
MMRd,Myeloid-noDC-noGran,CCR7,"(45,50]","[0,0.729]",47.5,0.364704876434944,5,0,0,0,8
MMRd,Myeloid-ISG,CCR7,"(-35,-30]","(2.19,2.92]",-32.5,2.55293413504461,4,0,0,9.53652489032996e-05,8
MMRd,Myeloid-ISG,CCR7,"(-40,-35]","(2.19,2.92]",-37.5,2.55293413504461,4,0.000885538991535658,0.000706832463031585,0.00108013508029451,8
MMRd,Myeloid-noDC-noGran,CCR7,"(-40,-35]","(2.19,2.92]",-37.5,2.55293413504461,7,0.000231964741359313,0.000115393491807062,0.000531543194429062,8
MMRd,Myeloid-noDC-noGran,CCR7,"(20,25]","(2.92,3.65]",22.5,3.2823438879145,5,0,0,0.000165371258475277,8
MMRd,Myeloid-ISG,CCR7,"(-35,-30]","[0,0.729]",-32.5,0.364704876434944,4,0.000209117524048515,0,0.000482595204991692,8
MMRd,Myeloid-ISG,CCR7,"(-35,-30]","(4.38,5.11]",-32.5,4.74116339365427,6,0,0,0,8
MMRd,Myeloid-ISG,CCR7,"(-50,-45]","(2.92,3.65]",-47.5,3.2823438879145,4,0.000318939396540514,0.000151469251741896,0.000459075149622787,8
MMRd,Myeloid-ISG,CCR7,"(-25,-20]","(2.19,2.92]",-22.5,2.55293413504461,6,0,0,9.5957011258956e-05,8
MMRd,Myeloid-noDC-noGran,CCR7,"(-25,-20]","(2.19,2.92]",-22.5,2.55293413504461,8,3.15437511828907e-05,0,6.93804357331748e-05,8
MMRd,Myeloid-ISG,CCR7,"(-45,-40]","(3.65,4.38]",-42.5,4.01175364078438,4,0,0,9.53591862682772e-05,8
MMRd,Myeloid-noDC-noGran,CCR7,"(30,35]","(0.729,1.46]",32.5,1.09411462930483,4,0,0,0.000128073770491803,8
MMRd,Myeloid-ISG,CCR7,"(-10,-5]","[0,0.729]",-7.5,0.364704876434944,8,0,0,0.000102555790095072,8
MMRd,Myeloid-noDC-noGran,CCR7,"(-10,-5]","[0,0.729]",-7.5,0.364704876434944,8,0.000117378772173444,2.1378484693005e-05,0.00024885352904534,8
MMRd,Myeloid-ISG,CCR7,"(10,15]","(2.19,2.92]",12.5,2.55293413504461,4,0,0,0.000147145379635079,8
MMRd,Myeloid-noDC-noGran,CCR7,"(10,15]","(2.19,2.92]",12.5,2.55293413504461,7,0.000165672630881378,0,0.000234700464341435,8
MMRd,Myeloid-noDC-noGran,CCR7,"(-35,-30]","(1.46,2.19]",-32.5,1.82352438217472,6,0.000119961512420968,2.49912530614285e-05,0.000381090103056762,8
MMRd,Myeloid-noDC-noGran,CCR7,"(50,55]","(1.46,2.19]",52.5,1.82352438217472,4,0,0,0,8
MMRd,Myeloid-noDC-noGran,CCR7,"(-75,-70]","(2.19,2.92]",-72.5,2.55293413504461,4,0.000167522894795622,0,0.000399125856090535,8
MMRd,Myeloid-noDC-noGran,CCR7,"(-60,-55]","(4.38,5.11]",-57.5,4.74116339365427,7,0,0,0.00137299253988553,8
MMRd,Myeloid-ISG,CCR7,"(-45,-40]","(2.92,3.65]",-42.5,3.2823438879145,4,0,0,0.000124595066035385,8
MMRd,Myeloid-noDC-noGran,CCR7,"(50,55]","(2.19,2.92]",52.5,2.55293413504461,6,0,0,0,8
MMRd,Myeloid-noDC-noGran,CCR7,"[-100,-95]","[0,0.729]",-97.5,0.364704876434944,7,0.000334313987697245,0,0.000640233017927948,8
MMRd,Myeloid-noDC-noGran,CCR7,"(-50,-45]","(2.19,2.92]",-47.5,2.55293413504461,7,0,0,6.05400169512047e-05,8
MMRd,Myeloid-noDC-noGran,CCR7,"(-50,-45]","[0,0.729]",-47.5,0.364704876434944,8,0,0,0.00044858271422322,8
MMRd,Myeloid-noDC-noGran,CCR7,"(-85,-80]","(2.92,3.65]",-82.5,3.2823438879145,4,0.000210197585730587,0,0.000452829042603582,8
MMRd,Myeloid-noDC-noGran,CCR7,"(-65,-60]","(2.19,2.92]",-62.5,2.55293413504461,5,0,0,0.000205592105263158,8
MMRd,Myeloid-noDC-noGran,CCR7,"(60,65]","[0,0.729]",62.5,0.364704876434944,6,0.000110326566637246,0,0.000973155939377375,8
MMRd,Myeloid-ISG,CCR7,"(-15,-10]","[0,0.729]",-12.5,0.364704876434944,8,0,0,0,8
MMRd,Myeloid-noDC-noGran,CCR7,"(-15,-10]","[0,0.729]",-12.5,0.364704876434944,8,0.000135632696477937,0.000103526192881784,0.000288520793243244,8
MMRd,Myeloid-noDC-noGran,CCR7,"(15,20]","[0,0.729]",17.5,0.364704876434944,5,0,0,0.000163078930202218,8
MMRd,Myeloid-noDC-noGran,CCR7,"(30,35]","(2.92,3.65]",32.5,3.2823438879145,6,0,0,0.000117481203007519,8
MMRd,Myeloid-ISG,CCR7,"(5,10]","[0,0.729]",7.5,0.364704876434944,4,0,0,0.000133689839572193,8
MMRd,Myeloid-noDC-noGran,CCR7,"(5,10]","[0,0.729]",7.5,0.364704876434944,8,0.000106028403853782,0,0.000198908837819682,8
MMRd,Myeloid-noDC-noGran,CCR7,"(10,15]","(1.46,2.19]",12.5,1.82352438217472,6,0,0,0.000112663361874718,8
MMRd,Myeloid-ISG,CCR7,"(-30,-25]","[0,0.729]",-27.5,0.364704876434944,4,0.000245821042281219,0,0.000563511462136282,8
MMRd,Myeloid-ISG,CCR7,"(-40,-35]","(2.92,3.65]",-37.5,3.2823438879145,4,0.000174540377007214,0,0.000366325615678046,8
MMRd,Myeloid-noDC-noGran,CCR7,"(-40,-35]","(2.92,3.65]",-37.5,3.2823438879145,7,0.000255983617048509,4.21976538104481e-05,0.000568021832139109,8
MMRd,Myeloid-ISG,CCR7,"(-25,-20]","(1.46,2.19]",-22.5,1.82352438217472,4,0,0,6.4283877603497e-05,8
MMRd,Myeloid-noDC-noGran,CCR7,"(-25,-20]","(1.46,2.19]",-22.5,1.82352438217472,7,0,0,9.21772260800098e-05,8
MMRd,Myeloid-noDC-noGran,CCR7,"(85,90]","[0,0.729]",87.5,0.364704876434944,4,0.000227272727272727,0,0.000565931593159316,8
MMRd,Myeloid-noDC-noGran,CCR7,"(15,20]","(1.46,2.19]",17.5,1.82352438217472,5,0.000217722621380361,0,0.000298151460942159,8
MMRd,Myeloid-noDC-noGran,CCR7,"(65,70]","[0,0.729]",67.5,0.364704876434944,5,0,0,0,8
MMRd,Myeloid-ISG,CCR7,"(-25,-20]","[0,0.729]",-22.5,0.364704876434944,7,0,0,0,8
MMRd,Myeloid-noDC-noGran,CCR7,"(-25,-20]","[0,0.729]",-22.5,0.364704876434944,8,4.14765657403567e-05,0,9.8027771587036e-05,8
MMRd,Myeloid-noDC-noGran,CCR7,"(25,30]","(2.19,2.92]",27.5,2.55293413504461,6,0,0,0.000101474766608037,8
MMRd,Myeloid-ISG,CCR7,"(-20,-15]","(1.46,2.19]",-17.5,1.82352438217472,4,0,0,0.000168236877523553,8
MMRd,Myeloid-noDC-noGran,CCR7,"(35,40]","[0,0.729]",37.5,0.364704876434944,5,0.000262054507337526,0,0.000277315585135885,8
MMRd,Myeloid-noDC-noGran,CCR7,"(-55,-50]","(2.92,3.65]",-52.5,3.2823438879145,6,0,0,0.000412223810047268,8
MMRd,Myeloid-noDC-noGran,CCR7,"(-65,-60]","(2.92,3.65]",-62.5,3.2823438879145,5,0,0,0.000159286396941701,8
MMRd,Myeloid-noDC-noGran,CCR7,"(-70,-65]","(2.19,2.92]",-67.5,2.55293413504461,5,0,0,0.000255264837268666,8
MMRd,Myeloid-noDC-noGran,CCR7,"(75,80]","[0,0.729]",77.5,0.364704876434944,4,0,0,0.00014585764294049,8
MMRd,Myeloid-noDC-noGran,CCR7,"(-75,-70]","(3.65,4.38]",-72.5,4.01175364078438,4,0.000181620050853614,0,0.000607326258463945,8
MMRd,Myeloid-noDC-noGran,CCR7,"(-65,-60]","[0,0.729]",-62.5,0.364704876434944,8,0,0,0.000516598363994851,8
MMRd,Myeloid-noDC-noGran,CCR7,"(-70,-65]","(3.65,4.38]",-67.5,4.01175364078438,5,0.000441208912420031,0,0.000657030223390276,8
MMRd,Myeloid-noDC-noGran,CCR7,"(25,30]","[0,0.729]",27.5,0.364704876434944,5,0.000258498125888587,0,0.000337154416722859,8
MMRd,Myeloid-ISG,CCR7,"(-40,-35]","[0,0.729]",-37.5,0.364704876434944,4,0,0,0.000171232876712329,8
MMRd,Myeloid-noDC-noGran,CCR7,"(-40,-35]","[0,0.729]",-37.5,0.364704876434944,8,0,0,0.000240930725271512,8
MMRd,Myeloid-noDC-noGran,CCR7,"(-55,-50]","(2.19,2.92]",-52.5,2.55293413504461,6,0.000147634162545213,0,0.000366247315773804,8
MMRd,Myeloid-noDC-noGran,CCR7,"(40,45]","[0,0.729]",42.5,0.364704876434944,6,0,0,0,8
MMRd,Myeloid-noDC-noGran,CCR7,"(65,70]","(2.19,2.92]",67.5,2.55293413504461,4,0,0,0.00040453074433657,8
MMRd,Myeloid-noDC-noGran,CCR7,"(-30,-25]","(1.46,2.19]",-27.5,1.82352438217472,5,0,0,7.72857253265322e-05,8
MMRd,Myeloid-ISG,CCR7,"(-30,-25]","(2.19,2.92]",-27.5,2.55293413504461,4,0,0,9.85415845486795e-05,8
MMRd,Myeloid-noDC-noGran,CCR7,"(-30,-25]","(2.19,2.92]",-27.5,2.55293413504461,8,0.000198207091432825,0.000107234994419418,0.000437630772763581,8
MMRd,Myeloid-noDC-noGran,CCR7,"(35,40]","(1.46,2.19]",37.5,1.82352438217472,5,0,0,0,8
MMRd,Myeloid-noDC-noGran,CCR7,"(40,45]","(2.19,2.92]",42.5,2.55293413504461,7,0,0,9.9502487562189e-05,8
MMRd,Myeloid-noDC-noGran,CCR7,"(-70,-65]","[0,0.729]",-67.5,0.364704876434944,8,0,0,0.00059068918323986,8
MMRd,Myeloid-noDC-noGran,CCR7,"(25,30]","(1.46,2.19]",27.5,1.82352438217472,5,0.000148104265402844,0,0.000286450873675165,8
MMRd,Myeloid-noDC-noGran,CCR7,"(40,45]","(1.46,2.19]",42.5,1.82352438217472,5,0,0,0,8
MMRd,Myeloid-ISG,CCR7,"(-20,-15]","[0,0.729]",-17.5,0.364704876434944,6,0,0,0,8
MMRd,Myeloid-noDC-noGran,CCR7,"(-20,-15]","[0,0.729]",-17.5,0.364704876434944,8,0.000180724333883909,4.60122699386503e-05,0.000304672368392418,8
MMRd,Myeloid-noDC-noGran,CCR7,"(55,60]","(2.19,2.92]",57.5,2.55293413504461,5,0,0,0,8
MMRd,Myeloid-noDC-noGran,CCR7,"(-60,-55]","(2.19,2.92]",-57.5,2.55293413504461,5,7.60687661646128e-05,0,0.000300751879699248,8
MMRd,Myeloid-noDC-noGran,CCR7,"(55,60]","(1.46,2.19]",57.5,1.82352438217472,4,0,0,0,8
MMRd,Myeloid-noDC-noGran,CCR7,"(-65,-60]","(4.38,5.11]",-62.5,4.74116339365427,4,0,0,0.000111656989727557,8
MMRd,Myeloid-noDC-noGran,CCR7,"(50,55]","[0,0.729]",52.5,0.364704876434944,7,0,0,0.000318895169321433,8
MMRd,Myeloid-noDC-noGran,CCR7,"(30,35]","[0,0.729]",32.5,0.364704876434944,5,0,0,0,8
MMRd,Myeloid-ISG,CCR7,"(-45,-40]","[0,0.729]",-42.5,0.364704876434944,4,0,0,6.97544642857143e-05,8
MMRd,Myeloid-noDC-noGran,CCR7,"(-45,-40]","[0,0.729]",-42.5,0.364704876434944,7,0,0,9.57302831675748e-05,8
MMRd,Myeloid-noDC-noGran,CCR7,"(-40,-35]","(1.46,2.19]",-37.5,1.82352438217472,6,0.000336936456357081,7.34473235795288e-05,0.000468155232957221,8
MMRd,Myeloid-noDC-noGran,CCR7,"(40,45]","(2.92,3.65]",42.5,3.2823438879145,7,0,0,0,8
MMRd,Myeloid-ISG,CCR7,"(15,20]","(3.65,4.38]",17.5,4.01175364078438,4,0,0,0,8
MMRd,Myeloid-noDC-noGran,CCR7,"(-60,-55]","(3.65,4.38]",-57.5,4.01175364078438,5,0.000565017354104448,0.000389863547758285,0.000666222518321119,8
MMRd,Myeloid-ISG,CCR7,"(-45,-40]","(4.38,5.11]",-42.5,4.74116339365427,4,0.000873906496486448,0.000609054725157018,0.00125757953716852,8
MMRd,Myeloid-noDC-noGran,CCR7,"(-60,-55]","(2.92,3.65]",-57.5,3.2823438879145,6,0.000241404283201711,0,0.000538995504679494,8
MMRd,Myeloid-noDC-noGran,CCR7,"(-45,-40]","(2.19,2.92]",-42.5,2.55293413504461,6,0.00023565686800122,5.77467228734769e-05,0.000271886286105952,8
MMRd,Myeloid-noDC-noGran,CCR7,"(45,50]","(1.46,2.19]",47.5,1.82352438217472,4,0,0,8.3948959032908e-05,8
MMRd,Myeloid-noDC-noGran,CCR7,"(-55,-50]","(4.38,5.11]",-52.5,4.74116339365427,7,0,0,0,8
MMRd,Myeloid-noDC-noGran,CCR7,"(-80,-75]","[0,0.729]",-77.5,0.364704876434944,8,0,0,8.24470277846484e-05,8
MMRd,Myeloid-noDC-noGran,CCR7,"(-75,-70]","(2.92,3.65]",-72.5,3.2823438879145,5,0.00027610326262022,0.000154535620460516,0.00066711140760507,8
MMRd,Myeloid-noDC-noGran,CCR7,"(-90,-85]","[0,0.729]",-87.5,0.364704876434944,8,0,0,7.52049334436339e-05,8
MMRd,Myeloid-noDC-noGran,CCR7,"(-85,-80]","(2.19,2.92]",-82.5,2.55293413504461,4,0.000183049606443346,0,0.000408742567088991,8
MMRd,Myeloid-noDC-noGran,CCR7,"(-90,-85]","(2.19,2.92]",-87.5,2.55293413504461,4,0.00025488945161503,0.000178784266984505,0.000627998127755527,8
MMRd,Myeloid-noDC-noGran,CCR7,"(80,85]","[0,0.729]",82.5,0.364704876434944,4,0,0,0,8
MMRd,Myeloid-noDC-noGran,CCR7,"(-85,-80]","[0,0.729]",-82.5,0.364704876434944,8,0.000753709016048876,0,0.000993097130590075,8
MMRd,Myeloid-noDC-noGran,CCR7,"(-80,-75]","(2.92,3.65]",-77.5,3.2823438879145,4,0.000366197399908108,0.000262927256792287,0.000428818985520017,8
MMRd,Myeloid-noDC-noGran,CCR7,"(60,65]","(2.92,3.65]",62.5,3.2823438879145,4,0,0,0,8
MMRd,Myeloid-noDC-noGran,CCR7,"(60,65]","(2.19,2.92]",62.5,2.55293413504461,4,0,0,0,8
MMRd,Myeloid-noDC-noGran,CCR7,"(70,75]","[0,0.729]",72.5,0.364704876434944,5,0,0,0,8
MMRd,Myeloid-noDC-noGran,CCR7,"(70,75]","(2.19,2.92]",72.5,2.55293413504461,4,0,0,0.000137211855104281,8
MMRd,Myeloid-noDC-noGran,CCR7,"(90,95]","[0,0.729]",92.5,0.364704876434944,4,0,0,0.000226346763241286,8
MMRd,Myeloid-noDC-noGran,CCR7,"(45,50]","(2.19,2.92]",47.5,2.55293413504461,5,0,0,0,8
MMRd,Myeloid-noDC-noGran,CCR7,"(-60,-55]","[0,0.729]",-57.5,0.364704876434944,8,0,0,4.67726847521048e-05,8
MMRd,Myeloid-noDC-noGran,CCR7,"(55,60]","(2.92,3.65]",57.5,3.2823438879145,5,0,0,0,8
MMRd,Myeloid-noDC-noGran,CCR7,"(-80,-75]","(2.19,2.92]",-77.5,2.55293413504461,4,0.000162834625154693,0,0.000521282173603497,8
MMRd,Myeloid-noDC-noGran,CCR7,"(20,25]","(0.729,1.46]",22.5,1.09411462930483,4,0,0,0,8
MMRd,Myeloid-noDC-noGran,CCR7,"(55,60]","[0,0.729]",57.5,0.364704876434944,5,0,0,0,8
MMRd,Myeloid-noDC-noGran,CCR7,"(-15,-10]","(0.729,1.46]",-12.5,1.09411462930483,4,0,0,0.000274725274725275,8
MMRd,Myeloid-noDC-noGran,CCR7,"(-45,-40]","(1.46,2.19]",-42.5,1.82352438217472,4,5.28513292109297e-05,0,0.000451239301635869,8
MMRd,Myeloid-noDC-noGran,CCR7,"(-50,-45]","(1.46,2.19]",-47.5,1.82352438217472,4,6.37633105910859e-05,0,0.000297127880135501,8
MMRd,Tcd4-CXCL13,CCR7,"(-5,0]","(3.65,4.38]",-2.5,4.01175364078438,7,0.00145127850725639,0.000229463056447912,0.00238480308705028,8
MMRd,Tcd4-CXCL13,CCR7,"(-10,-5]","(2.92,3.65]",-7.5,3.2823438879145,7,0.000491642084562439,0,0.00300274795000298,8
MMRd,Tcd4-CXCL13,CCR7,"(0,5]","(2.19,2.92]",2.5,2.55293413504461,5,0,0,0,8
MMRd,Tcd4-CXCL13,CCR7,"(-10,-5]","(1.46,2.19]",-7.5,1.82352438217472,4,0.00123775031630549,0.000871080139372822,0.00159087221159873,8
MMRd,Tcd4-CXCL13,CCR7,"(-5,0]","(2.19,2.92]",-2.5,2.55293413504461,6,0.00100897509087099,0.000167560321715818,0.00164811603490849,8
MMRd,Tcd4-CXCL13,CCR7,"(-5,0]","(1.46,2.19]",-2.5,1.82352438217472,6,0,0,0.000420403587443946,8
MMRd,Tcd4-CXCL13,CCR7,"(-10,-5]","(2.19,2.92]",-7.5,2.55293413504461,6,0.00139326424081937,0.000186428038777032,0.00597667638483965,8
MMRd,Tcd4-CXCL13,CCR7,"(-15,-10]","(2.92,3.65]",-12.5,3.2823438879145,6,0.000829187396351576,0,0.00187800833232213,8
MMRd,Tcd4-CXCL13,CCR7,"(-15,-10]","(3.65,4.38]",-12.5,4.01175364078438,4,0,0,0.000846596681341009,8
MMRd,Tcd4-CXCL13,CCR7,"(0,5]","(2.92,3.65]",2.5,3.2823438879145,6,0,0,0.000249667110519308,8
MMRd,Tcd4-CXCL13,CCR7,"(-5,0]","(2.92,3.65]",-2.5,3.2823438879145,6,0.000698710434900265,0.000160462130937099,0.000930879631823679,8
MMRd,Tcd4-CXCL13,CCR7,"(-5,0]","[0,0.729]",-2.5,0.364704876434944,4,0,0,0.000477099236641221,8
MMRd,Tcd4-CXCL13,CCR7,"(0,5]","(1.46,2.19]",2.5,1.82352438217472,4,0.000357909806728704,0,0.00109740282668498,8
MMRd,Tcd4-CXCL13,CCR7,"(-10,-5]","(3.65,4.38]",-7.5,4.01175364078438,4,0.00117664294133635,0.000338600451467269,0.00214751780669111,8
MMRd,Tcd4-Treg-comb,CCR7,"(-10,-5]","(3.65,4.38]",-7.5,4.01175364078438,8,0.00107179428831494,0.000615258408531583,0.00188533890676683,8
MMRd,Tcd4-Treg-comb,CCR7,"(-5,0]","(4.38,5.11]",-2.5,4.74116339365427,4,0.000376222723852521,0,0.000953635175821833,8
MMRd,Tcd4-Treg-comb,CCR7,"(-10,-5]","(2.92,3.65]",-7.5,3.2823438879145,8,0.00075384104936609,0.000243033052495139,0.00184572870743083,8
MMRd,Tcd4-Treg-comb,CCR7,"(-5,0]","(2.92,3.65]",-2.5,3.2823438879145,8,0.000346558720043127,0,0.000722666994541892,8
MMRd,Tcd4-Treg-comb,CCR7,"(-5,0]","(3.65,4.38]",-2.5,4.01175364078438,7,0,0,0.000751143970178973,8
MMRd,Tcd4-Treg-comb,CCR7,"(-10,-5]","(4.38,5.11]",-7.5,4.74116339365427,5,0.00132693681739308,0,0.00157563025210084,8
MMRd,Tcd4-Treg-comb,CCR7,"(0,5]","(2.92,3.65]",2.5,3.2823438879145,6,0.000439445570604458,5.91575958353053e-05,0.00133703577770222,8
MMRd,Tcd4-Treg-comb,CCR7,"(-15,-10]","(1.46,2.19]",-12.5,1.82352438217472,4,0.000546249089584851,0,0.00142470051089059,8
MMRd,Tcd4-Treg-comb,CCR7,"(-10,-5]","[0,0.729]",-7.5,0.364704876434944,6,0.000577091219899224,7.02049985959e-05,0.00169763055218211,8
MMRd,Tcd4-Treg-comb,CCR7,"(-5,0]","(2.19,2.92]",-2.5,2.55293413504461,7,0.000930448941614329,0.000325497986330442,0.00110046872840142,8
MMRd,Tcd4-Treg-comb,CCR7,"(-15,-10]","(2.19,2.92]",-12.5,2.55293413504461,7,0.000865800865800866,0,0.00139449987642442,8
MMRd,Tcd4-Treg-comb,CCR7,"(0,5]","(3.65,4.38]",2.5,4.01175364078438,4,0.000306560392397302,0,0.000642289046906481,8
MMRd,Tcd4-Treg-comb,CCR7,"(-15,-10]","(3.65,4.38]",-12.5,4.01175364078438,7,0,0,0.0011689440351568,8
MMRd,Tcd4-Treg-comb,CCR7,"(-5,0]","(1.46,2.19]",-2.5,1.82352438217472,7,0.000872029649008066,0.000585747859948879,0.00190683857770404,8
MMRd,Tcd4-Treg-comb,CCR7,"(0,5]","(2.19,2.92]",2.5,2.55293413504461,6,0,0,0,8
MMRd,Tcd4-Treg-comb,CCR7,"(-5,0]","[0,0.729]",-2.5,0.364704876434944,5,0.000494071146245059,0,0.00100401606425703,8
MMRd,Tcd4-Treg-comb,CCR7,"(-25,-20]","(2.19,2.92]",-22.5,2.55293413504461,5,0,0,0.000370782350760104,8
MMRd,Tcd4-Treg-comb,CCR7,"(-20,-15]","(2.92,3.65]",-17.5,3.2823438879145,7,0.00157728706624606,0.000533333333333333,0.00295769044231208,8
MMRd,Tcd4-Treg-comb,CCR7,"(-10,-5]","(2.19,2.92]",-7.5,2.55293413504461,7,0.000880281690140845,0.000735238767538136,0.0014367816091954,8
MMRd,Tcd4-Treg-comb,CCR7,"(-20,-15]","(2.19,2.92]",-17.5,2.55293413504461,6,0.000691512800753611,8.58811405015459e-05,0.00221639699900569,8
MMRd,Tcd4-Treg-comb,CCR7,"(-15,-10]","(2.92,3.65]",-12.5,3.2823438879145,7,0.00130378096479791,0.000820786286263943,0.00174951048380517,8
MMRd,Tcd4-Treg-comb,CCR7,"(-15,-10]","[0,0.729]",-12.5,0.364704876434944,5,0.00240963855421687,0.00189393939393939,0.00264550264550265,8
MMRd,Tcd4-Treg-comb,CCR7,"(-20,-15]","(3.65,4.38]",-17.5,4.01175364078438,6,0.00156754019654422,0.000742916576183238,0.00322683587347317,8
MMRd,Tcd4-Treg-comb,CCR7,"(5,10]","(2.19,2.92]",7.5,2.55293413504461,6,0,0,0.00292397660818713,8
MMRd,Tcd4-Treg-comb,CCR7,"(5,10]","(2.92,3.65]",7.5,3.2823438879145,5,0,0,0,8
MMRd,Tcd4-Treg-comb,CCR7,"(-10,-5]","(1.46,2.19]",-7.5,1.82352438217472,7,0.000673627484001347,0,0.00115378286039903,8
MMRd,Tcd4-Treg-comb,CCR7,"(0,5]","(1.46,2.19]",2.5,1.82352438217472,5,0,0,0,8
MMRd,Tcd4-Treg-comb,CCR7,"(-30,-25]","(2.92,3.65]",-27.5,3.2823438879145,4,0.00119854815500727,0.000395778364116095,0.00189709337334531,8
MMRd,Tcd4-Treg-comb,CCR7,"(-25,-20]","(2.92,3.65]",-22.5,3.2823438879145,5,0.000492610837438424,0,0.000743494423791822,8
MMRd,Tcd4-Treg-comb,CCR7,"(-25,-20]","(3.65,4.38]",-22.5,4.01175364078438,4,0.00100659989098123,0.000749250749250749,0.00159029510492021,8
MMRd,Tcd4-Treg-comb,CCR7,"(-35,-30]","(2.92,3.65]",-32.5,3.2823438879145,5,0.00292397660818713,0.00189035916824197,0.00303030303030303,8
MMRd,Tcd8-CXCL13-comb,CCR7,"(0,5]","(3.65,4.38]",2.5,4.01175364078438,7,0.000289184499710816,0,0.00100170328159153,8
MMRd,CD8-all,CCR7,"(0,5]","(3.65,4.38]",2.5,4.01175364078438,7,0.000176647235470765,0,0.000655864937878333,8
MMRd,Tcd8-CXCL13-comb,CCR7,"(-5,0]","(2.92,3.65]",-2.5,3.2823438879145,7,0.000241080038572806,0,0.000566955746976647,8
MMRd,CD8-all,CCR7,"(-5,0]","(2.92,3.65]",-2.5,3.2823438879145,8,0.000381208205421099,0.00016391700467984,0.00208559264491506,8
MMRd,Tcd8-CXCL13-comb,CCR7,"(-5,0]","(4.38,5.11]",-2.5,4.74116339365427,4,0.000589034167360027,0.000197993664202746,0.000946354582455905,8
MMRd,CD8-all,CCR7,"(-5,0]","(4.38,5.11]",-2.5,4.74116339365427,7,0.000501504513540622,0.00014265335235378,0.0014239454516616,8
MMRd,Tcd8-CXCL13-comb,CCR7,"(-5,0]","(3.65,4.38]",-2.5,4.01175364078438,7,0.000236546422235364,0,0.000511468363038881,8
MMRd,CD8-all,CCR7,"(-5,0]","(3.65,4.38]",-2.5,4.01175364078438,8,0.000538247425670129,0.000136009188176268,0.00142802297563293,8
MMRd,Tcd8-CXCL13-comb,CCR7,"(-10,-5]","(3.65,4.38]",-7.5,4.01175364078438,6,0.000727802037845706,0,0.00149550202479041,8
MMRd,CD8-all,CCR7,"(-10,-5]","(3.65,4.38]",-7.5,4.01175364078438,8,0.000858336325395374,0.000415282392026578,0.00100164838861603,8
MMRd,CD8-all,CCR7,"(10,15]","(3.65,4.38]",12.5,4.01175364078438,4,0,0,0.00018046198267565,8
MMRd,CD8-all,CCR7,"(-10,-5]","(4.38,5.11]",-7.5,4.74116339365427,4,0.00179551155998718,0.000744786494538232,0.00403616351767636,8
MMRd,CD8-all,CCR7,"(5,10]","(3.65,4.38]",7.5,4.01175364078438,7,0,0,0.000494280468860331,8
MMRd,CD8-all,CCR7,"(5,10]","(2.92,3.65]",7.5,3.2823438879145,7,0,0,0.000282218290735632,8
MMRd,CD8-all,CCR7,"(25,30]","(1.46,2.19]",27.5,1.82352438217472,5,0,0,0,8
MMRd,Tcd8-CXCL13-comb,CCR7,"(-10,-5]","(2.19,2.92]",-7.5,2.55293413504461,6,0.000182481751824818,0,0.000617926269170836,8
MMRd,CD8-all,CCR7,"(-10,-5]","(2.19,2.92]",-7.5,2.55293413504461,7,0.000435161009573542,9.75229178857031e-05,0.00170023132303601,8
MMRd,CD8-all,CCR7,"(-10,-5]","[0,0.729]",-7.5,0.364704876434944,6,0,0,0.000840336134453781,8
MMRd,CD8-all,CCR7,"(15,20]","(2.92,3.65]",17.5,3.2823438879145,7,0,0,0.000267379679144385,8
MMRd,Tcd8-CXCL13-comb,CCR7,"(-5,0]","[0,0.729]",-2.5,0.364704876434944,4,0,0,0.000265111346765642,8
MMRd,CD8-all,CCR7,"(-5,0]","[0,0.729]",-2.5,0.364704876434944,5,0,0,0.000511770726714432,8
MMRd,Tcd8-CXCL13-comb,CCR7,"(-5,0]","(1.46,2.19]",-2.5,1.82352438217472,6,0.000160771704180064,0,0.000834154696311138,8
MMRd,CD8-all,CCR7,"(-5,0]","(1.46,2.19]",-2.5,1.82352438217472,6,0.000277038881997328,3.56176093460607e-05,0.000721713712840722,8
MMRd,Tcd8-CXCL13-comb,CCR7,"(-10,-5]","(2.92,3.65]",-7.5,3.2823438879145,6,0.000572973771973201,0.000516594906427221,0.00077470946777467,8
MMRd,CD8-all,CCR7,"(-10,-5]","(2.92,3.65]",-7.5,3.2823438879145,7,0.000859475719810915,0.000424064607665673,0.00154578039534603,8
MMRd,Tcd8-CXCL13-comb,CCR7,"(-5,0]","(2.19,2.92]",-2.5,2.55293413504461,6,0.000316291578427501,0.000184349139457499,0.000442505029849437,8
MMRd,CD8-all,CCR7,"(-5,0]","(2.19,2.92]",-2.5,2.55293413504461,7,0.000266832695899671,0.000169935116503764,0.000387077578750623,8
MMRd,Tcd8-CXCL13-comb,CCR7,"(0,5]","(1.46,2.19]",2.5,1.82352438217472,5,0,0,0.000638569604086846,8
MMRd,CD8-all,CCR7,"(0,5]","(1.46,2.19]",2.5,1.82352438217472,6,0.000163345311989546,0,0.000511965254962071,8
MMRd,Tcd8-CXCL13-comb,CCR7,"(15,20]","(2.19,2.92]",17.5,2.55293413504461,5,0,0,0.000396667988893296,8
MMRd,CD8-all,CCR7,"(15,20]","(2.19,2.92]",17.5,2.55293413504461,6,0.000191975427145325,0,0.000390105360631486,8
MMRd,CD8-all,CCR7,"(15,20]","[0,0.729]",17.5,0.364704876434944,4,0,0,0.000451263537906137,8
MMRd,Tcd8-CXCL13-comb,CCR7,"(-10,-5]","(1.46,2.19]",-7.5,1.82352438217472,4,0,0,0.000234082397003745,8
MMRd,CD8-all,CCR7,"(-10,-5]","(1.46,2.19]",-7.5,1.82352438217472,7,0,0,0.000881289619840493,8
MMRd,CD8-all,CCR7,"(15,20]","(1.46,2.19]",17.5,1.82352438217472,5,0,0,0,8
MMRd,CD8-all,CCR7,"(30,35]","(2.19,2.92]",32.5,2.55293413504461,5,0,0,0,8
MMRd,Tcd8-CXCL13-comb,CCR7,"(20,25]","(2.19,2.92]",22.5,2.55293413504461,5,0,0,0.00104602510460251,8
MMRd,CD8-all,CCR7,"(20,25]","(2.19,2.92]",22.5,2.55293413504461,5,0.000358680057388809,0,0.000452079566003617,8
MMRd,Tcd8-CXCL13-comb,CCR7,"(5,10]","(2.19,2.92]",7.5,2.55293413504461,5,0,0,0,8
MMRd,CD8-all,CCR7,"(5,10]","(2.19,2.92]",7.5,2.55293413504461,6,0,0,0.000232414006817478,8
MMRd,CD8-all,CCR7,"(-15,-10]","(2.92,3.65]",-12.5,3.2823438879145,7,0.000550357732526142,0,0.00219941585580352,8
MMRd,Tcd8-CXCL13-comb,CCR7,"(20,25]","(1.46,2.19]",22.5,1.82352438217472,5,0,0,0,8
MMRd,CD8-all,CCR7,"(20,25]","(1.46,2.19]",22.5,1.82352438217472,5,0,0,0,8
MMRd,Tcd8-CXCL13-comb,CCR7,"(0,5]","(2.19,2.92]",2.5,2.55293413504461,6,0,0,0.000165161858621449,8
MMRd,CD8-all,CCR7,"(0,5]","(2.19,2.92]",2.5,2.55293413504461,7,0.000374391613627855,0.000285935864867592,0.000819367320977382,8
MMRd,Tcd8-CXCL13-comb,CCR7,"(0,5]","(2.92,3.65]",2.5,3.2823438879145,6,0.000127388535031847,0,0.000278286542194035,8
MMRd,CD8-all,CCR7,"(0,5]","(2.92,3.65]",2.5,3.2823438879145,7,0.000205380981721093,0,0.000402694004674189,8
MMRd,Tcd8-CXCL13-comb,CCR7,"(5,10]","(1.46,2.19]",7.5,1.82352438217472,5,0,0,0,8
MMRd,CD8-all,CCR7,"(5,10]","(1.46,2.19]",7.5,1.82352438217472,5,0,0,0.000735294117647059,8
MMRd,Tcd8-CXCL13-comb,CCR7,"(10,15]","(2.92,3.65]",12.5,3.2823438879145,4,0.00075642965204236,0,0.0016287156243086,8
MMRd,CD8-all,CCR7,"(10,15]","(2.92,3.65]",12.5,3.2823438879145,6,0.000400641025641026,0,0.00102904979458847,8
MMRd,Tcd8-CXCL13-comb,CCR7,"(5,10]","(2.92,3.65]",7.5,3.2823438879145,6,0,0,0,8
MMRd,CD8-all,CCR7,"(10,15]","(2.19,2.92]",12.5,2.55293413504461,6,0,0,0.000215208034433286,8
MMRd,CD8-all,CCR7,"(30,35]","(1.46,2.19]",32.5,1.82352438217472,5,0,0,0,8
MMRd,CD8-all,CCR7,"(25,30]","(2.19,2.92]",27.5,2.55293413504461,4,0,0,0,8
MMRd,CD8-all,CCR7,"(35,40]","(2.19,2.92]",37.5,2.55293413504461,4,0,0,0.00010351966873706,8
MMRd,Tcd8-CXCL13-comb,CCR7,"(10,15]","(1.46,2.19]",12.5,1.82352438217472,5,0,0,0,8
MMRd,CD8-all,CCR7,"(10,15]","(1.46,2.19]",12.5,1.82352438217472,6,0,0,0,8
MMRd,CD8-all,CCR7,"(-5,0]","(0.729,1.46]",-2.5,1.09411462930483,6,0,0,0.000348999534667287,8
MMRd,Tcd8-CXCL13-comb,CCR7,"(0,5]","[0,0.729]",2.5,0.364704876434944,4,0,0,0.000282167042889391,8
MMRd,CD8-all,CCR7,"(0,5]","[0,0.729]",2.5,0.364704876434944,5,0,0,0,8
MMRd,CD8-all,CCR7,"(-15,-10]","(3.65,4.38]",-12.5,4.01175364078438,6,0.000284819139846198,0,0.00366702800572546,8
MMRd,Tcd8-CXCL13-comb,CCR7,"(-15,-10]","(2.19,2.92]",-12.5,2.55293413504461,5,0,0,0.00118483412322275,8
MMRd,CD8-all,CCR7,"(-15,-10]","(2.19,2.92]",-12.5,2.55293413504461,7,0.000706214689265537,0.000258397932816537,0.00136385538920844,8
MMRd,Tcd8-CXCL13-comb,CCR7,"(-20,-15]","(2.92,3.65]",-17.5,3.2823438879145,4,0.00108932461873638,0,0.00227174203014539,8
MMRd,CD8-all,CCR7,"(-20,-15]","(2.92,3.65]",-17.5,3.2823438879145,5,0.00139664804469274,0,0.00396343929466958,8
MMRd,Tcd8-CXCL13-comb,CCR7,"(-15,-10]","(2.92,3.65]",-12.5,3.2823438879145,5,0,0,0.00267737617135208,8
MMRd,Tcd8-CXCL13-comb,CCR7,"(10,15]","(2.19,2.92]",12.5,2.55293413504461,4,0,0,0,8
MMRd,CD8-all,CCR7,"(-25,-20]","(3.65,4.38]",-22.5,4.01175364078438,4,0.00175033454314403,0.000903773455117507,0.00319445077361836,8
MMRd,CD8-all,CCR7,"(-25,-20]","(2.92,3.65]",-22.5,3.2823438879145,4,0.00213893264987812,0.000704225352112676,0.0035162262494411,8
MMRd,CD8-all,CCR7,"(-15,-10]","[0,0.729]",-12.5,0.364704876434944,4,0,0,0,8
MMRd,CD8-all,CCR7,"(5,10]","[0,0.729]",7.5,0.364704876434944,4,0,0,0.000118990956687292,8
MMRd,Tcd8-CXCL13-comb,CCR7,"(-10,-5]","[0,0.729]",-7.5,0.364704876434944,4,0,0,0,8
MMRd,CD8-all,CCR7,"(-20,-15]","(2.19,2.92]",-17.5,2.55293413504461,4,0.000984251968503937,0,0.00295654373132311,8
MMRd,CD8-all,CCR7,"(-25,-20]","(2.19,2.92]",-22.5,2.55293413504461,4,0.00123051681706317,0,0.00277387213845133,8
MMRd,CD8-all,CCR7,"(-20,-15]","(3.65,4.38]",-17.5,4.01175364078438,5,0.00105263157894737,0.000668002672010688,0.00201884253028264,8
MMRd,CD8-all,CCR7,"(35,40]","(3.65,4.38]",37.5,4.01175364078438,4,0,0,0.000172651933701657,8
MMRd,CD8-all,CCR7,"(20,25]","(2.92,3.65]",22.5,3.2823438879145,4,0.000110987791342952,0,0.000414497560030301,8
MMRd,CD8-all,CCR7,"(-25,-20]","[0,0.729]",-22.5,0.364704876434944,4,0.00147492625368732,0,0.00546618547597566,8
MMRd,Tcd8-CXCL13-LAG3,CCR7,"(-5,0]","(2.19,2.92]",-2.5,2.55293413504461,6,0,0,0,8
MMRd,Tcd8-CXCL13-LAG3,CCR7,"(-5,0]","(2.92,3.65]",-2.5,3.2823438879145,6,0,0,0,8
MMRd,Tcd8-CXCL13-LAG3,CCR7,"(-5,0]","(1.46,2.19]",-2.5,1.82352438217472,4,0,0,0.000208159866777685,8
MMRd,Tcd8-CXCL13-LAG3,CCR7,"(0,5]","(2.19,2.92]",2.5,2.55293413504461,4,0,0,0.000874890638670166,8
MMRd,Tcd8-GZMK,CCR7,"(-5,0]","(2.92,3.65]",-2.5,3.2823438879145,6,0,0,0.000755287009063444,8
MMRd,Tcd8-GZMK,CCR7,"(-5,0]","(2.19,2.92]",-2.5,2.55293413504461,6,0.000193498452012384,0,0.00139883255933953,8
MMRd,Tcd8-GZMK,CCR7,"(-15,-10]","(2.92,3.65]",-12.5,3.2823438879145,4,0.000909090909090909,0,0.00282420111534036,8
MMRd,Tcd8-GZMK,CCR7,"(-10,-5]","(2.92,3.65]",-7.5,3.2823438879145,4,0.000912964090079124,0,0.0027232367488371,8
MMRd,Tcd8-GZMK,CCR7,"(0,5]","(2.92,3.65]",2.5,3.2823438879145,4,0.000430663221360896,0,0.00105338212155791,8
MMRd,Tcd8-GZMK,CCR7,"(-10,-5]","(2.19,2.92]",-7.5,2.55293413504461,4,0.0031055900621118,0,0.00634145086219929,8
MMRd,Tcd8-HOBIT,CCR7,"(-5,0]","[0,0.729]",-2.5,0.364704876434944,4,0,0,0,8
MMRd,Tcd8-HOBIT,CCR7,"(-5,0]","(3.65,4.38]",-2.5,4.01175364078438,5,0.000350385423966363,0,0.00133868808567604,8
MMRd,Tcd8-HOBIT,CCR7,"(-5,0]","(2.19,2.92]",-2.5,2.55293413504461,6,0.0004844989185292,0.000408661216147164,0.000963888175680778,8
MMRd,Tcd8-HOBIT,CCR7,"(0,5]","(2.19,2.92]",2.5,2.55293413504461,5,0,0,0,8
MMRd,Tcd8-HOBIT,CCR7,"(-5,0]","(2.92,3.65]",-2.5,3.2823438879145,6,0,0,0.000441696113074205,8
MMRd,Tcd8-HOBIT,CCR7,"(-5,0]","(1.46,2.19]",-2.5,1.82352438217472,5,0,0,0,8
MMRd,Tcd8-HOBIT,CCR7,"(-10,-5]","(2.92,3.65]",-7.5,3.2823438879145,4,0.000924617898355857,0.000827057139300386,0.00215732928800896,8
MMRd,Tcd8-HOBIT,CCR7,"(0,5]","(2.92,3.65]",2.5,3.2823438879145,5,0,0,0,8
MMRd,Tcd8-HOBIT,CCR7,"(-10,-5]","(2.19,2.92]",-7.5,2.55293413504461,5,0,0,0.00417827298050139,8
MMRd,Tplzf-gdlike-comb,CCR7,"(-10,-5]","(3.65,4.38]",-7.5,4.01175364078438,4,0,0,0.000403551251008878,8
MMRd,Tplzf-gdlike-comb,CCR7,"(-5,0]","(3.65,4.38]",-2.5,4.01175364078438,7,0,0,0.000804982950249539,8
MMRd,Tplzf-gdlike-comb,CCR7,"(-5,0]","[0,0.729]",-2.5,0.364704876434944,4,0,0,0.000116877045348294,8
MMRd,Tplzf-gdlike-comb,CCR7,"(-5,0]","(1.46,2.19]",-2.5,1.82352438217472,5,0,0,0,8
MMRd,Tplzf-gdlike-comb,CCR7,"(15,20]","(1.46,2.19]",17.5,1.82352438217472,5,0,0,0,8
MMRd,Tplzf-gdlike-comb,CCR7,"(20,25]","(2.19,2.92]",22.5,2.55293413504461,4,0,0,0.000536480686695279,8
MMRd,Tplzf-gdlike-comb,CCR7,"(-5,0]","(2.92,3.65]",-2.5,3.2823438879145,6,0.00028258056469341,0.000243355901982989,0.000702995404134302,8
MMRd,Tplzf-gdlike-comb,CCR7,"(-5,0]","(2.19,2.92]",-2.5,2.55293413504461,6,0.000138312586445367,0,0.000321511609508013,8
MMRd,Tplzf-gdlike-comb,CCR7,"(0,5]","(1.46,2.19]",2.5,1.82352438217472,5,0,0,0,8
MMRd,Tplzf-gdlike-comb,CCR7,"(0,5]","(2.19,2.92]",2.5,2.55293413504461,6,0,0,0,8
MMRd,Tplzf-gdlike-comb,CCR7,"(-10,-5]","(2.92,3.65]",-7.5,3.2823438879145,5,0,0,0,8
MMRd,Tplzf-gdlike-comb,CCR7,"(0,5]","(2.92,3.65]",2.5,3.2823438879145,6,0,0,0.000306497752349816,8
MMRd,Tplzf-gdlike-comb,CCR7,"(-10,-5]","(2.19,2.92]",-7.5,2.55293413504461,4,0,0,0.000270562770562771,8
MMRd,Tplzf-gdlike-comb,CCR7,"(-10,-5]","[0,0.729]",-7.5,0.364704876434944,4,0,0,0,8
MMRd,Tplzf-gdlike-comb,CCR7,"(5,10]","(2.19,2.92]",7.5,2.55293413504461,4,0,0,0.000235849056603774,8
MMRd,Tplzf-gdlike-comb,CCR7,"(5,10]","(2.92,3.65]",7.5,3.2823438879145,4,0,0,0,8
MMRd,Tplzf-gdlike-comb,CCR7,"(-10,-5]","(1.46,2.19]",-7.5,1.82352438217472,4,0,0,0,8
MMRd,Myeloid-mregDC,CXCL13,"(-15,-10]","(4.38,5.11]",-12.5,4.74116339365427,4,0.00756993251401192,0.00607878653043748,0.00828129173612121,8
MMRd,Myeloid-mregDC,CXCL13,"(-5,0]","(3.65,4.38]",-2.5,4.01175364078438,6,0.00183636330157149,0.000271444082519001,0.00422668983556985,8
MMRd,Myeloid-mregDC,CXCL13,"(-10,-5]","(3.65,4.38]",-7.5,4.01175364078438,5,0.00231839258114374,0.00231749710312862,0.00501882057716437,8
MMRd,Myeloid-mregDC,CXCL13,"(-15,-10]","(2.92,3.65]",-12.5,3.2823438879145,7,0.0032546786004882,0.00172835969432608,0.00420057006163186,8
MMRd,Myeloid-mregDC,CXCL13,"(-5,0]","(2.92,3.65]",-2.5,3.2823438879145,7,0.00143595634692705,0,0.00370906720917119,8
MMRd,Myeloid-mregDC,CXCL13,"(-10,-5]","(2.19,2.92]",-7.5,2.55293413504461,6,0.00255684274228408,0.00217781935905432,0.00340460724974166,8
MMRd,Myeloid-mregDC,CXCL13,"(-5,0]","(1.46,2.19]",-2.5,1.82352438217472,4,0.00393528386533615,0.00150793846746899,0.00809977964467704,8
MMRd,Myeloid-mregDC,CXCL13,"(-5,0]","(2.19,2.92]",-2.5,2.55293413504461,5,0.00260078023407022,0.000956937799043062,0.00272182906913446,8
MMRd,Myeloid-mregDC,CXCL13,"(-10,-5]","(2.92,3.65]",-7.5,3.2823438879145,7,0.00201612903225806,0.00152765206293718,0.00348325112321745,8
MMRd,Myeloid-mregDC,CXCL13,"(-15,-10]","(3.65,4.38]",-12.5,4.01175364078438,4,0.00326715972492539,0.00259809609653167,0.00481792717086835,8
MMRd,Myeloid-mregDC,CXCL13,"(-5,0]","[0,0.729]",-2.5,0.364704876434944,4,0.00338495156371533,0.00261643160137309,0.00403424806895523,8
MMRd,Myeloid-mregDC,CXCL13,"(-15,-10]","(2.19,2.92]",-12.5,2.55293413504461,4,0.00284326617511232,0.00193670223030905,0.00733349945318881,8
MMRd,Myeloid-ISG,CXCL13,"(-10,-5]","(5.11,5.84]",-7.5,5.47057314652416,5,0.00336322869955157,0.00107933081489477,0.00391712194619111,8
MMRd,Myeloid-noDC-noGran,CXCL13,"(-10,-5]","(5.11,5.84]",-7.5,5.47057314652416,7,0.00278914094458907,0.000874678063118683,0.00365202478184976,8
MMRd,Myeloid-ISG,CXCL13,"(-40,-35]","(4.38,5.11]",-37.5,4.74116339365427,7,0.00428877769835597,0.00314250374276419,0.00615437654907661,8
MMRd,Myeloid-noDC-noGran,CXCL13,"(-40,-35]","(4.38,5.11]",-37.5,4.74116339365427,7,0.00256739409499358,0.00242664269074555,0.00321778714484397,8
MMRd,Myeloid-noDC-noGran,CXCL13,"(20,25]","(3.65,4.38]",22.5,4.01175364078438,5,0.00223829201101928,0.00202429149797571,0.0034324942791762,8
MMRd,Myeloid-ISG,CXCL13,"(0,5]","(3.65,4.38]",2.5,4.01175364078438,8,0.00153813279262524,0.00102726160294015,0.00293367745765528,8
MMRd,Myeloid-noDC-noGran,CXCL13,"(0,5]","(3.65,4.38]",2.5,4.01175364078438,8,0.00174293165091125,0.0011784080389504,0.00235620154063207,8
MMRd,Myeloid-ISG,CXCL13,"(-10,-5]","(2.92,3.65]",-7.5,3.2823438879145,8,0.00176939462653748,0.00136049311830714,0.00244093829576867,8
MMRd,Myeloid-noDC-noGran,CXCL13,"(-10,-5]","(2.92,3.65]",-7.5,3.2823438879145,8,0.00166050529921617,0.00108828679736663,0.00226214064282598,8
MMRd,Myeloid-ISG,CXCL13,"(-5,0]","(5.11,5.84]",-2.5,5.47057314652416,6,0.00270494623012609,0.00253764183294321,0.00657605274909767,8
MMRd,Myeloid-noDC-noGran,CXCL13,"(-5,0]","(5.11,5.84]",-2.5,5.47057314652416,6,0.00282636195780915,0.00215162938817335,0.00622627544332431,8
MMRd,Myeloid-ISG,CXCL13,"(-10,-5]","(3.65,4.38]",-7.5,4.01175364078438,8,0.00187723167105101,0.0014905534568808,0.0038315253297525,8
MMRd,Myeloid-noDC-noGran,CXCL13,"(-10,-5]","(3.65,4.38]",-7.5,4.01175364078438,8,0.00188848392280554,0.00129687246733334,0.00236693120648094,8
MMRd,Myeloid-noDC-noGran,CXCL13,"(45,50]","(2.92,3.65]",47.5,3.2823438879145,5,0.000535331905781585,0,0.00195694716242661,8
MMRd,Myeloid-noDC-noGran,CXCL13,"(5,10]","(4.38,5.11]",7.5,4.74116339365427,7,0.00151146743773411,0.000398247710075667,0.00478572272826517,8
MMRd,Myeloid-ISG,CXCL13,"(0,5]","(5.11,5.84]",2.5,5.47057314652416,4,0.00130435388186034,0.000548646671543526,0.00221694563992012,8
MMRd,Myeloid-noDC-noGran,CXCL13,"(0,5]","(5.11,5.84]",2.5,5.47057314652416,4,0.00167613509567258,0.00136980363380067,0.00215037151475024,8
MMRd,Myeloid-ISG,CXCL13,"(-15,-10]","(3.65,4.38]",-12.5,4.01175364078438,8,0.00237451790347089,0.0018125639035728,0.00292025897971605,8
MMRd,Myeloid-noDC-noGran,CXCL13,"(-15,-10]","(3.65,4.38]",-12.5,4.01175364078438,8,0.00207667379420065,0.00141059803062076,0.00262753392248934,8
MMRd,Myeloid-noDC-noGran,CXCL13,"(-95,-90]","(4.38,5.11]",-92.5,4.74116339365427,4,0.00228118545898916,0.00164684534144463,0.00280406963831132,8
MMRd,Myeloid-ISG,CXCL13,"(-15,-10]","(4.38,5.11]",-12.5,4.74116339365427,7,0.00222332015810277,0.00207373029700909,0.00403859659353313,8
MMRd,Myeloid-noDC-noGran,CXCL13,"(-15,-10]","(4.38,5.11]",-12.5,4.74116339365427,7,0.00238221281101112,0.00192260612274769,0.0045363603965731,8
MMRd,Myeloid-noDC-noGran,CXCL13,"(-95,-90]","[0,0.729]",-92.5,0.364704876434944,7,0.00110741971207087,0.000521322072776561,0.0017699933370474,8
MMRd,Myeloid-ISG,CXCL13,"(-15,-10]","(5.11,5.84]",-12.5,5.47057314652416,4,0.00347323789685178,0.00266337994248233,0.00415892687492024,8
MMRd,Myeloid-noDC-noGran,CXCL13,"(-15,-10]","(5.11,5.84]",-12.5,5.47057314652416,6,0.00294238123379892,0.00240825756842747,0.00332607714799688,8
MMRd,Myeloid-noDC-noGran,CXCL13,"(-45,-40]","(4.38,5.11]",-42.5,4.74116339365427,6,0.00160719241512039,0.000966818757388684,0.00328883932123481,8
MMRd,Myeloid-ISG,CXCL13,"(-5,0]","(4.38,5.11]",-2.5,4.74116339365427,7,0.00221032786530002,0.00208093788560225,0.00346454194475515,8
MMRd,Myeloid-noDC-noGran,CXCL13,"(-5,0]","(4.38,5.11]",-2.5,4.74116339365427,8,0.0020120648575995,0.0014836501831546,0.00286589801222026,8
MMRd,Myeloid-ISG,CXCL13,"(-20,-15]","(3.65,4.38]",-17.5,4.01175364078438,8,0.00227317054101181,0.00103369065849923,0.00377208236324145,8
MMRd,Myeloid-noDC-noGran,CXCL13,"(-20,-15]","(3.65,4.38]",-17.5,4.01175364078438,8,0.00202637367892218,0.00122342267423329,0.00314853700304277,8
MMRd,Myeloid-ISG,CXCL13,"(-5,0]","(2.92,3.65]",-2.5,3.2823438879145,8,0.00212949623631974,0.00140421522571928,0.00275803347670233,8
MMRd,Myeloid-noDC-noGran,CXCL13,"(-5,0]","(2.92,3.65]",-2.5,3.2823438879145,8,0.00190229439447755,0.0013978537138983,0.00227669683366217,8
MMRd,Myeloid-ISG,CXCL13,"(-5,0]","(3.65,4.38]",-2.5,4.01175364078438,8,0.00246525135411001,0.00167019031904636,0.00312577737332321,8
MMRd,Myeloid-noDC-noGran,CXCL13,"(-5,0]","(3.65,4.38]",-2.5,4.01175364078438,8,0.00182828574949893,0.00149788305808287,0.00261709732966491,8
MMRd,Myeloid-noDC-noGran,CXCL13,"(-25,-20]","(5.11,5.84]",-22.5,5.47057314652416,4,0.00271768297907844,0.00229600005227836,0.00356693003549754,8
MMRd,Myeloid-noDC-noGran,CXCL13,"(-50,-45]","(3.65,4.38]",-47.5,4.01175364078438,7,0.00170473917490624,0.0016340719246569,0.00314179623525592,8
MMRd,Myeloid-noDC-noGran,CXCL13,"(-25,-20]","(3.65,4.38]",-22.5,4.01175364078438,8,0.00163020924231585,0.00107827476038339,0.00205314542894401,8
MMRd,Myeloid-noDC-noGran,CXCL13,"(-30,-25]","(3.65,4.38]",-27.5,4.01175364078438,7,0.00197032916087158,0.0016547628320223,0.00294632377988924,8
MMRd,Myeloid-ISG,CXCL13,"(-35,-30]","(3.65,4.38]",-32.5,4.01175364078438,7,0.00259291270527226,0.00209610469206632,0.00335335335335335,8
MMRd,Myeloid-noDC-noGran,CXCL13,"(-35,-30]","(3.65,4.38]",-32.5,4.01175364078438,7,0.00214154599224964,0.00171285278641667,0.00333844978811471,8
MMRd,Myeloid-ISG,CXCL13,"(-20,-15]","(5.11,5.84]",-17.5,5.47057314652416,5,0.00343445907269605,0.00334448160535117,0.00399709302325581,8
MMRd,Myeloid-noDC-noGran,CXCL13,"(-20,-15]","(5.11,5.84]",-17.5,5.47057314652416,6,0.00339329870137982,0.0021695155401004,0.00369641296856215,8
MMRd,Myeloid-ISG,CXCL13,"(0,5]","(4.38,5.11]",2.5,4.74116339365427,6,0.00167678071830015,0.000194250194250194,0.00296612158904849,8
MMRd,Myeloid-noDC-noGran,CXCL13,"(0,5]","(4.38,5.11]",2.5,4.74116339365427,7,0.00253403423642,0.0012772672185791,0.00292034999425786,8
MMRd,Myeloid-ISG,CXCL13,"(-10,-5]","(4.38,5.11]",-7.5,4.74116339365427,7,0.00262939385552173,0.00210791553905262,0.00425827244227857,8
MMRd,Myeloid-noDC-noGran,CXCL13,"(-10,-5]","(4.38,5.11]",-7.5,4.74116339365427,8,0.00210297003797485,0.00159364118509099,0.00298372540506854,8
MMRd,Myeloid-noDC-noGran,CXCL13,"(-20,-15]","(2.92,3.65]",-17.5,3.2823438879145,8,0.00208612357312182,0.00157115987564918,0.0026045331410076,8
MMRd,Myeloid-noDC-noGran,CXCL13,"(-85,-80]","(3.65,4.38]",-82.5,4.01175364078438,4,0.0015149418566305,0.0005655397762976,0.00231811995241344,8
MMRd,Myeloid-noDC-noGran,CXCL13,"(65,70]","(2.92,3.65]",67.5,3.2823438879145,4,0.000483558994197292,0,0.00264572955274845,8
MMRd,Myeloid-ISG,CXCL13,"(-20,-15]","(4.38,5.11]",-17.5,4.74116339365427,7,0.0020621489013724,0.00185895096712473,0.00342600889315177,8
MMRd,Myeloid-noDC-noGran,CXCL13,"(-20,-15]","(4.38,5.11]",-17.5,4.74116339365427,7,0.00175833837024012,0.00158242573647953,0.00414058781407085,8
MMRd,Myeloid-ISG,CXCL13,"(-30,-25]","(4.38,5.11]",-27.5,4.74116339365427,7,0.00255427841634738,0.00122562617469959,0.00375446011677305,8
MMRd,Myeloid-noDC-noGran,CXCL13,"(-30,-25]","(4.38,5.11]",-27.5,4.74116339365427,7,0.00185618594140909,0.00160220009358234,0.00299535517826287,8
MMRd,Myeloid-noDC-noGran,CXCL13,"(-20,-15]","(2.19,2.92]",-17.5,2.55293413504461,8,0.00142911217875891,0.00113786931325674,0.00215722194510004,8
MMRd,Myeloid-noDC-noGran,CXCL13,"(-50,-45]","(4.38,5.11]",-47.5,4.74116339365427,7,0.0027292576419214,0.0024340521083136,0.00412319644839068,8
MMRd,Myeloid-noDC-noGran,CXCL13,"(25,30]","(3.65,4.38]",27.5,4.01175364078438,5,0.000962463907603465,0.000803858520900322,0.00102223358037312,8
MMRd,Myeloid-noDC-noGran,CXCL13,"(-55,-50]","[0,0.729]",-52.5,0.364704876434944,8,0.00118352121308021,0.000623441396508728,0.00205022381717526,8
MMRd,Myeloid-ISG,CXCL13,"(5,10]","(3.65,4.38]",7.5,4.01175364078438,6,0.00256567991878037,0.0019839907958516,0.00332962110343547,8
MMRd,Myeloid-noDC-noGran,CXCL13,"(5,10]","(3.65,4.38]",7.5,4.01175364078438,8,0.00203252872186166,0.00188429175156592,0.00228142319528,8
MMRd,Myeloid-noDC-noGran,CXCL13,"(-15,-10]","(2.19,2.92]",-12.5,2.55293413504461,8,0.0018117834727804,0.00133957051693739,0.00200082437311735,8
MMRd,Myeloid-noDC-noGran,CXCL13,"(-30,-25]","[0,0.729]",-27.5,0.364704876434944,8,0.000763656661470886,0.000454220117821946,0.00131478457228315,8
MMRd,Myeloid-ISG,CXCL13,"(0,5]","(2.92,3.65]",2.5,3.2823438879145,8,0.00251158896035552,0.00145000908906475,0.00449872273635578,8
MMRd,Myeloid-noDC-noGran,CXCL13,"(0,5]","(2.92,3.65]",2.5,3.2823438879145,8,0.00205729106139714,0.00165321327421692,0.00330037511515669,8
MMRd,Myeloid-ISG,CXCL13,"(-5,0]","(2.19,2.92]",-2.5,2.55293413504461,8,0.00191720167838438,0.00102716773185377,0.00300436233348267,8
MMRd,Myeloid-noDC-noGran,CXCL13,"(-5,0]","(2.19,2.92]",-2.5,2.55293413504461,8,0.0018061019606057,0.00159384376808989,0.00222069289927224,8
MMRd,Myeloid-ISG,CXCL13,"(-10,-5]","(1.46,2.19]",-7.5,1.82352438217472,7,0.00207146556188503,0.00111245593892888,0.00231194728090265,8
MMRd,Myeloid-noDC-noGran,CXCL13,"(-10,-5]","(1.46,2.19]",-7.5,1.82352438217472,8,0.00162821908010352,0.00129589566074456,0.00189693615768569,8
MMRd,Myeloid-noDC-noGran,CXCL13,"(-20,-15]","(1.46,2.19]",-17.5,1.82352438217472,7,0.0012287168685273,0.000809912256843341,0.00244257874143132,8
MMRd,Myeloid-ISG,CXCL13,"(-5,0]","(1.46,2.19]",-2.5,1.82352438217472,6,0.0016307174504229,0.00116742658516172,0.00184782777960041,8
MMRd,Myeloid-noDC-noGran,CXCL13,"(-5,0]","(1.46,2.19]",-2.5,1.82352438217472,8,0.0016594438563991,0.000785840605128979,0.0019040880692904,8
MMRd,Myeloid-ISG,CXCL13,"(-30,-25]","(2.92,3.65]",-27.5,3.2823438879145,6,0.00222513408093613,0.00146827969166126,0.00267570842654735,8
MMRd,Myeloid-noDC-noGran,CXCL13,"(-30,-25]","(2.92,3.65]",-27.5,3.2823438879145,8,0.00152310722628505,0.000872674412215762,0.00176722362599906,8
MMRd,Myeloid-noDC-noGran,CXCL13,"(-45,-40]","(3.65,4.38]",-42.5,4.01175364078438,7,0.00183762111593719,0.00152699994584032,0.00243986601751182,8
MMRd,Myeloid-noDC-noGran,CXCL13,"(-35,-30]","(4.38,5.11]",-32.5,4.74116339365427,7,0.00253914515446466,0.00181996406852054,0.00296848246724199,8
MMRd,Myeloid-noDC-noGran,CXCL13,"(-55,-50]","(3.65,4.38]",-52.5,4.01175364078438,7,0.00292825768667643,0.0020927812174761,0.00330715853383973,8
MMRd,Myeloid-noDC-noGran,CXCL13,"(35,40]","(2.92,3.65]",37.5,3.2823438879145,7,0.00119664938173115,0.000570125427594071,0.00174264614618949,8
MMRd,Myeloid-noDC-noGran,CXCL13,"(-65,-60]","(3.65,4.38]",-62.5,4.01175364078438,7,0.0018796992481203,0.0015101020959976,0.00250465463811802,8
MMRd,Myeloid-ISG,CXCL13,"(-10,-5]","(2.19,2.92]",-7.5,2.55293413504461,8,0.00132773680761678,0.00101968669053243,0.00239081702325747,8
MMRd,Myeloid-noDC-noGran,CXCL13,"(-10,-5]","(2.19,2.92]",-7.5,2.55293413504461,8,0.00147353130095341,0.0012270084858815,0.00215169372982957,8
MMRd,Myeloid-ISG,CXCL13,"(-25,-20]","(2.92,3.65]",-22.5,3.2823438879145,6,0.0016183351860287,0.00112962697896813,0.00222693097396851,8
MMRd,Myeloid-noDC-noGran,CXCL13,"(-25,-20]","(2.92,3.65]",-22.5,3.2823438879145,8,0.00152206120706166,0.00106082036775106,0.00173642156084382,8
MMRd,Myeloid-ISG,CXCL13,"(10,15]","(3.65,4.38]",12.5,4.01175364078438,5,0.00129032258064516,0.00102774922918808,0.00149700598802395,8
MMRd,Myeloid-noDC-noGran,CXCL13,"(10,15]","(3.65,4.38]",12.5,4.01175364078438,7,0.00108932461873638,0.000342700479780672,0.00191482186961713,8
MMRd,Myeloid-noDC-noGran,CXCL13,"(30,35]","(1.46,2.19]",32.5,1.82352438217472,5,0.00207325501036628,0.00130821559392988,0.00302755071147442,8
MMRd,Myeloid-ISG,CXCL13,"(-5,0]","(0.729,1.46]",-2.5,1.09411462930483,4,0.00126889177970065,0.000438493919550982,0.00272906625316056,8
MMRd,Myeloid-noDC-noGran,CXCL13,"(-5,0]","(0.729,1.46]",-2.5,1.09411462930483,6,0.0017380766510014,0.000989698981983788,0.00264481141704292,8
MMRd,Myeloid-noDC-noGran,CXCL13,"(5,10]","(1.46,2.19]",7.5,1.82352438217472,7,0.00139542996685854,0.000673277022891419,0.00166619377459295,8
MMRd,Myeloid-ISG,CXCL13,"(-25,-20]","(4.38,5.11]",-22.5,4.74116339365427,7,0.00325732899022801,0.00200728005655581,0.00445769662986434,8
MMRd,Myeloid-noDC-noGran,CXCL13,"(-25,-20]","(4.38,5.11]",-22.5,4.74116339365427,7,0.00254971953085161,0.00189171330420085,0.00462690073802261,8
MMRd,Myeloid-ISG,CXCL13,"(-5,0]","[0,0.729]",-2.5,0.364704876434944,8,0.00107458166065373,0,0.00147423149087562,8
MMRd,Myeloid-noDC-noGran,CXCL13,"(-5,0]","[0,0.729]",-2.5,0.364704876434944,8,0.00129950014990919,0.00103377170309951,0.00156502122678742,8
MMRd,Myeloid-ISG,CXCL13,"(0,5]","(2.19,2.92]",2.5,2.55293413504461,7,0.00169327527818094,0.000777922279040333,0.00254114893895653,8
MMRd,Myeloid-noDC-noGran,CXCL13,"(0,5]","(2.19,2.92]",2.5,2.55293413504461,8,0.00151962990236186,0.0013243785222833,0.00214612796103518,8
MMRd,Myeloid-ISG,CXCL13,"(0,5]","(1.46,2.19]",2.5,1.82352438217472,5,0.00197948533381321,0.000413223140495868,0.0022238695329874,8
MMRd,Myeloid-noDC-noGran,CXCL13,"(0,5]","(1.46,2.19]",2.5,1.82352438217472,7,0.00161550888529887,0.0011267294603077,0.00229092784363215,8
MMRd,Myeloid-ISG,CXCL13,"(15,20]","(2.92,3.65]",17.5,3.2823438879145,5,0.000632911392405063,0,0.000929368029739777,8
MMRd,Myeloid-noDC-noGran,CXCL13,"(15,20]","(2.92,3.65]",17.5,3.2823438879145,8,0.00159347250696609,0.00112781954887218,0.0019069322337334,8
MMRd,Myeloid-noDC-noGran,CXCL13,"(35,40]","(2.19,2.92]",37.5,2.55293413504461,7,0.00104275286757039,0.000838789351400735,0.00143022891124644,8
MMRd,Myeloid-ISG,CXCL13,"(5,10]","(2.92,3.65]",7.5,3.2823438879145,6,0.00233168488634392,0.00196499493549419,0.00253582202111614,8
MMRd,Myeloid-noDC-noGran,CXCL13,"(5,10]","(2.92,3.65]",7.5,3.2823438879145,8,0.0014139408583749,0.000473367705615177,0.00206821168741007,8
MMRd,Myeloid-ISG,CXCL13,"(-15,-10]","(2.19,2.92]",-12.5,2.55293413504461,7,0.00178106589943828,0.00161225069118782,0.00250927927730956,8
MMRd,Myeloid-ISG,CXCL13,"(-20,-15]","(2.92,3.65]",-17.5,3.2823438879145,7,0.00157706093189964,0.0013341921207561,0.00194475302377355,8
MMRd,Myeloid-noDC-noGran,CXCL13,"(20,25]","[0,0.729]",22.5,0.364704876434944,5,0.00104547830632514,0.00100553041729512,0.00117647058823529,8
MMRd,Myeloid-noDC-noGran,CXCL13,"(30,35]","(2.19,2.92]",32.5,2.55293413504461,7,0.00109394229454396,0.000451671183378501,0.00211570514045786,8
MMRd,Myeloid-noDC-noGran,CXCL13,"(20,25]","(2.19,2.92]",22.5,2.55293413504461,6,0.00147390499079428,0.00110244122515868,0.00190689952511015,8
MMRd,Myeloid-ISG,CXCL13,"(-15,-10]","(1.46,2.19]",-12.5,1.82352438217472,6,0.00190783603631974,0.00147995369576594,0.00247553816046967,8
MMRd,Myeloid-noDC-noGran,CXCL13,"(-15,-10]","(1.46,2.19]",-12.5,1.82352438217472,7,0.00103284445362528,0.000830943538824139,0.0015112656936202,8
MMRd,Myeloid-ISG,CXCL13,"(-25,-20]","(3.65,4.38]",-22.5,4.01175364078438,6,0.00218309677167807,0.00190218374518369,0.00244595460241138,8
MMRd,Myeloid-noDC-noGran,CXCL13,"(-10,-5]","(0.729,1.46]",-7.5,1.09411462930483,6,0.001366982617656,0.00081146080408247,0.00193724071256883,8
MMRd,Myeloid-noDC-noGran,CXCL13,"(20,25]","(1.46,2.19]",22.5,1.82352438217472,5,0.00175746924428823,0.00100150225338007,0.00217601547388781,8
MMRd,Myeloid-ISG,CXCL13,"(0,5]","[0,0.729]",2.5,0.364704876434944,5,0.00128617363344051,0,0.00155440414507772,8
MMRd,Myeloid-noDC-noGran,CXCL13,"(0,5]","[0,0.729]",2.5,0.364704876434944,8,0.000673664137363354,0,0.00149232857000466,8
MMRd,Myeloid-noDC-noGran,CXCL13,"(-70,-65]","(2.92,3.65]",-67.5,3.2823438879145,6,0.00139760624543528,0.000492033329784334,0.00198390461247101,8
MMRd,Myeloid-noDC-noGran,CXCL13,"(15,20]","(3.65,4.38]",17.5,4.01175364078438,6,0.0016347662137329,0.00149866864186427,0.00259925130481962,8
MMRd,Myeloid-noDC-noGran,CXCL13,"(10,15]","[0,0.729]",12.5,0.364704876434944,7,0.000979911807937286,0.000474833808167142,0.00166512119346499,8
MMRd,Myeloid-ISG,CXCL13,"(-35,-30]","(2.92,3.65]",-32.5,3.2823438879145,5,0.0016620959029336,0.00147438260228529,0.00223089793641941,8
MMRd,Myeloid-noDC-noGran,CXCL13,"(-35,-30]","(2.92,3.65]",-32.5,3.2823438879145,7,0.00203078238563489,0.00137358294407561,0.00308422513150266,8
MMRd,Myeloid-ISG,CXCL13,"(5,10]","(2.19,2.92]",7.5,2.55293413504461,6,0.00221278979047284,0.00148941262002887,0.00316693010186161,8
MMRd,Myeloid-noDC-noGran,CXCL13,"(5,10]","(2.19,2.92]",7.5,2.55293413504461,8,0.00174763902606099,0.00150295435424012,0.00202246984733114,8
MMRd,Myeloid-noDC-noGran,CXCL13,"(-35,-30]","(2.19,2.92]",-32.5,2.55293413504461,7,0.00145192068364723,0.00127930941558125,0.00178763715534316,8
MMRd,Myeloid-noDC-noGran,CXCL13,"(25,30]","(2.92,3.65]",27.5,3.2823438879145,7,0.00161290322580645,0.00117790448561386,0.0018817795529124,8
MMRd,Myeloid-noDC-noGran,CXCL13,"(-35,-30]","[0,0.729]",-32.5,0.364704876434944,8,0.000807949293760457,0.000175329229330632,0.00110813395222822,8
MMRd,Myeloid-ISG,CXCL13,"(-30,-25]","(3.65,4.38]",-27.5,4.01175364078438,6,0.00241844391273636,0.00214078797954462,0.00319166127989657,8
MMRd,Myeloid-noDC-noGran,CXCL13,"(-50,-45]","(2.92,3.65]",-47.5,3.2823438879145,6,0.00136953476769948,0.000853964531787531,0.00192348979820221,8
MMRd,Myeloid-ISG,CXCL13,"(-20,-15]","(2.19,2.92]",-17.5,2.55293413504461,7,0.0017725258493353,0.00133776284886213,0.00232210242587601,8
MMRd,Myeloid-ISG,CXCL13,"(-15,-10]","(2.92,3.65]",-12.5,3.2823438879145,8,0.00139848898848981,0.00101181883133077,0.00193294776689499,8
MMRd,Myeloid-noDC-noGran,CXCL13,"(-15,-10]","(2.92,3.65]",-12.5,3.2823438879145,8,0.0017314433787182,0.000950597298242265,0.00255671710134523,8
MMRd,Myeloid-noDC-noGran,CXCL13,"(0,5]","(0.729,1.46]",2.5,1.09411462930483,4,0.0021849877587074,0.00145731799577611,0.00282410997883076,8
MMRd,Myeloid-ISG,CXCL13,"(10,15]","(2.92,3.65]",12.5,3.2823438879145,6,0.00168393054488921,0.00148853931573304,0.00685330006709158,8
MMRd,Myeloid-noDC-noGran,CXCL13,"(10,15]","(2.92,3.65]",12.5,3.2823438879145,7,0.00116090085906664,0.00035810205908684,0.00179602140331885,8
MMRd,Myeloid-noDC-noGran,CXCL13,"(-75,-70]","[0,0.729]",-72.5,0.364704876434944,7,0.000420433046037419,0,0.00141213408697056,8
MMRd,Myeloid-ISG,CXCL13,"(-40,-35]","(3.65,4.38]",-37.5,4.01175364078438,5,0.00277847941399343,0.00186458454725556,0.00318809776833156,8
MMRd,Myeloid-noDC-noGran,CXCL13,"(-40,-35]","(3.65,4.38]",-37.5,4.01175364078438,7,0.00215982721382289,0.00179556229503978,0.00345662904826361,8
MMRd,Myeloid-noDC-noGran,CXCL13,"(-45,-40]","(2.92,3.65]",-42.5,3.2823438879145,6,0.00172911706394112,0.00142910290571185,0.00193631373905408,8
MMRd,Myeloid-noDC-noGran,CXCL13,"(15,20]","(2.19,2.92]",17.5,2.55293413504461,7,0.00220167327168648,0.00124786247067098,0.00240973785522106,8
MMRd,Myeloid-noDC-noGran,CXCL13,"(45,50]","[0,0.729]",47.5,0.364704876434944,5,0.000992063492063492,0.000581057524694945,0.00180072028811525,8
MMRd,Myeloid-ISG,CXCL13,"(-35,-30]","(2.19,2.92]",-32.5,2.55293413504461,4,0.00111598723559664,0.000672645739910314,0.00146811588211698,8
MMRd,Myeloid-ISG,CXCL13,"(-40,-35]","(2.19,2.92]",-37.5,2.55293413504461,4,0.00126660252830138,0.000537505972288581,0.00202729143718476,8
MMRd,Myeloid-noDC-noGran,CXCL13,"(-40,-35]","(2.19,2.92]",-37.5,2.55293413504461,7,0.00127580607747622,0.0010175413504751,0.00181840624580845,8
MMRd,Myeloid-noDC-noGran,CXCL13,"(20,25]","(2.92,3.65]",22.5,3.2823438879145,5,0.00165371258475277,0.001508864579404,0.00222491909385113,8
MMRd,Myeloid-ISG,CXCL13,"(-35,-30]","[0,0.729]",-32.5,0.364704876434944,4,0.00102105335954712,0.000759470100021281,0.00177714925955611,8
MMRd,Myeloid-ISG,CXCL13,"(-35,-30]","(4.38,5.11]",-32.5,4.74116339365427,6,0.0025156096240705,0.00117333709002781,0.00300033006777578,8
MMRd,Myeloid-ISG,CXCL13,"(-50,-45]","(2.92,3.65]",-47.5,3.2823438879145,4,0.00155489969080662,0.00128886077704225,0.00186314662866245,8
MMRd,Myeloid-ISG,CXCL13,"(-25,-20]","(2.19,2.92]",-22.5,2.55293413504461,6,0.00155374717735486,0.00111765746017258,0.00319062842978876,8
MMRd,Myeloid-noDC-noGran,CXCL13,"(-25,-20]","(2.19,2.92]",-22.5,2.55293413504461,8,0.00132983244917617,0.000911939331226662,0.00165264681121656,8
MMRd,Myeloid-ISG,CXCL13,"(-45,-40]","(3.65,4.38]",-42.5,4.01175364078438,4,0.00182531783774208,0.001553122105928,0.00209942515480786,8
MMRd,Myeloid-noDC-noGran,CXCL13,"(30,35]","(0.729,1.46]",32.5,1.09411462930483,4,0.00162965605802341,0.00052337752965806,0.00363343532450034,8
MMRd,Myeloid-ISG,CXCL13,"(-10,-5]","[0,0.729]",-7.5,0.364704876434944,8,0.00104757114939652,0.000687424138334709,0.00168998522247735,8
MMRd,Myeloid-noDC-noGran,CXCL13,"(-10,-5]","[0,0.729]",-7.5,0.364704876434944,8,0.0010666527813169,0.000943239475852688,0.0014640266886836,8
MMRd,Myeloid-ISG,CXCL13,"(10,15]","(2.19,2.92]",12.5,2.55293413504461,4,0.00225875140671378,0.00126529670278081,0.00325552112201035,8
MMRd,Myeloid-noDC-noGran,CXCL13,"(10,15]","(2.19,2.92]",12.5,2.55293413504461,7,0.00192122958693564,0.000782288977548306,0.00207440760125707,8
MMRd,Myeloid-noDC-noGran,CXCL13,"(-35,-30]","(1.46,2.19]",-32.5,1.82352438217472,6,0.00120837489590028,0.000942113730429698,0.00182383404959617,8
MMRd,Myeloid-noDC-noGran,CXCL13,"(50,55]","(1.46,2.19]",52.5,1.82352438217472,4,0.0010105688160551,0.000789091219970933,0.00140446140047218,8
MMRd,Myeloid-noDC-noGran,CXCL13,"(-75,-70]","(2.19,2.92]",-72.5,2.55293413504461,4,0.00124839627897869,0.0011217593838118,0.00150207426070525,8
MMRd,Myeloid-noDC-noGran,CXCL13,"(-60,-55]","(4.38,5.11]",-57.5,4.74116339365427,7,0.00178837555886736,0.00066577896138482,0.00548529270863275,8
MMRd,Myeloid-ISG,CXCL13,"(-45,-40]","(2.92,3.65]",-42.5,3.2823438879145,4,0.00223927840648098,0.00191189633291029,0.00262586820211437,8
MMRd,Myeloid-noDC-noGran,CXCL13,"(50,55]","(2.19,2.92]",52.5,2.55293413504461,6,0.00135684961634329,0.000316455696202532,0.00155528653440348,8
MMRd,Myeloid-noDC-noGran,CXCL13,"[-100,-95]","[0,0.729]",-97.5,0.364704876434944,7,0.00150476508944993,0.000912484027220588,0.00190946493055745,8
MMRd,Myeloid-noDC-noGran,CXCL13,"(-50,-45]","(2.19,2.92]",-47.5,2.55293413504461,7,0.00156924284032954,0.00112098206812347,0.00197290124210341,8
MMRd,Myeloid-noDC-noGran,CXCL13,"(-50,-45]","[0,0.729]",-47.5,0.364704876434944,8,0.00103001547469242,0.000280024891101431,0.00142225486807236,8
MMRd,Myeloid-noDC-noGran,CXCL13,"(-85,-80]","(2.92,3.65]",-82.5,3.2823438879145,4,0.00184682656022617,0.00167378350640663,0.00250507026221072,8
MMRd,Myeloid-noDC-noGran,CXCL13,"(-65,-60]","(2.19,2.92]",-62.5,2.55293413504461,5,0.00128495065789474,0.0011420181091443,0.00200133422281521,8
MMRd,Myeloid-noDC-noGran,CXCL13,"(60,65]","[0,0.729]",62.5,0.364704876434944,6,0.000787566654360619,0.000582295496688141,0.00123760228581687,8
MMRd,Myeloid-ISG,CXCL13,"(-15,-10]","[0,0.729]",-12.5,0.364704876434944,8,0.00107878847190042,0.000416600539596889,0.00140688385954853,8
MMRd,Myeloid-noDC-noGran,CXCL13,"(-15,-10]","[0,0.729]",-12.5,0.364704876434944,8,0.000683742899703237,0.000505674842736145,0.00116270284029745,8
MMRd,Myeloid-noDC-noGran,CXCL13,"(15,20]","[0,0.729]",17.5,0.364704876434944,5,0.00159066808059385,0.000326157860404436,0.00162866449511401,8
MMRd,Myeloid-noDC-noGran,CXCL13,"(30,35]","(2.92,3.65]",32.5,3.2823438879145,6,0.00240300525845135,0.00195429103261649,0.00304471210463601,8
MMRd,Myeloid-ISG,CXCL13,"(5,10]","[0,0.729]",7.5,0.364704876434944,4,0.00137113243852628,0.000401069518716578,0.00250887145989196,8
MMRd,Myeloid-noDC-noGran,CXCL13,"(5,10]","[0,0.729]",7.5,0.364704876434944,8,0.000365942912905587,0,0.00146137818151957,8
MMRd,Myeloid-noDC-noGran,CXCL13,"(10,15]","(1.46,2.19]",12.5,1.82352438217472,6,0.00187884017462317,0.00149802809075717,0.00252308520702314,8
MMRd,Myeloid-ISG,CXCL13,"(-30,-25]","[0,0.729]",-27.5,0.364704876434944,4,0.00131945665409886,0.000737463126843658,0.00252773008475731,8
MMRd,Myeloid-ISG,CXCL13,"(-40,-35]","(2.92,3.65]",-37.5,3.2823438879145,4,0.00214365182800289,0.00156351400724207,0.00280807482727995,8
MMRd,Myeloid-noDC-noGran,CXCL13,"(-40,-35]","(2.92,3.65]",-37.5,3.2823438879145,7,0.00135645770758647,0.00130136601423091,0.00182429104349964,8
MMRd,Myeloid-ISG,CXCL13,"(-25,-20]","(1.46,2.19]",-22.5,1.82352438217472,4,0.00129388044270164,0.000964258164052456,0.00140871461754538,8
MMRd,Myeloid-noDC-noGran,CXCL13,"(-25,-20]","(1.46,2.19]",-22.5,1.82352438217472,7,0.00118623962040332,0.000814949523841912,0.001901566105504,8
MMRd,Myeloid-noDC-noGran,CXCL13,"(85,90]","[0,0.729]",87.5,0.364704876434944,4,0.000454545454545455,0,0.00131633594831564,8
MMRd,Myeloid-noDC-noGran,CXCL13,"(15,20]","(1.46,2.19]",17.5,1.82352438217472,5,0.00185185185185185,0.00178480367159612,0.00195950359242325,8
MMRd,Myeloid-noDC-noGran,CXCL13,"(65,70]","[0,0.729]",67.5,0.364704876434944,5,0.000650829808005207,0,0.00147058823529412,8
MMRd,Myeloid-ISG,CXCL13,"(-25,-20]","[0,0.729]",-22.5,0.364704876434944,7,0.000723327305605787,0,0.00077469257755906,8
MMRd,Myeloid-noDC-noGran,CXCL13,"(-25,-20]","[0,0.729]",-22.5,0.364704876434944,8,0.00108008367119279,0.000663660894021425,0.0013906472530558,8
MMRd,Myeloid-noDC-noGran,CXCL13,"(25,30]","(2.19,2.92]",27.5,2.55293413504461,6,0.00187515201808479,0.00132193372969312,0.0021987320063818,8
MMRd,Myeloid-ISG,CXCL13,"(-20,-15]","(1.46,2.19]",-17.5,1.82352438217472,4,0.00103684035131097,0.000941432753812213,0.00108017167109812,8
MMRd,Myeloid-noDC-noGran,CXCL13,"(35,40]","[0,0.729]",37.5,0.364704876434944,5,0.00138888888888889,0.00117924528301887,0.00166389351081531,8
MMRd,Myeloid-noDC-noGran,CXCL13,"(-55,-50]","(2.92,3.65]",-52.5,3.2823438879145,6,0.00156905550364589,0.00120815279594506,0.00202749423294589,8
MMRd,Myeloid-noDC-noGran,CXCL13,"(-65,-60]","(2.92,3.65]",-62.5,3.2823438879145,5,0.00160814794961136,0.00159286396941701,0.0016424510423247,8
MMRd,Myeloid-noDC-noGran,CXCL13,"(-70,-65]","(2.19,2.92]",-67.5,2.55293413504461,5,0.00176056338028169,0.00140395660497766,0.00230149597238205,8
MMRd,Myeloid-noDC-noGran,CXCL13,"(75,80]","[0,0.729]",77.5,0.364704876434944,4,0,0,0.000192159877017679,8
MMRd,Myeloid-noDC-noGran,CXCL13,"(-75,-70]","(3.65,4.38]",-72.5,4.01175364078438,4,0.00162104106608172,0.00156340800899127,0.00311510410900497,8
MMRd,Myeloid-noDC-noGran,CXCL13,"(-65,-60]","[0,0.729]",-62.5,0.364704876434944,8,0.00110384190100384,0.000363372093023256,0.00264658371032043,8
MMRd,Myeloid-noDC-noGran,CXCL13,"(-70,-65]","(3.65,4.38]",-67.5,4.01175364078438,5,0.00196415418610361,0.00176483564968012,0.0026281208935611,8
MMRd,Myeloid-noDC-noGran,CXCL13,"(25,30]","[0,0.729]",27.5,0.364704876434944,5,0.00154738878143133,0.00116324156649864,0.0016857720836143,8
MMRd,Myeloid-ISG,CXCL13,"(-40,-35]","[0,0.729]",-37.5,0.364704876434944,4,0.00138472156983042,0.00102739726027397,0.00173061894661174,8
MMRd,Myeloid-noDC-noGran,CXCL13,"(-40,-35]","[0,0.729]",-37.5,0.364704876434944,8,0.00111833466017107,0.000878423796487567,0.00161868998490668,8
MMRd,Myeloid-noDC-noGran,CXCL13,"(-55,-50]","(2.19,2.92]",-52.5,2.55293413504461,6,0.00146520797598095,0.00129301906480209,0.00210432716012819,8
MMRd,Myeloid-noDC-noGran,CXCL13,"(40,45]","[0,0.729]",42.5,0.364704876434944,6,0.00184925166982253,0.000978396381090447,0.00303734492778745,8
MMRd,Myeloid-noDC-noGran,CXCL13,"(65,70]","(2.19,2.92]",67.5,2.55293413504461,4,0.00201897489297698,0.00151824093464124,0.00267473313046418,8
MMRd,Myeloid-noDC-noGran,CXCL13,"(-30,-25]","(1.46,2.19]",-27.5,1.82352438217472,5,0.00237247924080664,0.000927428703918386,0.00241181790774797,8
MMRd,Myeloid-ISG,CXCL13,"(-30,-25]","(2.19,2.92]",-27.5,2.55293413504461,4,0.0013432716331042,0.00100747846308335,0.00174492871087212,8
MMRd,Myeloid-noDC-noGran,CXCL13,"(-30,-25]","(2.19,2.92]",-27.5,2.55293413504461,8,0.00119280219109258,0.000417336027653186,0.00138051950685245,8
MMRd,Myeloid-noDC-noGran,CXCL13,"(35,40]","(1.46,2.19]",37.5,1.82352438217472,5,0.00170757737459979,0,0.00184615384615385,8
MMRd,Myeloid-noDC-noGran,CXCL13,"(40,45]","(2.19,2.92]",42.5,2.55293413504461,7,0.00178677784395473,0.00126108119867298,0.00243370120243782,8
MMRd,Myeloid-noDC-noGran,CXCL13,"(-70,-65]","[0,0.729]",-67.5,0.364704876434944,8,0.000884335872515542,0.000686071739834487,0.0016028213359674,8
MMRd,Myeloid-noDC-noGran,CXCL13,"(25,30]","(1.46,2.19]",27.5,1.82352438217472,5,0.00171870524205099,0.00118483412322275,0.00174418604651163,8
MMRd,Myeloid-noDC-noGran,CXCL13,"(40,45]","(1.46,2.19]",42.5,1.82352438217472,5,0.00141043723554302,0.00122463261021694,0.00217233888486604,8
MMRd,Myeloid-ISG,CXCL13,"(-20,-15]","[0,0.729]",-17.5,0.364704876434944,6,0.000593154765865464,7.74713356058259e-05,0.00126756830268571,8
MMRd,Myeloid-noDC-noGran,CXCL13,"(-20,-15]","[0,0.729]",-17.5,0.364704876434944,8,0.000973484537655187,0.000391104294478528,0.00146870632494756,8
MMRd,Myeloid-noDC-noGran,CXCL13,"(55,60]","(2.19,2.92]",57.5,2.55293413504461,5,0.00188442211055276,0,0.00214067278287462,8
MMRd,Myeloid-noDC-noGran,CXCL13,"(-60,-55]","(2.19,2.92]",-57.5,2.55293413504461,5,0.00111159142839499,0.000684618895481515,0.00176159718144451,8
MMRd,Myeloid-noDC-noGran,CXCL13,"(55,60]","(1.46,2.19]",57.5,1.82352438217472,4,0.00111065181774569,0.000710563713879678,0.00137544089445928,8
MMRd,Myeloid-noDC-noGran,CXCL13,"(-65,-60]","(4.38,5.11]",-62.5,4.74116339365427,4,0.0018846190524215,0.00115207373271889,0.00224519705123655,8
MMRd,Myeloid-noDC-noGran,CXCL13,"(50,55]","[0,0.729]",52.5,0.364704876434944,7,0.000533617929562433,0.000235072872590503,0.00194985793298124,8
MMRd,Myeloid-noDC-noGran,CXCL13,"(30,35]","[0,0.729]",32.5,0.364704876434944,5,0.000924214417744917,0.000655479811221814,0.0012396694214876,8
MMRd,Myeloid-ISG,CXCL13,"(-45,-40]","[0,0.729]",-42.5,0.364704876434944,4,0.000418526785714286,0,0.00131967209739062,8
MMRd,Myeloid-noDC-noGran,CXCL13,"(-45,-40]","[0,0.729]",-42.5,0.364704876434944,7,0.00117164616285882,0.00053282525618398,0.00124300316202559,8
MMRd,Myeloid-noDC-noGran,CXCL13,"(-40,-35]","(1.46,2.19]",-37.5,1.82352438217472,6,0.00168652474600291,0.000285062713797035,0.00279700562935367,8
MMRd,Myeloid-noDC-noGran,CXCL13,"(40,45]","(2.92,3.65]",42.5,3.2823438879145,7,0.00103305785123967,0.000384024577572965,0.00198750077972611,8
MMRd,Myeloid-ISG,CXCL13,"(15,20]","(3.65,4.38]",17.5,4.01175364078438,4,0.000276701715550636,0,0.00118586449521701,8
MMRd,Myeloid-noDC-noGran,CXCL13,"(-60,-55]","(3.65,4.38]",-57.5,4.01175364078438,5,0.00215982721382289,0.00185648559205747,0.00222074172773706,8
MMRd,Myeloid-ISG,CXCL13,"(-45,-40]","(4.38,5.11]",-42.5,4.74116339365427,4,0.0012028538649075,0.000817438692098093,0.00318754633061527,8
MMRd,Myeloid-noDC-noGran,CXCL13,"(-60,-55]","(2.92,3.65]",-57.5,3.2823438879145,6,0.00138890989400766,0.000749536993738618,0.00153835605548825,8
MMRd,Myeloid-noDC-noGran,CXCL13,"(-45,-40]","(2.19,2.92]",-42.5,2.55293413504461,6,0.0011609841428953,0.00101635423244882,0.0017830405804874,8
MMRd,Myeloid-noDC-noGran,CXCL13,"(45,50]","(1.46,2.19]",47.5,1.82352438217472,4,0.00165375432598224,0.000717703349282297,0.00295151768010311,8
MMRd,Myeloid-noDC-noGran,CXCL13,"(-55,-50]","(4.38,5.11]",-52.5,4.74116339365427,7,0.00297324083250743,0.0024856483700558,0.00786552601809955,8
MMRd,Myeloid-noDC-noGran,CXCL13,"(-80,-75]","[0,0.729]",-77.5,0.364704876434944,8,0.00125472181918247,0.000497735379582209,0.00222405464861841,8
MMRd,Myeloid-noDC-noGran,CXCL13,"(-75,-70]","(2.92,3.65]",-72.5,3.2823438879145,5,0.00147275405007364,0.0013805163131011,0.00152671755725191,8
MMRd,Myeloid-noDC-noGran,CXCL13,"(-90,-85]","[0,0.729]",-87.5,0.364704876434944,8,0.00110749205880038,0.000455097087378641,0.00202506171092559,8
MMRd,Myeloid-noDC-noGran,CXCL13,"(-85,-80]","(2.19,2.92]",-82.5,2.55293413504461,4,0.00180554368516516,0.00109829763866008,0.00235684387863209,8
MMRd,Myeloid-noDC-noGran,CXCL13,"(-90,-85]","(2.19,2.92]",-87.5,2.55293413504461,4,0.0008189483309619,0.000674017999191402,0.00111651791280682,8
MMRd,Myeloid-noDC-noGran,CXCL13,"(80,85]","[0,0.729]",82.5,0.364704876434944,4,0.00191821311452503,0.00140239341810022,0.00200684114730434,8
MMRd,Myeloid-noDC-noGran,CXCL13,"(-85,-80]","[0,0.729]",-82.5,0.364704876434944,8,0.001200373554512,0.000619962802231866,0.00258596619811708,8
MMRd,Myeloid-noDC-noGran,CXCL13,"(-80,-75]","(2.92,3.65]",-77.5,3.2823438879145,4,0.00124376189344094,0.000636854463975659,0.00193005257438247,8
MMRd,Myeloid-noDC-noGran,CXCL13,"(60,65]","(2.92,3.65]",62.5,3.2823438879145,4,0,0,0.000725058004640371,8
MMRd,Myeloid-noDC-noGran,CXCL13,"(60,65]","(2.19,2.92]",62.5,2.55293413504461,4,0.00155690586595487,0.000802139037433155,0.0020628807784483,8
MMRd,Myeloid-noDC-noGran,CXCL13,"(70,75]","[0,0.729]",72.5,0.364704876434944,5,0.00100908173562059,0.000301386377335744,0.00176678445229682,8
MMRd,Myeloid-noDC-noGran,CXCL13,"(70,75]","(2.19,2.92]",72.5,2.55293413504461,4,0.0016491194178821,0.000952380952380952,0.00207014559485931,8
MMRd,Myeloid-noDC-noGran,CXCL13,"(90,95]","[0,0.729]",92.5,0.364704876434944,4,0.00030826140567201,0,0.000639258044128814,8
MMRd,Myeloid-noDC-noGran,CXCL13,"(45,50]","(2.19,2.92]",47.5,2.55293413504461,5,0.00257864878803507,0.000600961538461539,0.00398724082934609,8
MMRd,Myeloid-noDC-noGran,CXCL13,"(-60,-55]","[0,0.729]",-57.5,0.364704876434944,8,0.00108120831353501,0.000583559373247632,0.00150790088877113,8
MMRd,Myeloid-noDC-noGran,CXCL13,"(55,60]","(2.92,3.65]",57.5,3.2823438879145,5,0,0,0.000666222518321119,8
MMRd,Myeloid-noDC-noGran,CXCL13,"(-80,-75]","(2.19,2.92]",-77.5,2.55293413504461,4,0.00107966290546608,0.000593636219724553,0.00149169664779134,8
MMRd,Myeloid-noDC-noGran,CXCL13,"(20,25]","(0.729,1.46]",22.5,1.09411462930483,4,0.000632911392405063,0,0.00200310786837577,8
MMRd,Myeloid-noDC-noGran,CXCL13,"(55,60]","[0,0.729]",57.5,0.364704876434944,5,0.000393545848091303,0,0.000653167864141084,8
MMRd,Myeloid-noDC-noGran,CXCL13,"(-15,-10]","(0.729,1.46]",-12.5,1.09411462930483,4,0.00169158252914598,0.00106084928761888,0.00391509498851334,8
MMRd,Myeloid-noDC-noGran,CXCL13,"(-45,-40]","(1.46,2.19]",-42.5,1.82352438217472,4,0.0011105026233053,0.000797616823676977,0.00184587045250579,8
MMRd,Myeloid-noDC-noGran,CXCL13,"(-50,-45]","(1.46,2.19]",-47.5,1.82352438217472,4,0.00102554713422152,0.000725338491295938,0.00110300541189249,8
MMRd,Tcd4-CXCL13,CXCL13,"(-5,0]","(3.65,4.38]",-2.5,4.01175364078438,7,0.0401069518716578,0.0115344424079138,0.0444553004396678,8
MMRd,Tcd4-CXCL13,CXCL13,"(-10,-5]","(2.92,3.65]",-7.5,3.2823438879145,7,0.0201535508637236,0.0151288867838527,0.0493929039737503,8
MMRd,Tcd4-CXCL13,CXCL13,"(0,5]","(2.19,2.92]",2.5,2.55293413504461,5,0.0404217926186292,0.010752688172043,0.0411931818181818,8
MMRd,Tcd4-CXCL13,CXCL13,"(-10,-5]","(1.46,2.19]",-7.5,1.82352438217472,4,0.0218736974733768,0.0104947932045906,0.0345967046559613,8
MMRd,Tcd4-CXCL13,CXCL13,"(-5,0]","(2.19,2.92]",-2.5,2.55293413504461,6,0.0268658334275912,0.00947316572316572,0.0445985564436302,8
MMRd,Tcd4-CXCL13,CXCL13,"(-5,0]","(1.46,2.19]",-2.5,1.82352438217472,6,0.0230232637266718,0.00785327335606665,0.0411867493988888,8
MMRd,Tcd4-CXCL13,CXCL13,"(-10,-5]","(2.19,2.92]",-7.5,2.55293413504461,6,0.0142238956951782,0.0140484001868435,0.0411122337944971,8
MMRd,Tcd4-CXCL13,CXCL13,"(-15,-10]","(2.92,3.65]",-12.5,3.2823438879145,6,0.0160210270225186,0.0139607303756553,0.0467223561957317,8
MMRd,Tcd4-CXCL13,CXCL13,"(-15,-10]","(3.65,4.38]",-12.5,4.01175364078438,4,0.0233818926420463,0.0126062443851749,0.0365567583765662,8
MMRd,Tcd4-CXCL13,CXCL13,"(0,5]","(2.92,3.65]",2.5,3.2823438879145,6,0.0301004045279295,0.00836395517202428,0.0530643681945392,8
MMRd,Tcd4-CXCL13,CXCL13,"(-5,0]","(2.92,3.65]",-2.5,3.2823438879145,6,0.0294294017251718,0.0119377179317762,0.0472251704759158,8
MMRd,Tcd4-CXCL13,CXCL13,"(-5,0]","[0,0.729]",-2.5,0.364704876434944,4,0.0423495734171531,0.00286259541984733,0.0814950980392157,8
MMRd,Tcd4-CXCL13,CXCL13,"(0,5]","(1.46,2.19]",2.5,1.82352438217472,4,0.0355486291893905,0.0172092252587641,0.0510598148393424,8
MMRd,Tcd4-CXCL13,CXCL13,"(-10,-5]","(3.65,4.38]",-7.5,4.01175364078438,4,0.0206512709752451,0.0153123828507164,0.0301607925542029,8
MMRd,Tcd4-Treg-comb,CXCL13,"(-10,-5]","(3.65,4.38]",-7.5,4.01175364078438,8,0.0013947270834796,0,0.00173948103756548,8
MMRd,Tcd4-Treg-comb,CXCL13,"(-5,0]","(4.38,5.11]",-2.5,4.74116339365427,4,0.00114065793757178,0.000817884405670665,0.00364166846627018,8
MMRd,Tcd4-Treg-comb,CXCL13,"(-10,-5]","(2.92,3.65]",-7.5,3.2823438879145,8,0.00147342110510062,0.00102886329907012,0.00234201333756748,8
MMRd,Tcd4-Treg-comb,CXCL13,"(-5,0]","(2.92,3.65]",-2.5,3.2823438879145,8,0.00222012520993959,0.00122282952780356,0.00446497985549491,8
MMRd,Tcd4-Treg-comb,CXCL13,"(-5,0]","(3.65,4.38]",-2.5,4.01175364078438,7,0.000968054211035818,0.000483641536273115,0.00366515880458515,8
MMRd,Tcd4-Treg-comb,CXCL13,"(-10,-5]","(4.38,5.11]",-7.5,4.74116339365427,5,0.0011227926916403,0.00109289617486339,0.00228310502283105,8
MMRd,Tcd4-Treg-comb,CXCL13,"(0,5]","(2.92,3.65]",2.5,3.2823438879145,6,0.000997206332879526,0.000569629650251014,0.00337736509776025,8
MMRd,Tcd4-Treg-comb,CXCL13,"(-15,-10]","(1.46,2.19]",-12.5,1.82352438217472,4,0.00127657481884732,0.000546249089584851,0.00197394001519945,8
MMRd,Tcd4-Treg-comb,CXCL13,"(-10,-5]","[0,0.729]",-7.5,0.364704876434944,6,0.00185955573930045,0.000647296218495124,0.00377896740269307,8
MMRd,Tcd4-Treg-comb,CXCL13,"(-5,0]","(2.19,2.92]",-2.5,2.55293413504461,7,0.00176856998484083,0.000885951517465165,0.00307302782747331,8
MMRd,Tcd4-Treg-comb,CXCL13,"(-15,-10]","(2.19,2.92]",-12.5,2.55293413504461,7,0.0012987012987013,0.000975083023146151,0.00201284768684716,8
MMRd,Tcd4-Treg-comb,CXCL13,"(0,5]","(3.65,4.38]",2.5,4.01175364078438,4,0.00342067144194677,0.00138480728979471,0.00809044216844946,8
MMRd,Tcd4-Treg-comb,CXCL13,"(-15,-10]","(3.65,4.38]",-12.5,4.01175364078438,7,0.00191326530612245,0.001628554577593,0.00466782173864476,8
MMRd,Tcd4-Treg-comb,CXCL13,"(-5,0]","(1.46,2.19]",-2.5,1.82352438217472,7,0.00174978127734033,0.000823778664007976,0.00264396601797001,8
MMRd,Tcd4-Treg-comb,CXCL13,"(0,5]","(2.19,2.92]",2.5,2.55293413504461,6,0.00219956951800527,0.00171667413046723,0.00281996575054041,8
MMRd,Tcd4-Treg-comb,CXCL13,"(-5,0]","[0,0.729]",-2.5,0.364704876434944,5,0.000988142292490119,0,0.00139958012596221,8
MMRd,Tcd4-Treg-comb,CXCL13,"(-25,-20]","(2.19,2.92]",-22.5,2.55293413504461,5,0.00129645635263613,0.000370782350760104,0.00242130750605327,8
MMRd,Tcd4-Treg-comb,CXCL13,"(-20,-15]","(2.92,3.65]",-17.5,3.2823438879145,7,0.00299850074962519,0.00193666809904497,0.00313169121132378,8
MMRd,Tcd4-Treg-comb,CXCL13,"(-10,-5]","(2.19,2.92]",-7.5,2.55293413504461,7,0.00212201591511936,0.000800427407164053,0.00282893944865776,8
MMRd,Tcd4-Treg-comb,CXCL13,"(-20,-15]","(2.19,2.92]",-17.5,2.55293413504461,6,0.00294789798606592,0.00102192661616833,0.00486724195154331,8
MMRd,Tcd4-Treg-comb,CXCL13,"(-15,-10]","(2.92,3.65]",-12.5,3.2823438879145,7,0.000869187309865276,0.000410393143131971,0.00163606495360327,8
MMRd,Tcd4-Treg-comb,CXCL13,"(-15,-10]","[0,0.729]",-12.5,0.364704876434944,5,0.000668225860340795,0,0.0019047619047619,8
MMRd,Tcd4-Treg-comb,CXCL13,"(-20,-15]","(3.65,4.38]",-17.5,4.01175364078438,6,0.00214406774046474,0.000783770098272111,0.00361586312344932,8
MMRd,Tcd4-Treg-comb,CXCL13,"(5,10]","(2.19,2.92]",7.5,2.55293413504461,6,0.0019311182686331,0.000245098039215686,0.00557169007310863,8
MMRd,Tcd4-Treg-comb,CXCL13,"(5,10]","(2.92,3.65]",7.5,3.2823438879145,5,0.00274348422496571,0.00144230769230769,0.0029940119760479,8
MMRd,Tcd4-Treg-comb,CXCL13,"(-10,-5]","(1.46,2.19]",-7.5,1.82352438217472,7,0.0015625,0.000376566737778022,0.00390801708972104,8
MMRd,Tcd4-Treg-comb,CXCL13,"(0,5]","(1.46,2.19]",2.5,1.82352438217472,5,0,0,0.00735294117647059,8
MMRd,Tcd4-Treg-comb,CXCL13,"(-30,-25]","(2.92,3.65]",-27.5,3.2823438879145,4,0.00142629043562382,0.000786213259956279,0.00313940823362733,8
MMRd,Tcd4-Treg-comb,CXCL13,"(-25,-20]","(2.92,3.65]",-22.5,3.2823438879145,5,0.000743494423791822,0.000492610837438424,0.00137362637362637,8
MMRd,Tcd4-Treg-comb,CXCL13,"(-25,-20]","(3.65,4.38]",-22.5,4.01175364078438,4,0.00119847107289666,0.00101039933697135,0.00185405098617618,8
MMRd,Tcd4-Treg-comb,CXCL13,"(-35,-30]","(2.92,3.65]",-32.5,3.2823438879145,5,0.00121065375302663,0.000454545454545455,0.00329489291598023,8
MMRd,Tcd8-CXCL13-comb,CXCL13,"(0,5]","(3.65,4.38]",2.5,4.01175364078438,7,0.0059092130002686,0.00247489894876265,0.015025927327455,8
MMRd,CD8-all,CXCL13,"(0,5]","(3.65,4.38]",2.5,4.01175364078438,7,0.00462545804048778,0.00201344316709311,0.0130562106265431,8
MMRd,Tcd8-CXCL13-comb,CXCL13,"(-5,0]","(2.92,3.65]",-2.5,3.2823438879145,7,0.00712694877505568,0.00326222946691084,0.0244949918586865,8
MMRd,CD8-all,CXCL13,"(-5,0]","(2.92,3.65]",-2.5,3.2823438879145,8,0.0048111276438347,0.00240523459468422,0.0185202358353586,8
MMRd,Tcd8-CXCL13-comb,CXCL13,"(-5,0]","(4.38,5.11]",-2.5,4.74116339365427,4,0.0115067386590706,0.00885448255450051,0.0194570702439533,8
MMRd,CD8-all,CXCL13,"(-5,0]","(4.38,5.11]",-2.5,4.74116339365427,7,0.00715307582260372,0.00343188866067165,0.0188958458828697,8
MMRd,Tcd8-CXCL13-comb,CXCL13,"(-5,0]","(3.65,4.38]",-2.5,4.01175364078438,7,0.00559120073327223,0.00378245468591024,0.0149525545767293,8
MMRd,CD8-all,CXCL13,"(-5,0]","(3.65,4.38]",-2.5,4.01175364078438,8,0.00317086772934248,0.00224048232832698,0.00997933469532167,8
MMRd,Tcd8-CXCL13-comb,CXCL13,"(-10,-5]","(3.65,4.38]",-7.5,4.01175364078438,6,0.0105470899509633,0.00163453478625314,0.0160974819500259,8
MMRd,CD8-all,CXCL13,"(-10,-5]","(3.65,4.38]",-7.5,4.01175364078438,8,0.00198548072936425,0.000819626374090603,0.0157541185460772,8
MMRd,CD8-all,CXCL13,"(10,15]","(3.65,4.38]",12.5,4.01175364078438,4,0.00387226594198796,0.00202648830616584,0.00665689118468912,8
MMRd,CD8-all,CXCL13,"(-10,-5]","(4.38,5.11]",-7.5,4.74116339365427,4,0.00406782640407504,0.00289972780147986,0.0105362162097154,8
MMRd,CD8-all,CXCL13,"(5,10]","(3.65,4.38]",7.5,4.01175364078438,7,0.00440852314474651,0.000434027777777778,0.00930182137877399,8
MMRd,CD8-all,CXCL13,"(5,10]","(2.92,3.65]",7.5,3.2823438879145,7,0.00471698113207547,0.00366516225085549,0.00736497713289244,8
MMRd,CD8-all,CXCL13,"(25,30]","(1.46,2.19]",27.5,1.82352438217472,5,0.000908265213442325,0.000746825989544436,0.0066006600660066,8
MMRd,Tcd8-CXCL13-comb,CXCL13,"(-10,-5]","(2.19,2.92]",-7.5,2.55293413504461,6,0.00958619470069852,0.00401615265352751,0.0217494567337159,8
MMRd,CD8-all,CXCL13,"(-10,-5]","(2.19,2.92]",-7.5,2.55293413504461,7,0.0032599837000815,0.00264127996249244,0.01236866463792,8
MMRd,CD8-all,CXCL13,"(-10,-5]","[0,0.729]",-7.5,0.364704876434944,6,0.00227785558667912,0.000560224089635854,0.00619247615879352,8
MMRd,CD8-all,CXCL13,"(15,20]","(2.92,3.65]",17.5,3.2823438879145,7,0.00381679389312977,0.00280262580033747,0.00968025104241499,8
MMRd,Tcd8-CXCL13-comb,CXCL13,"(-5,0]","[0,0.729]",-2.5,0.364704876434944,4,0.00876538815726287,0.00432112676056338,0.0146640710638781,8
MMRd,CD8-all,CXCL13,"(-5,0]","[0,0.729]",-2.5,0.364704876434944,5,0.00280898876404494,0.00172512938470385,0.0106157112526539,8
MMRd,Tcd8-CXCL13-comb,CXCL13,"(-5,0]","(1.46,2.19]",-2.5,1.82352438217472,6,0.00418925355702209,0.00205789542096835,0.0114317288530589,8
MMRd,CD8-all,CXCL13,"(-5,0]","(1.46,2.19]",-2.5,1.82352438217472,6,0.0037935116829238,0.00131413440242269,0.0102470804139824,8
MMRd,Tcd8-CXCL13-comb,CXCL13,"(-10,-5]","(2.92,3.65]",-7.5,3.2823438879145,6,0.00553014475380985,0.00319531616830787,0.0153523272908864,8
MMRd,CD8-all,CXCL13,"(-10,-5]","(2.92,3.65]",-7.5,3.2823438879145,7,0.00322710770471965,0.00215915727303781,0.0106917118822003,8
MMRd,Tcd8-CXCL13-comb,CXCL13,"(-5,0]","(2.19,2.92]",-2.5,2.55293413504461,6,0.0054998213860443,0.00262237762237762,0.0179989045524529,8
MMRd,CD8-all,CXCL13,"(-5,0]","(2.19,2.92]",-2.5,2.55293413504461,7,0.00179714702909132,0.00127601919497576,0.0124493797023668,8
MMRd,Tcd8-CXCL13-comb,CXCL13,"(0,5]","(1.46,2.19]",2.5,1.82352438217472,5,0.00195121951219512,0.00154320987654321,0.00574712643678161,8
MMRd,CD8-all,CXCL13,"(0,5]","(1.46,2.19]",2.5,1.82352438217472,6,0.00425503760503347,0.00265717383973692,0.00744408872162424,8
MMRd,Tcd8-CXCL13-comb,CXCL13,"(15,20]","(2.19,2.92]",17.5,2.55293413504461,5,0.00657894736842105,0.000793335977786593,0.0148588410104012,8
MMRd,CD8-all,CXCL13,"(15,20]","(2.19,2.92]",17.5,2.55293413504461,6,0.00243665244024528,0.000143981570358994,0.00848879331896517,8
MMRd,CD8-all,CXCL13,"(15,20]","[0,0.729]",17.5,0.364704876434944,4,0.00423031409744289,0.00135379061371841,0.00738545671437291,8
MMRd,Tcd8-CXCL13-comb,CXCL13,"(-10,-5]","(1.46,2.19]",-7.5,1.82352438217472,4,0.00795880149812734,0,0.0162709578797733,8
MMRd,CD8-all,CXCL13,"(-10,-5]","(1.46,2.19]",-7.5,1.82352438217472,7,0.00307219662058372,0.000946522726630924,0.00727144651895747,8
MMRd,CD8-all,CXCL13,"(15,20]","(1.46,2.19]",17.5,1.82352438217472,5,0.00146842878120411,0.000924214417744917,0.00675024108003857,8
MMRd,CD8-all,CXCL13,"(30,35]","(2.19,2.92]",32.5,2.55293413504461,5,0.00200601805416249,0.00173913043478261,0.0162523900573614,8
MMRd,Tcd8-CXCL13-comb,CXCL13,"(20,25]","(2.19,2.92]",22.5,2.55293413504461,5,0.00299017513882956,0.00280583613916947,0.0066334991708126,8
MMRd,CD8-all,CXCL13,"(20,25]","(2.19,2.92]",22.5,2.55293413504461,5,0.00204081632653061,0.00179340028694405,0.00694444444444444,8
MMRd,Tcd8-CXCL13-comb,CXCL13,"(5,10]","(2.19,2.92]",7.5,2.55293413504461,5,0.00541418516513265,0.0010958904109589,0.0187265917602996,8
MMRd,CD8-all,CXCL13,"(5,10]","(2.19,2.92]",7.5,2.55293413504461,6,0.00290899714901148,0.00109331147093467,0.0120177695695526,8
MMRd,CD8-all,CXCL13,"(-15,-10]","(2.92,3.65]",-12.5,3.2823438879145,7,0.00293685756240822,0.00178416434997143,0.00341078167989097,8
MMRd,Tcd8-CXCL13-comb,CXCL13,"(20,25]","(1.46,2.19]",22.5,1.82352438217472,5,0.00645161290322581,0.0025,0.00815660685154976,8
MMRd,CD8-all,CXCL13,"(20,25]","(1.46,2.19]",22.5,1.82352438217472,5,0.003295978905735,0.00147058823529412,0.00434782608695652,8
MMRd,Tcd8-CXCL13-comb,CXCL13,"(0,5]","(2.19,2.92]",2.5,2.55293413504461,6,0.00840361875573864,0.00420382054386292,0.0128201149571675,8
MMRd,CD8-all,CXCL13,"(0,5]","(2.19,2.92]",2.5,2.55293413504461,7,0.00823661549981281,0.00307515548838665,0.0136829121882554,8
MMRd,Tcd8-CXCL13-comb,CXCL13,"(0,5]","(2.92,3.65]",2.5,3.2823438879145,6,0.00425828835184018,0.0023459985606647,0.0110761291834527,8
MMRd,CD8-all,CXCL13,"(0,5]","(2.92,3.65]",2.5,3.2823438879145,7,0.00285103349964362,0.00158557487890682,0.00656087245677862,8
MMRd,Tcd8-CXCL13-comb,CXCL13,"(5,10]","(1.46,2.19]",7.5,1.82352438217472,5,0.000963391136801541,0,0.0152671755725191,8
MMRd,CD8-all,CXCL13,"(5,10]","(1.46,2.19]",7.5,1.82352438217472,5,0.000669792364367046,0.000511770726714432,0.0120945574491479,8
MMRd,Tcd8-CXCL13-comb,CXCL13,"(10,15]","(2.92,3.65]",12.5,3.2823438879145,4,0.00704992998812457,0.00168161434977579,0.0158902549138029,8
MMRd,CD8-all,CXCL13,"(10,15]","(2.92,3.65]",12.5,3.2823438879145,6,0.00277489704511979,0.0021443382164302,0.0100719866248296,8
MMRd,Tcd8-CXCL13-comb,CXCL13,"(5,10]","(2.92,3.65]",7.5,3.2823438879145,6,0.00682783007075898,0.00335428012847368,0.0122195433437927,8
MMRd,CD8-all,CXCL13,"(10,15]","(2.19,2.92]",12.5,2.55293413504461,6,0.00124434256683365,0.000120019203072492,0.00932568149210904,8
MMRd,CD8-all,CXCL13,"(30,35]","(1.46,2.19]",32.5,1.82352438217472,5,0.00495049504950495,0.00222882615156018,0.0146931719965428,8
MMRd,CD8-all,CXCL13,"(25,30]","(2.19,2.92]",27.5,2.55293413504461,4,0.00499169723611265,0.00206042424699291,0.00945996154692466,8
MMRd,CD8-all,CXCL13,"(35,40]","(2.19,2.92]",37.5,2.55293413504461,4,0.00152505446623094,0.000816993464052288,0.00571489465351358,8
MMRd,Tcd8-CXCL13-comb,CXCL13,"(10,15]","(1.46,2.19]",12.5,1.82352438217472,5,0.00169204737732657,0.000920810313075506,0.0328542094455852,8
MMRd,CD8-all,CXCL13,"(10,15]","(1.46,2.19]",12.5,1.82352438217472,6,0.00465896925602792,0.00195412945227233,0.0131610813241585,8
MMRd,CD8-all,CXCL13,"(-5,0]","(0.729,1.46]",-2.5,1.09411462930483,6,0.00548809084287097,0.00126475548060708,0.00988736168970733,8
MMRd,Tcd8-CXCL13-comb,CXCL13,"(0,5]","[0,0.729]",2.5,0.364704876434944,4,0.00413918621036961,0.00253950338600451,0.00535466918797687,8
MMRd,CD8-all,CXCL13,"(0,5]","[0,0.729]",2.5,0.364704876434944,5,0.00258564964447317,0,0.00900900900900901,8
MMRd,CD8-all,CXCL13,"(-15,-10]","(3.65,4.38]",-12.5,4.01175364078438,6,0.00288875339383163,0.000974061127516682,0.0133434170540235,8
MMRd,Tcd8-CXCL13-comb,CXCL13,"(-15,-10]","(2.19,2.92]",-12.5,2.55293413504461,5,0.00383141762452107,0.00118483412322275,0.0097629009762901,8
MMRd,CD8-all,CXCL13,"(-15,-10]","(2.19,2.92]",-12.5,2.55293413504461,7,0.00378071833648393,0.00165972403020047,0.0135615879633826,8
MMRd,Tcd8-CXCL13-comb,CXCL13,"(-20,-15]","(2.92,3.65]",-17.5,3.2823438879145,4,0.00817946921048993,0.00402632333020736,0.0133389590523508,8
MMRd,CD8-all,CXCL13,"(-20,-15]","(2.92,3.65]",-17.5,3.2823438879145,5,0.00231615518239722,0.00177950335679042,0.00768156424581006,8
MMRd,Tcd8-CXCL13-comb,CXCL13,"(-15,-10]","(2.92,3.65]",-12.5,3.2823438879145,5,0.00262927256792288,0.00134408602150538,0.00803212851405622,8
MMRd,Tcd8-CXCL13-comb,CXCL13,"(10,15]","(2.19,2.92]",12.5,2.55293413504461,4,0.00198947008604015,0.000808189655172414,0.00807992426867609,8
MMRd,CD8-all,CXCL13,"(-25,-20]","(3.65,4.38]",-22.5,4.01175364078438,4,0.00895344585048441,0.00300425238520688,0.0166826316752188,8
MMRd,CD8-all,CXCL13,"(-25,-20]","(2.92,3.65]",-22.5,3.2823438879145,4,0.00224317524512685,0.00162010594834738,0.0054796794233414,8
MMRd,CD8-all,CXCL13,"(-15,-10]","[0,0.729]",-12.5,0.364704876434944,4,0.000912408759124088,0,0.00722798813868613,8
MMRd,CD8-all,CXCL13,"(5,10]","[0,0.729]",7.5,0.364704876434944,4,0.00762455242849985,0.00215468650720449,0.0136446777480809,8
MMRd,Tcd8-CXCL13-comb,CXCL13,"(-10,-5]","[0,0.729]",-7.5,0.364704876434944,4,0.00326797385620915,0,0.0108665142948795,8
MMRd,CD8-all,CXCL13,"(-20,-15]","(2.19,2.92]",-17.5,2.55293413504461,4,0.011893169082241,0.0051444183599853,0.0218906404411999,8
MMRd,CD8-all,CXCL13,"(-25,-20]","(2.19,2.92]",-22.5,2.55293413504461,4,0.00209764877361424,0.00109489051094891,0.00533296082830756,8
MMRd,CD8-all,CXCL13,"(-20,-15]","(3.65,4.38]",-17.5,4.01175364078438,5,0.00807537012113055,0.00185085676756821,0.00842105263157895,8
MMRd,CD8-all,CXCL13,"(35,40]","(3.65,4.38]",37.5,4.01175364078438,4,0.00434020399490013,0.00288461538461538,0.0101051722492035,8
MMRd,CD8-all,CXCL13,"(20,25]","(2.92,3.65]",22.5,3.2823438879145,4,0.00662234590806019,0.00308717826753343,0.0119286476975633,8
MMRd,CD8-all,CXCL13,"(-25,-20]","[0,0.729]",-22.5,0.364704876434944,4,0.000737463126843658,0,0.00164849403950627,8
MMRd,Tcd8-CXCL13-LAG3,CXCL13,"(-5,0]","(2.19,2.92]",-2.5,2.55293413504461,6,0.00192149150679285,0.000169606512890095,0.0172004056497727,8
MMRd,Tcd8-CXCL13-LAG3,CXCL13,"(-5,0]","(2.92,3.65]",-2.5,3.2823438879145,6,0.00458137540611013,0.00263118537831033,0.00662826395103216,8
MMRd,Tcd8-CXCL13-LAG3,CXCL13,"(-5,0]","(1.46,2.19]",-2.5,1.82352438217472,4,0.00278144645781605,0.000911300121506683,0.00489130434782609,8
MMRd,Tcd8-CXCL13-LAG3,CXCL13,"(0,5]","(2.19,2.92]",2.5,2.55293413504461,4,0.00866179977039239,0.00232919254658385,0.0150379603023556,8
MMRd,Tcd8-GZMK,CXCL13,"(-5,0]","(2.92,3.65]",-2.5,3.2823438879145,6,0.00213794825863791,0.00111660988745902,0.011237148100363,8
MMRd,Tcd8-GZMK,CXCL13,"(-5,0]","(2.19,2.92]",-2.5,2.55293413504461,6,0.00596590909090909,0.00111697685516583,0.0232117518059856,8
MMRd,Tcd8-GZMK,CXCL13,"(-15,-10]","(2.92,3.65]",-12.5,3.2823438879145,4,0.00576345984112974,0.00176934879466525,0.0199467516359437,8
MMRd,Tcd8-GZMK,CXCL13,"(-10,-5]","(2.92,3.65]",-7.5,3.2823438879145,4,0.00175862454801362,0.00135841144415152,0.0122589647593904,8
MMRd,Tcd8-GZMK,CXCL13,"(0,5]","(2.92,3.65]",2.5,3.2823438879145,4,0.00282878446919729,0.00139146567717996,0.00629701679750314,8
MMRd,Tcd8-GZMK,CXCL13,"(-10,-5]","(2.19,2.92]",-7.5,2.55293413504461,4,0.0022883295194508,0.0015527950310559,0.00541505278347384,8
MMRd,Tcd8-HOBIT,CXCL13,"(-5,0]","[0,0.729]",-2.5,0.364704876434944,4,0.0031132286767251,0.0014018691588785,0.00786356209150327,8
MMRd,Tcd8-HOBIT,CXCL13,"(-5,0]","(3.65,4.38]",-2.5,4.01175364078438,5,0.000825915389556759,0,0.00700770847932726,8
MMRd,Tcd8-HOBIT,CXCL13,"(-5,0]","(2.19,2.92]",-2.5,2.55293413504461,6,0.00235011441647597,0.00109616801768607,0.00311228457030117,8
MMRd,Tcd8-HOBIT,CXCL13,"(0,5]","(2.19,2.92]",2.5,2.55293413504461,5,0.00143988480921526,0.000750187546886722,0.00255102040816327,8
MMRd,Tcd8-HOBIT,CXCL13,"(-5,0]","(2.92,3.65]",-2.5,3.2823438879145,6,0.00124598036896787,0.000716496882516359,0.00521200264461377,8
MMRd,Tcd8-HOBIT,CXCL13,"(-5,0]","(1.46,2.19]",-2.5,1.82352438217472,5,0.0021551724137931,0.000985221674876847,0.00371517027863777,8
MMRd,Tcd8-HOBIT,CXCL13,"(-10,-5]","(2.92,3.65]",-7.5,3.2823438879145,4,0.00160323385928713,0.000924100542138985,0.00492902610886067,8
MMRd,Tcd8-HOBIT,CXCL13,"(0,5]","(2.92,3.65]",2.5,3.2823438879145,5,0.00091743119266055,0,0.00234879624192601,8
MMRd,Tcd8-HOBIT,CXCL13,"(-10,-5]","(2.19,2.92]",-7.5,2.55293413504461,5,0.00119189511323004,0,0.0031104199066874,8
MMRd,Tplzf-gdlike-comb,CXCL13,"(-10,-5]","(3.65,4.38]",-7.5,4.01175364078438,4,0.00238767823513586,0.000403551251008878,0.00451844867542146,8
MMRd,Tplzf-gdlike-comb,CXCL13,"(-5,0]","(3.65,4.38]",-2.5,4.01175364078438,7,0,0,0.000835546285644659,8
MMRd,Tplzf-gdlike-comb,CXCL13,"(-5,0]","[0,0.729]",-2.5,0.364704876434944,4,0.000473484848484849,0,0.00129461249946874,8
MMRd,Tplzf-gdlike-comb,CXCL13,"(-5,0]","(1.46,2.19]",-2.5,1.82352438217472,5,0.0012187690432663,0.000365764447695684,0.00122249388753056,8
MMRd,Tplzf-gdlike-comb,CXCL13,"(15,20]","(1.46,2.19]",17.5,1.82352438217472,5,0,0,0.00212089077412513,8
MMRd,Tplzf-gdlike-comb,CXCL13,"(20,25]","(2.19,2.92]",22.5,2.55293413504461,4,0.00132684652808492,0.000580495356037152,0.0019462551227855,8
MMRd,Tplzf-gdlike-comb,CXCL13,"(-5,0]","(2.92,3.65]",-2.5,3.2823438879145,6,0.00134628737953964,0.000664695203569579,0.00209071994011566,8
MMRd,Tplzf-gdlike-comb,CXCL13,"(-5,0]","(2.19,2.92]",-2.5,2.55293413504461,6,0.000797303248134664,0.000583174636859653,0.0040193566494346,8
MMRd,Tplzf-gdlike-comb,CXCL13,"(0,5]","(1.46,2.19]",2.5,1.82352438217472,5,0,0,0.00100401606425703,8
MMRd,Tplzf-gdlike-comb,CXCL13,"(0,5]","(2.19,2.92]",2.5,2.55293413504461,6,0.00112587297305398,0.000247279920870425,0.00133745493077918,8
MMRd,Tplzf-gdlike-comb,CXCL13,"(-10,-5]","(2.92,3.65]",-7.5,3.2823438879145,5,0.00170068027210884,0.00110680686220255,0.00275735294117647,8
MMRd,Tplzf-gdlike-comb,CXCL13,"(0,5]","(2.92,3.65]",2.5,3.2823438879145,6,0.000972361527747895,0.000204331834899877,0.00194482010414037,8
MMRd,Tplzf-gdlike-comb,CXCL13,"(-10,-5]","(2.19,2.92]",-7.5,2.55293413504461,4,0.00031210986267166,0,0.00096783168274833,8
MMRd,Tplzf-gdlike-comb,CXCL13,"(-10,-5]","[0,0.729]",-7.5,0.364704876434944,4,0.000685871056241427,0,0.00186029217194529,8
MMRd,Tplzf-gdlike-comb,CXCL13,"(5,10]","(2.19,2.92]",7.5,2.55293413504461,4,0.000732064421669107,0,0.00156979474571121,8
MMRd,Tplzf-gdlike-comb,CXCL13,"(5,10]","(2.92,3.65]",7.5,3.2823438879145,4,0.00176056338028169,0,0.00486142242053356,8
MMRd,Tplzf-gdlike-comb,CXCL13,"(-10,-5]","(1.46,2.19]",-7.5,1.82352438217472,4,0,0,0.000448833034111311,8
MMRd,Myeloid-mregDC,ISG15,"(-15,-10]","(4.38,5.11]",-12.5,4.74116339365427,4,0,0,0.000427715996578272,8
MMRd,Myeloid-mregDC,ISG15,"(-5,0]","(3.65,4.38]",-2.5,4.01175364078438,6,0.00078003120124805,0,0.00161151397195953,8
MMRd,Myeloid-mregDC,ISG15,"(-10,-5]","(3.65,4.38]",-7.5,4.01175364078438,5,0.00231749710312862,0.00181959968806863,0.00250941028858218,8
MMRd,Myeloid-mregDC,ISG15,"(-15,-10]","(2.92,3.65]",-12.5,3.2823438879145,7,0.00168728908886389,0.00115421898051693,0.0019933897344533,8
MMRd,Myeloid-mregDC,ISG15,"(-5,0]","(2.92,3.65]",-2.5,3.2823438879145,7,0.00161681487469685,0.00110348306787135,0.00221195005666863,8
MMRd,Myeloid-mregDC,ISG15,"(-10,-5]","(2.19,2.92]",-7.5,2.55293413504461,6,0,0,0.000902527075812274,8
MMRd,Myeloid-mregDC,ISG15,"(-5,0]","(1.46,2.19]",-2.5,1.82352438217472,4,0.00120422006269774,0.00106097780000773,0.00130549052013038,8
MMRd,Myeloid-mregDC,ISG15,"(-5,0]","(2.19,2.92]",-2.5,2.55293413504461,5,0.000637958532695375,0.000272182906913446,0.00260078023407022,8
MMRd,Myeloid-mregDC,ISG15,"(-10,-5]","(2.92,3.65]",-7.5,3.2823438879145,7,0.00042863266180883,0,0.00124520675000346,8
MMRd,Myeloid-mregDC,ISG15,"(-15,-10]","(3.65,4.38]",-12.5,4.01175364078438,4,0.0014457367230796,0.000980392156862745,0.00166440340394713,8
MMRd,Myeloid-mregDC,ISG15,"(-5,0]","[0,0.729]",-2.5,0.364704876434944,4,0,0,0.000250501002004008,8
MMRd,Myeloid-mregDC,ISG15,"(-15,-10]","(2.19,2.92]",-12.5,2.55293413504461,4,0.00174614203174139,0.000553097345132743,0.00374115757852624,8
MMRd,Myeloid-ISG,ISG15,"(-10,-5]","(5.11,5.84]",-7.5,5.47057314652416,5,0.00113390372126585,0.000839395635142697,0.00291479820627803,8
MMRd,Myeloid-noDC-noGran,ISG15,"(-10,-5]","(5.11,5.84]",-7.5,5.47057314652416,7,0.000914355379457482,0.000417798203467725,0.00199129898090413,8
MMRd,Myeloid-ISG,ISG15,"(-40,-35]","(4.38,5.11]",-37.5,4.74116339365427,7,0.000783699059561129,0,0.00193417256753213,8
MMRd,Myeloid-noDC-noGran,ISG15,"(-40,-35]","(4.38,5.11]",-37.5,4.74116339365427,7,0.000828500414250207,0.000259134490800726,0.00245032284740352,8
MMRd,Myeloid-noDC-noGran,ISG15,"(20,25]","(3.65,4.38]",22.5,4.01175364078438,5,0.00200228832951945,0.0015495867768595,0.00202429149797571,8
MMRd,Myeloid-ISG,ISG15,"(0,5]","(3.65,4.38]",2.5,4.01175364078438,8,0.00135001795397145,0.00118563025700643,0.002652964375199,8
MMRd,Myeloid-noDC-noGran,ISG15,"(0,5]","(3.65,4.38]",2.5,4.01175364078438,8,0.00121538105925458,0.000979160130123138,0.00205840829155289,8
MMRd,Myeloid-ISG,ISG15,"(-10,-5]","(2.92,3.65]",-7.5,3.2823438879145,8,0.00129324401161721,0.00089389447527163,0.00202268621303353,8
MMRd,Myeloid-noDC-noGran,ISG15,"(-10,-5]","(2.92,3.65]",-7.5,3.2823438879145,8,0.00079745465039637,0.000701588163075466,0.00142671296893929,8
MMRd,Myeloid-ISG,ISG15,"(-5,0]","(5.11,5.84]",-2.5,5.47057314652416,6,0.00205389779688521,0.000851838214467796,0.00231908385452745,8
MMRd,Myeloid-noDC-noGran,ISG15,"(-5,0]","(5.11,5.84]",-2.5,5.47057314652416,6,0.00183602155833473,0.00115872899959283,0.00283419655737828,8
MMRd,Myeloid-ISG,ISG15,"(-10,-5]","(3.65,4.38]",-7.5,4.01175364078438,8,0.00132545095565869,0.000690391711419543,0.00213009413847302,8
MMRd,Myeloid-noDC-noGran,ISG15,"(-10,-5]","(3.65,4.38]",-7.5,4.01175364078438,8,0.0010090219906062,0.000624978584246287,0.00159940116197322,8
MMRd,Myeloid-noDC-noGran,ISG15,"(45,50]","(2.92,3.65]",47.5,3.2823438879145,5,0.0021608643457383,0.00195694716242661,0.00267665952890792,8
MMRd,Myeloid-noDC-noGran,ISG15,"(5,10]","(4.38,5.11]",7.5,4.74116339365427,7,0.00229410415232852,0.00195184501914911,0.0034449037863857,8
MMRd,Myeloid-ISG,ISG15,"(0,5]","(5.11,5.84]",2.5,5.47057314652416,4,0.00331322863657785,0.0025599097447535,0.00457670285900308,8
MMRd,Myeloid-noDC-noGran,ISG15,"(0,5]","(5.11,5.84]",2.5,5.47057314652416,4,0.00258393835711703,0.00246931980446416,0.00322555727212536,8
MMRd,Myeloid-ISG,ISG15,"(-15,-10]","(3.65,4.38]",-12.5,4.01175364078438,8,0.00094865564868951,0.000795020600034603,0.00173521089794063,8
MMRd,Myeloid-noDC-noGran,ISG15,"(-15,-10]","(3.65,4.38]",-12.5,4.01175364078438,8,0.000813515831384378,0.00043173433119905,0.0013796289510583,8
MMRd,Myeloid-noDC-noGran,ISG15,"(-95,-90]","(4.38,5.11]",-92.5,4.74116339365427,4,0.00382587052416274,0.00212747162144256,0.00731569990860109,8
MMRd,Myeloid-ISG,ISG15,"(-15,-10]","(4.38,5.11]",-12.5,4.74116339365427,7,0.00111166007905138,0.000824284705769949,0.00192681962514862,8
MMRd,Myeloid-noDC-noGran,ISG15,"(-15,-10]","(4.38,5.11]",-12.5,4.74116339365427,7,0.000794070937003706,0.000617507166481937,0.00138072217177463,8
MMRd,Myeloid-noDC-noGran,ISG15,"(-95,-90]","[0,0.729]",-92.5,0.364704876434944,7,0.000521322072776561,0,0.0010620550737948,8
MMRd,Myeloid-ISG,ISG15,"(-15,-10]","(5.11,5.84]",-12.5,5.47057314652416,4,0.00149322637356144,0.00132190916438609,0.00267400512842308,8
MMRd,Myeloid-noDC-noGran,ISG15,"(-15,-10]","(5.11,5.84]",-12.5,5.47057314652416,6,0.00109269518640795,0.000929983114480469,0.00196350270682349,8
MMRd,Myeloid-noDC-noGran,ISG15,"(-45,-40]","(4.38,5.11]",-42.5,4.74116339365427,6,0.00063643470450755,0.00059946640510623,0.00099874243374147,8
MMRd,Myeloid-ISG,ISG15,"(-5,0]","(4.38,5.11]",-2.5,4.74116339365427,7,0.0010068240295335,0.00060140780282844,0.00229664219188929,8
MMRd,Myeloid-noDC-noGran,ISG15,"(-5,0]","(4.38,5.11]",-2.5,4.74116339365427,8,0.000806595959624547,0.000585624716413176,0.00187335857929366,8
MMRd,Myeloid-ISG,ISG15,"(-20,-15]","(3.65,4.38]",-17.5,4.01175364078438,8,0.00118019905015828,0.00103076070560832,0.00222703634412412,8
MMRd,Myeloid-noDC-noGran,ISG15,"(-20,-15]","(3.65,4.38]",-17.5,4.01175364078438,8,0.00100779950260694,0.000889070400115543,0.00183252571506119,8
MMRd,Myeloid-ISG,ISG15,"(-5,0]","(2.92,3.65]",-2.5,3.2823438879145,8,0.00139124735414617,0.000905457993656123,0.00218054371249941,8
MMRd,Myeloid-noDC-noGran,ISG15,"(-5,0]","(2.92,3.65]",-2.5,3.2823438879145,8,0.00115353116733491,0.000744956934756714,0.00167279559118926,8
MMRd,Myeloid-ISG,ISG15,"(-5,0]","(3.65,4.38]",-2.5,4.01175364078438,8,0.0013525984388337,0.000755586388777534,0.00252901177008456,8
MMRd,Myeloid-noDC-noGran,ISG15,"(-5,0]","(3.65,4.38]",-2.5,4.01175364078438,8,0.00116751972579169,0.00092332223009668,0.00172805417080011,8
MMRd,Myeloid-noDC-noGran,ISG15,"(-25,-20]","(5.11,5.84]",-22.5,5.47057314652416,4,0.0013922287110195,0.00105635750235053,0.00160598557724831,8
MMRd,Myeloid-noDC-noGran,ISG15,"(-50,-45]","(3.65,4.38]",-47.5,4.01175364078438,7,0.000869133349888254,0.000351741118536757,0.00154403722845318,8
MMRd,Myeloid-noDC-noGran,ISG15,"(-25,-20]","(3.65,4.38]",-22.5,4.01175364078438,8,0.00069295679722311,0.000580005732773627,0.00203369758156965,8
MMRd,Myeloid-noDC-noGran,ISG15,"(-30,-25]","(3.65,4.38]",-27.5,4.01175364078438,7,0.000929800092980009,0.000686632902110277,0.00129788384306457,8
MMRd,Myeloid-ISG,ISG15,"(-35,-30]","(3.65,4.38]",-32.5,4.01175364078438,7,0.000864304235090752,0.000385356454720617,0.00194908044489922,8
MMRd,Myeloid-noDC-noGran,ISG15,"(-35,-30]","(3.65,4.38]",-32.5,4.01175364078438,7,0.000917805425249847,0.000678995086901371,0.00152843139664187,8
MMRd,Myeloid-ISG,ISG15,"(-20,-15]","(5.11,5.84]",-17.5,5.47057314652416,5,0.00145348837209302,0.00114481969089868,0.00153452685421995,8
MMRd,Myeloid-noDC-noGran,ISG15,"(-20,-15]","(5.11,5.84]",-17.5,5.47057314652416,6,0.00123400955458023,0.00120036021788789,0.00155163485893376,8
MMRd,Myeloid-ISG,ISG15,"(0,5]","(4.38,5.11]",2.5,4.74116339365427,6,0.00199175386896235,0.000684051820415457,0.00423753632939134,8
MMRd,Myeloid-noDC-noGran,ISG15,"(0,5]","(4.38,5.11]",2.5,4.74116339365427,7,0.000910332271279017,0.000545198583426729,0.0030196083113965,8
MMRd,Myeloid-ISG,ISG15,"(-10,-5]","(4.38,5.11]",-7.5,4.74116339365427,7,0.00161849710982659,0.00105660426934523,0.00218812653106744,8
MMRd,Myeloid-noDC-noGran,ISG15,"(-10,-5]","(4.38,5.11]",-7.5,4.74116339365427,8,0.00166572041228261,0.00127109391973107,0.00236697307610229,8
MMRd,Myeloid-noDC-noGran,ISG15,"(-20,-15]","(2.92,3.65]",-17.5,3.2823438879145,8,0.000748358234892683,0.000614635309246492,0.00135424540186445,8
MMRd,Myeloid-noDC-noGran,ISG15,"(-85,-80]","(3.65,4.38]",-82.5,4.01175364078438,4,0.00120143479235593,0.000682749203459263,0.001999131525982,8
MMRd,Myeloid-noDC-noGran,ISG15,"(65,70]","(2.92,3.65]",67.5,3.2823438879145,4,0.00209497206703911,0,0.00561770562531114,8
MMRd,Myeloid-ISG,ISG15,"(-20,-15]","(4.38,5.11]",-17.5,4.74116339365427,7,0.00141643059490085,0.000927031870699682,0.00157748093036305,8
MMRd,Myeloid-noDC-noGran,ISG15,"(-20,-15]","(4.38,5.11]",-17.5,4.74116339365427,7,0.000989065333260069,0.000633906266572464,0.00149366902707984,8
MMRd,Myeloid-ISG,ISG15,"(-30,-25]","(4.38,5.11]",-27.5,4.74116339365427,7,0.000475511174512601,0.000108459869848156,0.00102969517688123,8
MMRd,Myeloid-noDC-noGran,ISG15,"(-30,-25]","(4.38,5.11]",-27.5,4.74116339365427,7,0.000484222419498023,0.000212021683962557,0.00179711929262475,8
MMRd,Myeloid-noDC-noGran,ISG15,"(-20,-15]","(2.19,2.92]",-17.5,2.55293413504461,8,0.000590973882708288,0.000455390871492252,0.00106510747173529,8
MMRd,Myeloid-noDC-noGran,ISG15,"(-50,-45]","(4.38,5.11]",-47.5,4.74116339365427,7,0.00109170305676856,0.000855721263205508,0.00158305507502917,8
MMRd,Myeloid-noDC-noGran,ISG15,"(25,30]","(3.65,4.38]",27.5,4.01175364078438,5,0.0019404915912031,0.000962463907603465,0.00230002555583951,8
MMRd,Myeloid-noDC-noGran,ISG15,"(-55,-50]","[0,0.729]",-52.5,0.364704876434944,8,0.000258064516129032,0,0.00139609853981592,8
MMRd,Myeloid-ISG,ISG15,"(5,10]","(3.65,4.38]",7.5,4.01175364078438,6,0.0016555287681514,0.000560680651790048,0.00278013490401989,8
MMRd,Myeloid-noDC-noGran,ISG15,"(5,10]","(3.65,4.38]",7.5,4.01175364078438,8,0.00150122846151359,0.000639164895970957,0.00245136727658952,8
MMRd,Myeloid-noDC-noGran,ISG15,"(-15,-10]","(2.19,2.92]",-12.5,2.55293413504461,8,0.000769802813000438,0.00064241941777396,0.00133360939755677,8
MMRd,Myeloid-noDC-noGran,ISG15,"(-30,-25]","[0,0.729]",-27.5,0.364704876434944,8,0.00109072506964978,0.000557947858014332,0.00249286611647818,8
MMRd,Myeloid-ISG,ISG15,"(0,5]","(2.92,3.65]",2.5,3.2823438879145,8,0.00165908020647742,0.00122820856016386,0.0027246346251593,8
MMRd,Myeloid-noDC-noGran,ISG15,"(0,5]","(2.92,3.65]",2.5,3.2823438879145,8,0.00126428134645194,0.000974676904089387,0.00180922931858345,8
MMRd,Myeloid-ISG,ISG15,"(-5,0]","(2.19,2.92]",-2.5,2.55293413504461,8,0.00136290088397539,0.000933465982870048,0.00163723732162851,8
MMRd,Myeloid-noDC-noGran,ISG15,"(-5,0]","(2.19,2.92]",-2.5,2.55293413504461,8,0.0010589903646832,0.000781406403264237,0.00138867027869605,8
MMRd,Myeloid-ISG,ISG15,"(-10,-5]","(1.46,2.19]",-7.5,1.82352438217472,7,0.000841542497896144,0.000707167203685458,0.00124967686497803,8
MMRd,Myeloid-noDC-noGran,ISG15,"(-10,-5]","(1.46,2.19]",-7.5,1.82352438217472,8,0.000766790557093765,0.00048903132879413,0.00101205060761957,8
MMRd,Myeloid-noDC-noGran,ISG15,"(-20,-15]","(1.46,2.19]",-17.5,1.82352438217472,7,0.000648929266709929,0.000599527983778083,0.000696177826336686,8
MMRd,Myeloid-ISG,ISG15,"(-5,0]","(1.46,2.19]",-2.5,1.82352438217472,6,0.00118109289132467,0.000739296614334922,0.00169563351366897,8
MMRd,Myeloid-noDC-noGran,ISG15,"(-5,0]","(1.46,2.19]",-2.5,1.82352438217472,8,0.000722827317788273,0.00047067472827483,0.00101303397179423,8
MMRd,Myeloid-ISG,ISG15,"(-30,-25]","(2.92,3.65]",-27.5,3.2823438879145,6,0.000985613496136955,0.00060991131005015,0.00112371657601232,8
MMRd,Myeloid-noDC-noGran,ISG15,"(-30,-25]","(2.92,3.65]",-27.5,3.2823438879145,8,0.000790644350820002,0.000527718075449042,0.00127704422022762,8
MMRd,Myeloid-noDC-noGran,ISG15,"(-45,-40]","(3.65,4.38]",-42.5,4.01175364078438,7,0.000738673670387393,0.000167056465085199,0.00215337489229547,8
MMRd,Myeloid-noDC-noGran,ISG15,"(-35,-30]","(4.38,5.11]",-32.5,4.74116339365427,7,0.00082203041512536,0.000571967917601823,0.00185730792400905,8
MMRd,Myeloid-noDC-noGran,ISG15,"(-55,-50]","(3.65,4.38]",-52.5,4.01175364078438,7,0.00108952242600327,0.00037397157816006,0.00142543884385709,8
MMRd,Myeloid-noDC-noGran,ISG15,"(35,40]","(2.92,3.65]",37.5,3.2823438879145,7,0.00153374233128834,0.000776978464712537,0.00270684941951386,8
MMRd,Myeloid-noDC-noGran,ISG15,"(-65,-60]","(3.65,4.38]",-62.5,4.01175364078438,7,0.00151515151515152,0.000239501836180744,0.00290855431131875,8
MMRd,Myeloid-ISG,ISG15,"(-10,-5]","(2.19,2.92]",-7.5,2.55293413504461,8,0.00108595899897525,0.000769314284324978,0.00167999898957142,8
MMRd,Myeloid-noDC-noGran,ISG15,"(-10,-5]","(2.19,2.92]",-7.5,2.55293413504461,8,0.000817974266147469,0.000750719689511599,0.00115982210474509,8
MMRd,Myeloid-ISG,ISG15,"(-25,-20]","(2.92,3.65]",-22.5,3.2823438879145,6,0.00111189980243616,0.00105419036635607,0.00147697854195025,8
MMRd,Myeloid-noDC-noGran,ISG15,"(-25,-20]","(2.92,3.65]",-22.5,3.2823438879145,8,0.000821453810846117,0.000746086723765764,0.00116077128451819,8
MMRd,Myeloid-ISG,ISG15,"(10,15]","(3.65,4.38]",12.5,4.01175364078438,5,0.00374251497005988,0,0.00729086722947045,8
MMRd,Myeloid-noDC-noGran,ISG15,"(10,15]","(3.65,4.38]",12.5,4.01175364078438,7,0.000862068965517241,0.000693331615825553,0.0024297549283195,8
MMRd,Myeloid-noDC-noGran,ISG15,"(30,35]","(1.46,2.19]",32.5,1.82352438217472,5,0.0010465724751439,0.000213401621852326,0.00272479564032698,8
MMRd,Myeloid-ISG,ISG15,"(-5,0]","(0.729,1.46]",-2.5,1.09411462930483,4,0.00138582349158092,0.000613891487371375,0.00257103844026549,8
MMRd,Myeloid-noDC-noGran,ISG15,"(-5,0]","(0.729,1.46]",-2.5,1.09411462930483,6,0.000467029665479324,0.000329895769195269,0.000651443953945746,8
MMRd,Myeloid-noDC-noGran,ISG15,"(5,10]","(1.46,2.19]",7.5,1.82352438217472,7,0.000837696335078534,0.000623535817600777,0.00101763912118896,8
MMRd,Myeloid-ISG,ISG15,"(-25,-20]","(4.38,5.11]",-22.5,4.74116339365427,7,0.00125786163522013,0.000681230949746294,0.00149279323280924,8
MMRd,Myeloid-noDC-noGran,ISG15,"(-25,-20]","(4.38,5.11]",-22.5,4.74116339365427,7,0.00101705055339515,0.000571628064548112,0.00149613156978801,8
MMRd,Myeloid-ISG,ISG15,"(-5,0]","[0,0.729]",-2.5,0.364704876434944,8,0.00156587264904815,0.000545918080819231,0.00266554487992848,8
MMRd,Myeloid-noDC-noGran,ISG15,"(-5,0]","[0,0.729]",-2.5,0.364704876434944,8,0.00106766883236303,0.000761910536769375,0.00116992762421246,8
MMRd,Myeloid-ISG,ISG15,"(0,5]","(2.19,2.92]",2.5,2.55293413504461,7,0.000934797849964945,0.000582907121674475,0.00172704908238126,8
MMRd,Myeloid-noDC-noGran,ISG15,"(0,5]","(2.19,2.92]",2.5,2.55293413504461,8,0.00132369114742153,0.00106921826919752,0.00175825059025894,8
MMRd,Myeloid-ISG,ISG15,"(0,5]","(1.46,2.19]",2.5,1.82352438217472,5,0.000719812848659349,0.000413223140495868,0.000741289844329133,8
MMRd,Myeloid-noDC-noGran,ISG15,"(0,5]","(1.46,2.19]",2.5,1.82352438217472,7,0.000922402859448864,0.000537788636423727,0.0012096855190403,8
MMRd,Myeloid-ISG,ISG15,"(15,20]","(2.92,3.65]",17.5,3.2823438879145,5,0.00278810408921933,0.00126582278481013,0.00358637178720861,8
MMRd,Myeloid-noDC-noGran,ISG15,"(15,20]","(2.92,3.65]",17.5,3.2823438879145,8,0.00208171903191891,0.000763185946545568,0.00257326675448882,8
MMRd,Myeloid-noDC-noGran,ISG15,"(35,40]","(2.19,2.92]",37.5,2.55293413504461,7,0.000510812191384301,0.000181752090149037,0.00151703175601546,8
MMRd,Myeloid-ISG,ISG15,"(5,10]","(2.92,3.65]",7.5,3.2823438879145,6,0.00152224281742354,0.00082904021556863,0.00316239316239316,8
MMRd,Myeloid-noDC-noGran,ISG15,"(5,10]","(2.92,3.65]",7.5,3.2823438879145,8,0.00108605543649563,0.000681807459122811,0.00175263413351669,8
MMRd,Myeloid-ISG,ISG15,"(-15,-10]","(2.19,2.92]",-12.5,2.55293413504461,7,0.000935162094763092,0.000575457090662954,0.00201264485257101,8
MMRd,Myeloid-ISG,ISG15,"(-20,-15]","(2.92,3.65]",-17.5,3.2823438879145,7,0.000788530465949821,0.000503871096514897,0.00162150579339772,8
MMRd,Myeloid-noDC-noGran,ISG15,"(20,25]","[0,0.729]",22.5,0.364704876434944,5,0.00144822592324403,0.000522739153162572,0.00156862745098039,8
MMRd,Myeloid-noDC-noGran,ISG15,"(30,35]","(2.19,2.92]",32.5,2.55293413504461,7,0.000273485573635991,0,0.00120147207389234,8
MMRd,Myeloid-noDC-noGran,ISG15,"(20,25]","(2.19,2.92]",22.5,2.55293413504461,6,0.00109809978392607,0.000615383410605317,0.00142924862435906,8
MMRd,Myeloid-ISG,ISG15,"(-15,-10]","(1.46,2.19]",-12.5,1.82352438217472,6,0.000919274159216688,0.000609010001082026,0.00200168061897514,8
MMRd,Myeloid-noDC-noGran,ISG15,"(-15,-10]","(1.46,2.19]",-12.5,1.82352438217472,7,0.000623088251954231,0.000592732827082659,0.000963290948583142,8
MMRd,Myeloid-ISG,ISG15,"(-25,-20]","(3.65,4.38]",-22.5,4.01175364078438,6,0.000738336645441826,0.000355071874417344,0.00134146310035109,8
MMRd,Myeloid-noDC-noGran,ISG15,"(-10,-5]","(0.729,1.46]",-7.5,1.09411462930483,6,0.000562697969907184,0.000287605603391578,0.000691202595778965,8
MMRd,Myeloid-noDC-noGran,ISG15,"(20,25]","(1.46,2.19]",22.5,1.82352438217472,5,0.000745526838966203,0.000250375563345018,0.00131810193321617,8
MMRd,Myeloid-ISG,ISG15,"(0,5]","[0,0.729]",2.5,0.364704876434944,5,0.00143781452192667,0.000687285223367698,0.00155440414507772,8
MMRd,Myeloid-noDC-noGran,ISG15,"(0,5]","[0,0.729]",2.5,0.364704876434944,8,0.000980026251014006,0.000505234014119056,0.00171778661636697,8
MMRd,Myeloid-noDC-noGran,ISG15,"(-70,-65]","(2.92,3.65]",-67.5,3.2823438879145,6,0.000579505663077031,0.000121832358674464,0.00174355072496489,8
MMRd,Myeloid-noDC-noGran,ISG15,"(15,20]","(3.65,4.38]",17.5,4.01175364078438,6,0.00269054112754885,0.00187990911632924,0.00286115316279703,8
MMRd,Myeloid-noDC-noGran,ISG15,"(10,15]","[0,0.729]",12.5,0.364704876434944,7,0.000489955903968643,0.000192529842125529,0.00125065671787302,8
MMRd,Myeloid-ISG,ISG15,"(-35,-30]","(2.92,3.65]",-32.5,3.2823438879145,5,0.00157915515199368,0,0.00221157390342794,8
MMRd,Myeloid-noDC-noGran,ISG15,"(-35,-30]","(2.92,3.65]",-32.5,3.2823438879145,7,0.00110125024292285,0.000160324925181702,0.001547997472949,8
MMRd,Myeloid-ISG,ISG15,"(5,10]","(2.19,2.92]",7.5,2.55293413504461,6,0.00147049304132053,0.00138582782341548,0.0018153063553657,8
MMRd,Myeloid-noDC-noGran,ISG15,"(5,10]","(2.19,2.92]",7.5,2.55293413504461,8,0.00148674891831057,0.00108757459565994,0.00177794367553019,8
MMRd,Myeloid-noDC-noGran,ISG15,"(-35,-30]","(2.19,2.92]",-32.5,2.55293413504461,7,0.000400855157669695,0.00013290802764487,0.000649109363262982,8
MMRd,Myeloid-noDC-noGran,ISG15,"(25,30]","(2.92,3.65]",27.5,3.2823438879145,7,0.00169204737732657,0.00100720789212396,0.00213305621380391,8
MMRd,Myeloid-noDC-noGran,ISG15,"(-35,-30]","[0,0.729]",-32.5,0.364704876434944,8,0.00024488779130806,0,0.000911624469937192,8
MMRd,Myeloid-ISG,ISG15,"(-30,-25]","(3.65,4.38]",-27.5,4.01175364078438,6,0.00107213945045341,0.00100410899565027,0.00146205071288312,8
MMRd,Myeloid-noDC-noGran,ISG15,"(-50,-45]","(2.92,3.65]",-47.5,3.2823438879145,6,0.000628674484533925,0.000133570792520036,0.00126319108092076,8
MMRd,Myeloid-ISG,ISG15,"(-20,-15]","(2.19,2.92]",-17.5,2.55293413504461,7,0.000930665425779432,0.000590769257609416,0.00243151693667158,8
MMRd,Myeloid-ISG,ISG15,"(-15,-10]","(2.92,3.65]",-12.5,3.2823438879145,8,0.0012964052469893,0.00103118022741174,0.00195539053167362,8
MMRd,Myeloid-noDC-noGran,ISG15,"(-15,-10]","(2.92,3.65]",-12.5,3.2823438879145,8,0.00079270263512851,0.000632030328172275,0.00123061685146297,8
MMRd,Myeloid-noDC-noGran,ISG15,"(0,5]","(0.729,1.46]",2.5,1.09411462930483,4,0.00051840050543131,0.000233826968043648,0.00131389315860543,8
MMRd,Myeloid-ISG,ISG15,"(10,15]","(2.92,3.65]",12.5,3.2823438879145,6,0.00281710259014728,0.00107903468224485,0.00412708376475461,8
MMRd,Myeloid-noDC-noGran,ISG15,"(10,15]","(2.92,3.65]",12.5,3.2823438879145,7,0.00205620287868403,0.000759501459076738,0.0029012766903788,8
MMRd,Myeloid-noDC-noGran,ISG15,"(-75,-70]","[0,0.729]",-72.5,0.364704876434944,7,0,0,0.00064573542813257,8
MMRd,Myeloid-ISG,ISG15,"(-40,-35]","(3.65,4.38]",-37.5,4.01175364078438,5,0.00053134962805526,0.000252589037635767,0.00220889870621647,8
MMRd,Myeloid-noDC-noGran,ISG15,"(-40,-35]","(3.65,4.38]",-37.5,4.01175364078438,7,0.000772200772200772,0.000756598737351621,0.0010157847440724,8
MMRd,Myeloid-noDC-noGran,ISG15,"(-45,-40]","(2.92,3.65]",-42.5,3.2823438879145,6,0.000882919311771862,0.000640229429939439,0.00112692436233852,8
MMRd,Myeloid-noDC-noGran,ISG15,"(15,20]","(2.19,2.92]",17.5,2.55293413504461,7,0.000580383052814858,0.000253331247312728,0.00119889567042129,8
MMRd,Myeloid-noDC-noGran,ISG15,"(45,50]","[0,0.729]",47.5,0.364704876434944,5,0,0,0.00148809523809524,8
MMRd,Myeloid-ISG,ISG15,"(-35,-30]","(2.19,2.92]",-32.5,2.55293413504461,4,0.00136364175517942,0.000700171152948499,0.00196516559769208,8
MMRd,Myeloid-ISG,ISG15,"(-40,-35]","(2.19,2.92]",-37.5,2.55293413504461,4,0.000238891543239369,0,0.00122269901698671,8
MMRd,Myeloid-noDC-noGran,ISG15,"(-40,-35]","(2.19,2.92]",-37.5,2.55293413504461,7,0.000370644922164566,8.64154856550294e-05,0.000643280027183718,8
MMRd,Myeloid-noDC-noGran,ISG15,"(20,25]","(2.92,3.65]",22.5,3.2823438879145,5,0.000826856292376385,0.000202265372168285,0.002187386073642,8
MMRd,Myeloid-ISG,ISG15,"(-35,-30]","[0,0.729]",-32.5,0.364704876434944,4,0.000951114388293437,0.000590551181102362,0.0026942285094459,8
MMRd,Myeloid-ISG,ISG15,"(-35,-30]","(4.38,5.11]",-32.5,4.74116339365427,6,0.000965981435318038,0.000203583061889251,0.00112328951230985,8
MMRd,Myeloid-ISG,ISG15,"(-50,-45]","(2.92,3.65]",-47.5,3.2823438879145,4,0.00167846985007218,0.00111295483576054,0.00274863925983681,8
MMRd,Myeloid-ISG,ISG15,"(-25,-20]","(2.19,2.92]",-22.5,2.55293413504461,6,0.000986237683590041,0.000191914022517912,0.00221936338705204,8
MMRd,Myeloid-noDC-noGran,ISG15,"(-25,-20]","(2.19,2.92]",-22.5,2.55293413504461,8,0.000687990119992142,0.000461917600743872,0.00145718113796583,8
MMRd,Myeloid-ISG,ISG15,"(-45,-40]","(3.65,4.38]",-42.5,4.01175364078438,4,0.00150746911653022,0.000950269372695238,0.00241728910903545,8
MMRd,Myeloid-noDC-noGran,ISG15,"(30,35]","(0.729,1.46]",32.5,1.09411462930483,4,0.000256147540983607,0,0.000954997567183172,8
MMRd,Myeloid-ISG,ISG15,"(-10,-5]","[0,0.729]",-7.5,0.364704876434944,8,0.000951913921742979,0.000427013152001163,0.00140508166076348,8
MMRd,Myeloid-noDC-noGran,ISG15,"(-10,-5]","[0,0.729]",-7.5,0.364704876434944,8,0.000794941554384596,0.000646115681222139,0.000940868587839684,8
MMRd,Myeloid-ISG,ISG15,"(10,15]","(2.19,2.92]",12.5,2.55293413504461,4,0.000480649313127781,0.000279537830786433,0.000744099577161897,8
MMRd,Myeloid-noDC-noGran,ISG15,"(10,15]","(2.19,2.92]",12.5,2.55293413504461,7,0.00064040986231188,0.000430286479805455,0.00123354970498011,8
MMRd,Myeloid-noDC-noGran,ISG15,"(-35,-30]","(1.46,2.19]",-32.5,1.82352438217472,6,0.000236183278223902,0,0.000530447314625521,8
MMRd,Myeloid-noDC-noGran,ISG15,"(50,55]","(1.46,2.19]",52.5,1.82352438217472,4,0.00165462081546179,0.000673249551166966,0.00252296738631144,8
MMRd,Myeloid-noDC-noGran,ISG15,"(-75,-70]","(2.19,2.92]",-72.5,2.55293413504461,4,0.00111966550675923,0.00020118025751073,0.00209256861687874,8
MMRd,Myeloid-noDC-noGran,ISG15,"(-60,-55]","(4.38,5.11]",-57.5,4.74116339365427,7,0.000443852640923214,0,0.00103394834981074,8
MMRd,Myeloid-ISG,ISG15,"(-45,-40]","(2.92,3.65]",-42.5,3.2823438879145,4,0.00151574624430076,0.000551065393093314,0.00296850463371168,8
MMRd,Myeloid-noDC-noGran,ISG15,"(50,55]","(2.19,2.92]",52.5,2.55293413504461,6,0.00113015224316594,0.000500776967093943,0.00149495834907529,8
MMRd,Myeloid-noDC-noGran,ISG15,"[-100,-95]","[0,0.729]",-97.5,0.364704876434944,7,0.000601765177855041,0,0.00190946493055745,8
MMRd,Myeloid-noDC-noGran,ISG15,"(-50,-45]","(2.19,2.92]",-47.5,2.55293413504461,7,0.00117693213024716,0.000429553264604811,0.00223310802034346,8
MMRd,Myeloid-noDC-noGran,ISG15,"(-50,-45]","[0,0.729]",-47.5,0.364704876434944,8,0.0013239368636739,0.000503524672708963,0.00216810926428124,8
MMRd,Myeloid-noDC-noGran,ISG15,"(-85,-80]","(2.92,3.65]",-82.5,3.2823438879145,4,0.000811004366525098,0.000597609561752988,0.00123447563195995,8
MMRd,Myeloid-noDC-noGran,ISG15,"(-65,-60]","(2.19,2.92]",-62.5,2.55293413504461,5,0.000734154498735623,0.00066711140760507,0.00122299225438239,8
MMRd,Myeloid-noDC-noGran,ISG15,"(60,65]","[0,0.729]",62.5,0.364704876434944,6,0.000441306266548985,0,0.00123760228581687,8
MMRd,Myeloid-ISG,ISG15,"(-15,-10]","[0,0.729]",-12.5,0.364704876434944,8,0.00130253666925035,0.000628275584076299,0.00232117381282491,8
MMRd,Myeloid-noDC-noGran,ISG15,"(-15,-10]","[0,0.729]",-12.5,0.364704876434944,8,0.00065471502505155,0.000542388443681443,0.00131547083650453,8
MMRd,Myeloid-noDC-noGran,ISG15,"(15,20]","[0,0.729]",17.5,0.364704876434944,5,0.00106044538706257,0.000971817298347911,0.00293542074363992,8
MMRd,Myeloid-noDC-noGran,ISG15,"(30,35]","(2.92,3.65]",32.5,3.2823438879145,6,0.0010534605366,0.00025320729237002,0.0011994489018559,8
MMRd,Myeloid-ISG,ISG15,"(5,10]","[0,0.729]",7.5,0.364704876434944,4,0.00163851211767067,0.00101544961763793,0.00237886925479127,8
MMRd,Myeloid-noDC-noGran,ISG15,"(5,10]","[0,0.729]",7.5,0.364704876434944,8,0.0008948888506916,0.00068638683073986,0.00146605598753317,8
MMRd,Myeloid-noDC-noGran,ISG15,"(10,15]","(1.46,2.19]",12.5,1.82352438217472,6,0.00081619133987153,0.000274162069885054,0.00112344809208911,8
MMRd,Myeloid-ISG,ISG15,"(-30,-25]","[0,0.729]",-27.5,0.364704876434944,4,0.00109874298832443,0.00101742598055282,0.00253213868328788,8
MMRd,Myeloid-ISG,ISG15,"(-40,-35]","(2.92,3.65]",-37.5,3.2823438879145,4,0.00215075668529923,0.00140962101651446,0.00336827744199987,8
MMRd,Myeloid-noDC-noGran,ISG15,"(-40,-35]","(2.92,3.65]",-37.5,3.2823438879145,7,0.000843953076208963,0.000759030370284737,0.00108817619539187,8
MMRd,Myeloid-ISG,ISG15,"(-25,-20]","(1.46,2.19]",-22.5,1.82352438217472,4,0.000128567755206994,0,0.000841079809128555,8
MMRd,Myeloid-noDC-noGran,ISG15,"(-25,-20]","(1.46,2.19]",-22.5,1.82352438217472,7,0.000469043151969981,0.000396419372822828,0.000724275901679102,8
MMRd,Myeloid-noDC-noGran,ISG15,"(85,90]","[0,0.729]",87.5,0.364704876434944,4,0.000492610837438424,0,0.00119346171070309,8
MMRd,Myeloid-noDC-noGran,ISG15,"(15,20]","(1.46,2.19]",17.5,1.82352438217472,5,0.000653167864141084,0.000254971953085161,0.00105042016806723,8
MMRd,Myeloid-noDC-noGran,ISG15,"(65,70]","[0,0.729]",67.5,0.364704876434944,5,0.00097624471200781,0.000748502994011976,0.00147058823529412,8
MMRd,Myeloid-ISG,ISG15,"(-25,-20]","[0,0.729]",-22.5,0.364704876434944,7,0,0,0.0010840108401084,8
MMRd,Myeloid-noDC-noGran,ISG15,"(-25,-20]","[0,0.729]",-22.5,0.364704876434944,8,0.000657946617365976,0.000435503940273745,0.00073048075476564,8
MMRd,Myeloid-noDC-noGran,ISG15,"(25,30]","(2.19,2.92]",27.5,2.55293413504461,6,0.000282752079524919,3.0829942039709e-05,0.000507581566224603,8
MMRd,Myeloid-ISG,ISG15,"(-20,-15]","(1.46,2.19]",-17.5,1.82352438217472,4,0.00096262444815627,0.000670740795945745,0.00110966963133577,8
MMRd,Myeloid-noDC-noGran,ISG15,"(35,40]","[0,0.729]",37.5,0.364704876434944,5,0.00132450331125828,0.00107411385606874,0.00144129979035639,8
MMRd,Myeloid-noDC-noGran,ISG15,"(-55,-50]","(2.92,3.65]",-52.5,3.2823438879145,6,0.000765352787183598,0.000109003706126008,0.00140041776826166,8
MMRd,Myeloid-noDC-noGran,ISG15,"(-65,-60]","(2.92,3.65]",-62.5,3.2823438879145,5,0.000796431984708506,0,0.00166481687014428,8
MMRd,Myeloid-noDC-noGran,ISG15,"(-70,-65]","(2.19,2.92]",-67.5,2.55293413504461,5,0,0,0.000638162093171666,8
MMRd,Myeloid-noDC-noGran,ISG15,"(75,80]","[0,0.729]",77.5,0.364704876434944,4,0.00053134962805526,0,0.00118134419611825,8
MMRd,Myeloid-noDC-noGran,ISG15,"(-75,-70]","(3.65,4.38]",-72.5,4.01175364078438,4,0.0017961184735246,0.000895818969970635,0.00259245074832847,8
MMRd,Myeloid-noDC-noGran,ISG15,"(-65,-60]","[0,0.729]",-62.5,0.364704876434944,8,0.000414593698175788,0,0.0010460458877734,8
MMRd,Myeloid-noDC-noGran,ISG15,"(-70,-65]","(3.65,4.38]",-67.5,4.01175364078438,5,0.00131406044678055,0.000220604456210015,0.00159744408945687,8
MMRd,Myeloid-noDC-noGran,ISG15,"(25,30]","[0,0.729]",27.5,0.364704876434944,5,0.000660501981505945,0.000386847195357834,0.00269723533378287,8
MMRd,Myeloid-ISG,ISG15,"(-40,-35]","[0,0.729]",-37.5,0.364704876434944,4,0.00177642928051817,0.00118739254366121,0.00311562353211845,8
MMRd,Myeloid-noDC-noGran,ISG15,"(-40,-35]","[0,0.729]",-37.5,0.364704876434944,8,0.000901041967006596,0.000734896226734158,0.00116160001538384,8
MMRd,Myeloid-noDC-noGran,ISG15,"(-55,-50]","(2.19,2.92]",-52.5,2.55293413504461,6,0.000189322226429383,0,0.00053756360085033,8
MMRd,Myeloid-noDC-noGran,ISG15,"(40,45]","[0,0.729]",42.5,0.364704876434944,6,0.00132997768611215,0.000849514505557247,0.00164500085551951,8
MMRd,Myeloid-noDC-noGran,ISG15,"(65,70]","(2.19,2.92]",67.5,2.55293413504461,4,0.00219164839310556,0.0014218009478673,0.00267473313046418,8
MMRd,Myeloid-noDC-noGran,ISG15,"(-30,-25]","(1.46,2.19]",-27.5,1.82352438217472,5,0.00069557152793879,0.000308451573103023,0.00177935943060498,8
MMRd,Myeloid-ISG,ISG15,"(-30,-25]","(2.19,2.92]",-27.5,2.55293413504461,4,0.00113579539217719,0.000128062836164945,0.00265958768213632,8
MMRd,Myeloid-noDC-noGran,ISG15,"(-30,-25]","(2.19,2.92]",-27.5,2.55293413504461,8,0.00060654939150482,0.000402921664429735,0.00113826124495608,8
MMRd,Myeloid-noDC-noGran,ISG15,"(35,40]","(1.46,2.19]",37.5,1.82352438217472,5,0.000501756146512795,0.000426894343649947,0.00153846153846154,8
MMRd,Myeloid-noDC-noGran,ISG15,"(40,45]","(2.19,2.92]",42.5,2.55293413504461,7,0.00178677784395473,0.00102480816618296,0.0020556151954843,8
MMRd,Myeloid-noDC-noGran,ISG15,"(-70,-65]","[0,0.729]",-67.5,0.364704876434944,8,0,0,0.00159890364919996,8
MMRd,Myeloid-noDC-noGran,ISG15,"(25,30]","(1.46,2.19]",27.5,1.82352438217472,5,0.00114580349470066,0.000327761389708292,0.00145348837209302,8
MMRd,Myeloid-noDC-noGran,ISG15,"(40,45]","(1.46,2.19]",42.5,1.82352438217472,5,0.000950570342205323,0.000524842547235829,0.000982640026203734,8
MMRd,Myeloid-ISG,ISG15,"(-20,-15]","[0,0.729]",-17.5,0.364704876434944,6,0.000904195319257727,0.000657574331454354,0.00133108824480562,8
MMRd,Myeloid-noDC-noGran,ISG15,"(-20,-15]","[0,0.729]",-17.5,0.364704876434944,8,0.00114744176327754,0.000792178989666062,0.00138528089204873,8
MMRd,Myeloid-noDC-noGran,ISG15,"(55,60]","(2.19,2.92]",57.5,2.55293413504461,5,0.000628140703517588,0,0.00091743119266055,8
MMRd,Myeloid-noDC-noGran,ISG15,"(-60,-55]","(2.19,2.92]",-57.5,2.55293413504461,5,0.000684618895481515,0.000587199060481503,0.000902255639097744,8
MMRd,Myeloid-noDC-noGran,ISG15,"(55,60]","(1.46,2.19]",57.5,1.82352438217472,4,0.00164860551075269,0.00100806451612903,0.00217540746387968,8
MMRd,Myeloid-noDC-noGran,ISG15,"(-65,-60]","(4.38,5.11]",-62.5,4.74116339365427,4,0.00143799109351127,0.00109996994176855,0.00160010240655402,8
MMRd,Myeloid-noDC-noGran,ISG15,"(50,55]","[0,0.729]",52.5,0.364704876434944,7,0.000533617929562433,0.000235072872590503,0.000667324153478389,8
MMRd,Myeloid-noDC-noGran,ISG15,"(30,35]","[0,0.729]",32.5,0.364704876434944,5,0.000924214417744917,0.000773993808049536,0.000992063492063492,8
MMRd,Myeloid-ISG,ISG15,"(-45,-40]","[0,0.729]",-42.5,0.364704876434944,4,0.000418526785714286,0,0.00108904479111755,8
MMRd,Myeloid-noDC-noGran,ISG15,"(-45,-40]","[0,0.729]",-42.5,0.364704876434944,7,0.000440399295361127,0.000364367982017467,0.000714024021455352,8
MMRd,Myeloid-noDC-noGran,ISG15,"(-40,-35]","(1.46,2.19]",-37.5,1.82352438217472,6,0.000440683941477173,0,0.000966610627455004,8
MMRd,Myeloid-noDC-noGran,ISG15,"(40,45]","(2.92,3.65]",42.5,3.2823438879145,7,0.00122699386503067,0,0.00208364996829812,8
MMRd,Myeloid-ISG,ISG15,"(15,20]","(3.65,4.38]",17.5,4.01175364078438,4,0.0024062170526817,0.00192861583748874,0.0033112734224572,8
MMRd,Myeloid-noDC-noGran,ISG15,"(-60,-55]","(3.65,4.38]",-57.5,4.01175364078438,5,0.00145290176769715,0.000584795321637427,0.00177659338218965,8
MMRd,Myeloid-ISG,ISG15,"(-45,-40]","(4.38,5.11]",-42.5,4.74116339365427,4,0.000503746909083576,0.000346901017576318,0.000848860191119469,8
MMRd,Myeloid-noDC-noGran,ISG15,"(-60,-55]","(2.92,3.65]",-57.5,3.2823438879145,6,0.000579550096186787,0.000312909824870808,0.00119516152801271,8
MMRd,Myeloid-noDC-noGran,ISG15,"(-45,-40]","(2.19,2.92]",-42.5,2.55293413504461,6,0.000913644966366316,0.000649444741646889,0.0011322125584009,8
MMRd,Myeloid-noDC-noGran,ISG15,"(45,50]","(1.46,2.19]",47.5,1.82352438217472,4,0.00129608678113881,0.0008810426393283,0.00190629288969434,8
MMRd,Myeloid-noDC-noGran,ISG15,"(-55,-50]","(4.38,5.11]",-52.5,4.74116339365427,7,0.000918273645546373,0.000443262411347518,0.00187004698728117,8
MMRd,Myeloid-noDC-noGran,ISG15,"(-80,-75]","[0,0.729]",-77.5,0.364704876434944,8,0.000741900925094796,0,0.002297743710844,8
MMRd,Myeloid-noDC-noGran,ISG15,"(-75,-70]","(2.92,3.65]",-72.5,3.2823438879145,5,0.00066711140760507,0.000618142481842065,0.000763358778625954,8
MMRd,Myeloid-noDC-noGran,ISG15,"(-90,-85]","[0,0.729]",-87.5,0.364704876434944,8,0,0,0.000734040134438978,8
MMRd,Myeloid-noDC-noGran,ISG15,"(-85,-80]","(2.19,2.92]",-82.5,2.55293413504461,4,0.00133310589304477,0.000560119492158327,0.00212597537157138,8
MMRd,Myeloid-noDC-noGran,ISG15,"(-90,-85]","(2.19,2.92]",-87.5,2.55293413504461,4,0.00167488762406229,0.00135817629546397,0.00191113437132499,8
MMRd,Myeloid-noDC-noGran,ISG15,"(80,85]","[0,0.729]",82.5,0.364704876434944,4,0,0,0.00037397157816006,8
MMRd,Myeloid-noDC-noGran,ISG15,"(-85,-80]","[0,0.729]",-82.5,0.364704876434944,8,0.000921722643908277,0,0.00209114187497312,8
MMRd,Myeloid-noDC-noGran,ISG15,"(-80,-75]","(2.92,3.65]",-77.5,3.2823438879145,4,0.000775139318373489,0.000647840978029657,0.00142096839016705,8
MMRd,Myeloid-noDC-noGran,ISG15,"(60,65]","(2.92,3.65]",62.5,3.2823438879145,4,0.00227637727560018,0.000943396226415094,0.00334123929255362,8
MMRd,Myeloid-noDC-noGran,ISG15,"(60,65]","(2.19,2.92]",62.5,2.55293413504461,4,0.000851788756388416,0,0.00181244249287139,8
MMRd,Myeloid-noDC-noGran,ISG15,"(70,75]","[0,0.729]",72.5,0.364704876434944,5,0.00100200400801603,0,0.00100908173562059,8
MMRd,Myeloid-noDC-noGran,ISG15,"(70,75]","(2.19,2.92]",72.5,2.55293413504461,4,0.000274423710208562,0,0.000570365724043002,8
MMRd,Myeloid-noDC-noGran,ISG15,"(90,95]","[0,0.729]",92.5,0.364704876434944,4,0.00184804990494008,0.00092478421701603,0.00246632141506689,8
MMRd,Myeloid-noDC-noGran,ISG15,"(45,50]","(2.19,2.92]",47.5,2.55293413504461,5,0.000537923614846692,0,0.000600961538461539,8
MMRd,Myeloid-noDC-noGran,ISG15,"(-60,-55]","[0,0.729]",-57.5,0.364704876434944,8,0,0,0.000692595736143711,8
MMRd,Myeloid-noDC-noGran,ISG15,"(55,60]","(2.92,3.65]",57.5,3.2823438879145,5,0.00133244503664224,0,0.00267290344136318,8
MMRd,Myeloid-noDC-noGran,ISG15,"(-80,-75]","(2.19,2.92]",-77.5,2.55293413504461,4,0.000316605983853095,0,0.000833145151119967,8
MMRd,Myeloid-noDC-noGran,ISG15,"(20,25]","(0.729,1.46]",22.5,1.09411462930483,4,0,0,0.000158227848101266,8
MMRd,Myeloid-noDC-noGran,ISG15,"(55,60]","[0,0.729]",57.5,0.364704876434944,5,0.00119189511323004,0.000393545848091303,0.001292546316243,8
MMRd,Myeloid-noDC-noGran,ISG15,"(-15,-10]","(0.729,1.46]",-12.5,1.09411462930483,4,0.000520809897874685,0.000336536542160961,0.000782855356026088,8
MMRd,Myeloid-noDC-noGran,ISG15,"(-45,-40]","(1.46,2.19]",-42.5,1.82352438217472,4,0.000691242128548244,0.000396384969081972,0.00113642796749969,8
MMRd,Myeloid-noDC-noGran,ISG15,"(-50,-45]","(1.46,2.19]",-47.5,1.82352438217472,4,0.000255053242364344,0,0.000745249109194484,8
MMRd,Tcd4-CXCL13,ISG15,"(-5,0]","(3.65,4.38]",-2.5,4.01175364078438,7,0.00267379679144385,0.00234409310496267,0.00349565637693216,8
MMRd,Tcd4-CXCL13,ISG15,"(-10,-5]","(2.92,3.65]",-7.5,3.2823438879145,7,0.00105485232067511,0.000955098962280651,0.00193318889678127,8
MMRd,Tcd4-CXCL13,ISG15,"(0,5]","(2.19,2.92]",2.5,2.55293413504461,5,0.0017921146953405,0.00126742712294043,0.00213068181818182,8
MMRd,Tcd4-CXCL13,ISG15,"(-10,-5]","(1.46,2.19]",-7.5,1.82352438217472,4,0.00170524825274038,0.000985545335085414,0.00215304713694037,8
MMRd,Tcd4-CXCL13,ISG15,"(-5,0]","(2.19,2.92]",-2.5,2.55293413504461,6,0.00251321006037987,0.00157481407481407,0.0029336468813195,8
MMRd,Tcd4-CXCL13,ISG15,"(-5,0]","(1.46,2.19]",-2.5,1.82352438217472,6,0.00110987924513813,0.000882125323466106,0.00190333149799683,8
MMRd,Tcd4-CXCL13,ISG15,"(-10,-5]","(2.19,2.92]",-7.5,2.55293413504461,6,0.00174927113702624,0.000364431486880466,0.00346063681176641,8
MMRd,Tcd4-CXCL13,ISG15,"(-15,-10]","(2.92,3.65]",-12.5,3.2823438879145,6,0.00141604185644547,0.000293427230046948,0.00368970286848146,8
MMRd,Tcd4-CXCL13,ISG15,"(-15,-10]","(3.65,4.38]",-12.5,4.01175364078438,4,0.00490106513257084,0.00412602478235443,0.00531269107805859,8
MMRd,Tcd4-CXCL13,ISG15,"(0,5]","(2.92,3.65]",2.5,3.2823438879145,6,0.00311623918751006,0.00226429514347252,0.0038857431016071,8
MMRd,Tcd4-CXCL13,ISG15,"(-5,0]","(2.92,3.65]",-2.5,3.2823438879145,6,0.00278031433972218,0.00143838003607801,0.00391813951339643,8
MMRd,Tcd4-CXCL13,ISG15,"(-5,0]","[0,0.729]",-2.5,0.364704876434944,4,0.0016894925909295,0.00110294117647059,0.00382200809243733,8
MMRd,Tcd4-CXCL13,ISG15,"(0,5]","(1.46,2.19]",2.5,1.82352438217472,4,0.00182566456151362,0.00117924528301887,0.00268032779243542,8
MMRd,Tcd4-CXCL13,ISG15,"(-10,-5]","(3.65,4.38]",-7.5,4.01175364078438,4,0.00328469447466833,0.00284066244139608,0.0038434937804524,8
MMRd,Tcd4-Treg-comb,ISG15,"(-10,-5]","(3.65,4.38]",-7.5,4.01175364078438,8,0.00128753599341835,0.00081896708899257,0.00246231796765058,8
MMRd,Tcd4-Treg-comb,ISG15,"(-5,0]","(4.38,5.11]",-2.5,4.74116339365427,4,0.0020904708646051,0.00180121264377781,0.00251088666300701,8
MMRd,Tcd4-Treg-comb,ISG15,"(-10,-5]","(2.92,3.65]",-7.5,3.2823438879145,8,0.00160603503967657,0.00109649019004568,0.00192528413208226,8
MMRd,Tcd4-Treg-comb,ISG15,"(-5,0]","(2.92,3.65]",-2.5,3.2823438879145,8,0.00138356953104217,0.00111631836332271,0.00202300041109233,8
MMRd,Tcd4-Treg-comb,ISG15,"(-5,0]","(3.65,4.38]",-2.5,4.01175364078438,7,0.00170697012802276,0.00130333039625075,0.00212613001204148,8
MMRd,Tcd4-Treg-comb,ISG15,"(-10,-5]","(4.38,5.11]",-7.5,4.74116339365427,5,0.00182038834951456,0.00132693681739308,0.00262605042016807,8
MMRd,Tcd4-Treg-comb,ISG15,"(0,5]","(2.92,3.65]",2.5,3.2823438879145,6,0.00169373054716449,0.000939916325027935,0.0018119163306799,8
MMRd,Tcd4-Treg-comb,ISG15,"(-15,-10]","(1.46,2.19]",-12.5,1.82352438217472,4,0.00170732131874253,0.00119236883942766,0.00191486222827098,8
MMRd,Tcd4-Treg-comb,ISG15,"(-10,-5]","[0,0.729]",-7.5,0.364704876434944,6,0.00111340297646772,0.00060919991638743,0.00298881889966637,8
MMRd,Tcd4-Treg-comb,ISG15,"(-5,0]","(2.19,2.92]",-2.5,2.55293413504461,7,0.0014792899408284,0.00112788257777038,0.00225418649744403,8
MMRd,Tcd4-Treg-comb,ISG15,"(-15,-10]","(2.19,2.92]",-12.5,2.55293413504461,7,0.00142857142857143,0.000616402965757342,0.00191981296465344,8
MMRd,Tcd4-Treg-comb,ISG15,"(0,5]","(3.65,4.38]",2.5,4.01175364078438,4,0.00218798521050456,0.00179322188716075,0.00250858725131121,8
MMRd,Tcd4-Treg-comb,ISG15,"(-15,-10]","(3.65,4.38]",-12.5,4.01175364078438,7,0.00158856235107228,0.00101968845091994,0.00270050381007735,8
MMRd,Tcd4-Treg-comb,ISG15,"(-5,0]","(1.46,2.19]",-2.5,1.82352438217472,7,0.00147710487444609,0.00123745280851801,0.0016693821640939,8
MMRd,Tcd4-Treg-comb,ISG15,"(0,5]","(2.19,2.92]",2.5,2.55293413504461,6,0.000894362092594635,0.000749430299945633,0.0014687887489395,8
MMRd,Tcd4-Treg-comb,ISG15,"(-5,0]","[0,0.729]",-2.5,0.364704876434944,5,0.00187265917602996,0,0.00197628458498024,8
MMRd,Tcd4-Treg-comb,ISG15,"(-25,-20]","(2.19,2.92]",-22.5,2.55293413504461,5,0.00148312940304042,0.00121065375302663,0.00345721694036301,8
MMRd,Tcd4-Treg-comb,ISG15,"(-20,-15]","(2.92,3.65]",-17.5,3.2823438879145,7,0.00106666666666667,0.000424268137462877,0.00174542071739081,8
MMRd,Tcd4-Treg-comb,ISG15,"(-10,-5]","(2.19,2.92]",-7.5,2.55293413504461,7,0.00176056338028169,0.000887456501665781,0.00194061565655616,8
MMRd,Tcd4-Treg-comb,ISG15,"(-20,-15]","(2.19,2.92]",-17.5,2.55293413504461,6,0.001323181439534,0.000970240070804293,0.00190277612125774,8
MMRd,Tcd4-Treg-comb,ISG15,"(-15,-10]","(2.92,3.65]",-12.5,3.2823438879145,7,0.000892857142857143,0.000423968343697004,0.00235302108314574,8
MMRd,Tcd4-Treg-comb,ISG15,"(-15,-10]","[0,0.729]",-12.5,0.364704876434944,5,0.00264550264550265,0.00133645172068159,0.00378787878787879,8
MMRd,Tcd4-Treg-comb,ISG15,"(-20,-15]","(3.65,4.38]",-17.5,4.01175364078438,6,0.00142923594720415,0.00124090420344578,0.00253107175038179,8
MMRd,Tcd4-Treg-comb,ISG15,"(5,10]","(2.19,2.92]",7.5,2.55293413504461,6,0.00177060580954533,0.000245098039215686,0.00388227979351087,8
MMRd,Tcd4-Treg-comb,ISG15,"(5,10]","(2.92,3.65]",7.5,3.2823438879145,5,0.00137174211248285,0.000598802395209581,0.00163398692810458,8
MMRd,Tcd4-Treg-comb,ISG15,"(-10,-5]","(1.46,2.19]",-7.5,1.82352438217472,7,0.00101044122600202,0.000753206580855693,0.00202731004439977,8
MMRd,Tcd4-Treg-comb,ISG15,"(0,5]","(1.46,2.19]",2.5,1.82352438217472,5,0,0,0.00245098039215686,8
MMRd,Tcd4-Treg-comb,ISG15,"(-30,-25]","(2.92,3.65]",-27.5,3.2823438879145,4,0,0,0.000249252243270189,8
MMRd,Tcd4-Treg-comb,ISG15,"(-25,-20]","(2.92,3.65]",-22.5,3.2823438879145,5,0.00137362637362637,0.000985221674876847,0.00220264317180617,8
MMRd,Tcd4-Treg-comb,ISG15,"(-25,-20]","(3.65,4.38]",-22.5,4.01175364078438,4,0.00181599446305329,0.00122549019607843,0.0024664218524838,8
MMRd,Tcd4-Treg-comb,ISG15,"(-35,-30]","(2.92,3.65]",-32.5,3.2823438879145,5,0.00151515151515152,0,0.00242130750605327,8
MMRd,Tcd8-CXCL13-comb,ISG15,"(0,5]","(3.65,4.38]",2.5,4.01175364078438,7,0.0018802041364491,0.00116861671166771,0.00278811953882865,8
MMRd,CD8-all,ISG15,"(0,5]","(3.65,4.38]",2.5,4.01175364078438,7,0.00178465199286139,0.0010857046018113,0.00246441834751334,8
MMRd,Tcd8-CXCL13-comb,ISG15,"(-5,0]","(2.92,3.65]",-2.5,3.2823438879145,7,0.00128287363694676,0.00080999864404798,0.00161208954767576,8
MMRd,CD8-all,ISG15,"(-5,0]","(2.92,3.65]",-2.5,3.2823438879145,8,0.00161851596527233,0.000790722850746118,0.00229177642784359,8
MMRd,Tcd8-CXCL13-comb,ISG15,"(-5,0]","(4.38,5.11]",-2.5,4.74116339365427,4,0.00170955597645369,0.000782390986855832,0.00333233057472393,8
MMRd,CD8-all,ISG15,"(-5,0]","(4.38,5.11]",-2.5,4.74116339365427,7,0.00191938579654511,0.000811688311688312,0.00274796450752804,8
MMRd,Tcd8-CXCL13-comb,ISG15,"(-5,0]","(3.65,4.38]",-2.5,4.01175364078438,7,0.00133570792520036,0.00120215131549202,0.00199014663213444,8
MMRd,CD8-all,ISG15,"(-5,0]","(3.65,4.38]",-2.5,4.01175364078438,8,0.00131496202985031,0.00120566217561483,0.0016324548786367,8
MMRd,Tcd8-CXCL13-comb,ISG15,"(-10,-5]","(3.65,4.38]",-7.5,4.01175364078438,6,0.00131992902319809,0.00116285145341918,0.00251869530046084,8
MMRd,CD8-all,ISG15,"(-10,-5]","(3.65,4.38]",-7.5,4.01175364078438,8,0.00147349460621116,0.000930365183254753,0.00196870339817481,8
MMRd,CD8-all,ISG15,"(10,15]","(3.65,4.38]",12.5,4.01175364078438,4,0.00109835395479898,0.000564759036144578,0.00169551699409311,8
MMRd,CD8-all,ISG15,"(-10,-5]","(4.38,5.11]",-7.5,4.74116339365427,4,0.00157153952574891,0.00130935417885686,0.00171845299547815,8
MMRd,CD8-all,ISG15,"(5,10]","(3.65,4.38]",7.5,4.01175364078438,7,0.000868055555555556,0,0.00197047255477882,8
MMRd,CD8-all,ISG15,"(5,10]","(2.92,3.65]",7.5,3.2823438879145,7,0.00145180023228804,0.000833623556566215,0.00173547594568251,8
MMRd,CD8-all,ISG15,"(25,30]","(1.46,2.19]",27.5,1.82352438217472,5,0.000746825989544436,0.000503018108651912,0.00136239782016349,8
MMRd,Tcd8-CXCL13-comb,ISG15,"(-10,-5]","(2.19,2.92]",-7.5,2.55293413504461,6,0.00168460953132486,0.000910392591622931,0.00203626055933732,8
MMRd,CD8-all,ISG15,"(-10,-5]","(2.19,2.92]",-7.5,2.55293413504461,7,0.00130548302872063,0.000490391442558362,0.0014390688852543,8
MMRd,CD8-all,ISG15,"(-10,-5]","[0,0.729]",-7.5,0.364704876434944,6,0.000991944501406424,0.0008282814662978,0.00140302354931393,8
MMRd,CD8-all,ISG15,"(15,20]","(2.92,3.65]",17.5,3.2823438879145,7,0.00053475935828877,0,0.00170203212030305,8
MMRd,Tcd8-CXCL13-comb,ISG15,"(-5,0]","[0,0.729]",-2.5,0.364704876434944,4,0.00080224628961091,0,0.00252892616824457,8
MMRd,CD8-all,ISG15,"(-5,0]","[0,0.729]",-2.5,0.364704876434944,5,0.000640614990390775,0,0.0011432304425935,8
MMRd,Tcd8-CXCL13-comb,ISG15,"(-5,0]","(1.46,2.19]",-2.5,1.82352438217472,6,0.00105287029534021,0.000492413837677132,0.00136423985367837,8
MMRd,CD8-all,ISG15,"(-5,0]","(1.46,2.19]",-2.5,1.82352438217472,6,0.000941920470415745,0.000664969193982501,0.00165993045310648,8
MMRd,Tcd8-CXCL13-comb,ISG15,"(-10,-5]","(2.92,3.65]",-7.5,3.2823438879145,6,0.00154538439560409,0.0013285900869103,0.00164027947053312,8
MMRd,CD8-all,ISG15,"(-10,-5]","(2.92,3.65]",-7.5,3.2823438879145,7,0.00105852109481325,0.0009239454190238,0.00185648154853097,8
MMRd,Tcd8-CXCL13-comb,ISG15,"(-5,0]","(2.19,2.92]",-2.5,2.55293413504461,6,0.00149418899418899,0.00127004291090978,0.00202396713319043,8
MMRd,CD8-all,ISG15,"(-5,0]","(2.19,2.92]",-2.5,2.55293413504461,7,0.0011377427184466,0.00100632960642382,0.00183524675931286,8
MMRd,Tcd8-CXCL13-comb,ISG15,"(0,5]","(1.46,2.19]",2.5,1.82352438217472,5,0.00120481927710843,0,0.00154320987654321,8
MMRd,CD8-all,ISG15,"(0,5]","(1.46,2.19]",2.5,1.82352438217472,6,0.00060401999461759,0.000143430866322433,0.000858205996658004,8
MMRd,Tcd8-CXCL13-comb,ISG15,"(15,20]","(2.19,2.92]",17.5,2.55293413504461,5,0.00148588410104012,0,0.00158667195557319,8
MMRd,CD8-all,ISG15,"(15,20]","(2.19,2.92]",17.5,2.55293413504461,6,0.000803104224070376,0.000107434464976364,0.00158995178028977,8
MMRd,CD8-all,ISG15,"(15,20]","[0,0.729]",17.5,0.364704876434944,4,0.000299222022740874,0,0.00169675316722279,8
MMRd,Tcd8-CXCL13-comb,ISG15,"(-10,-5]","(1.46,2.19]",-7.5,1.82352438217472,4,0.00167927163853504,0.00111441307578009,0.00270432107179717,8
MMRd,CD8-all,ISG15,"(-10,-5]","(1.46,2.19]",-7.5,1.82352438217472,7,0.000846023688663283,0.000704742986809655,0.00178069360654764,8
MMRd,CD8-all,ISG15,"(15,20]","(1.46,2.19]",17.5,1.82352438217472,5,0.00146842878120411,0.000551571980143409,0.00184842883548983,8
MMRd,CD8-all,ISG15,"(30,35]","(2.19,2.92]",32.5,2.55293413504461,5,0.00107319167203263,0,0.00173913043478261,8
MMRd,Tcd8-CXCL13-comb,ISG15,"(20,25]","(2.19,2.92]",22.5,2.55293413504461,5,0,0,0,8
MMRd,CD8-all,ISG15,"(20,25]","(2.19,2.92]",22.5,2.55293413504461,5,0.000452079566003617,0,0.00102040816326531,8
MMRd,Tcd8-CXCL13-comb,ISG15,"(5,10]","(2.19,2.92]",7.5,2.55293413504461,5,0.000536193029490617,0,0.0010958904109589,8
MMRd,CD8-all,ISG15,"(5,10]","(2.19,2.92]",7.5,2.55293413504461,6,0.000855200741445075,0.000174947515745276,0.00173048536729253,8
MMRd,CD8-all,ISG15,"(-15,-10]","(2.92,3.65]",-12.5,3.2823438879145,7,0.00139146567717996,0.000678605175794433,0.00154140186866761,8
MMRd,Tcd8-CXCL13-comb,ISG15,"(20,25]","(1.46,2.19]",22.5,1.82352438217472,5,0,0,0.00137646249139711,8
MMRd,CD8-all,ISG15,"(20,25]","(1.46,2.19]",22.5,1.82352438217472,5,0.000686341798215511,0.000659195781147001,0.000790513833992095,8
MMRd,Tcd8-CXCL13-comb,ISG15,"(0,5]","(2.19,2.92]",2.5,2.55293413504461,6,0.000674485950804775,0.000110107905747633,0.00183519681922594,8
MMRd,CD8-all,ISG15,"(0,5]","(2.19,2.92]",2.5,2.55293413504461,7,0.00101884870096791,0.000603328052746809,0.00124883439554257,8
MMRd,Tcd8-CXCL13-comb,ISG15,"(0,5]","(2.92,3.65]",2.5,3.2823438879145,6,0.00247692824175046,0.00174652983734592,0.00302654616173352,8
MMRd,CD8-all,ISG15,"(0,5]","(2.92,3.65]",2.5,3.2823438879145,7,0.00164304785376874,0.00114701737978935,0.00231771936414568,8
MMRd,Tcd8-CXCL13-comb,ISG15,"(5,10]","(1.46,2.19]",7.5,1.82352438217472,5,0.000963391136801541,0.000808407437348424,0.00153374233128834,8
MMRd,CD8-all,ISG15,"(5,10]","(1.46,2.19]",7.5,1.82352438217472,5,0.000695410292072323,0.000669792364367046,0.00109950522264981,8
MMRd,Tcd8-CXCL13-comb,ISG15,"(10,15]","(2.92,3.65]",12.5,3.2823438879145,4,0.00146046590827226,0.00056732223903177,0.00359966120835686,8
MMRd,CD8-all,ISG15,"(10,15]","(2.92,3.65]",12.5,3.2823438879145,6,0.00105363114277406,0.000703552644332553,0.00210115292260546,8
MMRd,Tcd8-CXCL13-comb,ISG15,"(5,10]","(2.92,3.65]",7.5,3.2823438879145,6,0.00130126244522659,0.000149880095923261,0.00208805271399162,8
MMRd,CD8-all,ISG15,"(10,15]","(2.19,2.92]",12.5,2.55293413504461,6,0.000854480935808891,0.000323500827564261,0.00202054961052206,8
MMRd,CD8-all,ISG15,"(30,35]","(1.46,2.19]",32.5,1.82352438217472,5,0.000742942050520059,0,0.001407789770061,8
MMRd,CD8-all,ISG15,"(25,30]","(2.19,2.92]",27.5,2.55293413504461,4,0.00161183885178573,0.00116279069767442,0.00218563300578362,8
MMRd,CD8-all,ISG15,"(35,40]","(2.19,2.92]",37.5,2.55293413504461,4,0.00137281965926467,0.000894996584177093,0.00271282426013884,8
MMRd,Tcd8-CXCL13-comb,ISG15,"(10,15]","(1.46,2.19]",12.5,1.82352438217472,5,0.000920810313075506,0,0.00168350168350168,8
MMRd,CD8-all,ISG15,"(10,15]","(1.46,2.19]",12.5,1.82352438217472,6,0.00102448330797973,0.000576264453962214,0.00148305084745763,8
MMRd,CD8-all,ISG15,"(-5,0]","(0.729,1.46]",-2.5,1.09411462930483,6,0,0,0,8
MMRd,Tcd8-CXCL13-comb,ISG15,"(0,5]","[0,0.729]",2.5,0.364704876434944,4,0.000564334085778781,0,0.00231421150048813,8
MMRd,CD8-all,ISG15,"(0,5]","[0,0.729]",2.5,0.364704876434944,5,0,0,0.00129282482223659,8
MMRd,CD8-all,ISG15,"(-15,-10]","(3.65,4.38]",-12.5,4.01175364078438,6,0.00131311970288994,0.00102610422159294,0.00209694622650497,8
MMRd,Tcd8-CXCL13-comb,ISG15,"(-15,-10]","(2.19,2.92]",-12.5,2.55293413504461,5,0,0,0.001085776330076,8
MMRd,CD8-all,ISG15,"(-15,-10]","(2.19,2.92]",-12.5,2.55293413504461,7,0.000748502994011976,0,0.00148140848771515,8
MMRd,Tcd8-CXCL13-comb,ISG15,"(-20,-15]","(2.92,3.65]",-17.5,3.2823438879145,4,0.00108932461873638,0,0.00227174203014539,8
MMRd,CD8-all,ISG15,"(-20,-15]","(2.92,3.65]",-17.5,3.2823438879145,5,0.00177950335679042,0.000579038795599305,0.00200267022696929,8
MMRd,Tcd8-CXCL13-comb,ISG15,"(-15,-10]","(2.92,3.65]",-12.5,3.2823438879145,5,0,0,0.00133868808567604,8
MMRd,Tcd8-CXCL13-comb,ISG15,"(10,15]","(2.19,2.92]",12.5,2.55293413504461,4,0.000269396551724138,0,0.00121842707514321,8
MMRd,CD8-all,ISG15,"(-25,-20]","(3.65,4.38]",-22.5,4.01175364078438,4,0.00200394044412818,0.00153603696531921,0.00249486335169666,8
MMRd,CD8-all,ISG15,"(-25,-20]","(2.92,3.65]",-22.5,3.2823438879145,4,0.00171579629211426,0.00126262626262626,0.00178055174362025,8
MMRd,CD8-all,ISG15,"(-15,-10]","[0,0.729]",-12.5,0.364704876434944,4,0.00116353247217451,0.000620860927152318,0.00177547944777611,8
MMRd,CD8-all,ISG15,"(5,10]","[0,0.729]",7.5,0.364704876434944,4,0.00215096842088442,0.0014278914802475,0.00259984320236119,8
MMRd,Tcd8-CXCL13-comb,ISG15,"(-10,-5]","[0,0.729]",-7.5,0.364704876434944,4,0,0,0.000340831629175188,8
MMRd,CD8-all,ISG15,"(-20,-15]","(2.19,2.92]",-17.5,2.55293413504461,4,0.00177087109041426,0.00130213000689026,0.00233230980169374,8
MMRd,CD8-all,ISG15,"(-25,-20]","(2.19,2.92]",-22.5,2.55293413504461,4,0.0015123996207578,0.00109489051094891,0.00171102818552582,8
MMRd,CD8-all,ISG15,"(-20,-15]","(3.65,4.38]",-17.5,4.01175364078438,5,0.00191056182458654,0.00105263157894737,0.00200400801603206,8
MMRd,CD8-all,ISG15,"(35,40]","(3.65,4.38]",37.5,4.01175364078438,4,0.00142617399472308,0.000692042515419109,0.00258140887190563,8
MMRd,CD8-all,ISG15,"(20,25]","(2.92,3.65]",22.5,3.2823438879145,4,0.00098679393832644,0.000332963374028857,0.00189127515250842,8
MMRd,CD8-all,ISG15,"(-25,-20]","[0,0.729]",-22.5,0.364704876434944,4,0,0,0.000542299349240781,8
MMRd,Tcd8-CXCL13-LAG3,ISG15,"(-5,0]","(2.19,2.92]",-2.5,2.55293413504461,6,0.00162621431278148,0.000169606512890095,0.00271723336239465,8
MMRd,Tcd8-CXCL13-LAG3,ISG15,"(-5,0]","(2.92,3.65]",-2.5,3.2823438879145,6,0.000808734330772341,0,0.00227003880717722,8
MMRd,Tcd8-CXCL13-LAG3,ISG15,"(-5,0]","(1.46,2.19]",-2.5,1.82352438217472,4,0.00108695652173913,0.00102337725808203,0.00172651751281103,8
MMRd,Tcd8-CXCL13-LAG3,ISG15,"(0,5]","(2.19,2.92]",2.5,2.55293413504461,4,0.000437445319335083,0,0.0010443667367666,8
MMRd,Tcd8-GZMK,ISG15,"(-5,0]","(2.92,3.65]",-2.5,3.2823438879145,6,0.00136992640342512,0.000213265088505012,0.00189322957643727,8
MMRd,Tcd8-GZMK,ISG15,"(-5,0]","(2.19,2.92]",-2.5,2.55293413504461,6,0.000773993808049536,0,0.00164327831105994,8
MMRd,Tcd8-GZMK,ISG15,"(-15,-10]","(2.92,3.65]",-12.5,3.2823438879145,4,0.00271944456324936,0.00193598108057485,0.00424536628420124,8
MMRd,Tcd8-GZMK,ISG15,"(-10,-5]","(2.92,3.65]",-7.5,3.2823438879145,4,0.000991134550172895,0.000456482045039562,0.00139943540214298,8
MMRd,Tcd8-GZMK,ISG15,"(0,5]","(2.92,3.65]",2.5,3.2823438879145,4,0.00162252902168257,0.00121163166397415,0.0016528250899106,8
MMRd,Tcd8-GZMK,ISG15,"(-10,-5]","(2.19,2.92]",-7.5,2.55293413504461,4,0.000505050505050505,0,0.0011459755504292,8
MMRd,Tcd8-HOBIT,ISG15,"(-5,0]","[0,0.729]",-2.5,0.364704876434944,4,0.000544662309368192,0,0.0012765522875817,8
MMRd,Tcd8-HOBIT,ISG15,"(-5,0]","(3.65,4.38]",-2.5,4.01175364078438,5,0.00126582278481013,0.00105115627189909,0.00132187706543291,8
MMRd,Tcd8-HOBIT,ISG15,"(-5,0]","(2.19,2.92]",-2.5,2.55293413504461,6,0.0015625947770487,0.000591423431787849,0.00216373270087023,8
MMRd,Tcd8-HOBIT,ISG15,"(0,5]","(2.19,2.92]",2.5,2.55293413504461,5,0,0,0.00150037509377344,8
MMRd,Tcd8-HOBIT,ISG15,"(-5,0]","(2.92,3.65]",-2.5,3.2823438879145,6,0.0010087383616575,0.000751852533949267,0.00116474440634515,8
MMRd,Tcd8-HOBIT,ISG15,"(-5,0]","(1.46,2.19]",-2.5,1.82352438217472,5,0.00123839009287926,0.000606428138265616,0.001953125,8
MMRd,Tcd8-HOBIT,ISG15,"(-10,-5]","(2.92,3.65]",-7.5,3.2823438879145,4,0.0011002912640361,0.000541516245487365,0.00197098961608402,8
MMRd,Tcd8-HOBIT,ISG15,"(0,5]","(2.92,3.65]",2.5,3.2823438879145,5,0.00117439812096301,0.00091743119266055,0.00121065375302663,8
MMRd,Tcd8-HOBIT,ISG15,"(-10,-5]","(2.19,2.92]",-7.5,2.55293413504461,5,0.000682128240109141,0.000595947556615018,0.0015552099533437,8
MMRd,Tplzf-gdlike-comb,ISG15,"(-10,-5]","(3.65,4.38]",-7.5,4.01175364078438,4,0.00218850237870484,0.00141242937853107,0.00265227235753333,8
MMRd,Tplzf-gdlike-comb,ISG15,"(-5,0]","(3.65,4.38]",-2.5,4.01175364078438,7,0.00126326427488631,0.000934111211718887,0.00130634074417906,8
MMRd,Tplzf-gdlike-comb,ISG15,"(-5,0]","[0,0.729]",-2.5,0.364704876434944,4,0.00144797170097771,0.000751503006012024,0.0022385938628926,8
MMRd,Tplzf-gdlike-comb,ISG15,"(-5,0]","(1.46,2.19]",-2.5,1.82352438217472,5,0.000412541254125413,0,0.000772797527047913,8
MMRd,Tplzf-gdlike-comb,ISG15,"(15,20]","(1.46,2.19]",17.5,1.82352438217472,5,0,0,0,8
MMRd,Tplzf-gdlike-comb,ISG15,"(20,25]","(2.19,2.92]",22.5,2.55293413504461,4,0.00231393356809746,0.00135623869801085,0.00587002646100229,8
MMRd,Tplzf-gdlike-comb,ISG15,"(-5,0]","(2.92,3.65]",-2.5,3.2823438879145,6,0.00133742259334362,0.000946419782663608,0.00165349240631042,8
MMRd,Tplzf-gdlike-comb,ISG15,"(-5,0]","(2.19,2.92]",-2.5,2.55293413504461,6,0.00130201388070532,0.000645352505879878,0.00181378104829805,8
MMRd,Tplzf-gdlike-comb,ISG15,"(0,5]","(1.46,2.19]",2.5,1.82352438217472,5,0.00100401606425703,0,0.00147710487444609,8
MMRd,Tplzf-gdlike-comb,ISG15,"(0,5]","(2.19,2.92]",2.5,2.55293413504461,6,0.000247279920870425,0,0.000708207380544332,8
MMRd,Tplzf-gdlike-comb,ISG15,"(-10,-5]","(2.92,3.65]",-7.5,3.2823438879145,5,0.00119189511323004,0.000919117647058824,0.00138350857775318,8
MMRd,Tplzf-gdlike-comb,ISG15,"(0,5]","(2.92,3.65]",2.5,3.2823438879145,6,0.00165902060930214,0.00115109234694441,0.00215079334448791,8
MMRd,Tplzf-gdlike-comb,ISG15,"(-10,-5]","(2.19,2.92]",-7.5,2.55293413504461,4,0.00131144364015334,0.000468164794007491,0.00204012620734806,8
MMRd,Tplzf-gdlike-comb,ISG15,"(-10,-5]","[0,0.729]",-7.5,0.364704876434944,4,0.000965250965250965,0,0.00200220017293188,8
MMRd,Tplzf-gdlike-comb,ISG15,"(5,10]","(2.19,2.92]",7.5,2.55293413504461,4,0.00121613909378,0.00068870523415978,0.00207889963292531,8
MMRd,Tplzf-gdlike-comb,ISG15,"(5,10]","(2.92,3.65]",7.5,3.2823438879145,4,0.00136325197562185,0.000880281690140845,0.00171974061081968,8
MMRd,Tplzf-gdlike-comb,ISG15,"(-10,-5]","(1.46,2.19]",-7.5,1.82352438217472,4,0.00258971344554919,0.00134649910233393,0.0036041691470133,8
MMRd,Myeloid-mregDC,STAT1,"(-15,-10]","(4.38,5.11]",-12.5,4.74116339365427,4,0.0151033550397837,0.00964157984434948,0.0210240163377367,8
MMRd,Myeloid-mregDC,STAT1,"(-5,0]","(3.65,4.38]",-2.5,4.01175364078438,6,0.0113957780268251,0.00799527073169015,0.0151618166116669,8
MMRd,Myeloid-mregDC,STAT1,"(-10,-5]","(3.65,4.38]",-7.5,4.01175364078438,5,0.0114374837535742,0.00811123986095017,0.012205754141238,8
MMRd,Myeloid-mregDC,STAT1,"(-15,-10]","(2.92,3.65]",-12.5,3.2823438879145,7,0.00979325353645267,0.0081129781956299,0.0131224154282028,8
MMRd,Myeloid-mregDC,STAT1,"(-5,0]","(2.92,3.65]",-2.5,3.2823438879145,7,0.00945307224848076,0.00575932459907187,0.012311830535905,8
MMRd,Myeloid-mregDC,STAT1,"(-10,-5]","(2.19,2.92]",-7.5,2.55293413504461,6,0.00767052822685225,0.00445176727394845,0.0166718800110214,8
MMRd,Myeloid-mregDC,STAT1,"(-5,0]","(1.46,2.19]",-2.5,1.82352438217472,4,0.00453022461214532,0.00400253551493015,0.00657909837947023,8
MMRd,Myeloid-mregDC,STAT1,"(-5,0]","(2.19,2.92]",-2.5,2.55293413504461,5,0.00478468899521531,0.004739336492891,0.00975292587776333,8
MMRd,Myeloid-mregDC,STAT1,"(-10,-5]","(2.92,3.65]",-7.5,3.2823438879145,7,0.00873655913978495,0.00706355468804075,0.0154597350375184,8
MMRd,Myeloid-mregDC,STAT1,"(-15,-10]","(3.65,4.38]",-12.5,4.01175364078438,4,0.0126943420419939,0.0104108309990663,0.0147331927767014,8
MMRd,Myeloid-mregDC,STAT1,"(-5,0]","[0,0.729]",-2.5,0.364704876434944,4,0.00553776584145348,0.00471975697426599,0.00631000362673382,8
MMRd,Myeloid-mregDC,STAT1,"(-15,-10]","(2.19,2.92]",-12.5,2.55293413504461,4,0.00671335234891148,0.00503990571499462,0.00954843085953182,8
MMRd,Myeloid-ISG,STAT1,"(-10,-5]","(5.11,5.84]",-7.5,5.47057314652416,5,0.0265808617795187,0.0232056125202375,0.034304932735426,8
MMRd,Myeloid-noDC-noGran,STAT1,"(-10,-5]","(5.11,5.84]",-7.5,5.47057314652416,7,0.0219344056820556,0.0176710483259544,0.0290426341024932,8
MMRd,Myeloid-ISG,STAT1,"(-40,-35]","(4.38,5.11]",-37.5,4.74116339365427,7,0.0225303292894281,0.0188388366970938,0.0238958759871307,8
MMRd,Myeloid-noDC-noGran,STAT1,"(-40,-35]","(4.38,5.11]",-37.5,4.74116339365427,7,0.0229749631811488,0.0132126672289267,0.0289072601835569,8
MMRd,Myeloid-noDC-noGran,STAT1,"(20,25]","(3.65,4.38]",22.5,4.01175364078438,5,0.0224859462835728,0.0213498622589532,0.0232793522267207,8
MMRd,Myeloid-ISG,STAT1,"(0,5]","(3.65,4.38]",2.5,4.01175364078438,8,0.0246174821996667,0.0236078135435147,0.0313420098701951,8
MMRd,Myeloid-noDC-noGran,STAT1,"(0,5]","(3.65,4.38]",2.5,4.01175364078438,8,0.0199434379075812,0.017423594445779,0.0251612519569424,8
MMRd,Myeloid-ISG,STAT1,"(-10,-5]","(2.92,3.65]",-7.5,3.2823438879145,8,0.0190098202250329,0.0153063596930148,0.0265443462049236,8
MMRd,Myeloid-noDC-noGran,STAT1,"(-10,-5]","(2.92,3.65]",-7.5,3.2823438879145,8,0.0163684078151892,0.0135279548047209,0.0213433806458702,8
MMRd,Myeloid-ISG,STAT1,"(-5,0]","(5.11,5.84]",-2.5,5.47057314652416,6,0.0289406073566344,0.0230364223472707,0.031976099955338,8
MMRd,Myeloid-noDC-noGran,STAT1,"(-5,0]","(5.11,5.84]",-2.5,5.47057314652416,6,0.0237514987422261,0.0188529812707444,0.0287421869489532,8
MMRd,Myeloid-ISG,STAT1,"(-10,-5]","(3.65,4.38]",-7.5,4.01175364078438,8,0.0229492609811969,0.0189185218374166,0.0302151891272251,8
MMRd,Myeloid-noDC-noGran,STAT1,"(-10,-5]","(3.65,4.38]",-7.5,4.01175364078438,8,0.0167226814501384,0.0146240037648521,0.0238697053576603,8
MMRd,Myeloid-noDC-noGran,STAT1,"(45,50]","(2.92,3.65]",47.5,3.2823438879145,5,0.0220888355342137,0.0136986301369863,0.0230192719486081,8
MMRd,Myeloid-noDC-noGran,STAT1,"(5,10]","(4.38,5.11]",7.5,4.74116339365427,7,0.0225631768953069,0.0173014019214333,0.0303731686585413,8
MMRd,Myeloid-ISG,STAT1,"(0,5]","(5.11,5.84]",2.5,5.47057314652416,4,0.0291472774236529,0.0199467885723665,0.0401931288588879,8
MMRd,Myeloid-noDC-noGran,STAT1,"(0,5]","(5.11,5.84]",2.5,5.47057314652416,4,0.027201291187348,0.0210520789015874,0.0338800474377857,8
MMRd,Myeloid-ISG,STAT1,"(-15,-10]","(3.65,4.38]",-12.5,4.01175364078438,8,0.0217947238628344,0.0170412520407915,0.032671031761443,8
MMRd,Myeloid-noDC-noGran,STAT1,"(-15,-10]","(3.65,4.38]",-12.5,4.01175364078438,8,0.0170383746143291,0.014807385090615,0.0256415241745324,8
MMRd,Myeloid-noDC-noGran,STAT1,"(-95,-90]","(4.38,5.11]",-92.5,4.74116339365427,4,0.0128223578898466,0.0112036039786766,0.0144046181522462,8
MMRd,Myeloid-ISG,STAT1,"(-15,-10]","(4.38,5.11]",-12.5,4.74116339365427,7,0.024703557312253,0.0199520536764939,0.0293704933320396,8
MMRd,Myeloid-noDC-noGran,STAT1,"(-15,-10]","(4.38,5.11]",-12.5,4.74116339365427,7,0.0202647193062529,0.0171563184666402,0.0238565684017493,8
MMRd,Myeloid-noDC-noGran,STAT1,"(-95,-90]","[0,0.729]",-92.5,0.364704876434944,7,0.0139664804469274,0.0109067232800254,0.0172829109648717,8
MMRd,Myeloid-ISG,STAT1,"(-15,-10]","(5.11,5.84]",-12.5,5.47057314652416,4,0.0353029406225618,0.030782049102526,0.0376777788806489,8
MMRd,Myeloid-noDC-noGran,STAT1,"(-15,-10]","(5.11,5.84]",-12.5,5.47057314652416,6,0.0258909996738082,0.0217981749668281,0.0294418918135129,8
MMRd,Myeloid-noDC-noGran,STAT1,"(-45,-40]","(4.38,5.11]",-42.5,4.74116339365427,6,0.0254692822340786,0.0125532576670317,0.0350823636192974,8
MMRd,Myeloid-ISG,STAT1,"(-5,0]","(4.38,5.11]",-2.5,4.74116339365427,7,0.0264011634411008,0.0240446356608055,0.0295765428274124,8
MMRd,Myeloid-noDC-noGran,STAT1,"(-5,0]","(4.38,5.11]",-2.5,4.74116339365427,8,0.0214115467486174,0.0201583035173004,0.0264209255972535,8
MMRd,Myeloid-ISG,STAT1,"(-20,-15]","(3.65,4.38]",-17.5,4.01175364078438,8,0.0278474005284812,0.0231726091916846,0.0302308431777022,8
MMRd,Myeloid-noDC-noGran,STAT1,"(-20,-15]","(3.65,4.38]",-17.5,4.01175364078438,8,0.0191333353475585,0.0166055052419293,0.0244519790453219,8
MMRd,Myeloid-ISG,STAT1,"(-5,0]","(2.92,3.65]",-2.5,3.2823438879145,8,0.0190694159968833,0.0161910005604534,0.028595625728112,8
MMRd,Myeloid-noDC-noGran,STAT1,"(-5,0]","(2.92,3.65]",-2.5,3.2823438879145,8,0.0149989198242188,0.0112689980337182,0.0215404844060459,8
MMRd,Myeloid-ISG,STAT1,"(-5,0]","(3.65,4.38]",-2.5,4.01175364078438,8,0.0212975294742898,0.0194699528098954,0.0312384959597411,8
MMRd,Myeloid-noDC-noGran,STAT1,"(-5,0]","(3.65,4.38]",-2.5,4.01175364078438,8,0.0170858378315625,0.015847207944061,0.023935398864477,8
MMRd,Myeloid-noDC-noGran,STAT1,"(-25,-20]","(5.11,5.84]",-22.5,5.47057314652416,4,0.016759285873974,0.0133598972730303,0.0215032062292454,8
MMRd,Myeloid-noDC-noGran,STAT1,"(-50,-45]","(3.65,4.38]",-47.5,4.01175364078438,7,0.0202251143158635,0.0147434759221445,0.0213132748118924,8
MMRd,Myeloid-noDC-noGran,STAT1,"(-25,-20]","(3.65,4.38]",-22.5,4.01175364078438,8,0.0185949604234181,0.0171009646940253,0.0260649233990284,8
MMRd,Myeloid-noDC-noGran,STAT1,"(-30,-25]","(3.65,4.38]",-27.5,4.01175364078438,7,0.0192307692307692,0.0148959996002841,0.0230474119279777,8
MMRd,Myeloid-ISG,STAT1,"(-35,-30]","(3.65,4.38]",-32.5,4.01175364078438,7,0.024024024024024,0.0189599656947568,0.0252943695140227,8
MMRd,Myeloid-noDC-noGran,STAT1,"(-35,-30]","(3.65,4.38]",-32.5,4.01175364078438,7,0.0215890410958904,0.0167455223726553,0.0224827185443782,8
MMRd,Myeloid-ISG,STAT1,"(-20,-15]","(5.11,5.84]",-17.5,5.47057314652416,5,0.0250639386189258,0.0210755813953488,0.0278063851699279,8
MMRd,Myeloid-noDC-noGran,STAT1,"(-20,-15]","(5.11,5.84]",-17.5,5.47057314652416,6,0.0216423405974641,0.0193169063702989,0.0251483950126011,8
MMRd,Myeloid-ISG,STAT1,"(0,5]","(4.38,5.11]",2.5,4.74116339365427,6,0.0253905607480052,0.0215380960350001,0.0283633802030565,8
MMRd,Myeloid-noDC-noGran,STAT1,"(0,5]","(4.38,5.11]",2.5,4.74116339365427,7,0.0182149362477231,0.0154974716456438,0.0237494996339973,8
MMRd,Myeloid-ISG,STAT1,"(-10,-5]","(4.38,5.11]",-7.5,4.74116339365427,7,0.0248036893929951,0.0209384998327754,0.0281178294072557,8
MMRd,Myeloid-noDC-noGran,STAT1,"(-10,-5]","(4.38,5.11]",-7.5,4.74116339365427,8,0.0209465300344512,0.0170061558128065,0.0238161113393787,8
MMRd,Myeloid-noDC-noGran,STAT1,"(-20,-15]","(2.92,3.65]",-17.5,3.2823438879145,8,0.0140874463982489,0.0124195132598494,0.018217491065627,8
MMRd,Myeloid-noDC-noGran,STAT1,"(-85,-80]","(3.65,4.38]",-82.5,4.01175364078438,4,0.0106641307940479,0.00887973084056278,0.0144470754019235,8
MMRd,Myeloid-noDC-noGran,STAT1,"(65,70]","(2.92,3.65]",67.5,3.2823438879145,4,0.0220889748549323,0.019950495049505,0.0252912835114487,8
MMRd,Myeloid-ISG,STAT1,"(-20,-15]","(4.38,5.11]",-17.5,4.74116339365427,7,0.0250668449197861,0.0194086850503819,0.0348097545283985,8
MMRd,Myeloid-noDC-noGran,STAT1,"(-20,-15]","(4.38,5.11]",-17.5,4.74116339365427,7,0.0214119333452786,0.0172153603971786,0.0265182142487195,8
MMRd,Myeloid-ISG,STAT1,"(-30,-25]","(4.38,5.11]",-27.5,4.74116339365427,7,0.0260303687635575,0.0193694223099766,0.0313629468221422,8
MMRd,Myeloid-noDC-noGran,STAT1,"(-30,-25]","(4.38,5.11]",-27.5,4.74116339365427,7,0.0238053562051462,0.0162512570558508,0.0276627984187282,8
MMRd,Myeloid-noDC-noGran,STAT1,"(-20,-15]","(2.19,2.92]",-17.5,2.55293413504461,8,0.0108942416835709,0.00882889611310278,0.0185329821789111,8
MMRd,Myeloid-noDC-noGran,STAT1,"(-50,-45]","(4.38,5.11]",-47.5,4.74116339365427,7,0.0164705882352941,0.0140710573423037,0.0220781608289795,8
MMRd,Myeloid-noDC-noGran,STAT1,"(25,30]","(3.65,4.38]",27.5,4.01175364078438,5,0.0192926045016077,0.0134744947064485,0.0250447227191413,8
MMRd,Myeloid-noDC-noGran,STAT1,"(-55,-50]","[0,0.729]",-52.5,0.364704876434944,8,0.0102625876905325,0.00873037990660677,0.0204962295356945,8
MMRd,Myeloid-ISG,STAT1,"(5,10]","(3.65,4.38]",7.5,4.01175364078438,6,0.0196056641248487,0.0183566038661311,0.0268170785048036,8
MMRd,Myeloid-noDC-noGran,STAT1,"(5,10]","(3.65,4.38]",7.5,4.01175364078438,8,0.0174364248317128,0.0155755591487374,0.0249361450883069,8
MMRd,Myeloid-noDC-noGran,STAT1,"(-15,-10]","(2.19,2.92]",-12.5,2.55293413504461,8,0.0120076491643177,0.0106711570428071,0.0153180102844288,8
MMRd,Myeloid-noDC-noGran,STAT1,"(-30,-25]","[0,0.729]",-27.5,0.364704876434944,8,0.00916103171559627,0.00680162387626289,0.0210414704056181,8
MMRd,Myeloid-ISG,STAT1,"(0,5]","(2.92,3.65]",2.5,3.2823438879145,8,0.024929089425905,0.0229063547552163,0.0300113090315155,8
MMRd,Myeloid-noDC-noGran,STAT1,"(0,5]","(2.92,3.65]",2.5,3.2823438879145,8,0.0182258033884199,0.0148859672474586,0.0218443269634041,8
MMRd,Myeloid-ISG,STAT1,"(-5,0]","(2.19,2.92]",-2.5,2.55293413504461,8,0.0183810872352277,0.0163592741761836,0.0274677293144711,8
MMRd,Myeloid-noDC-noGran,STAT1,"(-5,0]","(2.19,2.92]",-2.5,2.55293413504461,8,0.0132302473407301,0.011532285680727,0.0188559309351994,8
MMRd,Myeloid-ISG,STAT1,"(-10,-5]","(1.46,2.19]",-7.5,1.82352438217472,7,0.0154728558089903,0.0122047895253686,0.0302334968166448,8
MMRd,Myeloid-noDC-noGran,STAT1,"(-10,-5]","(1.46,2.19]",-7.5,1.82352438217472,8,0.010438162164176,0.0086039442991447,0.0151917203519017,8
MMRd,Myeloid-noDC-noGran,STAT1,"(-20,-15]","(1.46,2.19]",-17.5,1.82352438217472,7,0.00887557238962067,0.00828255472805236,0.014304308195814,8
MMRd,Myeloid-ISG,STAT1,"(-5,0]","(1.46,2.19]",-2.5,1.82352438217472,6,0.0169065139121191,0.0119168747023197,0.0192701211115903,8
MMRd,Myeloid-noDC-noGran,STAT1,"(-5,0]","(1.46,2.19]",-2.5,1.82352438217472,8,0.0125765624727567,0.00888548420407153,0.0151892069660508,8
MMRd,Myeloid-ISG,STAT1,"(-30,-25]","(2.92,3.65]",-27.5,3.2823438879145,6,0.0197824232081911,0.0162826242652913,0.0257296093494606,8
MMRd,Myeloid-noDC-noGran,STAT1,"(-30,-25]","(2.92,3.65]",-27.5,3.2823438879145,8,0.0152481281936369,0.0123732450532339,0.0190626997602002,8
MMRd,Myeloid-noDC-noGran,STAT1,"(-45,-40]","(3.65,4.38]",-42.5,4.01175364078438,7,0.0181818181818182,0.0156493854280025,0.0223773162463411,8
MMRd,Myeloid-noDC-noGran,STAT1,"(-35,-30]","(4.38,5.11]",-32.5,4.74116339365427,7,0.0244554048499794,0.0132819572509736,0.0276878021729624,8
MMRd,Myeloid-noDC-noGran,STAT1,"(-55,-50]","(3.65,4.38]",-52.5,4.01175364078438,7,0.016342836390049,0.0125504254780085,0.0231935649893883,8
MMRd,Myeloid-noDC-noGran,STAT1,"(35,40]","(2.92,3.65]",37.5,3.2823438879145,7,0.0143597925807738,0.0106105809031412,0.0168583390702131,8
MMRd,Myeloid-noDC-noGran,STAT1,"(-65,-60]","(3.65,4.38]",-62.5,4.01175364078438,7,0.0161264569695034,0.0118819776714514,0.0206387357162217,8
MMRd,Myeloid-ISG,STAT1,"(-10,-5]","(2.19,2.92]",-7.5,2.55293413504461,8,0.016074584178967,0.0145113870516946,0.0221149393373268,8
MMRd,Myeloid-noDC-noGran,STAT1,"(-10,-5]","(2.19,2.92]",-7.5,2.55293413504461,8,0.0125797835525389,0.00956041103458363,0.0165367394273497,8
MMRd,Myeloid-ISG,STAT1,"(-25,-20]","(2.92,3.65]",-22.5,3.2823438879145,6,0.0169196578822512,0.0147181932768257,0.0209272213535237,8
MMRd,Myeloid-noDC-noGran,STAT1,"(-25,-20]","(2.92,3.65]",-22.5,3.2823438879145,8,0.0135870245622883,0.0129222376094855,0.0197274869294237,8
MMRd,Myeloid-ISG,STAT1,"(10,15]","(3.65,4.38]",12.5,4.01175364078438,5,0.0206451612903226,0.0154162384378212,0.0232035928143713,8
MMRd,Myeloid-noDC-noGran,STAT1,"(10,15]","(3.65,4.38]",12.5,4.01175364078438,7,0.0205823293172691,0.0156676352947288,0.0235505035093073,8
MMRd,Myeloid-noDC-noGran,STAT1,"(30,35]","(1.46,2.19]",32.5,1.82352438217472,5,0.0103662750518314,0.00981104651162791,0.0118074477747502,8
MMRd,Myeloid-ISG,STAT1,"(-5,0]","(0.729,1.46]",-2.5,1.09411462930483,4,0.0123211844834088,0.0103763191358747,0.0158699967393356,8
MMRd,Myeloid-noDC-noGran,STAT1,"(-5,0]","(0.729,1.46]",-2.5,1.09411462930483,6,0.010599297844566,0.00767392793149065,0.0166945991537061,8
MMRd,Myeloid-noDC-noGran,STAT1,"(5,10]","(1.46,2.19]",7.5,1.82352438217472,7,0.0127748691099476,0.00905921800072725,0.0195988813674744,8
MMRd,Myeloid-ISG,STAT1,"(-25,-20]","(4.38,5.11]",-22.5,4.74116339365427,7,0.0280871670702179,0.0218798312597725,0.0283435911393628,8
MMRd,Myeloid-noDC-noGran,STAT1,"(-25,-20]","(4.38,5.11]",-22.5,4.74116339365427,7,0.0229474757776645,0.0174500687375462,0.0259350816318936,8
MMRd,Myeloid-ISG,STAT1,"(-5,0]","[0,0.729]",-2.5,0.364704876434944,8,0.0148047854399238,0.01032764534256,0.0259997766525926,8
MMRd,Myeloid-noDC-noGran,STAT1,"(-5,0]","[0,0.729]",-2.5,0.364704876434944,8,0.0109325038293964,0.00699508006350883,0.0147223681681644,8
MMRd,Myeloid-ISG,STAT1,"(0,5]","(2.19,2.92]",2.5,2.55293413504461,7,0.0227790432801822,0.0160993534082937,0.0282951358038756,8
MMRd,Myeloid-noDC-noGran,STAT1,"(0,5]","(2.19,2.92]",2.5,2.55293413504461,8,0.0130596876766888,0.0115277139794825,0.0193301581703584,8
MMRd,Myeloid-ISG,STAT1,"(0,5]","(1.46,2.19]",2.5,1.82352438217472,5,0.0185528756957328,0.0169156019434947,0.0210859251449657,8
MMRd,Myeloid-noDC-noGran,STAT1,"(0,5]","(1.46,2.19]",2.5,1.82352438217472,7,0.0126754913758524,0.00988263388074841,0.0174820292368654,8
MMRd,Myeloid-ISG,STAT1,"(15,20]","(2.92,3.65]",17.5,3.2823438879145,5,0.0206794682422452,0.019620253164557,0.0223048327137546,8
MMRd,Myeloid-noDC-noGran,STAT1,"(15,20]","(2.92,3.65]",17.5,3.2823438879145,8,0.0156134408436251,0.0122794968189705,0.0213724356775852,8
MMRd,Myeloid-noDC-noGran,STAT1,"(35,40]","(2.19,2.92]",37.5,2.55293413504461,7,0.00918884664131812,0.00676208759714205,0.0242364534623397,8
MMRd,Myeloid-ISG,STAT1,"(5,10]","(2.92,3.65]",7.5,3.2823438879145,6,0.0282905982905983,0.0186548337283631,0.0328758741258741,8
MMRd,Myeloid-noDC-noGran,STAT1,"(5,10]","(2.92,3.65]",7.5,3.2823438879145,8,0.0185966823808765,0.0139509473182462,0.0243988057059687,8
MMRd,Myeloid-ISG,STAT1,"(-15,-10]","(2.19,2.92]",-12.5,2.55293413504461,7,0.0185688405797101,0.0145678497959786,0.0248278850171294,8
MMRd,Myeloid-ISG,STAT1,"(-20,-15]","(2.92,3.65]",-17.5,3.2823438879145,7,0.0206671501087745,0.0166607597106048,0.0260384425884089,8
MMRd,Myeloid-noDC-noGran,STAT1,"(20,25]","[0,0.729]",22.5,0.364704876434944,5,0.011014948859166,0.0108094519859226,0.0137581462708182,8
MMRd,Myeloid-noDC-noGran,STAT1,"(30,35]","(2.19,2.92]",32.5,2.55293413504461,7,0.0167897918065816,0.0145772947985498,0.0192327251011185,8
MMRd,Myeloid-noDC-noGran,STAT1,"(20,25]","(2.19,2.92]",22.5,2.55293413504461,6,0.0169642168460926,0.0108678255039282,0.022962500215805,8
MMRd,Myeloid-ISG,STAT1,"(-15,-10]","(1.46,2.19]",-12.5,1.82352438217472,6,0.0146459601725013,0.0128402298744004,0.0164990898297321,8
MMRd,Myeloid-noDC-noGran,STAT1,"(-15,-10]","(1.46,2.19]",-12.5,1.82352438217472,7,0.00921588594704684,0.00904232587009312,0.0131910516280858,8
MMRd,Myeloid-ISG,STAT1,"(-25,-20]","(3.65,4.38]",-22.5,4.01175364078438,6,0.0271178678299884,0.024572907615767,0.0315708100369781,8
MMRd,Myeloid-noDC-noGran,STAT1,"(-10,-5]","(0.729,1.46]",-7.5,1.09411462930483,6,0.0109567782290805,0.0071610800528703,0.0184686882709204,8
MMRd,Myeloid-noDC-noGran,STAT1,"(20,25]","(1.46,2.19]",22.5,1.82352438217472,5,0.0092539039907461,0.00652804642166344,0.0120826010544815,8
MMRd,Myeloid-ISG,STAT1,"(0,5]","[0,0.729]",2.5,0.364704876434944,5,0.0135048231511254,0.0100647016534867,0.0150259067357513,8
MMRd,Myeloid-noDC-noGran,STAT1,"(0,5]","[0,0.729]",2.5,0.364704876434944,8,0.011363958373182,0.00789308016126366,0.0154135427646718,8
MMRd,Myeloid-noDC-noGran,STAT1,"(-70,-65]","(2.92,3.65]",-67.5,3.2823438879145,6,0.0179751269043273,0.0133533366862143,0.0194917651328359,8
MMRd,Myeloid-noDC-noGran,STAT1,"(15,20]","(3.65,4.38]",17.5,4.01175364078438,6,0.0183984049004955,0.0181201664909027,0.019776080859377,8
MMRd,Myeloid-noDC-noGran,STAT1,"(10,15]","[0,0.729]",12.5,0.364704876434944,7,0.0132851799303495,0.00612042475162365,0.0195893021646203,8
MMRd,Myeloid-ISG,STAT1,"(-35,-30]","(2.92,3.65]",-32.5,3.2823438879145,5,0.0195355694802801,0.0181602842479274,0.0216535433070866,8
MMRd,Myeloid-noDC-noGran,STAT1,"(-35,-30]","(2.92,3.65]",-32.5,3.2823438879145,7,0.0144894335948686,0.0139819302693165,0.0172000417417068,8
MMRd,Myeloid-ISG,STAT1,"(5,10]","(2.19,2.92]",7.5,2.55293413504461,6,0.0232541100617337,0.0179068036280009,0.0256054618897085,8
MMRd,Myeloid-noDC-noGran,STAT1,"(5,10]","(2.19,2.92]",7.5,2.55293413504461,8,0.0143521294893121,0.0123496086282665,0.0173044422984066,8
MMRd,Myeloid-noDC-noGran,STAT1,"(-35,-30]","(2.19,2.92]",-32.5,2.55293413504461,7,0.0114300903774588,0.0100168966797867,0.0168653330650841,8
MMRd,Myeloid-noDC-noGran,STAT1,"(25,30]","(2.92,3.65]",27.5,3.2823438879145,7,0.0147469111199681,0.0128874690658107,0.0210106084425147,8
MMRd,Myeloid-noDC-noGran,STAT1,"(-35,-30]","[0,0.729]",-32.5,0.364704876434944,8,0.00843068711253462,0.00725730489381434,0.0126330235064323,8
MMRd,Myeloid-ISG,STAT1,"(-30,-25]","(3.65,4.38]",-27.5,4.01175364078438,6,0.0218343972457056,0.0171717516683982,0.0246856362283665,8
MMRd,Myeloid-noDC-noGran,STAT1,"(-50,-45]","(2.92,3.65]",-47.5,3.2823438879145,6,0.0138213967688589,0.0118664015959466,0.0163154632785869,8
MMRd,Myeloid-ISG,STAT1,"(-20,-15]","(2.19,2.92]",-17.5,2.55293413504461,7,0.0141752577319588,0.0126013328836111,0.0251852466567297,8
MMRd,Myeloid-ISG,STAT1,"(-15,-10]","(2.92,3.65]",-12.5,3.2823438879145,8,0.0196841545826172,0.0152372541276318,0.0231201739382076,8
MMRd,Myeloid-noDC-noGran,STAT1,"(-15,-10]","(2.92,3.65]",-12.5,3.2823438879145,8,0.0136403035200009,0.012337073323896,0.0201035270882063,8
MMRd,Myeloid-noDC-noGran,STAT1,"(0,5]","(0.729,1.46]",2.5,1.09411462930483,4,0.00858737773484242,0.00650518116857753,0.0108723837775526,8
MMRd,Myeloid-ISG,STAT1,"(10,15]","(2.92,3.65]",12.5,3.2823438879145,6,0.017608589063221,0.0144383867349653,0.0246810529184837,8
MMRd,Myeloid-noDC-noGran,STAT1,"(10,15]","(2.92,3.65]",12.5,3.2823438879145,7,0.0192102454642476,0.0138027054161953,0.0223655266015402,8
MMRd,Myeloid-noDC-noGran,STAT1,"(-75,-70]","[0,0.729]",-72.5,0.364704876434944,7,0.0122448979591837,0.0100718209999693,0.0174048006717795,8
MMRd,Myeloid-ISG,STAT1,"(-40,-35]","(3.65,4.38]",-37.5,4.01175364078438,5,0.0275026220720196,0.0270988310308183,0.0277690123067214,8
MMRd,Myeloid-noDC-noGran,STAT1,"(-40,-35]","(3.65,4.38]",-37.5,4.01175364078438,7,0.0199323053779616,0.0180305474295442,0.0260462473596567,8
MMRd,Myeloid-noDC-noGran,STAT1,"(-45,-40]","(2.92,3.65]",-42.5,3.2823438879145,6,0.0147786700576673,0.012807941591877,0.0168990341435105,8
MMRd,Myeloid-noDC-noGran,STAT1,"(15,20]","(2.19,2.92]",17.5,2.55293413504461,7,0.0151362260343088,0.0102851396207162,0.0158312191903107,8
MMRd,Myeloid-noDC-noGran,STAT1,"(45,50]","[0,0.729]",47.5,0.364704876434944,5,0.00774526678141136,0.00639163277164439,0.00793650793650794,8
MMRd,Myeloid-ISG,STAT1,"(-35,-30]","(2.19,2.92]",-32.5,2.55293413504461,4,0.0209765819631291,0.0172877037107327,0.0230561383431877,8
MMRd,Myeloid-ISG,STAT1,"(-40,-35]","(2.19,2.92]",-37.5,2.55293413504461,4,0.0148589921538866,0.0132715258463754,0.0182690083967836,8
MMRd,Myeloid-noDC-noGran,STAT1,"(-40,-35]","(2.19,2.92]",-37.5,2.55293413504461,7,0.0138019021108791,0.0102912207849645,0.0186317525613003,8
MMRd,Myeloid-noDC-noGran,STAT1,"(20,25]","(2.92,3.65]",22.5,3.2823438879145,5,0.01131648434553,0.0099009900990099,0.0282784851992724,8
MMRd,Myeloid-ISG,STAT1,"(-35,-30]","[0,0.729]",-32.5,0.364704876434944,4,0.00926901186025075,0.00767321517920628,0.0122821221472413,8
MMRd,Myeloid-ISG,STAT1,"(-35,-30]","(4.38,5.11]",-32.5,4.74116339365427,6,0.0273366180080544,0.024598820101477,0.031806821243756,8
MMRd,Myeloid-ISG,STAT1,"(-50,-45]","(2.92,3.65]",-47.5,3.2823438879145,4,0.019738733823505,0.0151851348969276,0.0242757095838086,8
MMRd,Myeloid-ISG,STAT1,"(-25,-20]","(2.19,2.92]",-22.5,2.55293413504461,6,0.0182642434557095,0.0157378975700368,0.0234194429365315,8
MMRd,Myeloid-noDC-noGran,STAT1,"(-25,-20]","(2.19,2.92]",-22.5,2.55293413504461,8,0.0120157993333645,0.0114084613994334,0.0197523871691533,8
MMRd,Myeloid-ISG,STAT1,"(-45,-40]","(3.65,4.38]",-42.5,4.01175364078438,4,0.0216595819377366,0.0171450149974625,0.0262029677060508,8
MMRd,Myeloid-noDC-noGran,STAT1,"(30,35]","(0.729,1.46]",32.5,1.09411462930483,4,0.00684814195668883,0.0050835366307071,0.010366014615577,8
MMRd,Myeloid-ISG,STAT1,"(-10,-5]","[0,0.729]",-7.5,0.364704876434944,8,0.0125748611291404,0.00965815970452389,0.0178878186171829,8
MMRd,Myeloid-noDC-noGran,STAT1,"(-10,-5]","[0,0.729]",-7.5,0.364704876434944,8,0.00888996343094799,0.00716168777760074,0.0125597574323748,8
MMRd,Myeloid-ISG,STAT1,"(10,15]","(2.19,2.92]",12.5,2.55293413504461,4,0.0156649775569019,0.0147624907284876,0.0173167368933082,8
MMRd,Myeloid-noDC-noGran,STAT1,"(10,15]","(2.19,2.92]",12.5,2.55293413504461,7,0.0159618573797678,0.0111407557501274,0.0209045916623219,8
MMRd,Myeloid-noDC-noGran,STAT1,"(-35,-30]","(1.46,2.19]",-32.5,1.82352438217472,6,0.00782692139892247,0.00608815610804523,0.0155125728086835,8
MMRd,Myeloid-noDC-noGran,STAT1,"(50,55]","(1.46,2.19]",52.5,1.82352438217472,4,0.00687643546164446,0.00562166013537585,0.0092455756512168,8
MMRd,Myeloid-noDC-noGran,STAT1,"(-75,-70]","(2.19,2.92]",-72.5,2.55293413504461,4,0.0148807184263681,0.0105683522922741,0.01809339726656,8
MMRd,Myeloid-noDC-noGran,STAT1,"(-60,-55]","(4.38,5.11]",-57.5,4.74116339365427,7,0.0206677265500795,0.0177024085387262,0.0257927072293631,8
MMRd,Myeloid-ISG,STAT1,"(-45,-40]","(2.92,3.65]",-42.5,3.2823438879145,4,0.018646783874026,0.0167277738338832,0.0213577090473595,8
MMRd,Myeloid-noDC-noGran,STAT1,"(50,55]","(2.19,2.92]",52.5,2.55293413504461,6,0.0156675317451066,0.0109687913945406,0.0197233811121043,8
MMRd,Myeloid-noDC-noGran,STAT1,"[-100,-95]","[0,0.729]",-97.5,0.364704876434944,7,0.0142222222222222,0.0107580153755336,0.0154634251607849,8
MMRd,Myeloid-noDC-noGran,STAT1,"(-50,-45]","(2.19,2.92]",-47.5,2.55293413504461,7,0.00980776775205963,0.00826877368855445,0.0141320321678316,8
MMRd,Myeloid-noDC-noGran,STAT1,"(-50,-45]","[0,0.729]",-47.5,0.364704876434944,8,0.00903798968864829,0.00764522620543115,0.0128025782498344,8
MMRd,Myeloid-noDC-noGran,STAT1,"(-85,-80]","(2.92,3.65]",-82.5,3.2823438879145,4,0.0142684385549536,0.0131774712017123,0.0157175010360378,8
MMRd,Myeloid-noDC-noGran,STAT1,"(-65,-60]","(2.19,2.92]",-62.5,2.55293413504461,5,0.0134529147982063,0.0109307447589526,0.0193256578947368,8
MMRd,Myeloid-noDC-noGran,STAT1,"(60,65]","[0,0.729]",62.5,0.364704876434944,6,0.0100093409779038,0.00530153997840274,0.0130143486654402,8
MMRd,Myeloid-ISG,STAT1,"(-15,-10]","[0,0.729]",-12.5,0.364704876434944,8,0.0114998257218358,0.00989983440531219,0.0188794114264034,8
MMRd,Myeloid-noDC-noGran,STAT1,"(-15,-10]","[0,0.729]",-12.5,0.364704876434944,8,0.00808377567216756,0.00770124621876613,0.0121842139154405,8
MMRd,Myeloid-noDC-noGran,STAT1,"(15,20]","[0,0.729]",17.5,0.364704876434944,5,0.00821845174973489,0.00542888165038002,0.0118726389638424,8
MMRd,Myeloid-noDC-noGran,STAT1,"(30,35]","(2.92,3.65]",32.5,3.2823438879145,6,0.015759086693777,0.0124122418099135,0.0181795949117871,8
MMRd,Myeloid-ISG,STAT1,"(5,10]","[0,0.729]",7.5,0.364704876434944,4,0.0140749135295298,0.0106889460810923,0.0181669891040499,8
MMRd,Myeloid-noDC-noGran,STAT1,"(5,10]","[0,0.729]",7.5,0.364704876434944,8,0.00901660938382774,0.00785327633816661,0.0167545455973984,8
MMRd,Myeloid-noDC-noGran,STAT1,"(10,15]","(1.46,2.19]",12.5,1.82352438217472,6,0.00984845820187867,0.00642952630150928,0.0213872416409444,8
MMRd,Myeloid-ISG,STAT1,"(-30,-25]","[0,0.729]",-27.5,0.364704876434944,4,0.0160066193103028,0.0110701824342623,0.0204551958139155,8
MMRd,Myeloid-ISG,STAT1,"(-40,-35]","(2.92,3.65]",-37.5,3.2823438879145,4,0.0171698764378125,0.0162513646524685,0.0195839351058572,8
MMRd,Myeloid-noDC-noGran,STAT1,"(-40,-35]","(2.92,3.65]",-37.5,3.2823438879145,7,0.0141459160934018,0.0108303440763098,0.0203740471607402,8
MMRd,Myeloid-ISG,STAT1,"(-25,-20]","(1.46,2.19]",-22.5,1.82352438217472,4,0.0142426085329341,0.0117139789309591,0.0186249799450365,8
MMRd,Myeloid-noDC-noGran,STAT1,"(-25,-20]","(1.46,2.19]",-22.5,1.82352438217472,7,0.00952498002826768,0.00801969484720964,0.0151492083883156,8
MMRd,Myeloid-noDC-noGran,STAT1,"(85,90]","[0,0.729]",87.5,0.364704876434944,4,0.0115504050405041,0.00632191297947529,0.0156916243654822,8
MMRd,Myeloid-noDC-noGran,STAT1,"(15,20]","(1.46,2.19]",17.5,1.82352438217472,5,0.013655462184874,0.00718484650555193,0.0140234574196838,8
MMRd,Myeloid-noDC-noGran,STAT1,"(65,70]","[0,0.729]",67.5,0.364704876434944,5,0.00980392156862745,0.00449101796407186,0.0133420110641067,8
MMRd,Myeloid-ISG,STAT1,"(-25,-20]","[0,0.729]",-22.5,0.364704876434944,7,0.0198821796759941,0.0142656218605586,0.0253021313996924,8
MMRd,Myeloid-noDC-noGran,STAT1,"(-25,-20]","[0,0.729]",-22.5,0.364704876434944,8,0.00960137208504423,0.0075552323896256,0.017497925596129,8
MMRd,Myeloid-noDC-noGran,STAT1,"(25,30]","(2.19,2.92]",27.5,2.55293413504461,6,0.0152193752983331,0.0104178724423267,0.020488114545948,8
MMRd,Myeloid-ISG,STAT1,"(-20,-15]","(1.46,2.19]",-17.5,1.82352438217472,4,0.0175817835097645,0.00886759587567849,0.0262276088856822,8
MMRd,Myeloid-noDC-noGran,STAT1,"(35,40]","[0,0.729]",37.5,0.364704876434944,5,0.00665557404326123,0.00485651214128035,0.0100250626566416,8
MMRd,Myeloid-noDC-noGran,STAT1,"(-55,-50]","(2.92,3.65]",-52.5,3.2823438879145,6,0.0125596960199503,0.0100564194094869,0.014046045506963,8
MMRd,Myeloid-noDC-noGran,STAT1,"(-65,-60]","(2.92,3.65]",-62.5,3.2823438879145,5,0.0121057661675693,0.00832408435072142,0.0155454301795765,8
MMRd,Myeloid-noDC-noGran,STAT1,"(-70,-65]","(2.19,2.92]",-67.5,2.55293413504461,5,0.0103567318757192,0.00931716656030632,0.0180541624874624,8
MMRd,Myeloid-noDC-noGran,STAT1,"(75,80]","[0,0.729]",77.5,0.364704876434944,4,0.00986877455253197,0.00681376846548459,0.0127505635250326,8
MMRd,Myeloid-noDC-noGran,STAT1,"(-75,-70]","(3.65,4.38]",-72.5,4.01175364078438,4,0.0136647357908615,0.0100611473348864,0.0191694976119335,8
MMRd,Myeloid-noDC-noGran,STAT1,"(-65,-60]","[0,0.729]",-62.5,0.364704876434944,8,0.00945728583343262,0.00807320987175008,0.0145483061480552,8
MMRd,Myeloid-noDC-noGran,STAT1,"(-70,-65]","(3.65,4.38]",-67.5,4.01175364078438,5,0.0169811320754717,0.012779552715655,0.0207368188837415,8
MMRd,Myeloid-noDC-noGran,STAT1,"(25,30]","[0,0.729]",27.5,0.364704876434944,5,0.00842886041807148,0.00528401585204756,0.00851063829787234,8
MMRd,Myeloid-ISG,STAT1,"(-40,-35]","[0,0.729]",-37.5,0.364704876434944,4,0.013830761921998,0.0112041290336634,0.0161008681108633,8
MMRd,Myeloid-noDC-noGran,STAT1,"(-40,-35]","[0,0.729]",-37.5,0.364704876434944,8,0.00761475524010768,0.00661157200904531,0.0139962113264554,8
MMRd,Myeloid-noDC-noGran,STAT1,"(-55,-50]","(2.19,2.92]",-52.5,2.55293413504461,6,0.0108099539413276,0.00737026904138805,0.0125457157493819,8
MMRd,Myeloid-noDC-noGran,STAT1,"(40,45]","[0,0.729]",42.5,0.364704876434944,6,0.00979014343000996,0.00633812097751342,0.0160258948368704,8
MMRd,Myeloid-noDC-noGran,STAT1,"(65,70]","(2.19,2.92]",67.5,2.55293413504461,4,0.0150439423917545,0.0091472250398493,0.0207107167787207,8
MMRd,Myeloid-noDC-noGran,STAT1,"(-30,-25]","(1.46,2.19]",-27.5,1.82352438217472,5,0.0092356441765206,0.00889679715302491,0.0147723846849563,8
MMRd,Myeloid-ISG,STAT1,"(-30,-25]","(2.19,2.92]",-27.5,2.55293413504461,4,0.0144477239371801,0.0132103273866145,0.0160875347379788,8
MMRd,Myeloid-noDC-noGran,STAT1,"(-30,-25]","(2.19,2.92]",-27.5,2.55293413504461,8,0.0115893628261923,0.0100797253260302,0.0136716695135541,8
MMRd,Myeloid-noDC-noGran,STAT1,"(35,40]","(1.46,2.19]",37.5,1.82352438217472,5,0.0115403913697943,0.0108439415370108,0.0255474452554745,8
MMRd,Myeloid-noDC-noGran,STAT1,"(40,45]","(2.19,2.92]",42.5,2.55293413504461,7,0.0125074449076831,0.0106952266411367,0.0194493876769996,8
MMRd,Myeloid-noDC-noGran,STAT1,"(-70,-65]","[0,0.729]",-67.5,0.364704876434944,8,0.00846386954483094,0.00594965871282714,0.0108578183046268,8
MMRd,Myeloid-noDC-noGran,STAT1,"(25,30]","(1.46,2.19]",27.5,1.82352438217472,5,0.0119186046511628,0.00884955752212389,0.0140360928100831,8
MMRd,Myeloid-noDC-noGran,STAT1,"(40,45]","(1.46,2.19]",42.5,1.82352438217472,5,0.00950570342205323,0.00564174894217207,0.0130340333091962,8
MMRd,Myeloid-ISG,STAT1,"(-20,-15]","[0,0.729]",-17.5,0.364704876434944,6,0.0140402175146733,0.00910882646031316,0.0193870053982176,8
MMRd,Myeloid-noDC-noGran,STAT1,"(-20,-15]","[0,0.729]",-17.5,0.364704876434944,8,0.00925898021397193,0.00763166527143656,0.0134986555464406,8
MMRd,Myeloid-noDC-noGran,STAT1,"(55,60]","(2.19,2.92]",57.5,2.55293413504461,5,0.0132669983416252,0.00878734622144113,0.0204892966360856,8
MMRd,Myeloid-noDC-noGran,STAT1,"(-60,-55]","(2.19,2.92]",-57.5,2.55293413504461,5,0.0123308270676692,0.0119427962878442,0.0173531772988328,8
MMRd,Myeloid-noDC-noGran,STAT1,"(55,60]","(1.46,2.19]",57.5,1.82352438217472,4,0.00929911425159236,0.00565461189516129,0.0141728042676064,8
MMRd,Myeloid-noDC-noGran,STAT1,"(-65,-60]","(4.38,5.11]",-62.5,4.74116339365427,4,0.0187919914324271,0.0154810081225153,0.0255376344086022,8
MMRd,Myeloid-noDC-noGran,STAT1,"(50,55]","[0,0.729]",52.5,0.364704876434944,7,0.00792079207920792,0.00592354176860056,0.0123008139472395,8
MMRd,Myeloid-noDC-noGran,STAT1,"(30,35]","[0,0.729]",32.5,0.364704876434944,5,0.00812693498452012,0.00600739371534196,0.0085978835978836,8
MMRd,Myeloid-ISG,STAT1,"(-45,-40]","[0,0.729]",-42.5,0.364704876434944,4,0.0106004374641423,0.00868931677249958,0.0127524545334739,8
MMRd,Myeloid-noDC-noGran,STAT1,"(-45,-40]","[0,0.729]",-42.5,0.364704876434944,7,0.0110169491525424,0.00853411916554194,0.0138775189860723,8
MMRd,Myeloid-noDC-noGran,STAT1,"(-40,-35]","(1.46,2.19]",-37.5,1.82352438217472,6,0.0158608838631544,0.0115072945168332,0.0160291502752068,8
MMRd,Myeloid-noDC-noGran,STAT1,"(40,45]","(2.92,3.65]",42.5,3.2823438879145,7,0.0147239263803681,0.0116585655161744,0.0193719190458426,8
MMRd,Myeloid-ISG,STAT1,"(15,20]","(3.65,4.38]",17.5,4.01175364078438,4,0.0275028654325217,0.0168095092337517,0.0345383034231955,8
MMRd,Myeloid-noDC-noGran,STAT1,"(-60,-55]","(3.65,4.38]",-57.5,4.01175364078438,5,0.0213092259262249,0.0161793372319688,0.0242024202420242,8
MMRd,Myeloid-ISG,STAT1,"(-45,-40]","(4.38,5.11]",-42.5,4.74116339365427,4,0.0323109710896961,0.0205922269828132,0.0435430018804928,8
MMRd,Myeloid-noDC-noGran,STAT1,"(-60,-55]","(2.92,3.65]",-57.5,3.2823438879145,6,0.0133069250486834,0.0105494126482788,0.0190723542303357,8
MMRd,Myeloid-noDC-noGran,STAT1,"(-45,-40]","(2.19,2.92]",-42.5,2.55293413504461,6,0.0119970977583198,0.00966973027538804,0.0126568784236635,8
MMRd,Myeloid-noDC-noGran,STAT1,"(45,50]","(1.46,2.19]",47.5,1.82352438217472,4,0.00836777146727935,0.00602793950923311,0.0128165181750162,8
MMRd,Myeloid-noDC-noGran,STAT1,"(-55,-50]","(4.38,5.11]",-52.5,4.74116339365427,7,0.0234159779614325,0.0164671985815603,0.0261153497356448,8
MMRd,Myeloid-noDC-noGran,STAT1,"(-80,-75]","[0,0.729]",-77.5,0.364704876434944,8,0.00882866235499435,0.00729271633005409,0.0122399220951952,8
MMRd,Myeloid-noDC-noGran,STAT1,"(-75,-70]","(2.92,3.65]",-72.5,3.2823438879145,5,0.01620029455081,0.0154535620460516,0.016793893129771,8
MMRd,Myeloid-noDC-noGran,STAT1,"(-90,-85]","[0,0.729]",-87.5,0.364704876434944,8,0.0134991003841603,0.00793376858356133,0.0170087137473697,8
MMRd,Myeloid-noDC-noGran,STAT1,"(-85,-80]","(2.19,2.92]",-82.5,2.55293413504461,4,0.0101160185490734,0.00768112680417248,0.0134406956932914,8
MMRd,Myeloid-noDC-noGran,STAT1,"(-90,-85]","(2.19,2.92]",-87.5,2.55293413504461,4,0.013765272796963,0.0103688298180185,0.0163057003420117,8
MMRd,Myeloid-noDC-noGran,STAT1,"(80,85]","[0,0.729]",82.5,0.364704876434944,4,0.00579226959577235,0.00463863347794899,0.00918140008593389,8
MMRd,Myeloid-noDC-noGran,STAT1,"(-85,-80]","[0,0.729]",-82.5,0.364704876434944,8,0.0119348597609467,0.0111853549981031,0.0201185553725306,8
MMRd,Myeloid-noDC-noGran,STAT1,"(-80,-75]","(2.92,3.65]",-77.5,3.2823438879145,4,0.0104877383295024,0.009860064812895,0.0126133260983998,8
MMRd,Myeloid-noDC-noGran,STAT1,"(60,65]","(2.92,3.65]",62.5,3.2823438879145,4,0.0200354908129059,0.0167209575158504,0.0256035765880138,8
MMRd,Myeloid-noDC-noGran,STAT1,"(60,65]","(2.19,2.92]",62.5,2.55293413504461,4,0.015384893021107,0.011088624673244,0.0196931738468967,8
MMRd,Myeloid-noDC-noGran,STAT1,"(70,75]","[0,0.729]",72.5,0.364704876434944,5,0.00706713780918728,0.00397614314115308,0.0100200400801603,8
MMRd,Myeloid-noDC-noGran,STAT1,"(70,75]","(2.19,2.92]",72.5,2.55293413504461,4,0.0197468176869143,0.0156770860557908,0.0242555349359113,8
MMRd,Myeloid-noDC-noGran,STAT1,"(90,95]","[0,0.729]",92.5,0.364704876434944,4,0.00308109552762812,0.00207363740363537,0.00737286697718887,8
MMRd,Myeloid-noDC-noGran,STAT1,"(45,50]","(2.19,2.92]",47.5,2.55293413504461,5,0.0135566188197767,0.00806885422270038,0.0180505415162455,8
MMRd,Myeloid-noDC-noGran,STAT1,"(-60,-55]","[0,0.729]",-57.5,0.364704876434944,8,0.00920511940587438,0.00807226931025188,0.0199527317106413,8
MMRd,Myeloid-noDC-noGran,STAT1,"(55,60]","(2.92,3.65]",57.5,3.2823438879145,5,0.0233644859813084,0.0193204530313125,0.0267290344136318,8
MMRd,Myeloid-noDC-noGran,STAT1,"(-80,-75]","(2.19,2.92]",-77.5,2.55293413504461,4,0.00948057936928548,0.0067674529048599,0.0125989903039566,8
MMRd,Myeloid-noDC-noGran,STAT1,"(20,25]","(0.729,1.46]",22.5,1.09411462930483,4,0.00851757404198898,0.00661651413922722,0.0109555345896537,8
MMRd,Myeloid-noDC-noGran,STAT1,"(55,60]","[0,0.729]",57.5,0.364704876434944,5,0.0111038536903984,0.00689358035329599,0.0117486804018389,8
MMRd,Myeloid-noDC-noGran,STAT1,"(-15,-10]","(0.729,1.46]",-12.5,1.09411462930483,4,0.00554682752206488,0.00264335917889217,0.00944448983522751,8
MMRd,Myeloid-noDC-noGran,STAT1,"(-45,-40]","(1.46,2.19]",-42.5,1.82352438217472,4,0.011132483871786,0.0092385906233979,0.0143236587669347,8
MMRd,Myeloid-noDC-noGran,STAT1,"(-50,-45]","(1.46,2.19]",-47.5,1.82352438217472,4,0.010101399197825,0.00889245559799976,0.0127385819492252,8
MMRd,Tcd4-CXCL13,STAT1,"(-5,0]","(3.65,4.38]",-2.5,4.01175364078438,7,0.0162297128589263,0.014745068431956,0.0227059799626579,8
MMRd,Tcd4-CXCL13,STAT1,"(-10,-5]","(2.92,3.65]",-7.5,3.2823438879145,7,0.0165441176470588,0.0124329616440967,0.0194533619448266,8
MMRd,Tcd4-CXCL13,STAT1,"(0,5]","(2.19,2.92]",2.5,2.55293413504461,5,0.010752688172043,0.00820152314001172,0.015625,8
MMRd,Tcd4-CXCL13,STAT1,"(-10,-5]","(1.46,2.19]",-7.5,1.82352438217472,4,0.015221888886134,0.0143355871289993,0.0161819447178891,8
MMRd,Tcd4-CXCL13,STAT1,"(-5,0]","(2.19,2.92]",-2.5,2.55293413504461,6,0.0170152571896607,0.0135800389338125,0.018338206821635,8
MMRd,Tcd4-CXCL13,STAT1,"(-5,0]","(1.46,2.19]",-2.5,1.82352438217472,6,0.0146307568303733,0.0120566625634713,0.0166065018563085,8
MMRd,Tcd4-CXCL13,STAT1,"(-10,-5]","(2.19,2.92]",-7.5,2.55293413504461,6,0.0206609009855141,0.0153469673272698,0.0233248902000886,8
MMRd,Tcd4-CXCL13,STAT1,"(-15,-10]","(2.92,3.65]",-12.5,3.2823438879145,6,0.0211044314668499,0.0155842737531853,0.0286962631438533,8
MMRd,Tcd4-CXCL13,STAT1,"(-15,-10]","(3.65,4.38]",-12.5,4.01175364078438,4,0.0192817141913592,0.0103057520219797,0.0299713039353343,8
MMRd,Tcd4-CXCL13,STAT1,"(0,5]","(2.92,3.65]",2.5,3.2823438879145,6,0.0182196057443582,0.0168451924378469,0.0202096430722764,8
MMRd,Tcd4-CXCL13,STAT1,"(-5,0]","(2.92,3.65]",-2.5,3.2823438879145,6,0.0179595772105872,0.0137845671763119,0.0194188276213584,8
MMRd,Tcd4-CXCL13,STAT1,"(-5,0]","[0,0.729]",-2.5,0.364704876434944,4,0.0130868567812364,0.00462130448034136,0.0222333458474117,8
MMRd,Tcd4-CXCL13,STAT1,"(0,5]","(1.46,2.19]",2.5,1.82352438217472,4,0.0154057476892123,0.00987459650734053,0.0217584348750268,8
MMRd,Tcd4-CXCL13,STAT1,"(-10,-5]","(3.65,4.38]",-7.5,4.01175364078438,4,0.0247414437614222,0.021164844058525,0.0279264176777698,8
MMRd,Tcd4-Treg-comb,STAT1,"(-10,-5]","(3.65,4.38]",-7.5,4.01175364078438,8,0.0201491477910853,0.0136408785084336,0.0259336408272578,8
MMRd,Tcd4-Treg-comb,STAT1,"(-5,0]","(4.38,5.11]",-2.5,4.74116339365427,4,0.0232228981025086,0.0197629334161817,0.0253030717515354,8
MMRd,Tcd4-Treg-comb,STAT1,"(-10,-5]","(2.92,3.65]",-7.5,3.2823438879145,8,0.018878355718626,0.0170811866507935,0.0205890244162169,8
MMRd,Tcd4-Treg-comb,STAT1,"(-5,0]","(2.92,3.65]",-2.5,3.2823438879145,8,0.0148487520816859,0.0120862709542845,0.0197976896558817,8
MMRd,Tcd4-Treg-comb,STAT1,"(-5,0]","(3.65,4.38]",-2.5,4.01175364078438,7,0.0164569215876089,0.0107987737868009,0.0209264081004155,8
MMRd,Tcd4-Treg-comb,STAT1,"(-10,-5]","(4.38,5.11]",-7.5,4.74116339365427,5,0.0192916198836379,0.0182648401826484,0.0194174757281553,8
MMRd,Tcd4-Treg-comb,STAT1,"(0,5]","(2.92,3.65]",2.5,3.2823438879145,6,0.0206143035248782,0.0173401467786274,0.021993863560094,8
MMRd,Tcd4-Treg-comb,STAT1,"(-15,-10]","(1.46,2.19]",-12.5,1.82352438217472,4,0.0172186144269893,0.0154490906841519,0.0178502160101063,8
MMRd,Tcd4-Treg-comb,STAT1,"(-10,-5]","[0,0.729]",-7.5,0.364704876434944,6,0.0178357973423991,0.0134609233393752,0.02076530925925,8
MMRd,Tcd4-Treg-comb,STAT1,"(-5,0]","(2.19,2.92]",-2.5,2.55293413504461,7,0.0162721893491124,0.0134811367227487,0.0197928677662472,8
MMRd,Tcd4-Treg-comb,STAT1,"(-15,-10]","(2.19,2.92]",-12.5,2.55293413504461,7,0.0195903829029386,0.0152046083168532,0.0219607014118704,8
MMRd,Tcd4-Treg-comb,STAT1,"(0,5]","(3.65,4.38]",2.5,4.01175364078438,4,0.0197825298114341,0.0165857380337627,0.0223926118553912,8
MMRd,Tcd4-Treg-comb,STAT1,"(-15,-10]","(3.65,4.38]",-12.5,4.01175364078438,7,0.0160226201696513,0.0149271068774317,0.0239142029335532,8
MMRd,Tcd4-Treg-comb,STAT1,"(-5,0]","(1.46,2.19]",-2.5,1.82352438217472,7,0.0122084150861129,0.0105670024132275,0.0168755353858829,8
MMRd,Tcd4-Treg-comb,STAT1,"(0,5]","(2.19,2.92]",2.5,2.55293413504461,6,0.0158865213513455,0.0131410372681322,0.018964749949007,8
MMRd,Tcd4-Treg-comb,STAT1,"(-5,0]","[0,0.729]",-2.5,0.364704876434944,5,0.0135542168674699,0.00979706088173548,0.0168539325842697,8
MMRd,Tcd4-Treg-comb,STAT1,"(-25,-20]","(2.19,2.92]",-22.5,2.55293413504461,5,0.0102827763496144,0.00968523002421307,0.0122358175750834,8
MMRd,Tcd4-Treg-comb,STAT1,"(-20,-15]","(2.92,3.65]",-17.5,3.2823438879145,7,0.0170666666666667,0.0150367821270712,0.0197385062817114,8
MMRd,Tcd4-Treg-comb,STAT1,"(-10,-5]","(2.19,2.92]",-7.5,2.55293413504461,7,0.0165289256198347,0.0145017003731792,0.021164558934459,8
MMRd,Tcd4-Treg-comb,STAT1,"(-20,-15]","(2.19,2.92]",-17.5,2.55293413504461,6,0.0142617955879498,0.0120559352752342,0.0180076709218206,8
MMRd,Tcd4-Treg-comb,STAT1,"(-15,-10]","(2.92,3.65]",-12.5,3.2823438879145,7,0.0167539267015707,0.0103431349723723,0.020890487035328,8
MMRd,Tcd4-Treg-comb,STAT1,"(-15,-10]","[0,0.729]",-12.5,0.364704876434944,5,0.0130304042766455,0.00963855421686747,0.0132575757575758,8
MMRd,Tcd4-Treg-comb,STAT1,"(-20,-15]","(3.65,4.38]",-17.5,4.01175364078438,6,0.0122481227069594,0.0115800942596034,0.0208682785482706,8
MMRd,Tcd4-Treg-comb,STAT1,"(5,10]","(2.19,2.92]",7.5,2.55293413504461,6,0.0181270994031264,0.0118135034993825,0.0233653344227321,8
MMRd,Tcd4-Treg-comb,STAT1,"(5,10]","(2.92,3.65]",7.5,3.2823438879145,5,0.0168269230769231,0.0167664670658683,0.0219478737997256,8
MMRd,Tcd4-Treg-comb,STAT1,"(-10,-5]","(1.46,2.19]",-7.5,1.82352438217472,7,0.0147492625368732,0.0110890664029975,0.0208427578118455,8
MMRd,Tcd4-Treg-comb,STAT1,"(0,5]","(1.46,2.19]",2.5,1.82352438217472,5,0.011605415860735,0.00970873786407767,0.0170293282876064,8
MMRd,Tcd4-Treg-comb,STAT1,"(-30,-25]","(2.92,3.65]",-27.5,3.2823438879145,4,0.0198503950514049,0.0156267583388449,0.0219337815984339,8
MMRd,Tcd4-Treg-comb,STAT1,"(-25,-20]","(2.92,3.65]",-22.5,3.2823438879145,5,0.0176211453744493,0.0141263940520446,0.0238857752868962,8
MMRd,Tcd4-Treg-comb,STAT1,"(-25,-20]","(3.65,4.38]",-22.5,4.01175364078438,4,0.0131282398016678,0.0108029225676285,0.0154885487533433,8
MMRd,Tcd4-Treg-comb,STAT1,"(-35,-30]","(2.92,3.65]",-32.5,3.2823438879145,5,0.0197693574958814,0.0151228733459357,0.0239393939393939,8
MMRd,Tcd8-CXCL13-comb,STAT1,"(0,5]","(3.65,4.38]",2.5,4.01175364078438,7,0.0137524557956778,0.01105283590497,0.0176957471100632,8
MMRd,CD8-all,STAT1,"(0,5]","(3.65,4.38]",2.5,4.01175364078438,7,0.0162191385835286,0.0109024375132645,0.0183263028531571,8
MMRd,Tcd8-CXCL13-comb,STAT1,"(-5,0]","(2.92,3.65]",-2.5,3.2823438879145,7,0.0122736663021023,0.0109102593223818,0.0180522555643908,8
MMRd,CD8-all,STAT1,"(-5,0]","(2.92,3.65]",-2.5,3.2823438879145,8,0.013202848455664,0.0104925587801337,0.0170262581060148,8
MMRd,Tcd8-CXCL13-comb,STAT1,"(-5,0]","(4.38,5.11]",-2.5,4.74116339365427,4,0.0169580805972348,0.0149114204579457,0.0194823846792076,8
MMRd,CD8-all,STAT1,"(-5,0]","(4.38,5.11]",-2.5,4.74116339365427,7,0.0150214592274678,0.0129818424633231,0.0154521508894615,8
MMRd,Tcd8-CXCL13-comb,STAT1,"(-5,0]","(3.65,4.38]",-2.5,4.01175364078438,7,0.0155709342560554,0.0125217795240836,0.0193137118329041,8
MMRd,CD8-all,STAT1,"(-5,0]","(3.65,4.38]",-2.5,4.01175364078438,8,0.0144852462371886,0.0124894272907046,0.0172075020687779,8
MMRd,Tcd8-CXCL13-comb,STAT1,"(-10,-5]","(3.65,4.38]",-7.5,4.01175364078438,6,0.0162052256101285,0.0141812291205827,0.0174591961112311,8
MMRd,CD8-all,STAT1,"(-10,-5]","(3.65,4.38]",-7.5,4.01175364078438,8,0.0171835155818259,0.0135947186898288,0.0179108029415058,8
MMRd,CD8-all,STAT1,"(10,15]","(3.65,4.38]",12.5,4.01175364078438,4,0.0141300496102055,0.0123150447032623,0.0159620392911736,8
MMRd,CD8-all,STAT1,"(-10,-5]","(4.38,5.11]",-7.5,4.74116339365427,4,0.016423118737855,0.0135219660473571,0.0191226814633819,8
MMRd,CD8-all,STAT1,"(5,10]","(3.65,4.38]",7.5,4.01175364078438,7,0.0121527777777778,0.00983811268295544,0.0166430994722928,8
MMRd,CD8-all,STAT1,"(5,10]","(2.92,3.65]",7.5,3.2823438879145,7,0.010738255033557,0.00969368579303433,0.0137608228829944,8
MMRd,CD8-all,STAT1,"(25,30]","(1.46,2.19]",27.5,1.82352438217472,5,0.0099009900990099,0.00592885375494071,0.0113533151680291,8
MMRd,Tcd8-CXCL13-comb,STAT1,"(-10,-5]","(2.19,2.92]",-7.5,2.55293413504461,6,0.012238654343354,0.0099976413071447,0.0150782929531619,8
MMRd,CD8-all,STAT1,"(-10,-5]","(2.19,2.92]",-7.5,2.55293413504461,7,0.0097458436843111,0.00893619218230497,0.0157567468452886,8
MMRd,CD8-all,STAT1,"(-10,-5]","[0,0.729]",-7.5,0.364704876434944,6,0.011319638119337,0.00994798143472636,0.0132753652781559,8
MMRd,CD8-all,STAT1,"(15,20]","(2.92,3.65]",17.5,3.2823438879145,7,0.0122994652406417,0.00802071053787301,0.0139699045400581,8
MMRd,Tcd8-CXCL13-comb,STAT1,"(-5,0]","[0,0.729]",-2.5,0.364704876434944,4,0.0103626723223754,0.00756494522691706,0.0135552399316177,8
MMRd,CD8-all,STAT1,"(-5,0]","[0,0.729]",-2.5,0.364704876434944,5,0.00862564692351926,0.00832799487508008,0.0112589559877175,8
MMRd,Tcd8-CXCL13-comb,STAT1,"(-5,0]","(1.46,2.19]",-2.5,1.82352438217472,6,0.00888912807766621,0.00668992233640581,0.0144477503479197,8
MMRd,CD8-all,STAT1,"(-5,0]","(1.46,2.19]",-2.5,1.82352438217472,6,0.0101132838292959,0.00683473567136934,0.0129326507834366,8
MMRd,Tcd8-CXCL13-comb,STAT1,"(-10,-5]","(2.92,3.65]",-7.5,3.2823438879145,6,0.0135910571199679,0.00960164446514871,0.0166916951815385,8
MMRd,CD8-all,STAT1,"(-10,-5]","(2.92,3.65]",-7.5,3.2823438879145,7,0.0152314001171646,0.0101193374616634,0.0177495716562819,8
MMRd,Tcd8-CXCL13-comb,STAT1,"(-5,0]","(2.19,2.92]",-2.5,2.55293413504461,6,0.0126410870416512,0.00966165028665029,0.015357713965763,8
MMRd,CD8-all,STAT1,"(-5,0]","(2.19,2.92]",-2.5,2.55293413504461,7,0.0118921214695264,0.00938261800870272,0.0161515738836426,8
MMRd,Tcd8-CXCL13-comb,STAT1,"(0,5]","(1.46,2.19]",2.5,1.82352438217472,5,0.0131470829909614,0.00682926829268293,0.0138888888888889,8
MMRd,CD8-all,STAT1,"(0,5]","(1.46,2.19]",2.5,1.82352438217472,6,0.00926259101574784,0.00748927589266994,0.0122850314665203,8
MMRd,Tcd8-CXCL13-comb,STAT1,"(15,20]","(2.19,2.92]",17.5,2.55293413504461,5,0.00742942050520059,0.00634668782229274,0.014274385408406,8
MMRd,CD8-all,STAT1,"(15,20]","(2.19,2.92]",17.5,2.55293413504461,6,0.0106940476324913,0.00838549395715371,0.0163420902341519,8
MMRd,CD8-all,STAT1,"(15,20]","[0,0.729]",17.5,0.364704876434944,4,0.00698089482010303,0.00588812653068855,0.00945465976187544,8
MMRd,Tcd8-CXCL13-comb,STAT1,"(-10,-5]","(1.46,2.19]",-7.5,1.82352438217472,4,0.00872614852735855,0.00551330983584211,0.0118475078470507,8
MMRd,CD8-all,STAT1,"(-10,-5]","(1.46,2.19]",-7.5,1.82352438217472,7,0.0069617105917454,0.00564925495333224,0.00775487091084028,8
MMRd,CD8-all,STAT1,"(15,20]","(1.46,2.19]",17.5,1.82352438217472,5,0.00867888138862102,0.00831792975970425,0.00948866631523458,8
MMRd,CD8-all,STAT1,"(30,35]","(2.19,2.92]",32.5,2.55293413504461,5,0.0110974106041924,0.00922944837948057,0.0121739130434783,8
MMRd,Tcd8-CXCL13-comb,STAT1,"(20,25]","(2.19,2.92]",22.5,2.55293413504461,5,0.00505050505050505,0.00418410041841004,0.00811618966253738,8
MMRd,CD8-all,STAT1,"(20,25]","(2.19,2.92]",22.5,2.55293413504461,5,0.00789177001127396,0.00681492109038738,0.00816326530612245,8
MMRd,Tcd8-CXCL13-comb,STAT1,"(5,10]","(2.19,2.92]",7.5,2.55293413504461,5,0.0122641509433962,0.0119112073632918,0.0126027397260274,8
MMRd,CD8-all,STAT1,"(5,10]","(2.19,2.92]",7.5,2.55293413504461,6,0.0131051826640212,0.0121973877307473,0.0151539275295727,8
MMRd,CD8-all,STAT1,"(-15,-10]","(2.92,3.65]",-12.5,3.2823438879145,7,0.015410016510732,0.0113649933033193,0.0171982155393809,8
MMRd,Tcd8-CXCL13-comb,STAT1,"(20,25]","(1.46,2.19]",22.5,1.82352438217472,5,0.01,0.00903225806451613,0.0118811881188119,8
MMRd,CD8-all,STAT1,"(20,25]","(1.46,2.19]",22.5,1.82352438217472,5,0.00823610157858614,0.00735294117647059,0.0118577075098814,8
MMRd,Tcd8-CXCL13-comb,STAT1,"(0,5]","(2.19,2.92]",2.5,2.55293413504461,6,0.00971029207452,0.00715099495264293,0.0157927516832459,8
MMRd,CD8-all,STAT1,"(0,5]","(2.19,2.92]",2.5,2.55293413504461,7,0.0104829651815799,0.00872519990545446,0.0151569680669333,8
MMRd,Tcd8-CXCL13-comb,STAT1,"(0,5]","(2.92,3.65]",2.5,3.2823438879145,6,0.0149647521358745,0.0130048215202524,0.0182985711438212,8
MMRd,CD8-all,STAT1,"(0,5]","(2.92,3.65]",2.5,3.2823438879145,7,0.0138304269392664,0.0121269788134154,0.016716195790754,8
MMRd,Tcd8-CXCL13-comb,STAT1,"(5,10]","(1.46,2.19]",7.5,1.82352438217472,5,0.01252408477842,0.00889248181083266,0.0127226463104326,8
MMRd,CD8-all,STAT1,"(5,10]","(1.46,2.19]",7.5,1.82352438217472,5,0.0111265646731572,0.0102941176470588,0.0133958472873409,8
MMRd,Tcd8-CXCL13-comb,STAT1,"(10,15]","(2.92,3.65]",12.5,3.2823438879145,4,0.00792082313821444,0.0076104681047165,0.00935631438657157,8
MMRd,CD8-all,STAT1,"(10,15]","(2.92,3.65]",12.5,3.2823438879145,6,0.00881521237303786,0.00735306056837039,0.00951236430163807,8
MMRd,Tcd8-CXCL13-comb,STAT1,"(5,10]","(2.92,3.65]",7.5,3.2823438879145,6,0.0122049993017735,0.0111238282101591,0.0150902236611446,8
MMRd,CD8-all,STAT1,"(10,15]","(2.19,2.92]",12.5,2.55293413504461,6,0.0115767542414629,0.00811581215978775,0.0137983950730578,8
MMRd,CD8-all,STAT1,"(30,35]","(1.46,2.19]",32.5,1.82352438217472,5,0.00750821210699202,0.00453001132502831,0.0099009900990099,8
MMRd,CD8-all,STAT1,"(25,30]","(2.19,2.92]",27.5,2.55293413504461,4,0.00785639433587052,0.00573131861645614,0.0105897257534745,8
MMRd,CD8-all,STAT1,"(35,40]","(2.19,2.92]",37.5,2.55293413504461,4,0.0133277132327529,0.00927965223184091,0.0162130069419072,8
MMRd,Tcd8-CXCL13-comb,STAT1,"(10,15]","(1.46,2.19]",12.5,1.82352438217472,5,0.0102669404517454,0.00846023688663283,0.0109427609427609,8
MMRd,CD8-all,STAT1,"(10,15]","(1.46,2.19]",12.5,1.82352438217472,6,0.00980039582786403,0.00735961069947986,0.0105603965009157,8
MMRd,CD8-all,STAT1,"(-5,0]","(0.729,1.46]",-2.5,1.09411462930483,6,0.0100548630894075,0.00947880545537398,0.0101109544083062,8
MMRd,Tcd8-CXCL13-comb,STAT1,"(0,5]","[0,0.729]",2.5,0.364704876434944,4,0.00987072610849341,0.00815240824815482,0.0117337920585822,8
MMRd,CD8-all,STAT1,"(0,5]","[0,0.729]",2.5,0.364704876434944,5,0.00990990990990991,0.00968992248062015,0.0101694915254237,8
MMRd,CD8-all,STAT1,"(-15,-10]","(3.65,4.38]",-12.5,4.01175364078438,6,0.0144329265648002,0.0125420230602547,0.0181200109701563,8
MMRd,Tcd8-CXCL13-comb,STAT1,"(-15,-10]","(2.19,2.92]",-12.5,2.55293413504461,5,0.01085776330076,0.0100882723833544,0.0130331753554502,8
MMRd,CD8-all,STAT1,"(-15,-10]","(2.19,2.92]",-12.5,2.55293413504461,7,0.0124031007751938,0.0104380086707492,0.0128354138448585,8
MMRd,Tcd8-CXCL13-comb,STAT1,"(-20,-15]","(2.92,3.65]",-17.5,3.2823438879145,4,0.00927356111420985,0.00637409054933148,0.0132386287848473,8
MMRd,CD8-all,STAT1,"(-20,-15]","(2.92,3.65]",-17.5,3.2823438879145,5,0.0132517838939857,0.0111731843575419,0.0159346436948961,8
MMRd,Tcd8-CXCL13-comb,STAT1,"(-15,-10]","(2.92,3.65]",-12.5,3.2823438879145,5,0.0167224080267559,0.0148992112182296,0.017139796464917,8
MMRd,Tcd8-CXCL13-comb,STAT1,"(10,15]","(2.19,2.92]",12.5,2.55293413504461,4,0.00895938938171147,0.00701187830468365,0.0121597003818937,8
MMRd,CD8-all,STAT1,"(-25,-20]","(3.65,4.38]",-22.5,4.01175364078438,4,0.0168222252173327,0.0122550558975003,0.0208655729920041,8
MMRd,CD8-all,STAT1,"(-25,-20]","(2.92,3.65]",-22.5,3.2823438879145,4,0.0172362599218796,0.0123026034997866,0.0215859121168458,8
MMRd,CD8-all,STAT1,"(-15,-10]","[0,0.729]",-12.5,0.364704876434944,4,0.0122838001529037,0.00878347322689021,0.0141353649282561,8
MMRd,CD8-all,STAT1,"(5,10]","[0,0.729]",7.5,0.364704876434944,4,0.0132009776793949,0.00899216524216524,0.0169925934549838,8
MMRd,Tcd8-CXCL13-comb,STAT1,"(-10,-5]","[0,0.729]",-7.5,0.364704876434944,4,0.0116261455729758,0.00872225844944528,0.0125272331154684,8
MMRd,CD8-all,STAT1,"(-20,-15]","(2.19,2.92]",-17.5,2.55293413504461,4,0.013029653653193,0.0117648504358831,0.0151923865866678,8
MMRd,CD8-all,STAT1,"(-25,-20]","(2.19,2.92]",-22.5,2.55293413504461,4,0.0115920204482753,0.010553103836458,0.0133462950426278,8
MMRd,CD8-all,STAT1,"(-20,-15]","(3.65,4.38]",-17.5,4.01175364078438,5,0.0147368421052632,0.01131625967838,0.0161507402422611,8
MMRd,CD8-all,STAT1,"(35,40]","(3.65,4.38]",37.5,4.01175364078438,4,0.0238493500958875,0.0199013718791693,0.0272710369740756,8
MMRd,CD8-all,STAT1,"(20,25]","(2.92,3.65]",22.5,3.2823438879145,4,0.0118209204779682,0.0103811783380692,0.0144525613275613,8
MMRd,CD8-all,STAT1,"(-25,-20]","[0,0.729]",-22.5,0.364704876434944,4,0.0129340712312513,0.0103330061276697,0.0154443335316965,8
MMRd,Tcd8-CXCL13-LAG3,STAT1,"(-5,0]","(2.19,2.92]",-2.5,2.55293413504461,6,0.00827077319614633,0.00722017447458253,0.0115120201380986,8
MMRd,Tcd8-CXCL13-LAG3,STAT1,"(-5,0]","(2.92,3.65]",-2.5,3.2823438879145,6,0.00678074495770274,0.00624201921667958,0.00827804960802872,8
MMRd,Tcd8-CXCL13-LAG3,STAT1,"(-5,0]","(1.46,2.19]",-2.5,1.82352438217472,4,0.00866461514078926,0.00612284147268581,0.0105512705372709,8
MMRd,Tcd8-CXCL13-LAG3,STAT1,"(0,5]","(2.19,2.92]",2.5,2.55293413504461,4,0.00435379523057248,0.00385108111486064,0.00510729740072415,8
MMRd,Tcd8-GZMK,STAT1,"(-5,0]","(2.92,3.65]",-2.5,3.2823438879145,6,0.010965417146289,0.00813141599779531,0.0135467593766221,8
MMRd,Tcd8-GZMK,STAT1,"(-5,0]","(2.19,2.92]",-2.5,2.55293413504461,6,0.0132445363299437,0.0097495051012639,0.0153008520026328,8
MMRd,Tcd8-GZMK,STAT1,"(-15,-10]","(2.92,3.65]",-12.5,3.2823438879145,4,0.0136884261113336,0.00987803487161941,0.0169789914726624,8
MMRd,Tcd8-GZMK,STAT1,"(-10,-5]","(2.92,3.65]",-7.5,3.2823438879145,4,0.0150424936074756,0.0118587096105355,0.0186508191952375,8
MMRd,Tcd8-GZMK,STAT1,"(0,5]","(2.92,3.65]",2.5,3.2823438879145,4,0.0165313952689368,0.0163126740220327,0.0172760428056463,8
MMRd,Tcd8-GZMK,STAT1,"(-10,-5]","(2.19,2.92]",-7.5,2.55293413504461,4,0.0110731373889269,0.0080363953361665,0.0131043736170613,8
MMRd,Tcd8-HOBIT,STAT1,"(-5,0]","[0,0.729]",-2.5,0.364704876434944,4,0.0102030648708081,0.00811887254901961,0.0115430232321381,8
MMRd,Tcd8-HOBIT,STAT1,"(-5,0]","(3.65,4.38]",-2.5,4.01175364078438,5,0.0133146461107218,0.0113924050632911,0.0149582453886391,8
MMRd,Tcd8-HOBIT,STAT1,"(-5,0]","(2.19,2.92]",-2.5,2.55293413504461,6,0.00966904300603362,0.00694191377009226,0.0142359347313344,8
MMRd,Tcd8-HOBIT,STAT1,"(0,5]","(2.19,2.92]",2.5,2.55293413504461,5,0.0115190784737221,0.0114795918367347,0.0119453924914676,8
MMRd,Tcd8-HOBIT,STAT1,"(-5,0]","(2.92,3.65]",-2.5,3.2823438879145,6,0.0112192435112448,0.0101093864320141,0.0170513112299337,8
MMRd,Tcd8-HOBIT,STAT1,"(-5,0]","(1.46,2.19]",-2.5,1.82352438217472,5,0.0087890625,0.00646551724137931,0.00928792569659443,8
MMRd,Tcd8-HOBIT,STAT1,"(-10,-5]","(2.92,3.65]",-7.5,3.2823438879145,4,0.016993962405079,0.013887691063111,0.0190605827569212,8
MMRd,Tcd8-HOBIT,STAT1,"(0,5]","(2.92,3.65]",2.5,3.2823438879145,5,0.0142405063291139,0.00458715596330275,0.0148478099480327,8
MMRd,Tcd8-HOBIT,STAT1,"(-10,-5]","(2.19,2.92]",-7.5,2.55293413504461,5,0.0137130801687764,0.0108864696734059,0.0153203342618384,8
MMRd,Tplzf-gdlike-comb,STAT1,"(-10,-5]","(3.65,4.38]",-7.5,4.01175364078438,4,0.0121743370255207,0.0104671105730428,0.0143709091881556,8
MMRd,Tplzf-gdlike-comb,STAT1,"(-5,0]","(3.65,4.38]",-2.5,4.01175364078438,7,0.0113288426209431,0.0104587739840794,0.0120570092885335,8
MMRd,Tplzf-gdlike-comb,STAT1,"(-5,0]","[0,0.729]",-2.5,0.364704876434944,4,0.00637544027448837,0.00398591897233202,0.00928458131784841,8
MMRd,Tplzf-gdlike-comb,STAT1,"(-5,0]","(1.46,2.19]",-2.5,1.82352438217472,5,0.00768105340160936,0.00487507617306521,0.011963696369637,8
MMRd,Tplzf-gdlike-comb,STAT1,"(15,20]","(1.46,2.19]",17.5,1.82352438217472,5,0.00445632798573975,0.00254452926208651,0.00530222693531283,8
MMRd,Tplzf-gdlike-comb,STAT1,"(20,25]","(2.19,2.92]",22.5,2.55293413504461,4,0.00655130473241928,0.00455593350961347,0.0096592351130992,8
MMRd,Tplzf-gdlike-comb,STAT1,"(-5,0]","(2.92,3.65]",-2.5,3.2823438879145,6,0.0124110905875049,0.00884602474869729,0.013196730197466,8
MMRd,Tplzf-gdlike-comb,STAT1,"(-5,0]","(2.19,2.92]",-2.5,2.55293413504461,6,0.00713467292377804,0.0055793910523112,0.0104322538785149,8
MMRd,Tplzf-gdlike-comb,STAT1,"(0,5]","(1.46,2.19]",2.5,1.82352438217472,5,0.00671140939597315,0.00635324015247776,0.00692520775623269,8
MMRd,Tplzf-gdlike-comb,STAT1,"(0,5]","(2.19,2.92]",2.5,2.55293413504461,6,0.00820817941419892,0.0078239135680546,0.00904466952832794,8
MMRd,Tplzf-gdlike-comb,STAT1,"(-10,-5]","(2.92,3.65]",-7.5,3.2823438879145,5,0.00850340136054422,0.00827205882352941,0.0107913669064748,8
MMRd,Tplzf-gdlike-comb,STAT1,"(0,5]","(2.92,3.65]",2.5,3.2823438879145,6,0.0113519220078272,0.00752242828602661,0.0118134400456249,8
MMRd,Tplzf-gdlike-comb,STAT1,"(-10,-5]","(2.19,2.92]",-7.5,2.55293413504461,4,0.00913802775061936,0.00646416745889757,0.0110546603602159,8
MMRd,Tplzf-gdlike-comb,STAT1,"(-10,-5]","[0,0.729]",-7.5,0.364704876434944,4,0.00777163095728439,0.00548818721788688,0.0100812399818723,8
MMRd,Tplzf-gdlike-comb,STAT1,"(5,10]","(2.19,2.92]",7.5,2.55293413504461,4,0.00570219433339659,0.00380955838163345,0.00841165212174882,8
MMRd,Tplzf-gdlike-comb,STAT1,"(5,10]","(2.92,3.65]",7.5,3.2823438879145,4,0.0101087350419442,0.00877693128881988,0.0112614373633858,8
MMRd,Tplzf-gdlike-comb,STAT1,"(-10,-5]","(1.46,2.19]",-7.5,1.82352438217472,4,0.00697475902754362,0.00667528925351488,0.00723237750239334,8
MMRd,Myeloid-mregDC,CD274,"(-15,-10]","(4.38,5.11]",-12.5,4.74116339365427,4,0.000427715996578272,0,0.00164639714599281,8
MMRd,Myeloid-mregDC,CD274,"(-5,0]","(3.65,4.38]",-2.5,4.01175364078438,6,0.000718597298074159,0,0.00219903699736087,8
MMRd,Myeloid-mregDC,CD274,"(-10,-5]","(3.65,4.38]",-7.5,4.01175364078438,5,0,0,0.00115874855156431,8
MMRd,Myeloid-mregDC,CD274,"(-15,-10]","(2.92,3.65]",-12.5,3.2823438879145,7,0.00108813928182807,0,0.00130981385174387,8
MMRd,Myeloid-mregDC,CD274,"(-5,0]","(2.92,3.65]",-2.5,3.2823438879145,7,0.000574382538770821,0,0.00150111041948008,8
MMRd,Myeloid-mregDC,CD274,"(-10,-5]","(2.19,2.92]",-7.5,2.55293413504461,6,0.000607533414337789,0,0.0035088949122971,8
MMRd,Myeloid-mregDC,CD274,"(-5,0]","(1.46,2.19]",-2.5,1.82352438217472,4,0.00108413730032009,0.000446960667461263,0.00234864053861526,8
MMRd,Myeloid-mregDC,CD274,"(-5,0]","(2.19,2.92]",-2.5,2.55293413504461,5,0.000272182906913446,0,0.00130039011703511,8
MMRd,Myeloid-mregDC,CD274,"(-10,-5]","(2.92,3.65]",-7.5,3.2823438879145,7,0.000690131124913734,0.000214316330904415,0.00109080347976441,8
MMRd,Myeloid-mregDC,CD274,"(-15,-10]","(3.65,4.38]",-12.5,4.01175364078438,4,0.00128730833271205,0.000950570342205323,0.00302398888710798,8
MMRd,Myeloid-mregDC,CD274,"(-5,0]","[0,0.729]",-2.5,0.364704876434944,4,0,0,0.000180766449746927,8
MMRd,Myeloid-mregDC,CD274,"(-15,-10]","(2.19,2.92]",-12.5,2.55293413504461,4,0.000389408099688474,0,0.00127281738369249,8
MMRd,Myeloid-ISG,CD274,"(-10,-5]","(5.11,5.84]",-7.5,5.47057314652416,5,0.00144315019070199,0.000839395635142697,0.0047085201793722,8
MMRd,Myeloid-noDC-noGran,CD274,"(-10,-5]","(5.11,5.84]",-7.5,5.47057314652416,7,0.00143168021990608,0.000708190483973928,0.00397844020631234,8
MMRd,Myeloid-ISG,CD274,"(-40,-35]","(4.38,5.11]",-37.5,4.74116339365427,7,0.00142959256611866,0.0003933910306845,0.00181712146872179,8
MMRd,Myeloid-noDC-noGran,CD274,"(-40,-35]","(4.38,5.11]",-37.5,4.74116339365427,7,0.00176730486008837,0.000606804764249622,0.00234592816148199,8
MMRd,Myeloid-noDC-noGran,CD274,"(20,25]","(3.65,4.38]",22.5,4.01175364078438,5,0.00124921923797626,0.00034435261707989,0.00211416490486258,8
MMRd,Myeloid-ISG,CD274,"(0,5]","(3.65,4.38]",2.5,4.01175364078438,8,0.000890171984028983,0.000310045473336089,0.00144328519494343,8
MMRd,Myeloid-noDC-noGran,CD274,"(0,5]","(3.65,4.38]",2.5,4.01175364078438,8,0.000683768906590704,0.000325470600736125,0.00118259740633796,8
MMRd,Myeloid-ISG,CD274,"(-10,-5]","(2.92,3.65]",-7.5,3.2823438879145,8,0.000776853951457126,0.000394422385797981,0.00134392283214913,8
MMRd,Myeloid-noDC-noGran,CD274,"(-10,-5]","(2.92,3.65]",-7.5,3.2823438879145,8,0.000826783649697125,0.000309121057934307,0.000940880475588018,8
MMRd,Myeloid-ISG,CD274,"(-5,0]","(5.11,5.84]",-2.5,5.47057314652416,6,0.00130815817331565,0.00105884650450983,0.00142563703714783,8
MMRd,Myeloid-noDC-noGran,CD274,"(-5,0]","(5.11,5.84]",-2.5,5.47057314652416,6,0.00127106853235809,0.000909279954454761,0.00214966496716059,8
MMRd,Myeloid-ISG,CD274,"(-10,-5]","(3.65,4.38]",-7.5,4.01175364078438,8,0.00068440459275552,0.000444707569108823,0.00145144859605179,8
MMRd,Myeloid-noDC-noGran,CD274,"(-10,-5]","(3.65,4.38]",-7.5,4.01175364078438,8,0.000646075576763609,0.000463620137933417,0.000971579769285974,8
MMRd,Myeloid-noDC-noGran,CD274,"(45,50]","(2.92,3.65]",47.5,3.2823438879145,5,0,0,0.000720288115246098,8
MMRd,Myeloid-noDC-noGran,CD274,"(5,10]","(4.38,5.11]",7.5,4.74116339365427,7,0.000796495420151334,0,0.00104270731788905,8
MMRd,Myeloid-ISG,CD274,"(0,5]","(5.11,5.84]",2.5,5.47057314652416,4,0.000905138773477777,0.000615688773983858,0.00179525478255874,8
MMRd,Myeloid-noDC-noGran,CD274,"(0,5]","(5.11,5.84]",2.5,5.47057314652416,4,0.0011659213214208,0.000553170983525483,0.00213860075038623,8
MMRd,Myeloid-ISG,CD274,"(-15,-10]","(3.65,4.38]",-12.5,4.01175364078438,8,0.000890970568943644,0.000236955214368761,0.00172285515598755,8
MMRd,Myeloid-noDC-noGran,CD274,"(-15,-10]","(3.65,4.38]",-12.5,4.01175364078438,8,0.00097183265474538,0.0003069186160027,0.00126633189570692,8
MMRd,Myeloid-noDC-noGran,CD274,"(-95,-90]","(4.38,5.11]",-92.5,4.74116339365427,4,0.000230414746543779,0,0.0011443441645441,8
MMRd,Myeloid-ISG,CD274,"(-15,-10]","(4.38,5.11]",-12.5,4.74116339365427,7,0.00197628458498024,0.000530918775648336,0.0022083979697495,8
MMRd,Myeloid-noDC-noGran,CD274,"(-15,-10]","(4.38,5.11]",-12.5,4.74116339365427,7,0.00113731593439483,0.000755246542367362,0.00163123856984579,8
MMRd,Myeloid-noDC-noGran,CD274,"(-95,-90]","[0,0.729]",-92.5,0.364704876434944,7,0.000259976602105811,0.000104264414555312,0.00090267553517218,8
MMRd,Myeloid-ISG,CD274,"(-15,-10]","(5.11,5.84]",-12.5,5.47057314652416,4,0.00238450576407697,0.00154816513761468,0.00273310236518354,8
MMRd,Myeloid-noDC-noGran,CD274,"(-15,-10]","(5.11,5.84]",-12.5,5.47057314652416,6,0.00161025312323908,0.00108796437323088,0.00193273565080961,8
MMRd,Myeloid-noDC-noGran,CD274,"(-45,-40]","(4.38,5.11]",-42.5,4.74116339365427,6,0.000934424398448841,0.000675408081898453,0.00273439714888767,8
MMRd,Myeloid-ISG,CD274,"(-5,0]","(4.38,5.11]",-2.5,4.74116339365427,7,0.00123056270276317,0.000776025868025003,0.00195396053655418,8
MMRd,Myeloid-noDC-noGran,CD274,"(-5,0]","(4.38,5.11]",-2.5,4.74116339365427,8,0.000909504766942136,0.000710476351112527,0.00182584002692286,8
MMRd,Myeloid-ISG,CD274,"(-20,-15]","(3.65,4.38]",-17.5,4.01175364078438,8,0.00111025841314199,0.000443158393345226,0.00170752378873294,8
MMRd,Myeloid-noDC-noGran,CD274,"(-20,-15]","(3.65,4.38]",-17.5,4.01175364078438,8,0.000874878010403314,0.000565729699387416,0.00106698373466152,8
MMRd,Myeloid-ISG,CD274,"(-5,0]","(2.92,3.65]",-2.5,3.2823438879145,8,0.000694818677367335,0.000217221741221569,0.00121561732548532,8
MMRd,Myeloid-noDC-noGran,CD274,"(-5,0]","(2.92,3.65]",-2.5,3.2823438879145,8,0.000500339206419025,0.000202584447494275,0.000910869200526074,8
MMRd,Myeloid-ISG,CD274,"(-5,0]","(3.65,4.38]",-2.5,4.01175364078438,8,0.000588273007686444,0.000177931252636019,0.00122340238132278,8
MMRd,Myeloid-noDC-noGran,CD274,"(-5,0]","(3.65,4.38]",-2.5,4.01175364078438,8,0.000535983105502571,0.000265363148272776,0.000957900253837431,8
MMRd,Myeloid-noDC-noGran,CD274,"(-25,-20]","(5.11,5.84]",-22.5,5.47057314652416,4,0.00170068027210884,0,0.00346565455450473,8
MMRd,Myeloid-noDC-noGran,CD274,"(-50,-45]","(3.65,4.38]",-47.5,4.01175364078438,7,0.000547045951859956,0.000150016233197636,0.00212189075986649,8
MMRd,Myeloid-noDC-noGran,CD274,"(-25,-20]","(3.65,4.38]",-22.5,4.01175364078438,8,0.00101850774065883,0.000314793569153461,0.00129923379164969,8
MMRd,Myeloid-noDC-noGran,CD274,"(-30,-25]","(3.65,4.38]",-27.5,4.01175364078438,7,0.000943370050775506,0.000424087186639488,0.00119405267534207,8
MMRd,Myeloid-ISG,CD274,"(-35,-30]","(3.65,4.38]",-32.5,4.01175364078438,7,0.000938778247166901,0.000289017341040462,0.00146762408667171,8
MMRd,Myeloid-noDC-noGran,CD274,"(-35,-30]","(3.65,4.38]",-32.5,4.01175364078438,7,0.00102429863995903,0.000478048809369825,0.00151464749775675,8
MMRd,Myeloid-ISG,CD274,"(-20,-15]","(5.11,5.84]",-17.5,5.47057314652416,5,0.000726744186046512,0,0.00255754475703325,8
MMRd,Myeloid-noDC-noGran,CD274,"(-20,-15]","(5.11,5.84]",-17.5,5.47057314652416,6,0.00123201092735161,0.000154750851129681,0.0019518144005554,8
MMRd,Myeloid-ISG,CD274,"(0,5]","(4.38,5.11]",2.5,4.74116339365427,6,0.00132611394939229,0.000999998294609602,0.00171521414133291,8
MMRd,Myeloid-noDC-noGran,CD274,"(0,5]","(4.38,5.11]",2.5,4.74116339365427,7,0.000989609104403761,0.000662095032280252,0.00119494761294841,8
MMRd,Myeloid-ISG,CD274,"(-10,-5]","(4.38,5.11]",-7.5,4.74116339365427,7,0.00161849710982659,0.00118582060066469,0.00186587435707714,8
MMRd,Myeloid-noDC-noGran,CD274,"(-10,-5]","(4.38,5.11]",-7.5,4.74116339365427,8,0.00117143260801923,0.000956051174807998,0.00155131114473021,8
MMRd,Myeloid-noDC-noGran,CD274,"(-20,-15]","(2.92,3.65]",-17.5,3.2823438879145,8,0.00057039070134386,0.000150454170496119,0.00110143618851049,8
MMRd,Myeloid-noDC-noGran,CD274,"(-85,-80]","(3.65,4.38]",-82.5,4.01175364078438,4,0.000373134328358209,0,0.000968146886530024,8
MMRd,Myeloid-noDC-noGran,CD274,"(65,70]","(2.92,3.65]",67.5,3.2823438879145,4,0,0,0,8
MMRd,Myeloid-ISG,CD274,"(-20,-15]","(4.38,5.11]",-17.5,4.74116339365427,7,0.00126582278481013,0.000501336898395722,0.00168414380457197,8
MMRd,Myeloid-noDC-noGran,CD274,"(-20,-15]","(4.38,5.11]",-17.5,4.74116339365427,7,0.000787091696182605,0.000341037914476321,0.00172187121484034,8
MMRd,Myeloid-ISG,CD274,"(-30,-25]","(4.38,5.11]",-27.5,4.74116339365427,7,0.00102275632830478,0.000314537857618999,0.00194026062679958,8
MMRd,Myeloid-noDC-noGran,CD274,"(-30,-25]","(4.38,5.11]",-27.5,4.74116339365427,7,0.00116279069767442,0.000547621789589089,0.00190565794989418,8
MMRd,Myeloid-noDC-noGran,CD274,"(-20,-15]","(2.19,2.92]",-17.5,2.55293413504461,8,0.000554693958520596,0.000152519644714636,0.000736991264100596,8
MMRd,Myeloid-noDC-noGran,CD274,"(-50,-45]","(4.38,5.11]",-47.5,4.74116339365427,7,0.00188323917137476,0.00101754964159183,0.00260440603645076,8
MMRd,Myeloid-noDC-noGran,CD274,"(25,30]","(3.65,4.38]",27.5,4.01175364078438,5,0.000962463907603465,0.000511116790186558,0.00161707632600259,8
MMRd,Myeloid-noDC-noGran,CD274,"(-55,-50]","[0,0.729]",-52.5,0.364704876434944,8,8.67402995431678e-05,0,0.000677114966507345,8
MMRd,Myeloid-ISG,CD274,"(5,10]","(3.65,4.38]",7.5,4.01175364078438,6,0.00110217742327766,0.000915333445150152,0.00156213103417256,8
MMRd,Myeloid-noDC-noGran,CD274,"(5,10]","(3.65,4.38]",7.5,4.01175364078438,8,0.000617061294318417,0.000253549695740365,0.00202317740140542,8
MMRd,Myeloid-noDC-noGran,CD274,"(-15,-10]","(2.19,2.92]",-12.5,2.55293413504461,8,0.00067534086383912,0.000257092183046809,0.00101314599248267,8
MMRd,Myeloid-noDC-noGran,CD274,"(-30,-25]","[0,0.729]",-27.5,0.364704876434944,8,0.000507545326939275,0.000108517411015723,0.000671298607618207,8
MMRd,Myeloid-ISG,CD274,"(0,5]","(2.92,3.65]",2.5,3.2823438879145,8,0.000764901130426852,0.000258413356866251,0.00118297739654085,8
MMRd,Myeloid-noDC-noGran,CD274,"(0,5]","(2.92,3.65]",2.5,3.2823438879145,8,0.000529377997974177,0.00034090677272671,0.000621182634132534,8
MMRd,Myeloid-ISG,CD274,"(-5,0]","(2.19,2.92]",-2.5,2.55293413504461,8,0.000442767811249311,0.00030051722237068,0.000955761378401325,8
MMRd,Myeloid-noDC-noGran,CD274,"(-5,0]","(2.19,2.92]",-2.5,2.55293413504461,8,0.000443094086199917,0.00030541985060507,0.000872335644581407,8
MMRd,Myeloid-ISG,CD274,"(-10,-5]","(1.46,2.19]",-7.5,1.82352438217472,7,0.000133386688008537,7.60648788379577e-05,0.000631039772091901,8
MMRd,Myeloid-noDC-noGran,CD274,"(-10,-5]","(1.46,2.19]",-7.5,1.82352438217472,8,0.000393147085044914,0.000113407736371558,0.000773004379472491,8
MMRd,Myeloid-noDC-noGran,CD274,"(-20,-15]","(1.46,2.19]",-17.5,1.82352438217472,7,0.000324464633354964,0.000209035577576661,0.00070736504898904,8
MMRd,Myeloid-ISG,CD274,"(-5,0]","(1.46,2.19]",-2.5,1.82352438217472,6,0.00034235003786928,0.000242091920158771,0.000826182018443023,8
MMRd,Myeloid-noDC-noGran,CD274,"(-5,0]","(1.46,2.19]",-2.5,1.82352438217472,8,0.000314087158831749,0.000228107081569779,0.000628710243664462,8
MMRd,Myeloid-ISG,CD274,"(-30,-25]","(2.92,3.65]",-27.5,3.2823438879145,6,0.000439172343993313,9.76944118796405e-05,0.000612248085713616,8
MMRd,Myeloid-noDC-noGran,CD274,"(-30,-25]","(2.92,3.65]",-27.5,3.2823438879145,8,0.000689874865203302,0.000225895456437861,0.00101403386027613,8
MMRd,Myeloid-noDC-noGran,CD274,"(-45,-40]","(3.65,4.38]",-42.5,4.01175364078438,7,0.000246224556795798,0,0.000561972568633105,8
MMRd,Myeloid-noDC-noGran,CD274,"(-35,-30]","(4.38,5.11]",-32.5,4.74116339365427,7,0.00119760479041916,0.000322654846420631,0.00213037895444541,8
MMRd,Myeloid-noDC-noGran,CD274,"(-55,-50]","(3.65,4.38]",-52.5,4.01175364078438,7,0.00061633281972265,0.000181587071000545,0.00129958585688704,8
MMRd,Myeloid-noDC-noGran,CD274,"(35,40]","(2.92,3.65]",37.5,3.2823438879145,7,0.000504795557799091,0.000199441563621859,0.00104470039327892,8
MMRd,Myeloid-noDC-noGran,CD274,"(-65,-60]","(3.65,4.38]",-62.5,4.01175364078438,7,0.000479003672361488,0.000215007525263384,0.00192467163383005,8
MMRd,Myeloid-ISG,CD274,"(-10,-5]","(2.19,2.92]",-7.5,2.55293413504461,8,0.0004954168790566,0.000182034953847816,0.000934837857246938,8
MMRd,Myeloid-noDC-noGran,CD274,"(-10,-5]","(2.19,2.92]",-7.5,2.55293413504461,8,0.000519673971398245,0.000318965129979175,0.000886958643058482,8
MMRd,Myeloid-ISG,CD274,"(-25,-20]","(2.92,3.65]",-22.5,3.2823438879145,6,0.000823515139122106,0.000290542634408969,0.00188568491272003,8
MMRd,Myeloid-noDC-noGran,CD274,"(-25,-20]","(2.92,3.65]",-22.5,3.2823438879145,8,0.000893368849021832,0.000327795638711019,0.00111954658363363,8
MMRd,Myeloid-ISG,CD274,"(10,15]","(3.65,4.38]",12.5,4.01175364078438,5,0.00102774922918808,0,0.00115118956254797,8
MMRd,Myeloid-noDC-noGran,CD274,"(10,15]","(3.65,4.38]",12.5,4.01175364078438,7,0.00100401606425703,0.000400503490101842,0.00138666323165111,8
MMRd,Myeloid-noDC-noGran,CD274,"(30,35]","(1.46,2.19]",32.5,1.82352438217472,5,0.000213401621852326,0,0.000691085003455425,8
MMRd,Myeloid-ISG,CD274,"(-5,0]","(0.729,1.46]",-2.5,1.09411462930483,4,0.000116931711880262,0,0.000458202997684646,8
MMRd,Myeloid-noDC-noGran,CD274,"(-5,0]","(0.729,1.46]",-2.5,1.09411462930483,6,0.00030685589499057,3.26466651431556e-05,0.000526703886442283,8
MMRd,Myeloid-noDC-noGran,CD274,"(5,10]","(1.46,2.19]",7.5,1.82352438217472,7,0.000489656016648305,0.000226182936759251,0.000525634671056303,8
MMRd,Myeloid-ISG,CD274,"(-25,-20]","(4.38,5.11]",-22.5,4.74116339365427,7,0.000628930817610063,0.000375683160300283,0.00210362155929441,8
MMRd,Myeloid-noDC-noGran,CD274,"(-25,-20]","(4.38,5.11]",-22.5,4.74116339365427,7,0.00105552037154317,0.000498874392109551,0.00170608725931218,8
MMRd,Myeloid-ISG,CD274,"(-5,0]","[0,0.729]",-2.5,0.364704876434944,8,0.000155038759689923,0,0.00110738195399292,8
MMRd,Myeloid-noDC-noGran,CD274,"(-5,0]","[0,0.729]",-2.5,0.364704876434944,8,0.000525905893463589,0.000210821706735576,0.000860473631468896,8
MMRd,Myeloid-ISG,CD274,"(0,5]","(2.19,2.92]",2.5,2.55293413504461,7,6.04741170778907e-05,0,0.000789469032359076,8
MMRd,Myeloid-noDC-noGran,CD274,"(0,5]","(2.19,2.92]",2.5,2.55293413504461,8,0.000279846377346498,6.43086816720257e-05,0.000638985506149388,8
MMRd,Myeloid-ISG,CD274,"(0,5]","(1.46,2.19]",2.5,1.82352438217472,5,0.000179953212164837,0,0.000927643784786642,8
MMRd,Myeloid-noDC-noGran,CD274,"(0,5]","(1.46,2.19]",2.5,1.82352438217472,7,0.000160449257922182,9.23301863349642e-05,0.000666391302625679,8
MMRd,Myeloid-ISG,CD274,"(15,20]","(2.92,3.65]",17.5,3.2823438879145,5,0,0,0.000597728631201435,8
MMRd,Myeloid-noDC-noGran,CD274,"(15,20]","(2.92,3.65]",17.5,3.2823438879145,8,0.000665295664629205,0.000376222723852521,0.00109357758800874,8
MMRd,Myeloid-noDC-noGran,CD274,"(35,40]","(2.19,2.92]",37.5,2.55293413504461,7,0.000510812191384301,0,0.0012092668946171,8
MMRd,Myeloid-ISG,CD274,"(5,10]","(2.92,3.65]",7.5,3.2823438879145,6,0.000800843265705317,5.02815768302494e-05,0.00141851612439848,8
MMRd,Myeloid-noDC-noGran,CD274,"(5,10]","(2.92,3.65]",7.5,3.2823438879145,8,0.000689358836105356,0.000316563458947782,0.00115790644528485,8
MMRd,Myeloid-ISG,CD274,"(-15,-10]","(2.19,2.92]",-12.5,2.55293413504461,7,0.000452898550724638,0.000315307042332909,0.000947136142421509,8
MMRd,Myeloid-ISG,CD274,"(-20,-15]","(2.92,3.65]",-17.5,3.2823438879145,7,0.00127316452114868,0.000324659966055086,0.0015100527758098,8
MMRd,Myeloid-noDC-noGran,CD274,"(20,25]","[0,0.729]",22.5,0.364704876434944,5,0.00100553041729512,0.0003933910306845,0.00104547830632514,8
MMRd,Myeloid-noDC-noGran,CD274,"(30,35]","(2.19,2.92]",32.5,2.55293413504461,7,0.000410228360453986,0.000152439024390244,0.000849972419060969,8
MMRd,Myeloid-noDC-noGran,CD274,"(20,25]","(2.19,2.92]",22.5,2.55293413504461,6,0.000995890046502608,0.000207921821395155,0.00130490818155845,8
MMRd,Myeloid-ISG,CD274,"(-15,-10]","(1.46,2.19]",-12.5,1.82352438217472,6,8.51426138782461e-05,0,0.000476599084716901,8
MMRd,Myeloid-noDC-noGran,CD274,"(-15,-10]","(1.46,2.19]",-12.5,1.82352438217472,7,0.000324254215304799,0.000230414701404911,0.000385973268191867,8
MMRd,Myeloid-ISG,CD274,"(-25,-20]","(3.65,4.38]",-22.5,4.01175364078438,6,0.000872075083966691,0.000331288452525706,0.00237472941656078,8
MMRd,Myeloid-noDC-noGran,CD274,"(-10,-5]","(0.729,1.46]",-7.5,1.09411462930483,6,0.000252178642897613,0.000224104454584878,0.00042134401953265,8
MMRd,Myeloid-noDC-noGran,CD274,"(20,25]","(1.46,2.19]",22.5,1.82352438217472,5,0.000375563345017526,0.000248508946322068,0.000578368999421631,8
MMRd,Myeloid-ISG,CD274,"(0,5]","[0,0.729]",2.5,0.364704876434944,5,0,0,0.000518134715025907,8
MMRd,Myeloid-noDC-noGran,CD274,"(0,5]","[0,0.729]",2.5,0.364704876434944,8,0.000228822046395465,0,0.0007135297169138,8
MMRd,Myeloid-noDC-noGran,CD274,"(-70,-65]","(2.92,3.65]",-67.5,3.2823438879145,6,0.000451883103023595,6.71681891456206e-05,0.00103035964940859,8
MMRd,Myeloid-noDC-noGran,CD274,"(15,20]","(3.65,4.38]",17.5,4.01175364078438,6,0.000745646688066188,0.000170230151164374,0.00158239695411157,8
MMRd,Myeloid-noDC-noGran,CD274,"(10,15]","[0,0.729]",12.5,0.364704876434944,7,0.000489955903968643,0,0.00148220033886269,8
MMRd,Myeloid-ISG,CD274,"(-35,-30]","(2.92,3.65]",-32.5,3.2823438879145,5,0.000592183181997631,0,0.00141278151749356,8
MMRd,Myeloid-noDC-noGran,CD274,"(-35,-30]","(2.92,3.65]",-32.5,3.2823438879145,7,0.000876351041188499,0.000410142466025518,0.00189847404851464,8
MMRd,Myeloid-ISG,CD274,"(5,10]","(2.19,2.92]",7.5,2.55293413504461,6,0,0,0.000576923076923077,8
MMRd,Myeloid-noDC-noGran,CD274,"(5,10]","(2.19,2.92]",7.5,2.55293413504461,8,0.000413040285434292,5.27537455159316e-05,0.000781895540307965,8
MMRd,Myeloid-noDC-noGran,CD274,"(-35,-30]","(2.19,2.92]",-32.5,2.55293413504461,7,0.00026581605528974,9.45465547235459e-05,0.000769622169818914,8
MMRd,Myeloid-noDC-noGran,CD274,"(25,30]","(2.92,3.65]",27.5,3.2823438879145,7,0.000338409475465313,9.89315393747527e-05,0.00089321788159866,8
MMRd,Myeloid-noDC-noGran,CD274,"(-35,-30]","[0,0.729]",-32.5,0.364704876434944,8,0.000414097718435679,0,0.000742995217889136,8
MMRd,Myeloid-ISG,CD274,"(-30,-25]","(3.65,4.38]",-27.5,4.01175364078438,6,0.00130390342540776,0.000792484143239037,0.0015079907901636,8
MMRd,Myeloid-noDC-noGran,CD274,"(-50,-45]","(2.92,3.65]",-47.5,3.2823438879145,6,0.000533461405921333,0.000280535791089226,0.00086442528720247,8
MMRd,Myeloid-ISG,CD274,"(-20,-15]","(2.19,2.92]",-17.5,2.55293413504461,7,0.000465332712889716,0.000147710487444609,0.00183292684751545,8
MMRd,Myeloid-ISG,CD274,"(-15,-10]","(2.92,3.65]",-12.5,3.2823438879145,8,0.000682928392409392,0.000156923463196217,0.00126199711443043,8
MMRd,Myeloid-noDC-noGran,CD274,"(-15,-10]","(2.92,3.65]",-12.5,3.2823438879145,8,0.000529370341687389,0.00022403736317367,0.000856675517592358,8
MMRd,Myeloid-noDC-noGran,CD274,"(0,5]","(0.729,1.46]",2.5,1.09411462930483,4,0.000388147995490162,0.000327765924528902,0.000429370677572778,8
MMRd,Myeloid-ISG,CD274,"(10,15]","(2.92,3.65]",12.5,3.2823438879145,6,0.000369276218611521,0,0.000876520028124949,8
MMRd,Myeloid-noDC-noGran,CD274,"(10,15]","(2.92,3.65]",12.5,3.2823438879145,7,0.00035810205908684,0,0.00111924851411071,8
MMRd,Myeloid-noDC-noGran,CD274,"(-75,-70]","[0,0.729]",-72.5,0.364704876434944,7,0.0006765899864682,0.000534104866789375,0.00129091809888491,8
MMRd,Myeloid-ISG,CD274,"(-40,-35]","(3.65,4.38]",-37.5,4.01175364078438,5,0.000631113916061849,0,0.00139843841044167,8
MMRd,Myeloid-noDC-noGran,CD274,"(-40,-35]","(3.65,4.38]",-37.5,4.01175364078438,7,0.000772200772200772,0.000190331176246669,0.0010861183798965,8
MMRd,Myeloid-noDC-noGran,CD274,"(-45,-40]","(2.92,3.65]",-42.5,3.2823438879145,6,0.000479637084475747,0.000413488241015476,0.000848760567883601,8
MMRd,Myeloid-noDC-noGran,CD274,"(15,20]","(2.19,2.92]",17.5,2.55293413504461,7,0.000494376467680139,0.00010371292263016,0.000944875522147589,8
MMRd,Myeloid-noDC-noGran,CD274,"(45,50]","[0,0.729]",47.5,0.364704876434944,5,0.000496031746031746,0,0.000600240096038415,8
MMRd,Myeloid-ISG,CD274,"(-35,-30]","(2.19,2.92]",-32.5,2.55293413504461,4,0.000155593589544111,0,0.000567168755477715,8
MMRd,Myeloid-ISG,CD274,"(-40,-35]","(2.19,2.92]",-37.5,2.55293413504461,4,0.000518381941832451,0.000179168657429527,0.00082547055867973,8
MMRd,Myeloid-noDC-noGran,CD274,"(-40,-35]","(2.19,2.92]",-37.5,2.55293413504461,7,0.000627746390458255,0.000250706257599995,0.000674825866254087,8
MMRd,Myeloid-noDC-noGran,CD274,"(20,25]","(2.92,3.65]",22.5,3.2823438879145,5,0.000661485033901108,0.000341413451689997,0.000809061488673139,8
MMRd,Myeloid-ISG,CD274,"(-35,-30]","[0,0.729]",-32.5,0.364704876434944,4,0.00078740157480315,0,0.00168785911896148,8
MMRd,Myeloid-ISG,CD274,"(-35,-30]","(4.38,5.11]",-32.5,4.74116339365427,6,0.00277429340239141,0.0010298606693224,0.00327917838315865,8
MMRd,Myeloid-ISG,CD274,"(-50,-45]","(2.92,3.65]",-47.5,3.2823438879145,4,0.000896917311031762,0.000512295081967213,0.00136162211079607,8
MMRd,Myeloid-ISG,CD274,"(-25,-20]","(2.19,2.92]",-22.5,2.55293413504461,6,6.3971340839304e-05,0,0.0010346594672111,8
MMRd,Myeloid-noDC-noGran,CD274,"(-25,-20]","(2.19,2.92]",-22.5,2.55293413504461,8,0.000718525942912641,0.00021569018153975,0.00118855804428907,8
MMRd,Myeloid-ISG,CD274,"(-45,-40]","(3.65,4.38]",-42.5,4.01175364078438,4,0.000489519074704607,0.000267570460221192,0.000657426524372273,8
MMRd,Myeloid-noDC-noGran,CD274,"(30,35]","(0.729,1.46]",32.5,1.09411462930483,4,0,0,0,8
MMRd,Myeloid-ISG,CD274,"(-10,-5]","[0,0.729]",-7.5,0.364704876434944,8,0.000237705261648293,0.000103305785123967,0.000612592681867468,8
MMRd,Myeloid-noDC-noGran,CD274,"(-10,-5]","[0,0.729]",-7.5,0.364704876434944,8,0.000628204781338941,0.000239587076227705,0.00114006817755068,8
MMRd,Myeloid-ISG,CD274,"(10,15]","(2.19,2.92]",12.5,2.55293413504461,4,0.00077494007239794,0.000279537830786433,0.00121138738950561,8
MMRd,Myeloid-noDC-noGran,CD274,"(10,15]","(2.19,2.92]",12.5,2.55293413504461,7,0.000117357117709189,0,0.000441983542352386,8
MMRd,Myeloid-noDC-noGran,CD274,"(-35,-30]","(1.46,2.19]",-32.5,1.82352438217472,6,0.000139958012596221,0,0.00033238716344311,8
MMRd,Myeloid-noDC-noGran,CD274,"(50,55]","(1.46,2.19]",52.5,1.82352438217472,4,0.00065547424931729,0.000448833034111311,0.000772473577959862,8
MMRd,Myeloid-noDC-noGran,CD274,"(-75,-70]","(2.19,2.92]",-72.5,2.55293413504461,4,0.00034626491049628,0.000100590128755365,0.000566648750886158,8
MMRd,Myeloid-noDC-noGran,CD274,"(-60,-55]","(4.38,5.11]",-57.5,4.74116339365427,7,0,0,0.000586854460093897,8
MMRd,Myeloid-ISG,CD274,"(-45,-40]","(2.92,3.65]",-42.5,3.2823438879145,4,0.000547324828000802,0.000275532696546657,0.000888090977051854,8
MMRd,Myeloid-noDC-noGran,CD274,"(50,55]","(2.19,2.92]",52.5,2.55293413504461,6,0,0,0.000790305584826133,8
MMRd,Myeloid-noDC-noGran,CD274,"[-100,-95]","[0,0.729]",-97.5,0.364704876434944,7,0.000200588392618347,0,0.000778471233317045,8
MMRd,Myeloid-noDC-noGran,CD274,"(-50,-45]","(2.19,2.92]",-47.5,2.55293413504461,7,0.000754337440281619,9.08100254268071e-05,0.00140788394167339,8
MMRd,Myeloid-noDC-noGran,CD274,"(-50,-45]","[0,0.729]",-47.5,0.364704876434944,8,0.000351312344314075,0.000140012445550716,0.00145049436967866,8
MMRd,Myeloid-noDC-noGran,CD274,"(-85,-80]","(2.92,3.65]",-82.5,3.2823438879145,4,0.000764226831480428,0.000515747490028882,0.000882101811517716,8
MMRd,Myeloid-noDC-noGran,CD274,"(-65,-60]","(2.19,2.92]",-62.5,2.55293413504461,5,0.000489436332490415,0,0.000873766447368421,8
MMRd,Myeloid-noDC-noGran,CD274,"(60,65]","[0,0.729]",62.5,0.364704876434944,6,0,0,0.000827449249779347,8
MMRd,Myeloid-ISG,CD274,"(-15,-10]","[0,0.729]",-12.5,0.364704876434944,8,0.000134336378291241,0,0.000471638034484866,8
MMRd,Myeloid-noDC-noGran,CD274,"(-15,-10]","[0,0.729]",-12.5,0.364704876434944,8,0.000313055336262876,0.00022591258086653,0.00044809387466687,8
MMRd,Myeloid-noDC-noGran,CD274,"(15,20]","[0,0.729]",17.5,0.364704876434944,5,0,0,0.000542888165038002,8
MMRd,Myeloid-noDC-noGran,CD274,"(30,35]","(2.92,3.65]",32.5,3.2823438879145,6,0.00112369853535732,0.00025320729237002,0.00127389294055961,8
MMRd,Myeloid-ISG,CD274,"(5,10]","[0,0.729]",7.5,0.364704876434944,4,0,0,0.000213310580204778,8
MMRd,Myeloid-noDC-noGran,CD274,"(5,10]","[0,0.729]",7.5,0.364704876434944,8,0.000369047867294076,0,0.000751008669793884,8
MMRd,Myeloid-noDC-noGran,CD274,"(10,15]","(1.46,2.19]",12.5,1.82352438217472,6,0.00053704324759273,0.000228707531160425,0.000881253545796745,8
MMRd,Myeloid-ISG,CD274,"(-30,-25]","[0,0.729]",-27.5,0.364704876434944,4,0,0,0.000206953642384106,8
MMRd,Myeloid-ISG,CD274,"(-40,-35]","(2.92,3.65]",-37.5,3.2823438879145,4,0.000645465980664175,0.000310880829015544,0.00091912870749154,8
MMRd,Myeloid-noDC-noGran,CD274,"(-40,-35]","(2.92,3.65]",-37.5,3.2823438879145,7,0.000484449181280884,4.21976538104481e-05,0.00111399911148183,8
MMRd,Myeloid-ISG,CD274,"(-25,-20]","(1.46,2.19]",-22.5,1.82352438217472,4,0.000432152117545376,0,0.000973749009651397,8
MMRd,Myeloid-noDC-noGran,CD274,"(-25,-20]","(1.46,2.19]",-22.5,1.82352438217472,7,0.000469043151969981,0.000233373675017753,0.000973314270139064,8
MMRd,Myeloid-noDC-noGran,CD274,"(85,90]","[0,0.729]",87.5,0.364704876434944,4,0,0,0.000225022502250225,8
MMRd,Myeloid-noDC-noGran,CD274,"(15,20]","(1.46,2.19]",17.5,1.82352438217472,5,0,0,0.000617283950617284,8
MMRd,Myeloid-noDC-noGran,CD274,"(65,70]","[0,0.729]",67.5,0.364704876434944,5,0,0,0.00097624471200781,8
MMRd,Myeloid-ISG,CD274,"(-25,-20]","[0,0.729]",-22.5,0.364704876434944,7,0,0,0.000406667418090697,8
MMRd,Myeloid-noDC-noGran,CD274,"(-25,-20]","[0,0.729]",-22.5,0.364704876434944,8,0.000419052364294878,0,0.000548727688154438,8
MMRd,Myeloid-noDC-noGran,CD274,"(25,30]","(2.19,2.92]",27.5,2.55293413504461,6,0.00011054609772275,0,0.000562646881901559,8
MMRd,Myeloid-ISG,CD274,"(-20,-15]","(1.46,2.19]",-17.5,1.82352438217472,4,0.000298107020420331,0,0.00128834491824826,8
MMRd,Myeloid-noDC-noGran,CD274,"(35,40]","[0,0.729]",37.5,0.364704876434944,5,0,0,0.000277315585135885,8
MMRd,Myeloid-noDC-noGran,CD274,"(-55,-50]","(2.92,3.65]",-52.5,3.2823438879145,6,0.000363733494470284,4.56121145776318e-05,0.000575960030041263,8
MMRd,Myeloid-noDC-noGran,CD274,"(-65,-60]","(2.92,3.65]",-62.5,3.2823438879145,5,0.000318572793883402,0,0.000800168456517162,8
MMRd,Myeloid-noDC-noGran,CD274,"(-70,-65]","(2.19,2.92]",-67.5,2.55293413504461,5,0.000865098675317653,0,0.00100300902708124,8
MMRd,Myeloid-noDC-noGran,CD274,"(75,80]","[0,0.729]",77.5,0.364704876434944,4,0.000702247191011236,0,0.00162985041756989,8
MMRd,Myeloid-noDC-noGran,CD274,"(-75,-70]","(3.65,4.38]",-72.5,4.01175364078438,4,0.000360510927418909,0.000268336314847943,0.000774774349555706,8
MMRd,Myeloid-noDC-noGran,CD274,"(-65,-60]","[0,0.729]",-62.5,0.364704876434944,8,8.34724540901503e-05,0,0.000359760220958464,8
MMRd,Myeloid-noDC-noGran,CD274,"(-70,-65]","(3.65,4.38]",-67.5,4.01175364078438,5,0,0,0.000328515111695138,8
MMRd,Myeloid-noDC-noGran,CD274,"(25,30]","[0,0.729]",27.5,0.364704876434944,5,0,0,0.000337154416722859,8
MMRd,Myeloid-ISG,CD274,"(-40,-35]","[0,0.729]",-37.5,0.364704876434944,4,0.00103482653833987,0.000524842547235829,0.00139076935329723,8
MMRd,Myeloid-noDC-noGran,CD274,"(-40,-35]","[0,0.729]",-37.5,0.364704876434944,8,0.000540085051388853,0.000266856700088818,0.000773070640841033,8
MMRd,Myeloid-noDC-noGran,CD274,"(-55,-50]","(2.19,2.92]",-52.5,2.55293413504461,6,0,0,0.000387539676681184,8
MMRd,Myeloid-noDC-noGran,CD274,"(40,45]","[0,0.729]",42.5,0.364704876434944,6,0.00045812458420705,9.0481360839667e-05,0.00094023003799771,8
MMRd,Myeloid-noDC-noGran,CD274,"(65,70]","(2.19,2.92]",67.5,2.55293413504461,4,0,0,0.000355450236966825,8
MMRd,Myeloid-noDC-noGran,CD274,"(-30,-25]","(1.46,2.19]",-27.5,1.82352438217472,5,0.000301477238468496,0.000115928587989798,0.000308451573103023,8
MMRd,Myeloid-ISG,CD274,"(-30,-25]","(2.19,2.92]",-27.5,2.55293413504461,4,9.85415845486795e-05,0,0.000318562825042946,8
MMRd,Myeloid-noDC-noGran,CD274,"(-30,-25]","(2.19,2.92]",-27.5,2.55293413504461,8,0.000409705356841067,0.000219341002144668,0.000626846120046133,8
MMRd,Myeloid-noDC-noGran,CD274,"(35,40]","(1.46,2.19]",37.5,1.82352438217472,5,0.00064034151547492,0,0.000923076923076923,8
MMRd,Myeloid-noDC-noGran,CD274,"(40,45]","(2.19,2.92]",42.5,2.55293413504461,7,0.000595592614651578,0,0.00123184931871691,8
MMRd,Myeloid-noDC-noGran,CD274,"(-70,-65]","[0,0.729]",-67.5,0.364704876434944,8,0.000159710391822828,0,0.000912792224848962,8
MMRd,Myeloid-noDC-noGran,CD274,"(25,30]","(1.46,2.19]",27.5,1.82352438217472,5,0.000740521327014218,0.000505305709954523,0.000872093023255814,8
MMRd,Myeloid-noDC-noGran,CD274,"(40,45]","(1.46,2.19]",42.5,1.82352438217472,5,0,0,0.000327546675401245,8
MMRd,Myeloid-ISG,CD274,"(-20,-15]","[0,0.729]",-17.5,0.364704876434944,6,0.000154942671211652,0,0.000426958754058762,8
MMRd,Myeloid-noDC-noGran,CD274,"(-20,-15]","[0,0.729]",-17.5,0.364704876434944,8,0.000395352294594258,0.000229823536142686,0.000763633743191733,8
MMRd,Myeloid-noDC-noGran,CD274,"(55,60]","(2.19,2.92]",57.5,2.55293413504461,5,0,0,0.00122324159021407,8
MMRd,Myeloid-noDC-noGran,CD274,"(-60,-55]","(2.19,2.92]",-57.5,2.55293413504461,5,0.000494040634842216,0.000300751879699248,0.000587199060481503,8
MMRd,Myeloid-noDC-noGran,CD274,"(55,60]","(1.46,2.19]",57.5,1.82352438217472,4,0,0,0.000236854571293226,8
MMRd,Myeloid-noDC-noGran,CD274,"(-65,-60]","(4.38,5.11]",-62.5,4.74116339365427,4,0.000380228136882129,0,0.000905313174505865,8
MMRd,Myeloid-noDC-noGran,CD274,"(50,55]","[0,0.729]",52.5,0.364704876434944,7,0,0,0,8
MMRd,Myeloid-noDC-noGran,CD274,"(30,35]","[0,0.729]",32.5,0.364704876434944,5,0,0,0.000655479811221814,8
MMRd,Myeloid-ISG,CD274,"(-45,-40]","[0,0.729]",-42.5,0.364704876434944,4,0,0,0,8
MMRd,Myeloid-noDC-noGran,CD274,"(-45,-40]","[0,0.729]",-42.5,0.364704876434944,7,0.000440399295361127,8.93216024295476e-05,0.00054165488666594,8
MMRd,Myeloid-noDC-noGran,CD274,"(-40,-35]","(1.46,2.19]",-37.5,1.82352438217472,6,5.8757858863623e-05,0,0.000599504357025882,8
MMRd,Myeloid-noDC-noGran,CD274,"(40,45]","(2.92,3.65]",42.5,3.2823438879145,7,0.00109920307776862,0,0.00138154608766127,8
MMRd,Myeloid-ISG,CD274,"(15,20]","(3.65,4.38]",17.5,4.01175364078438,4,0.000276701715550636,0,0.000671989880622974,8
MMRd,Myeloid-noDC-noGran,CD274,"(-60,-55]","(3.65,4.38]",-57.5,4.01175364078438,5,0.000584795321637427,0,0.000968601178464767,8
MMRd,Myeloid-ISG,CD274,"(-45,-40]","(4.38,5.11]",-42.5,4.74116339365427,4,0.00153180123332855,0.00104870603714897,0.002800685693106,8
MMRd,Myeloid-noDC-noGran,CD274,"(-60,-55]","(2.92,3.65]",-57.5,3.2823438879145,6,0.000775683658824133,0.000395158586301224,0.000848448540369029,8
MMRd,Myeloid-noDC-noGran,CD274,"(-45,-40]","(2.19,2.92]",-42.5,2.55293413504461,6,0.000144366807183692,0,0.000606888297414732,8
MMRd,Myeloid-noDC-noGran,CD274,"(45,50]","(1.46,2.19]",47.5,1.82352438217472,4,0.000712301860228018,0.000503693754197448,0.000828890045125033,8
MMRd,Myeloid-noDC-noGran,CD274,"(-55,-50]","(4.38,5.11]",-52.5,4.74116339365427,7,0.000991080277502478,0,0.00146995523415978,8
MMRd,Myeloid-noDC-noGran,CD274,"(-80,-75]","[0,0.729]",-77.5,0.364704876434944,8,0.00033182358638814,0,0.000756790790435643,8
MMRd,Myeloid-noDC-noGran,CD274,"(-75,-70]","(2.92,3.65]",-72.5,3.2823438879145,5,0.000763358778625954,0.000463606861381549,0.00101237862960747,8
MMRd,Myeloid-noDC-noGran,CD274,"(-90,-85]","[0,0.729]",-87.5,0.364704876434944,8,0.00100892583460858,0,0.00124441877368776,8
MMRd,Myeloid-noDC-noGran,CD274,"(-85,-80]","(2.19,2.92]",-82.5,2.55293413504461,4,0.000671181890292269,0,0.00138018583021062,8
MMRd,Myeloid-noDC-noGran,CD274,"(-90,-85]","(2.19,2.92]",-87.5,2.55293413504461,4,0.000492450300943013,0.000325679856700863,0.000837443812031144,8
MMRd,Myeloid-noDC-noGran,CD274,"(80,85]","[0,0.729]",82.5,0.364704876434944,4,0,0,0.000280478683620045,8
MMRd,Myeloid-noDC-noGran,CD274,"(-85,-80]","[0,0.729]",-82.5,0.364704876434944,8,0.000485435388307792,0,0.000792213423899774,8
MMRd,Myeloid-noDC-noGran,CD274,"(-80,-75]","(2.92,3.65]",-77.5,3.2823438879145,4,0.00107094604517285,0.000883181841454563,0.00119162807842053,8
MMRd,Myeloid-noDC-noGran,CD274,"(60,65]","(2.92,3.65]",62.5,3.2823438879145,4,0.000628930817610063,0,0.00176711945541015,8
MMRd,Myeloid-noDC-noGran,CD274,"(60,65]","(2.19,2.92]",62.5,2.55293413504461,4,0.000496188139371287,0.000233208955223881,0.000778452932977434,8
MMRd,Myeloid-noDC-noGran,CD274,"(70,75]","[0,0.729]",72.5,0.364704876434944,5,0,0,0.000904159132007233,8
MMRd,Myeloid-noDC-noGran,CD274,"(70,75]","(2.19,2.92]",72.5,2.55293413504461,4,0,0,0.000823271130625686,8
MMRd,Myeloid-noDC-noGran,CD274,"(90,95]","[0,0.729]",92.5,0.364704876434944,4,0.000707463742483198,0,0.00229272270732086,8
MMRd,Myeloid-noDC-noGran,CD274,"(45,50]","(2.19,2.92]",47.5,2.55293413504461,5,0.000300480769230769,0,0.00107584722969338,8
MMRd,Myeloid-noDC-noGran,CD274,"(-60,-55]","[0,0.729]",-57.5,0.364704876434944,8,0.000451745584873262,0.000100894598775812,0.000756975668145287,8
MMRd,Myeloid-noDC-noGran,CD274,"(55,60]","(2.92,3.65]",57.5,3.2823438879145,5,0,0,0.00199866755496336,8
MMRd,Myeloid-noDC-noGran,CD274,"(-80,-75]","(2.19,2.92]",-77.5,2.55293413504461,4,7.91514959632737e-05,0,0.000379262644192419,8
MMRd,Myeloid-noDC-noGran,CD274,"(20,25]","(0.729,1.46]",22.5,1.09411462930483,4,0,0,0.000474683544303797,8
MMRd,Myeloid-noDC-noGran,CD274,"(55,60]","[0,0.729]",57.5,0.364704876434944,5,0.000430848772081,0,0.000787091696182605,8
MMRd,Myeloid-noDC-noGran,CD274,"(-15,-10]","(0.729,1.46]",-12.5,1.09411462930483,4,0.00034483536176939,0.000136542382755607,0.00105821743496623,8
MMRd,Myeloid-noDC-noGran,CD274,"(-45,-40]","(1.46,2.19]",-42.5,1.82352438217472,4,0.000403147562702283,0.00024797487187965,0.000480508848411399,8
MMRd,Myeloid-noDC-noGran,CD274,"(-50,-45]","(1.46,2.19]",-47.5,1.82352438217472,4,0.000322372662798195,0,0.00106360539790959,8
MMRd,Tcd4-CXCL13,CD274,"(-5,0]","(3.65,4.38]",-2.5,4.01175364078438,7,0,0,0.00120535500487946,8
MMRd,Tcd4-CXCL13,CD274,"(-10,-5]","(2.92,3.65]",-7.5,3.2823438879145,7,0,0,0.000100583383625025,8
MMRd,Tcd4-CXCL13,CD274,"(0,5]","(2.19,2.92]",2.5,2.55293413504461,5,0,0,0.00142045454545455,8
MMRd,Tcd4-CXCL13,CD274,"(-10,-5]","(1.46,2.19]",-7.5,1.82352438217472,4,0,0,0.000302663438256659,8
MMRd,Tcd4-CXCL13,CD274,"(-5,0]","(2.19,2.92]",-2.5,2.55293413504461,6,0.00016739203213927,0,0.000520758953132572,8
MMRd,Tcd4-CXCL13,CD274,"(-5,0]","(1.46,2.19]",-2.5,1.82352438217472,6,0,0,0.000527055516514406,8
MMRd,Tcd4-CXCL13,CD274,"(-10,-5]","(2.19,2.92]",-7.5,2.55293413504461,6,0,0,0,8
MMRd,Tcd4-CXCL13,CD274,"(-15,-10]","(2.92,3.65]",-12.5,3.2823438879145,6,0.000108861310690181,0,0.000934712345485935,8
MMRd,Tcd4-CXCL13,CD274,"(-15,-10]","(3.65,4.38]",-12.5,4.01175364078438,4,0,0,8.46596681341009e-05,8
MMRd,Tcd4-CXCL13,CD274,"(0,5]","(2.92,3.65]",2.5,3.2823438879145,6,0,0,0.000495049504950495,8
MMRd,Tcd4-CXCL13,CD274,"(-5,0]","(2.92,3.65]",-2.5,3.2823438879145,6,0.000386756165262539,9.44465432565168e-05,0.000740780063123148,8
MMRd,Tcd4-CXCL13,CD274,"(-5,0]","[0,0.729]",-2.5,0.364704876434944,4,0,0,0.000683060109289618,8
MMRd,Tcd4-CXCL13,CD274,"(0,5]","(1.46,2.19]",2.5,1.82352438217472,4,0.00103950103950104,0,0.00211978967584349,8
MMRd,Tcd4-CXCL13,CD274,"(-10,-5]","(3.65,4.38]",-7.5,4.01175364078438,4,0.000118863663378105,0,0.00040402912937867,8
MMRd,Tcd4-Treg-comb,CD274,"(-10,-5]","(3.65,4.38]",-7.5,4.01175364078438,8,0.00059960107458288,0,0.00121122415780658,8
MMRd,Tcd4-Treg-comb,CD274,"(-5,0]","(4.38,5.11]",-2.5,4.74116339365427,4,0.000605223365054316,0.000343500961802693,0.00104234555805412,8
MMRd,Tcd4-Treg-comb,CD274,"(-10,-5]","(2.92,3.65]",-7.5,3.2823438879145,8,0.000528337013320328,0.000243033052495139,0.000769090277024828,8
MMRd,Tcd4-Treg-comb,CD274,"(-5,0]","(2.92,3.65]",-2.5,3.2823438879145,8,0.000499693252666486,0.000220005866823115,0.000694653059545153,8
MMRd,Tcd4-Treg-comb,CD274,"(-5,0]","(3.65,4.38]",-2.5,4.01175364078438,7,0.000227596017069701,0,0.000729848147799128,8
MMRd,Tcd4-Treg-comb,CD274,"(-10,-5]","(4.38,5.11]",-7.5,4.74116339365427,5,0.000612432377258344,0.000525210084033613,0.00121359223300971,8
MMRd,Tcd4-Treg-comb,CD274,"(0,5]","(2.92,3.65]",2.5,3.2823438879145,6,0.000407497962510187,0,0.000913640131278757,8
MMRd,Tcd4-Treg-comb,CD274,"(-15,-10]","(1.46,2.19]",-12.5,1.82352438217472,4,0,0,0,8
MMRd,Tcd4-Treg-comb,CD274,"(-10,-5]","[0,0.729]",-7.5,0.364704876434944,6,0,0,0,8
MMRd,Tcd4-Treg-comb,CD274,"(-5,0]","(2.19,2.92]",-2.5,2.55293413504461,7,0.000389559797428905,0.000311181620541747,0.000611591517869474,8
MMRd,Tcd4-Treg-comb,CD274,"(-15,-10]","(2.19,2.92]",-12.5,2.55293413504461,7,0.000358680057388809,0.000135427952329361,0.000661686191517002,8
MMRd,Tcd4-Treg-comb,CD274,"(0,5]","(3.65,4.38]",2.5,4.01175364078438,4,0.000306560392397302,0,0.000642056332036187,8
MMRd,Tcd4-Treg-comb,CD274,"(-15,-10]","(3.65,4.38]",-12.5,4.01175364078438,7,0.000637755102040816,8.5755938598748e-05,0.000996660971461115,8
MMRd,Tcd4-Treg-comb,CD274,"(-5,0]","(1.46,2.19]",-2.5,1.82352438217472,7,0,0,0.000363822518697044,8
MMRd,Tcd4-Treg-comb,CD274,"(0,5]","(2.19,2.92]",2.5,2.55293413504461,6,0,0,0.000195924764890282,8
MMRd,Tcd4-Treg-comb,CD274,"(-5,0]","[0,0.729]",-2.5,0.364704876434944,5,0.000502008032128514,0.000494071146245059,0.00165016501650165,8
MMRd,Tcd4-Treg-comb,CD274,"(-25,-20]","(2.19,2.92]",-22.5,2.55293413504461,5,0,0,0,8
MMRd,Tcd4-Treg-comb,CD274,"(-20,-15]","(2.92,3.65]",-17.5,3.2823438879145,7,0,0,0.00116973553952765,8
MMRd,Tcd4-Treg-comb,CD274,"(-10,-5]","(2.19,2.92]",-7.5,2.55293413504461,7,0.000427350427350427,0.000340464990848725,0.000555415828303152,8
MMRd,Tcd4-Treg-comb,CD274,"(-20,-15]","(2.19,2.92]",-17.5,2.55293413504461,6,0.000510916594145454,8.36960160696351e-05,0.00082393619404657,8
MMRd,Tcd4-Treg-comb,CD274,"(-15,-10]","(2.92,3.65]",-12.5,3.2823438879145,7,0.000434593654932638,0.000134535180949818,0.000870396915125575,8
MMRd,Tcd4-Treg-comb,CD274,"(-15,-10]","[0,0.729]",-12.5,0.364704876434944,5,0,0,0.000334112930170398,8
MMRd,Tcd4-Treg-comb,CD274,"(-20,-15]","(3.65,4.38]",-17.5,4.01175364078438,6,0.00102849643659155,0.000620452101722888,0.00166072318502408,8
MMRd,Tcd4-Treg-comb,CD274,"(5,10]","(2.19,2.92]",7.5,2.55293413504461,6,0,0,0,8
MMRd,Tcd4-Treg-comb,CD274,"(5,10]","(2.92,3.65]",7.5,3.2823438879145,5,0,0,0,8
MMRd,Tcd4-Treg-comb,CD274,"(-10,-5]","(1.46,2.19]",-7.5,1.82352438217472,7,0,0,0.000376566737778022,8
MMRd,Tcd4-Treg-comb,CD274,"(0,5]","(1.46,2.19]",2.5,1.82352438217472,5,0,0,0,8
MMRd,Tcd4-Treg-comb,CD274,"(-30,-25]","(2.92,3.65]",-27.5,3.2823438879145,4,0.000513104486014253,0.000373878364905284,0.000809343293810057,8
MMRd,Tcd4-Treg-comb,CD274,"(-25,-20]","(2.92,3.65]",-22.5,3.2823438879145,5,0,0,0.000400320256204964,8
MMRd,Tcd4-Treg-comb,CD274,"(-25,-20]","(3.65,4.38]",-22.5,4.01175364078438,4,0,0,0.000207411504424779,8
MMRd,Tcd4-Treg-comb,CD274,"(-35,-30]","(2.92,3.65]",-32.5,3.2823438879145,5,0,0,0.000606060606060606,8
MMRd,Tcd8-CXCL13-comb,CD274,"(0,5]","(3.65,4.38]",2.5,4.01175364078438,7,0.000289184499710816,0,0.000641204181097747,8
MMRd,CD8-all,CD274,"(0,5]","(3.65,4.38]",2.5,4.01175364078438,7,0.000240283534570794,8.83236177353824e-05,0.000708562995090509,8
MMRd,Tcd8-CXCL13-comb,CD274,"(-5,0]","(2.92,3.65]",-2.5,3.2823438879145,7,0.000148478099480327,0,0.000370908033408989,8
MMRd,CD8-all,CD274,"(-5,0]","(2.92,3.65]",-2.5,3.2823438879145,8,0.000265895278167368,0.000160558531399749,0.000438629572022494,8
MMRd,Tcd8-CXCL13-comb,CD274,"(-5,0]","(4.38,5.11]",-2.5,4.74116339365427,4,0.000868616477170707,0.000312956394742333,0.00137756522023853,8
MMRd,CD8-all,CD274,"(-5,0]","(4.38,5.11]",-2.5,4.74116339365427,7,0.000715307582260372,0.000282326369282891,0.0015704451923701,8
MMRd,Tcd8-CXCL13-comb,CD274,"(-5,0]","(3.65,4.38]",-2.5,4.01175364078438,7,0.000445235975066785,9.16590284142988e-05,0.000761943219976216,8
MMRd,CD8-all,CD274,"(-5,0]","(3.65,4.38]",-2.5,4.01175364078438,8,0.000276630683516401,0.00015271838729383,0.000475036414170757,8
MMRd,Tcd8-CXCL13-comb,CD274,"(-10,-5]","(3.65,4.38]",-7.5,4.01175364078438,6,0.000111756817165847,0,0.000307345298775715,8
MMRd,CD8-all,CD274,"(-10,-5]","(3.65,4.38]",-7.5,4.01175364078438,8,0,0,0.000451586119511977,8
MMRd,CD8-all,CD274,"(10,15]","(3.65,4.38]",12.5,4.01175364078438,4,0,0,0.000134336378291241,8
MMRd,CD8-all,CD274,"(-10,-5]","(4.38,5.11]",-7.5,4.74116339365427,4,0.000780473063596064,0.000609987598925915,0.0011453132570278,8
MMRd,CD8-all,CD274,"(5,10]","(3.65,4.38]",7.5,4.01175364078438,7,0,0,0.000141222991102952,8
MMRd,CD8-all,CD274,"(5,10]","(2.92,3.65]",7.5,3.2823438879145,7,0.000274725274725275,0,0.000326142744908138,8
MMRd,CD8-all,CD274,"(25,30]","(1.46,2.19]",27.5,1.82352438217472,5,0,0,0,8
MMRd,Tcd8-CXCL13-comb,CD274,"(-10,-5]","(2.19,2.92]",-7.5,2.55293413504461,6,0,0,0,8
MMRd,CD8-all,CD274,"(-10,-5]","(2.19,2.92]",-7.5,2.55293413504461,7,0,0,0.000195045835771406,8
MMRd,CD8-all,CD274,"(-10,-5]","[0,0.729]",-7.5,0.364704876434944,6,0,0,0.000420403587443946,8
MMRd,CD8-all,CD274,"(15,20]","(2.92,3.65]",17.5,3.2823438879145,7,0,0,0.000488268174572828,8
MMRd,Tcd8-CXCL13-comb,CD274,"(-5,0]","[0,0.729]",-2.5,0.364704876434944,4,0,0,0.000501403931006819,8
MMRd,CD8-all,CD274,"(-5,0]","[0,0.729]",-2.5,0.364704876434944,5,0,0,0,8
MMRd,Tcd8-CXCL13-comb,CD274,"(-5,0]","(1.46,2.19]",-2.5,1.82352438217472,6,0.000160771704180064,0,0.000489662796155517,8
MMRd,CD8-all,CD274,"(-5,0]","(1.46,2.19]",-2.5,1.82352438217472,6,0.000142470437384243,0,0.000287031506995963,8
MMRd,Tcd8-CXCL13-comb,CD274,"(-10,-5]","(2.92,3.65]",-7.5,3.2823438879145,6,0.000102480016396803,0,0.000361734729788134,8
MMRd,CD8-all,CD274,"(-10,-5]","(2.92,3.65]",-7.5,3.2823438879145,7,0,0,0.000347672309480142,8
MMRd,Tcd8-CXCL13-comb,CD274,"(-5,0]","(2.19,2.92]",-2.5,2.55293413504461,6,0.000436948347165065,0.000102375102375102,0.000717060609668969,8
MMRd,CD8-all,CD274,"(-5,0]","(2.19,2.92]",-2.5,2.55293413504461,7,0.00022754854368932,0.000211962980669343,0.000585371663833415,8
MMRd,Tcd8-CXCL13-comb,CD274,"(0,5]","(1.46,2.19]",2.5,1.82352438217472,5,0,0,0.000821692686935086,8
MMRd,CD8-all,CD274,"(0,5]","(1.46,2.19]",2.5,1.82352438217472,6,0.000405186385737439,0,0.00106317839080332,8
MMRd,Tcd8-CXCL13-comb,CD274,"(15,20]","(2.19,2.92]",17.5,2.55293413504461,5,0,0,0,8
MMRd,CD8-all,CD274,"(15,20]","(2.19,2.92]",17.5,2.55293413504461,6,0,0,0,8
MMRd,CD8-all,CD274,"(15,20]","[0,0.729]",17.5,0.364704876434944,4,0.000299222022740874,0,0.000900096572017448,8
MMRd,Tcd8-CXCL13-comb,CD274,"(-10,-5]","(1.46,2.19]",-7.5,1.82352438217472,4,0,0,0.000468164794007491,8
MMRd,CD8-all,CD274,"(-10,-5]","(1.46,2.19]",-7.5,1.82352438217472,7,0,0,0.000384024577572965,8
MMRd,CD8-all,CD274,"(15,20]","(1.46,2.19]",17.5,1.82352438217472,5,0,0,0,8
MMRd,CD8-all,CD274,"(30,35]","(2.19,2.92]",32.5,2.55293413504461,5,0,0,0,8
MMRd,Tcd8-CXCL13-comb,CD274,"(20,25]","(2.19,2.92]",22.5,2.55293413504461,5,0,0,0.000561167227833895,8
MMRd,CD8-all,CD274,"(20,25]","(2.19,2.92]",22.5,2.55293413504461,5,0.000358680057388809,0,0.000452079566003617,8
MMRd,Tcd8-CXCL13-comb,CD274,"(5,10]","(2.19,2.92]",7.5,2.55293413504461,5,0,0,0,8
MMRd,CD8-all,CD274,"(5,10]","(2.19,2.92]",7.5,2.55293413504461,6,0,0,0.000184729064039409,8
MMRd,CD8-all,CD274,"(-15,-10]","(2.92,3.65]",-12.5,3.2823438879145,7,0.000421141292903769,0,0.000718537069364826,8
MMRd,Tcd8-CXCL13-comb,CD274,"(20,25]","(1.46,2.19]",22.5,1.82352438217472,5,0,0,0,8
MMRd,CD8-all,CD274,"(20,25]","(1.46,2.19]",22.5,1.82352438217472,5,0,0,0.000686341798215511,8
MMRd,Tcd8-CXCL13-comb,CD274,"(0,5]","(2.19,2.92]",2.5,2.55293413504461,6,0.000374938414222209,5.50539528738163e-05,0.000681463570489118,8
MMRd,CD8-all,CD274,"(0,5]","(2.19,2.92]",2.5,2.55293413504461,7,0.000237981913374584,8.34724540901503e-05,0.000311172995011299,8
MMRd,Tcd8-CXCL13-comb,CD274,"(0,5]","(2.92,3.65]",2.5,3.2823438879145,6,0.000650388228066563,0.000140964195094446,0.000757478326582148,8
MMRd,CD8-all,CD274,"(0,5]","(2.92,3.65]",2.5,3.2823438879145,7,0.000240905805829921,0.000100220485067148,0.000500071864570518,8
MMRd,Tcd8-CXCL13-comb,CD274,"(5,10]","(1.46,2.19]",7.5,1.82352438217472,5,0,0,0,8
MMRd,CD8-all,CD274,"(5,10]","(1.46,2.19]",7.5,1.82352438217472,5,0,0,0.000511770726714432,8
MMRd,Tcd8-CXCL13-comb,CD274,"(10,15]","(2.92,3.65]",12.5,3.2823438879145,4,0.000360750360750361,0,0.000730232954136131,8
MMRd,CD8-all,CD274,"(10,15]","(2.92,3.65]",12.5,3.2823438879145,6,0,0,0.000411184210526316,8
MMRd,Tcd8-CXCL13-comb,CD274,"(5,10]","(2.92,3.65]",7.5,3.2823438879145,6,0.00017636684303351,0,0.000463746766534281,8
MMRd,CD8-all,CD274,"(10,15]","(2.19,2.92]",12.5,2.55293413504461,6,0,0,0,8
MMRd,CD8-all,CD274,"(30,35]","(1.46,2.19]",32.5,1.82352438217472,5,0.000469263256687001,0,0.000742942050520059,8
MMRd,CD8-all,CD274,"(25,30]","(2.19,2.92]",27.5,2.55293413504461,4,0.000104580631667015,0,0.000273204125722952,8
MMRd,CD8-all,CD274,"(35,40]","(2.19,2.92]",37.5,2.55293413504461,4,0,0,0.00020703933747412,8
MMRd,Tcd8-CXCL13-comb,CD274,"(10,15]","(1.46,2.19]",12.5,1.82352438217472,5,0,0,0,8
MMRd,CD8-all,CD274,"(10,15]","(1.46,2.19]",12.5,1.82352438217472,6,0,0,0,8
MMRd,CD8-all,CD274,"(-5,0]","(0.729,1.46]",-2.5,1.09411462930483,6,0,0,0.00104699860400186,8
MMRd,Tcd8-CXCL13-comb,CD274,"(0,5]","[0,0.729]",2.5,0.364704876434944,4,0,0,0,8
MMRd,CD8-all,CD274,"(0,5]","[0,0.729]",2.5,0.364704876434944,5,0,0,0,8
MMRd,CD8-all,CD274,"(-15,-10]","(3.65,4.38]",-12.5,4.01175364078438,6,0,0,0.000129343795809261,8
MMRd,Tcd8-CXCL13-comb,CD274,"(-15,-10]","(2.19,2.92]",-12.5,2.55293413504461,5,0,0,0,8
MMRd,CD8-all,CD274,"(-15,-10]","(2.19,2.92]",-12.5,2.55293413504461,7,0,0,0.000130174433741213,8
MMRd,Tcd8-CXCL13-comb,CD274,"(-20,-15]","(2.92,3.65]",-17.5,3.2823438879145,4,0,0,0,8
MMRd,CD8-all,CD274,"(-20,-15]","(2.92,3.65]",-17.5,3.2823438879145,5,0,0,0.000323546064870986,8
MMRd,Tcd8-CXCL13-comb,CD274,"(-15,-10]","(2.92,3.65]",-12.5,3.2823438879145,5,0.000535618639528656,0,0.000876424189307625,8
MMRd,Tcd8-CXCL13-comb,CD274,"(10,15]","(2.19,2.92]",12.5,2.55293413504461,4,0,0,0.000407166123778502,8
MMRd,CD8-all,CD274,"(-25,-20]","(3.65,4.38]",-22.5,4.01175364078438,4,0.000790027244808564,0.000499454197303301,0.0011026596921899,8
MMRd,CD8-all,CD274,"(-25,-20]","(2.92,3.65]",-22.5,3.2823438879145,4,0,0,4.60023921243905e-05,8
MMRd,CD8-all,CD274,"(-15,-10]","[0,0.729]",-12.5,0.364704876434944,4,0,0,0.0009765625,8
MMRd,CD8-all,CD274,"(5,10]","[0,0.729]",7.5,0.364704876434944,4,0,0,0.000237981913374584,8
MMRd,Tcd8-CXCL13-comb,CD274,"(-10,-5]","[0,0.729]",-7.5,0.364704876434944,4,0,0,0.000170415814587594,8
MMRd,CD8-all,CD274,"(-20,-15]","(2.19,2.92]",-17.5,2.55293413504461,4,0,0,7.400828892836e-05,8
MMRd,CD8-all,CD274,"(-25,-20]","(2.19,2.92]",-22.5,2.55293413504461,4,0.000293083235638921,0,0.000830861160187647,8
MMRd,CD8-all,CD274,"(-20,-15]","(3.65,4.38]",-17.5,4.01175364078438,5,0,0,0.000298525285091647,8
MMRd,CD8-all,CD274,"(35,40]","(3.65,4.38]",37.5,4.01175364078438,4,0,0,0.000539956803455724,8
MMRd,CD8-all,CD274,"(20,25]","(2.92,3.65]",22.5,3.2823438879145,4,0,0,0.000248015873015873,8
MMRd,CD8-all,CD274,"(-25,-20]","[0,0.729]",-22.5,0.364704876434944,4,0,0,0,8
MMRd,Tcd8-CXCL13-LAG3,CD274,"(-5,0]","(2.19,2.92]",-2.5,2.55293413504461,6,0,0,0.000508819538670285,8
MMRd,Tcd8-CXCL13-LAG3,CD274,"(-5,0]","(2.92,3.65]",-2.5,3.2823438879145,6,0,0,0.000388399792853444,8
MMRd,Tcd8-CXCL13-LAG3,CD274,"(-5,0]","(1.46,2.19]",-2.5,1.82352438217472,4,0,0,0,8
MMRd,Tcd8-CXCL13-LAG3,CD274,"(0,5]","(2.19,2.92]",2.5,2.55293413504461,4,0,0,0.000218722659667542,8
MMRd,Tcd8-GZMK,CD274,"(-5,0]","(2.92,3.65]",-2.5,3.2823438879145,6,0.000616067705440653,9.47687642153146e-05,0.000876395061979813,8
MMRd,Tcd8-GZMK,CD274,"(-5,0]","(2.19,2.92]",-2.5,2.55293413504461,6,0,0,0,8
MMRd,Tcd8-GZMK,CD274,"(-15,-10]","(2.92,3.65]",-12.5,3.2823438879145,4,0.000243427458617332,0,0.00127423209701691,8
MMRd,Tcd8-GZMK,CD274,"(-10,-5]","(2.92,3.65]",-7.5,3.2823438879145,4,0,0,8.2047915982934e-05,8
MMRd,Tcd8-GZMK,CD274,"(0,5]","(2.92,3.65]",2.5,3.2823438879145,4,0,0,0,8
MMRd,Tcd8-GZMK,CD274,"(-10,-5]","(2.19,2.92]",-7.5,2.55293413504461,4,0,0,0,8
MMRd,Tcd8-HOBIT,CD274,"(-5,0]","[0,0.729]",-2.5,0.364704876434944,4,0,0,0.000136165577342048,8
MMRd,Tcd8-HOBIT,CD274,"(-5,0]","(3.65,4.38]",-2.5,4.01175364078438,5,0.000183536753234835,0,0.000700770847932726,8
MMRd,Tcd8-HOBIT,CD274,"(-5,0]","(2.19,2.92]",-2.5,2.55293413504461,6,0.000273972602739726,0,0.000768565248738284,8
MMRd,Tcd8-HOBIT,CD274,"(0,5]","(2.19,2.92]",2.5,2.55293413504461,5,0,0,0,8
MMRd,Tcd8-HOBIT,CD274,"(-5,0]","(2.92,3.65]",-2.5,3.2823438879145,6,0.000274800769442154,0,0.000582372203172575,8
MMRd,Tcd8-HOBIT,CD274,"(-5,0]","(1.46,2.19]",-2.5,1.82352438217472,5,0,0,0,8
MMRd,Tcd8-HOBIT,CD274,"(-10,-5]","(2.92,3.65]",-7.5,3.2823438879145,4,0,0,0.000308033514046328,8
MMRd,Tcd8-HOBIT,CD274,"(0,5]","(2.92,3.65]",2.5,3.2823438879145,5,0,0,0.000742390497401633,8
MMRd,Tcd8-HOBIT,CD274,"(-10,-5]","(2.19,2.92]",-7.5,2.55293413504461,5,0,0,0,8
MMRd,Tplzf-gdlike-comb,CD274,"(-10,-5]","(3.65,4.38]",-7.5,4.01175364078438,4,0,0,0.000111706881143878,8
MMRd,Tplzf-gdlike-comb,CD274,"(-5,0]","(3.65,4.38]",-2.5,4.01175364078438,7,0,0,0.000189489641232946,8
MMRd,Tplzf-gdlike-comb,CD274,"(-5,0]","[0,0.729]",-2.5,0.364704876434944,4,0,0,0.000467508181393174,8
MMRd,Tplzf-gdlike-comb,CD274,"(-5,0]","(1.46,2.19]",-2.5,1.82352438217472,5,0,0,0.000609384521633151,8
MMRd,Tplzf-gdlike-comb,CD274,"(15,20]","(1.46,2.19]",17.5,1.82352438217472,5,0,0,0,8
MMRd,Tplzf-gdlike-comb,CD274,"(20,25]","(2.19,2.92]",22.5,2.55293413504461,4,0.000386996904024768,0,0.00105042016806723,8
MMRd,Tplzf-gdlike-comb,CD274,"(-5,0]","(2.92,3.65]",-2.5,3.2823438879145,6,0.000118063754427391,0,0.000257812688239404,8
MMRd,Tplzf-gdlike-comb,CD274,"(-5,0]","(2.19,2.92]",-2.5,2.55293413504461,6,0.000568984940574582,0.000291587318429826,0.000891618271156851,8
MMRd,Tplzf-gdlike-comb,CD274,"(0,5]","(1.46,2.19]",2.5,1.82352438217472,5,0,0,0.00100401606425703,8
MMRd,Tplzf-gdlike-comb,CD274,"(0,5]","(2.19,2.92]",2.5,2.55293413504461,6,0,0,0.000637755102040816,8
MMRd,Tplzf-gdlike-comb,CD274,"(-10,-5]","(2.92,3.65]",-7.5,3.2823438879145,5,0,0,0.000276701715550636,8
MMRd,Tplzf-gdlike-comb,CD274,"(0,5]","(2.92,3.65]",2.5,3.2823438879145,6,0,0,0,8
MMRd,Tplzf-gdlike-comb,CD274,"(-10,-5]","(2.19,2.92]",-7.5,2.55293413504461,4,0,0,0.00016655562958028,8
MMRd,Tplzf-gdlike-comb,CD274,"(-10,-5]","[0,0.729]",-7.5,0.364704876434944,4,0,0,0.000342935528120713,8
MMRd,Tplzf-gdlike-comb,CD274,"(5,10]","(2.19,2.92]",7.5,2.55293413504461,4,0.000732064421669107,0,0.00156979474571121,8
MMRd,Tplzf-gdlike-comb,CD274,"(5,10]","(2.92,3.65]",7.5,3.2823438879145,4,0.000370096225018505,0,0.000848571567574706,8
MMRd,Tplzf-gdlike-comb,CD274,"(-10,-5]","(1.46,2.19]",-7.5,1.82352438217472,4,0,0,0.000369276218611521,8
MMRd,Myeloid-mregDC,GBP1,"(-15,-10]","(4.38,5.11]",-12.5,4.74116339365427,4,0.00458725064242149,0.0038198588706269,0.00592609538841268,8
MMRd,Myeloid-mregDC,GBP1,"(-5,0]","(3.65,4.38]",-2.5,4.01175364078438,6,0.0012716946432069,0.000276548672566372,0.00155261607147145,8
MMRd,Myeloid-mregDC,GBP1,"(-10,-5]","(3.65,4.38]",-7.5,4.01175364078438,5,0.00231839258114374,0.000259942812581232,0.00250941028858218,8
MMRd,Myeloid-mregDC,GBP1,"(-15,-10]","(2.92,3.65]",-12.5,3.2823438879145,7,0.00112485939257593,0.000404858299595142,0.00243852769709636,8
MMRd,Myeloid-mregDC,GBP1,"(-5,0]","(2.92,3.65]",-2.5,3.2823438879145,7,0.00135043889264011,0.00048828125,0.00228041681539263,8
MMRd,Myeloid-mregDC,GBP1,"(-10,-5]","(2.19,2.92]",-7.5,2.55293413504461,6,0.00120921813154597,0.00110212440988614,0.00204795275368052,8
MMRd,Myeloid-mregDC,GBP1,"(-5,0]","(1.46,2.19]",-2.5,1.82352438217472,4,0.0013944360280953,0.000912408759124088,0.00184747114335966,8
MMRd,Myeloid-mregDC,GBP1,"(-5,0]","(2.19,2.92]",-2.5,2.55293413504461,5,0.00130039011703511,0,0.00191387559808612,8
MMRd,Myeloid-mregDC,GBP1,"(-10,-5]","(2.92,3.65]",-7.5,3.2823438879145,7,0.00103626943005181,0.000754781974388069,0.00126816580699466,8
MMRd,Myeloid-mregDC,GBP1,"(-15,-10]","(3.65,4.38]",-12.5,4.01175364078438,4,0.000158428390367554,0,0.000891237356793161,8
MMRd,Myeloid-mregDC,GBP1,"(-5,0]","[0,0.729]",-2.5,0.364704876434944,4,0,0,0.000501002004008016,8
MMRd,Myeloid-mregDC,GBP1,"(-15,-10]","(2.19,2.92]",-12.5,2.55293413504461,4,0,0,0.000184365781710914,8
MMRd,Myeloid-ISG,GBP1,"(-10,-5]","(5.11,5.84]",-7.5,5.47057314652416,5,0.00809498111171074,0.00727476217123671,0.0106700810926163,8
MMRd,Myeloid-noDC-noGran,GBP1,"(-10,-5]","(5.11,5.84]",-7.5,5.47057314652416,7,0.00469591112129195,0.00299006308187571,0.00688679406858983,8
MMRd,Myeloid-ISG,GBP1,"(-40,-35]","(4.38,5.11]",-37.5,4.74116339365427,7,0.00666144200626959,0.0031310767291537,0.00860448961684703,8
MMRd,Myeloid-noDC-noGran,GBP1,"(-40,-35]","(4.38,5.11]",-37.5,4.74116339365427,7,0.00466442083441306,0.00248834565740629,0.00545679342930202,8
MMRd,Myeloid-noDC-noGran,GBP1,"(20,25]","(3.65,4.38]",22.5,4.01175364078438,5,0.00249843847595253,0.00158562367864693,0.0045766590389016,8
MMRd,Myeloid-ISG,GBP1,"(0,5]","(3.65,4.38]",2.5,4.01175364078438,8,0.00323752517141444,0.00296787867797071,0.00393898891778372,8
MMRd,Myeloid-noDC-noGran,GBP1,"(0,5]","(3.65,4.38]",2.5,4.01175364078438,8,0.00185117193049176,0.00167649074028725,0.00290450390804685,8
MMRd,Myeloid-ISG,GBP1,"(-10,-5]","(2.92,3.65]",-7.5,3.2823438879145,8,0.00263977644930026,0.00187135220108256,0.00327737608724183,8
MMRd,Myeloid-noDC-noGran,GBP1,"(-10,-5]","(2.92,3.65]",-7.5,3.2823438879145,8,0.00133007893219727,0.00114389742961313,0.00161367087431018,8
MMRd,Myeloid-ISG,GBP1,"(-5,0]","(5.11,5.84]",-2.5,5.47057314652416,6,0.00588950876720661,0.00434411820813874,0.010634660588361,8
MMRd,Myeloid-noDC-noGran,GBP1,"(-5,0]","(5.11,5.84]",-2.5,5.47057314652416,6,0.00387813377855515,0.00370699231681626,0.00717706762695357,8
MMRd,Myeloid-ISG,GBP1,"(-10,-5]","(3.65,4.38]",-7.5,4.01175364078438,8,0.00385877749366304,0.00305825903371166,0.00550918057178151,8
MMRd,Myeloid-noDC-noGran,GBP1,"(-10,-5]","(3.65,4.38]",-7.5,4.01175364078438,8,0.00192267178012596,0.00167731396996427,0.0021795892109916,8
MMRd,Myeloid-noDC-noGran,GBP1,"(45,50]","(2.92,3.65]",47.5,3.2823438879145,5,0.000535331905781585,0,0.00264105642256903,8
MMRd,Myeloid-noDC-noGran,GBP1,"(5,10]","(4.38,5.11]",7.5,4.74116339365427,7,0.00170861536439508,0.000524658971668416,0.00229639406107711,8
MMRd,Myeloid-ISG,GBP1,"(0,5]","(5.11,5.84]",2.5,5.47057314652416,4,0.00480329444989478,0.00362482979116711,0.00932013984177622,8
MMRd,Myeloid-noDC-noGran,GBP1,"(0,5]","(5.11,5.84]",2.5,5.47057314652416,4,0.00387902268106586,0.00240277427284022,0.0062300759409163,8
MMRd,Myeloid-ISG,GBP1,"(-15,-10]","(3.65,4.38]",-12.5,4.01175364078438,8,0.00417037978939161,0.0035243370153213,0.00471438455439344,8
MMRd,Myeloid-noDC-noGran,GBP1,"(-15,-10]","(3.65,4.38]",-12.5,4.01175364078438,8,0.0018640344846925,0.00156994663285391,0.00219092959865603,8
MMRd,Myeloid-noDC-noGran,GBP1,"(-95,-90]","(4.38,5.11]",-92.5,4.74116339365427,4,0.00174300910799567,0.00119808306709265,0.0019924674612603,8
MMRd,Myeloid-ISG,GBP1,"(-15,-10]","(4.38,5.11]",-12.5,4.74116339365427,7,0.00563286944996687,0.00418993474659192,0.00690035423757306,8
MMRd,Myeloid-noDC-noGran,GBP1,"(-15,-10]","(4.38,5.11]",-12.5,4.74116339365427,7,0.00311265413623848,0.00269632349944119,0.00373386637948443,8
MMRd,Myeloid-noDC-noGran,GBP1,"(-95,-90]","[0,0.729]",-92.5,0.364704876434944,7,0.00110741971207087,0.000324970752632263,0.00122510687102492,8
MMRd,Myeloid-ISG,GBP1,"(-15,-10]","(5.11,5.84]",-12.5,5.47057314652416,4,0.0083024743118476,0.00664532271516586,0.00987385729254555,8
MMRd,Myeloid-noDC-noGran,GBP1,"(-15,-10]","(5.11,5.84]",-12.5,5.47057314652416,6,0.00666026467013942,0.00481124080806976,0.00799698035998458,8
MMRd,Myeloid-noDC-noGran,GBP1,"(-45,-40]","(4.38,5.11]",-42.5,4.74116339365427,6,0.00449800613062575,0.00302497526421152,0.00485989056648293,8
MMRd,Myeloid-ISG,GBP1,"(-5,0]","(4.38,5.11]",-2.5,4.74116339365427,7,0.00484932455836508,0.0044837393505983,0.00839632871559144,8
MMRd,Myeloid-noDC-noGran,GBP1,"(-5,0]","(4.38,5.11]",-2.5,4.74116339365427,8,0.00347537003938735,0.00284538865199552,0.00438200813155247,8
MMRd,Myeloid-ISG,GBP1,"(-20,-15]","(3.65,4.38]",-17.5,4.01175364078438,8,0.00473553501529555,0.0032255226511162,0.00604420577667699,8
MMRd,Myeloid-noDC-noGran,GBP1,"(-20,-15]","(3.65,4.38]",-17.5,4.01175364078438,8,0.00234486297360453,0.00164090790152457,0.00296525705621093,8
MMRd,Myeloid-ISG,GBP1,"(-5,0]","(2.92,3.65]",-2.5,3.2823438879145,8,0.00270307171693083,0.00218523685373695,0.00429665772415266,8
MMRd,Myeloid-noDC-noGran,GBP1,"(-5,0]","(2.92,3.65]",-2.5,3.2823438879145,8,0.00143639210635422,0.00127391268787224,0.00166551694211151,8
MMRd,Myeloid-ISG,GBP1,"(-5,0]","(3.65,4.38]",-2.5,4.01175364078438,8,0.00510189768439989,0.00451977252513764,0.00525418539435526,8
MMRd,Myeloid-noDC-noGran,GBP1,"(-5,0]","(3.65,4.38]",-2.5,4.01175364078438,8,0.00269870934991202,0.00194437894464977,0.00280443294908425,8
MMRd,Myeloid-noDC-noGran,GBP1,"(-25,-20]","(5.11,5.84]",-22.5,5.47057314652416,4,0.00422375522979145,0.00336654895753,0.00695827111332338,8
MMRd,Myeloid-noDC-noGran,GBP1,"(-50,-45]","(3.65,4.38]",-47.5,4.01175364078438,7,0.00240102443709316,0.00119305464917061,0.00281087274584231,8
MMRd,Myeloid-noDC-noGran,GBP1,"(-25,-20]","(3.65,4.38]",-22.5,4.01175364078438,8,0.00163417546351245,0.000656462906888721,0.0023371726862982,8
MMRd,Myeloid-noDC-noGran,GBP1,"(-30,-25]","(3.65,4.38]",-27.5,4.01175364078438,7,0.00185899392358703,0.00153758949719524,0.00305109338220761,8
MMRd,Myeloid-ISG,GBP1,"(-35,-30]","(3.65,4.38]",-32.5,4.01175364078438,7,0.00340136054421769,0.00238204386329885,0.00463943192396787,8
MMRd,Myeloid-noDC-noGran,GBP1,"(-35,-30]","(3.65,4.38]",-32.5,4.01175364078438,7,0.00211416490486258,0.00180713775494906,0.0026063913065096,8
MMRd,Myeloid-ISG,GBP1,"(-20,-15]","(5.11,5.84]",-17.5,5.47057314652416,5,0.00720906282183316,0.00562659846547315,0.0109011627906977,8
MMRd,Myeloid-noDC-noGran,GBP1,"(-20,-15]","(5.11,5.84]",-17.5,5.47057314652416,6,0.00469695855696885,0.0035152581953943,0.00861851704470089,8
MMRd,Myeloid-ISG,GBP1,"(0,5]","(4.38,5.11]",2.5,4.74116339365427,6,0.00384900101011206,0.00312882291680878,0.00539488305108907,8
MMRd,Myeloid-noDC-noGran,GBP1,"(0,5]","(4.38,5.11]",2.5,4.74116339365427,7,0.00297796307325789,0.00189470691482584,0.00433911160849316,8
MMRd,Myeloid-ISG,GBP1,"(-10,-5]","(4.38,5.11]",-7.5,4.74116339365427,7,0.00508670520231214,0.00361929660996943,0.0066969042344274,8
MMRd,Myeloid-noDC-noGran,GBP1,"(-10,-5]","(4.38,5.11]",-7.5,4.74116339365427,8,0.00301294016254095,0.00190730716431126,0.00350478295740953,8
MMRd,Myeloid-noDC-noGran,GBP1,"(-20,-15]","(2.92,3.65]",-17.5,3.2823438879145,8,0.001798295075606,0.00161884397058999,0.0020681970431563,8
MMRd,Myeloid-noDC-noGran,GBP1,"(-85,-80]","(3.65,4.38]",-82.5,4.01175364078438,4,0.00142901786017568,0.00102412380518889,0.00155926725552832,8
MMRd,Myeloid-noDC-noGran,GBP1,"(65,70]","(2.92,3.65]",67.5,3.2823438879145,4,0.00351865955826352,0.00254947180479095,0.00419236406880912,8
MMRd,Myeloid-ISG,GBP1,"(-20,-15]","(4.38,5.11]",-17.5,4.74116339365427,7,0.00424929178470255,0.00286299335680708,0.00573504267085358,8
MMRd,Myeloid-noDC-noGran,GBP1,"(-20,-15]","(4.38,5.11]",-17.5,4.74116339365427,7,0.00291622481442206,0.00195974922745624,0.00372022314441346,8
MMRd,Myeloid-ISG,GBP1,"(-30,-25]","(4.38,5.11]",-27.5,4.74116339365427,7,0.00511378164152391,0.00405550909756724,0.00628401847144777,8
MMRd,Myeloid-noDC-noGran,GBP1,"(-30,-25]","(4.38,5.11]",-27.5,4.74116339365427,7,0.0029940119760479,0.00262603896888323,0.00371899850275077,8
MMRd,Myeloid-noDC-noGran,GBP1,"(-20,-15]","(2.19,2.92]",-17.5,2.55293413504461,8,0.00141011955910183,0.00102978961743621,0.00177507572397294,8
MMRd,Myeloid-noDC-noGran,GBP1,"(-50,-45]","(4.38,5.11]",-47.5,4.74116339365427,7,0.00235294117647059,0.00128958708542011,0.00389898061434373,8
MMRd,Myeloid-noDC-noGran,GBP1,"(25,30]","(3.65,4.38]",27.5,4.01175364078438,5,0.00160771704180064,0.00153335037055967,0.00166944908180301,8
MMRd,Myeloid-noDC-noGran,GBP1,"(-55,-50]","[0,0.729]",-52.5,0.364704876434944,8,0.000694837516310379,0.000387096774193548,0.000898492170376825,8
MMRd,Myeloid-ISG,GBP1,"(5,10]","(3.65,4.38]",7.5,4.01175364078438,6,0.00154453300342806,0.00101794211966871,0.00335836555603704,8
MMRd,Myeloid-noDC-noGran,GBP1,"(5,10]","(3.65,4.38]",7.5,4.01175364078438,8,0.00123452571023425,0.000628097250521973,0.00243736557322457,8
MMRd,Myeloid-noDC-noGran,GBP1,"(-15,-10]","(2.19,2.92]",-12.5,2.55293413504461,8,0.000917633050892556,0.000772095748922647,0.00114374087712711,8
MMRd,Myeloid-noDC-noGran,GBP1,"(-30,-25]","[0,0.729]",-27.5,0.364704876434944,8,0.000908906820253878,0.000667027074989018,0.00106269310906183,8
MMRd,Myeloid-ISG,GBP1,"(0,5]","(2.92,3.65]",2.5,3.2823438879145,8,0.00524746909293614,0.00392165945342451,0.00605680226963215,8
MMRd,Myeloid-noDC-noGran,GBP1,"(0,5]","(2.92,3.65]",2.5,3.2823438879145,8,0.00204082693225327,0.00155698890805908,0.00233468912334655,8
MMRd,Myeloid-ISG,GBP1,"(-5,0]","(2.19,2.92]",-2.5,2.55293413504461,8,0.00286213732343413,0.00214496744830826,0.00467003344499198,8
MMRd,Myeloid-noDC-noGran,GBP1,"(-5,0]","(2.19,2.92]",-2.5,2.55293413504461,8,0.00108366117636342,0.00101146836856661,0.00147105932054682,8
MMRd,Myeloid-ISG,GBP1,"(-10,-5]","(1.46,2.19]",-7.5,1.82352438217472,7,0.00173402694411098,0.00141433440737092,0.00282593509874897,8
MMRd,Myeloid-noDC-noGran,GBP1,"(-10,-5]","(1.46,2.19]",-7.5,1.82352438217472,8,0.000915528052020101,0.000655984308063664,0.00123347803000648,8
MMRd,Myeloid-noDC-noGran,GBP1,"(-20,-15]","(1.46,2.19]",-17.5,1.82352438217472,7,0.00104584770196167,0.000806919734811389,0.00204667889612731,8
MMRd,Myeloid-ISG,GBP1,"(-5,0]","(1.46,2.19]",-2.5,1.82352438217472,6,0.00217256337895766,0.00129404606261159,0.00467015648183698,8
MMRd,Myeloid-noDC-noGran,GBP1,"(-5,0]","(1.46,2.19]",-2.5,1.82352438217472,8,0.000863051652966825,0.000342698916407328,0.00106133758288327,8
MMRd,Myeloid-ISG,GBP1,"(-30,-25]","(2.92,3.65]",-27.5,3.2823438879145,6,0.00246891760117016,0.00154159899447024,0.00289289800588428,8
MMRd,Myeloid-noDC-noGran,GBP1,"(-30,-25]","(2.92,3.65]",-27.5,3.2823438879145,8,0.00175518853149087,0.00104618558632867,0.00214700092415592,8
MMRd,Myeloid-noDC-noGran,GBP1,"(-45,-40]","(3.65,4.38]",-42.5,4.01175364078438,7,0.0017905102954342,0.00124274982619766,0.0021864186111617,8
MMRd,Myeloid-noDC-noGran,GBP1,"(-35,-30]","(4.38,5.11]",-32.5,4.74116339365427,7,0.00287710645293876,0.00165677954290319,0.00363076957690707,8
MMRd,Myeloid-noDC-noGran,GBP1,"(-55,-50]","(3.65,4.38]",-52.5,4.01175364078438,7,0.0017636684303351,0.000836221192952048,0.00214649953638277,8
MMRd,Myeloid-noDC-noGran,GBP1,"(35,40]","(2.92,3.65]",37.5,3.2823438879145,7,0.00163309744148068,0.000199441563621859,0.00415280834783083,8
MMRd,Myeloid-noDC-noGran,GBP1,"(-65,-60]","(3.65,4.38]",-62.5,4.01175364078438,7,0.00193506772737046,0.00181802302338955,0.00558065123282515,8
MMRd,Myeloid-ISG,GBP1,"(-10,-5]","(2.19,2.92]",-7.5,2.55293413504461,8,0.00250135514557086,0.00167790497780691,0.00291582159380437,8
MMRd,Myeloid-noDC-noGran,GBP1,"(-10,-5]","(2.19,2.92]",-7.5,2.55293413504461,8,0.00114423793325603,0.000929592903028834,0.00126732475139906,8
MMRd,Myeloid-ISG,GBP1,"(-25,-20]","(2.92,3.65]",-22.5,3.2823438879145,6,0.00263225772181522,0.00168972438158717,0.00363456760650877,8
MMRd,Myeloid-noDC-noGran,GBP1,"(-25,-20]","(2.92,3.65]",-22.5,3.2823438879145,8,0.00131741626862366,0.00108683722818286,0.00151525303657885,8
MMRd,Myeloid-ISG,GBP1,"(10,15]","(3.65,4.38]",12.5,4.01175364078438,5,0.00598802395209581,0.00383729854182655,0.00645161290322581,8
MMRd,Myeloid-noDC-noGran,GBP1,"(10,15]","(3.65,4.38]",12.5,4.01175364078438,7,0.00272331154684096,0.00123204146296231,0.00403613049674152,8
MMRd,Myeloid-noDC-noGran,GBP1,"(30,35]","(1.46,2.19]",32.5,1.82352438217472,5,0.00181653042688465,0.00109011627906977,0.0027643400138217,8
MMRd,Myeloid-ISG,GBP1,"(-5,0]","(0.729,1.46]",-2.5,1.09411462930483,4,0.00267339507918552,0.00169870717376052,0.00365144355904377,8
MMRd,Myeloid-noDC-noGran,GBP1,"(-5,0]","(0.729,1.46]",-2.5,1.09411462930483,6,0.00125050055253296,0.000980201926023645,0.00159977185175559,8
MMRd,Myeloid-noDC-noGran,GBP1,"(5,10]","(1.46,2.19]",7.5,1.82352438217472,7,0.00105596620908131,0.000690267691650368,0.0012302108448163,8
MMRd,Myeloid-ISG,GBP1,"(-25,-20]","(4.38,5.11]",-22.5,4.74116339365427,7,0.00691823899371069,0.00588797136109983,0.00877355329395446,8
MMRd,Myeloid-noDC-noGran,GBP1,"(-25,-20]","(4.38,5.11]",-22.5,4.74116339365427,7,0.00439024390243902,0.00317502139241669,0.00563529981316814,8
MMRd,Myeloid-ISG,GBP1,"(-5,0]","[0,0.729]",-2.5,0.364704876434944,8,0.00152343172960837,0.0013617701398868,0.00282318312973991,8
MMRd,Myeloid-noDC-noGran,GBP1,"(-5,0]","[0,0.729]",-2.5,0.364704876434944,8,0.000743037658896756,0.000565713914451171,0.00152196402609807,8
MMRd,Myeloid-ISG,GBP1,"(0,5]","(2.19,2.92]",2.5,2.55293413504461,7,0.00352278064819164,0.00127519238405113,0.0041042079996081,8
MMRd,Myeloid-noDC-noGran,GBP1,"(0,5]","(2.19,2.92]",2.5,2.55293413504461,8,0.00101491581371861,0.000693453127432786,0.0014321094782923,8
MMRd,Myeloid-ISG,GBP1,"(0,5]","(1.46,2.19]",2.5,1.82352438217472,5,0.00371057513914657,0.00165289256198347,0.00527148128624143,8
MMRd,Myeloid-noDC-noGran,GBP1,"(0,5]","(1.46,2.19]",2.5,1.82352438217472,7,0.000970141209442708,0.000619801967317234,0.00207484902839443,8
MMRd,Myeloid-ISG,GBP1,"(15,20]","(2.92,3.65]",17.5,3.2823438879145,5,0.00276625172890733,0.000632911392405063,0.00278810408921933,8
MMRd,Myeloid-noDC-noGran,GBP1,"(15,20]","(2.92,3.65]",17.5,3.2823438879145,8,0.00185769747655736,0.000497777177279495,0.00311415558126084,8
MMRd,Myeloid-noDC-noGran,GBP1,"(35,40]","(2.19,2.92]",37.5,2.55293413504461,7,0.00104275286757039,0.000815826632025529,0.00204744570877163,8
MMRd,Myeloid-ISG,GBP1,"(5,10]","(2.92,3.65]",7.5,3.2823438879145,6,0.00304787804787805,0.00176267088031794,0.00542707292707293,8
MMRd,Myeloid-noDC-noGran,GBP1,"(5,10]","(2.92,3.65]",7.5,3.2823438879145,8,0.0013933528302295,0.000855102891611291,0.00201605798640629,8
MMRd,Myeloid-ISG,GBP1,"(-15,-10]","(2.19,2.92]",-12.5,2.55293413504461,7,0.00199850112415688,0.00151512744375532,0.00408185076465219,8
MMRd,Myeloid-ISG,GBP1,"(-20,-15]","(2.92,3.65]",-17.5,3.2823438879145,7,0.00396095628801811,0.0032327301708675,0.00532198571633693,8
MMRd,Myeloid-noDC-noGran,GBP1,"(20,25]","[0,0.729]",22.5,0.364704876434944,5,0.000522739153162572,0.000502765208647562,0.000786782061369001,8
MMRd,Myeloid-noDC-noGran,GBP1,"(30,35]","(2.19,2.92]",32.5,2.55293413504461,7,0.00134318334452653,0.000464544037525941,0.0022752935862692,8
MMRd,Myeloid-noDC-noGran,GBP1,"(20,25]","(2.19,2.92]",22.5,2.55293413504461,6,0.000537412727582133,0.000384947904658146,0.00173555383445412,8
MMRd,Myeloid-ISG,GBP1,"(-15,-10]","(1.46,2.19]",-12.5,1.82352438217472,6,0.0016041254949838,0.000772503144487083,0.00284923675728273,8
MMRd,Myeloid-noDC-noGran,GBP1,"(-15,-10]","(1.46,2.19]",-12.5,1.82352438217472,7,0.00116746659748346,0.000801847265961536,0.00152599997670091,8
MMRd,Myeloid-ISG,GBP1,"(-25,-20]","(3.65,4.38]",-22.5,4.01175364078438,6,0.00380189291462073,0.0030299058820544,0.00473712534907565,8
MMRd,Myeloid-noDC-noGran,GBP1,"(-10,-5]","(0.729,1.46]",-7.5,1.09411462930483,6,0.000607168896486903,0.0004370503072424,0.000858048279332488,8
MMRd,Myeloid-noDC-noGran,GBP1,"(20,25]","(1.46,2.19]",22.5,1.82352438217472,5,0.000578368999421631,0.000375563345017526,0.000878734622144112,8
MMRd,Myeloid-ISG,GBP1,"(0,5]","[0,0.729]",2.5,0.364704876434944,5,0.000214362272240086,0,0.000718907260963336,8
MMRd,Myeloid-noDC-noGran,GBP1,"(0,5]","[0,0.729]",2.5,0.364704876434944,8,0.000656688965173861,0.000255885363357216,0.00164345621861614,8
MMRd,Myeloid-noDC-noGran,GBP1,"(-70,-65]","(2.92,3.65]",-67.5,3.2823438879145,6,0.00180051211143245,0.000362910542551261,0.0022805180872498,8
MMRd,Myeloid-noDC-noGran,GBP1,"(15,20]","(3.65,4.38]",17.5,4.01175364078438,6,0.00234748972899627,0.00107833872791363,0.00470142335513247,8
MMRd,Myeloid-noDC-noGran,GBP1,"(10,15]","[0,0.729]",12.5,0.364704876434944,7,0.000159286396941701,0,0.00173544673767556,8
MMRd,Myeloid-ISG,GBP1,"(-35,-30]","(2.92,3.65]",-32.5,3.2823438879145,5,0.00340729660101388,0.00223089793641941,0.00355309909198579,8
MMRd,Myeloid-noDC-noGran,GBP1,"(-35,-30]","(2.92,3.65]",-32.5,3.2823438879145,7,0.00138948268490808,0.00134386952711993,0.00186973522072695,8
MMRd,Myeloid-ISG,GBP1,"(5,10]","(2.19,2.92]",7.5,2.55293413504461,6,0.00235631852467974,0.00168203892918958,0.00326975542277469,8
MMRd,Myeloid-noDC-noGran,GBP1,"(5,10]","(2.19,2.92]",7.5,2.55293413504461,8,0.000765025659395493,0.000689545260023246,0.00197443871458752,8
MMRd,Myeloid-noDC-noGran,GBP1,"(-35,-30]","(2.19,2.92]",-32.5,2.55293413504461,7,0.00106894708711919,0.000965036911546024,0.00166250006898341,8
MMRd,Myeloid-noDC-noGran,GBP1,"(25,30]","(2.92,3.65]",27.5,3.2823438879145,7,0.00197863078749505,0.0013263822888131,0.00241020650531184,8
MMRd,Myeloid-noDC-noGran,GBP1,"(-35,-30]","[0,0.729]",-32.5,0.364704876434944,8,0.000814790577650837,0.000701799580584854,0.00105128822792615,8
MMRd,Myeloid-ISG,GBP1,"(-30,-25]","(3.65,4.38]",-27.5,4.01175364078438,6,0.00413734167515996,0.00271525385468539,0.00451993220880278,8
MMRd,Myeloid-noDC-noGran,GBP1,"(-50,-45]","(2.92,3.65]",-47.5,3.2823438879145,6,0.000710314057183855,0.000249468369872028,0.00121611390410313,8
MMRd,Myeloid-ISG,GBP1,"(-20,-15]","(2.19,2.92]",-17.5,2.55293413504461,7,0.00206692913385827,0.00169582200111977,0.00274630217923555,8
MMRd,Myeloid-ISG,GBP1,"(-15,-10]","(2.92,3.65]",-12.5,3.2823438879145,8,0.00328733279581574,0.0024927611190942,0.00369323017870634,8
MMRd,Myeloid-noDC-noGran,GBP1,"(-15,-10]","(2.92,3.65]",-12.5,3.2823438879145,8,0.00145720159968783,0.00123698896735647,0.00172415723396447,8
MMRd,Myeloid-noDC-noGran,GBP1,"(0,5]","(0.729,1.46]",2.5,1.09411462930483,4,0.00109271721086021,0.000768112390128336,0.00143728104044747,8
MMRd,Myeloid-ISG,GBP1,"(10,15]","(2.92,3.65]",12.5,3.2823438879145,6,0.00280421838309292,0.00179971057465375,0.00412708376475461,8
MMRd,Myeloid-noDC-noGran,GBP1,"(10,15]","(2.92,3.65]",12.5,3.2823438879145,7,0.00143240823634736,0.00111062044375751,0.00178977921172602,8
MMRd,Myeloid-noDC-noGran,GBP1,"(-75,-70]","[0,0.729]",-72.5,0.364704876434944,7,0.000840866092074837,0.000513319059043149,0.00101337180156124,8
MMRd,Myeloid-ISG,GBP1,"(-40,-35]","(3.65,4.38]",-37.5,4.01175364078438,5,0.00279687682088335,0.00202071230108613,0.00326797385620915,8
MMRd,Myeloid-noDC-noGran,GBP1,"(-40,-35]","(3.65,4.38]",-37.5,4.01175364078438,7,0.00225648740127868,0.00137542279392595,0.00285655229773399,8
MMRd,Myeloid-noDC-noGran,GBP1,"(-45,-40]","(2.92,3.65]",-42.5,3.2823438879145,6,0.00162017861269822,0.00133732075558263,0.00216659261536846,8
MMRd,Myeloid-noDC-noGran,GBP1,"(15,20]","(2.19,2.92]",17.5,2.55293413504461,7,0.00116076610562972,0.000631868843190007,0.00134396104301129,8
MMRd,Myeloid-noDC-noGran,GBP1,"(45,50]","[0,0.729]",47.5,0.364704876434944,5,0.000600240096038415,0,0.000860585197934596,8
MMRd,Myeloid-ISG,GBP1,"(-35,-30]","(2.19,2.92]",-32.5,2.55293413504461,4,0.00232890336255167,0.00208216318348671,0.00290128902028101,8
MMRd,Myeloid-ISG,GBP1,"(-40,-35]","(2.19,2.92]",-37.5,2.55293413504461,4,0.00227976232832847,0.000627090301003345,0.00392788470829227,8
MMRd,Myeloid-noDC-noGran,GBP1,"(-40,-35]","(2.19,2.92]",-37.5,2.55293413504461,7,0.000966519755663806,0.000300715952889345,0.00164231270437367,8
MMRd,Myeloid-noDC-noGran,GBP1,"(20,25]","(2.92,3.65]",22.5,3.2823438879145,5,0.001458257382428,0.000377216144851,0.00170706725844998,8
MMRd,Myeloid-ISG,GBP1,"(-35,-30]","[0,0.729]",-32.5,0.364704876434944,4,0.00138342545808041,0.000506756756756757,0.00212579503125573,8
MMRd,Myeloid-ISG,GBP1,"(-35,-30]","(4.38,5.11]",-32.5,4.74116339365427,6,0.0040394510400014,0.00354425579508744,0.00437223784421153,8
MMRd,Myeloid-ISG,GBP1,"(-50,-45]","(2.92,3.65]",-47.5,3.2823438879145,4,0.00257177496985025,0.00158562367864693,0.00325285830533507,8
MMRd,Myeloid-ISG,GBP1,"(-25,-20]","(2.19,2.92]",-22.5,2.55293413504461,6,0.00228448766063915,0.00167328958195356,0.00357168229610685,8
MMRd,Myeloid-noDC-noGran,GBP1,"(-25,-20]","(2.19,2.92]",-22.5,2.55293413504461,8,0.000948915122988539,0.000723483353078422,0.00119594768153745,8
MMRd,Myeloid-ISG,GBP1,"(-45,-40]","(3.65,4.38]",-42.5,4.01175364078438,4,0.00332594813598884,0.00229418885702665,0.00421826434017417,8
MMRd,Myeloid-noDC-noGran,GBP1,"(30,35]","(0.729,1.46]",32.5,1.09411462930483,4,0.00127034632394507,0.00038422131147541,0.00209207443014995,8
MMRd,Myeloid-ISG,GBP1,"(-10,-5]","[0,0.729]",-7.5,0.364704876434944,8,0.00138448199527745,0.00090088284291454,0.00399769970304837,8
MMRd,Myeloid-noDC-noGran,GBP1,"(-10,-5]","[0,0.729]",-7.5,0.364704876434944,8,0.000789313414395924,0.00044171001677088,0.00131088840600982,8
MMRd,Myeloid-ISG,GBP1,"(10,15]","(2.19,2.92]",12.5,2.55293413504461,4,0.00307833772944355,0.00107872461201422,0.00539770581470086,8
MMRd,Myeloid-noDC-noGran,GBP1,"(10,15]","(2.19,2.92]",12.5,2.55293413504461,7,0.000960614793467819,0.000729954610191988,0.00146871350047852,8
MMRd,Myeloid-noDC-noGran,GBP1,"(-35,-30]","(1.46,2.19]",-32.5,1.82352438217472,6,0.000230733733271804,0,0.000602696301333758,8
MMRd,Myeloid-noDC-noGran,GBP1,"(50,55]","(1.46,2.19]",52.5,1.82352438217472,4,0.00159881735141366,0.000781020003963449,0.00250961785073096,8
MMRd,Myeloid-noDC-noGran,GBP1,"(-75,-70]","(2.19,2.92]",-72.5,2.55293413504461,4,0.00126815011105881,0.000959991306126774,0.00243706504138293,8
MMRd,Myeloid-noDC-noGran,GBP1,"(-60,-55]","(4.38,5.11]",-57.5,4.74116339365427,7,0.00178837555886736,0.00150413241777447,0.00353597394397454,8
MMRd,Myeloid-ISG,GBP1,"(-45,-40]","(2.92,3.65]",-42.5,3.2823438879145,4,0.0030622624963461,0.00277364474548626,0.00323817365234094,8
MMRd,Myeloid-noDC-noGran,GBP1,"(50,55]","(2.19,2.92]",52.5,2.55293413504461,6,0.000397772474144789,0,0.00114825332567999,8
MMRd,Myeloid-noDC-noGran,GBP1,"[-100,-95]","[0,0.729]",-97.5,0.364704876434944,7,0.000835980605249958,0.000167156993848623,0.00135852122689417,8
MMRd,Myeloid-noDC-noGran,GBP1,"(-50,-45]","(2.19,2.92]",-47.5,2.55293413504461,7,0.000787020220365662,0.000699541382939004,0.00101724120230989,8
MMRd,Myeloid-noDC-noGran,GBP1,"(-50,-45]","[0,0.729]",-47.5,0.364704876434944,8,0.0011814604325278,0.000421585160202361,0.00193903768904941,8
MMRd,Myeloid-noDC-noGran,GBP1,"(-85,-80]","(2.92,3.65]",-82.5,3.2823438879145,4,0.00105902735822669,0.000597609561752988,0.00154106213161786,8
MMRd,Myeloid-noDC-noGran,GBP1,"(-65,-60]","(2.19,2.92]",-62.5,2.55293413504461,5,0.000770970394736842,0.00066711140760507,0.00097887266498083,8
MMRd,Myeloid-noDC-noGran,GBP1,"(60,65]","[0,0.729]",62.5,0.364704876434944,6,0.000611995104039168,0,0.00132294670456196,8
MMRd,Myeloid-ISG,GBP1,"(-15,-10]","[0,0.729]",-12.5,0.364704876434944,8,0.00121184162489326,0,0.00159662103010554,8
MMRd,Myeloid-noDC-noGran,GBP1,"(-15,-10]","[0,0.729]",-12.5,0.364704876434944,8,0.00073116455026891,0.000569883814642962,0.000822277094257897,8
MMRd,Myeloid-noDC-noGran,GBP1,"(15,20]","[0,0.729]",17.5,0.364704876434944,5,0.000971817298347911,0.000795334040296925,0.00161899622234215,8
MMRd,Myeloid-noDC-noGran,GBP1,"(30,35]","(2.92,3.65]",32.5,3.2823438879145,6,0.0017113758543372,0.0010682638524187,0.00247754788236189,8
MMRd,Myeloid-ISG,GBP1,"(5,10]","[0,0.729]",7.5,0.364704876434944,4,0.0011037527593819,0,0.0031488032005063,8
MMRd,Myeloid-noDC-noGran,GBP1,"(5,10]","[0,0.729]",7.5,0.364704876434944,8,0.000736332641444815,0.000182971456452793,0.00158669350227569,8
MMRd,Myeloid-noDC-noGran,GBP1,"(10,15]","(1.46,2.19]",12.5,1.82352438217472,6,0.000690147245071995,0.00059409234729873,0.000888337082708588,8
MMRd,Myeloid-ISG,GBP1,"(-30,-25]","[0,0.729]",-27.5,0.364704876434944,4,0.00227052843866678,0.00183537972461489,0.00284586695058183,8
MMRd,Myeloid-ISG,GBP1,"(-40,-35]","(2.92,3.65]",-37.5,3.2823438879145,4,0.00241985913777657,0.00181435960975272,0.00268681531272353,8
MMRd,Myeloid-noDC-noGran,GBP1,"(-40,-35]","(2.92,3.65]",-37.5,3.2823438879145,7,0.00127991808524254,0.0010522971674625,0.00224930809367572,8
MMRd,Myeloid-ISG,GBP1,"(-25,-20]","(1.46,2.19]",-22.5,1.82352438217472,4,0.00182019606967602,0.00111427965158706,0.00248313217836633,8
MMRd,Myeloid-noDC-noGran,GBP1,"(-25,-20]","(1.46,2.19]",-22.5,1.82352438217472,7,0.000988533017002768,0.000697913240566383,0.00127199095544837,8
MMRd,Myeloid-noDC-noGran,GBP1,"(85,90]","[0,0.729]",87.5,0.364704876434944,4,0.00126903553299492,0,0.00269900784494693,8
MMRd,Myeloid-noDC-noGran,GBP1,"(15,20]","(1.46,2.19]",17.5,1.82352438217472,5,0.000771604938271605,0.000217722621380361,0.000894454382826476,8
MMRd,Myeloid-noDC-noGran,GBP1,"(65,70]","[0,0.729]",67.5,0.364704876434944,5,0,0,0.000980392156862745,8
MMRd,Myeloid-ISG,GBP1,"(-25,-20]","[0,0.729]",-22.5,0.364704876434944,7,0.00225225225225225,0.00145970433064261,0.00411020776874435,8
MMRd,Myeloid-noDC-noGran,GBP1,"(-25,-20]","[0,0.729]",-22.5,0.364704876434944,8,0.000850563989705438,0.000487481973863738,0.00108831209861572,8
MMRd,Myeloid-noDC-noGran,GBP1,"(25,30]","(2.19,2.92]",27.5,2.55293413504461,6,0.000728673761670104,0.00062826827717976,0.00100932854506174,8
MMRd,Myeloid-ISG,GBP1,"(-20,-15]","(1.46,2.19]",-17.5,1.82352438217472,4,0.00271329661028708,0.00184449877299765,0.00434837068110147,8
MMRd,Myeloid-noDC-noGran,GBP1,"(35,40]","[0,0.729]",37.5,0.364704876434944,5,0.000694444444444445,0,0.000831946755407654,8
MMRd,Myeloid-noDC-noGran,GBP1,"(-55,-50]","(2.92,3.65]",-52.5,3.2823438879145,6,0.00111567924185195,0.000838312810479697,0.00204658741952245,8
MMRd,Myeloid-noDC-noGran,GBP1,"(-65,-60]","(2.92,3.65]",-62.5,3.2823438879145,5,0.00111500477859191,0.00110987791342952,0.00113708149084018,8
MMRd,Myeloid-noDC-noGran,GBP1,"(-70,-65]","(2.19,2.92]",-67.5,2.55293413504461,5,0.00100300902708124,0.000765794511805999,0.00135171668018383,8
MMRd,Myeloid-noDC-noGran,GBP1,"(75,80]","[0,0.729]",77.5,0.364704876434944,4,0.00053134962805526,0,0.00146958401164477,8
MMRd,Myeloid-noDC-noGran,GBP1,"(-75,-70]","(3.65,4.38]",-72.5,4.01175364078438,4,0.00227602890252587,0.0017753691346738,0.00379617929970602,8
MMRd,Myeloid-noDC-noGran,GBP1,"(-65,-60]","[0,0.729]",-62.5,0.364704876434944,8,0.00102362853466219,0,0.00221801436597682,8
MMRd,Myeloid-noDC-noGran,GBP1,"(-70,-65]","(3.65,4.38]",-67.5,4.01175364078438,5,0.00257795236926099,0.000657030223390276,0.00319488817891374,8
MMRd,Myeloid-noDC-noGran,GBP1,"(25,30]","[0,0.729]",27.5,0.364704876434944,5,0.000634517766497462,0.000386847195357834,0.00134861766689144,8
MMRd,Myeloid-ISG,GBP1,"(-40,-35]","[0,0.729]",-37.5,0.364704876434944,4,0.00208451163281153,0.00122194978945685,0.00318948646801308,8
MMRd,Myeloid-noDC-noGran,GBP1,"(-40,-35]","[0,0.729]",-37.5,0.364704876434944,8,0.000455004276991968,0,0.00132040152768598,8
MMRd,Myeloid-noDC-noGran,GBP1,"(-55,-50]","(2.19,2.92]",-52.5,2.55293413504461,6,0.000747729859221798,0.000184542703181516,0.00107167516760585,8
MMRd,Myeloid-noDC-noGran,GBP1,"(40,45]","[0,0.729]",42.5,0.364704876434944,6,0,0,0.00148877691250573,8
MMRd,Myeloid-noDC-noGran,GBP1,"(65,70]","(2.19,2.92]",67.5,2.55293413504461,4,0.000809061488673139,0,0.00204297611926563,8
MMRd,Myeloid-noDC-noGran,GBP1,"(-30,-25]","(1.46,2.19]",-27.5,1.82352438217472,5,0.000656928665275524,0.000571428571428571,0.00120590895387398,8
MMRd,Myeloid-ISG,GBP1,"(-30,-25]","(2.19,2.92]",-27.5,2.55293413504461,4,0.00206577250730005,0.00189454488811284,0.00250128628510923,8
MMRd,Myeloid-noDC-noGran,GBP1,"(-30,-25]","(2.19,2.92]",-27.5,2.55293413504461,8,0.000962884694010431,0.000616970261489991,0.00111410615369733,8
MMRd,Myeloid-noDC-noGran,GBP1,"(35,40]","(1.46,2.19]",37.5,1.82352438217472,5,0.000853788687299893,0.000471475719000472,0.00184615384615385,8
MMRd,Myeloid-noDC-noGran,GBP1,"(40,45]","(2.19,2.92]",42.5,2.55293413504461,7,0.00107066381156317,0.000480769230769231,0.00206902794034124,8
MMRd,Myeloid-noDC-noGran,GBP1,"(-70,-65]","[0,0.729]",-67.5,0.364704876434944,8,0.000620793915449394,0,0.000930721740791553,8
MMRd,Myeloid-noDC-noGran,GBP1,"(25,30]","(1.46,2.19]",27.5,1.82352438217472,5,0.00174418604651163,0.00148104265402844,0.00286450873675165,8
MMRd,Myeloid-noDC-noGran,GBP1,"(40,45]","(1.46,2.19]",42.5,1.82352438217472,5,0.000950570342205323,0.000724112961622013,0.00104968509447166,8
MMRd,Myeloid-ISG,GBP1,"(-20,-15]","[0,0.729]",-17.5,0.364704876434944,6,0.00277876512729965,0.00175348885229934,0.00375344651029632,8
MMRd,Myeloid-noDC-noGran,GBP1,"(-20,-15]","[0,0.729]",-17.5,0.364704876434944,8,0.000908706800486204,0.000554055150510589,0.00130075152517537,8
MMRd,Myeloid-noDC-noGran,GBP1,"(55,60]","(2.19,2.92]",57.5,2.55293413504461,5,0.00125628140703518,0,0.00165837479270315,8
MMRd,Myeloid-noDC-noGran,GBP1,"(-60,-55]","(2.19,2.92]",-57.5,2.55293413504461,5,0.00111159142839499,0.000587199060481503,0.00114103149246919,8
MMRd,Myeloid-noDC-noGran,GBP1,"(55,60]","(1.46,2.19]",57.5,1.82352438217472,4,0,0,0.000236854571293226,8
MMRd,Myeloid-noDC-noGran,GBP1,"(-65,-60]","(4.38,5.11]",-62.5,4.74116339365427,4,0.00248666865249718,0.00187388418714311,0.00308574639353069,8
MMRd,Myeloid-noDC-noGran,GBP1,"(50,55]","[0,0.729]",52.5,0.364704876434944,7,0.000470145745181006,0,0.00135649882228331,8
MMRd,Myeloid-noDC-noGran,GBP1,"(30,35]","[0,0.729]",32.5,0.364704876434944,5,0.000386996904024768,0,0.000661375661375661,8
MMRd,Myeloid-ISG,GBP1,"(-45,-40]","[0,0.729]",-42.5,0.364704876434944,4,0.0011913243127622,0.000627790178571429,0.001620450903118,8
MMRd,Myeloid-noDC-noGran,GBP1,"(-45,-40]","[0,0.729]",-42.5,0.364704876434944,7,0.000312625608503417,0,0.000771991706795828,8
MMRd,Myeloid-noDC-noGran,GBP1,"(-40,-35]","(1.46,2.19]",-37.5,1.82352438217472,6,0.0007711885227477,0.000505339510801361,0.00134509213569926,8
MMRd,Myeloid-noDC-noGran,GBP1,"(40,45]","(2.92,3.65]",42.5,3.2823438879145,7,0.00103305785123967,0,0.00138154608766127,8
MMRd,Myeloid-ISG,GBP1,"(15,20]","(3.65,4.38]",17.5,4.01175364078438,4,0.00522203319965111,0.00166021029330382,0.00861374392549453,8
MMRd,Myeloid-noDC-noGran,GBP1,"(-60,-55]","(3.65,4.38]",-57.5,4.01175364078438,5,0.00258293647590605,0.000666222518321119,0.00389863547758285,8
MMRd,Myeloid-ISG,GBP1,"(-45,-40]","(4.38,5.11]",-42.5,4.74116339365427,4,0.00551591854295138,0.00330742733336579,0.00751405572398971,8
MMRd,Myeloid-noDC-noGran,GBP1,"(-60,-55]","(2.92,3.65]",-57.5,3.2823438879145,6,0.00111112791520613,0.000834737429836351,0.00115826355943009,8
MMRd,Myeloid-noDC-noGran,GBP1,"(-45,-40]","(2.19,2.92]",-42.5,2.55293413504461,6,0.000992427617203412,0.000877304034046812,0.00103390425828329,8
MMRd,Myeloid-noDC-noGran,GBP1,"(45,50]","(1.46,2.19]",47.5,1.82352438217472,4,0.00131795848985061,0.00090595636133049,0.00178749640345453,8
MMRd,Myeloid-noDC-noGran,GBP1,"(-55,-50]","(4.38,5.11]",-52.5,4.74116339365427,7,0.0018470631695604,0.000591016548463357,0.00259805915720863,8
MMRd,Myeloid-noDC-noGran,GBP1,"(-80,-75]","[0,0.729]",-77.5,0.364704876434944,8,0.00106993383483636,0.000844241881656253,0.00215070961340105,8
MMRd,Myeloid-noDC-noGran,GBP1,"(-75,-70]","(2.92,3.65]",-72.5,3.2823438879145,5,0.000920344208734067,0.000763358778625954,0.00139082058414465,8
MMRd,Myeloid-noDC-noGran,GBP1,"(-90,-85]","[0,0.729]",-87.5,0.364704876434944,8,0.0011772499247059,0.000225614800330902,0.00159649802481995,8
MMRd,Myeloid-noDC-noGran,GBP1,"(-85,-80]","(2.19,2.92]",-82.5,2.55293413504461,4,0.000904851207521603,0.000670840787119857,0.00116628247329882,8
MMRd,Myeloid-noDC-noGran,GBP1,"(-90,-85]","(2.19,2.92]",-87.5,2.55293413504461,4,0.00068243021735185,0.000412995594713656,0.000849028753960126,8
MMRd,Myeloid-noDC-noGran,GBP1,"(80,85]","[0,0.729]",82.5,0.364704876434944,4,0.00130039011703511,0,0.00269852833187279,8
MMRd,Myeloid-noDC-noGran,GBP1,"(-85,-80]","[0,0.729]",-82.5,0.364704876434944,8,0.000665982022452946,0.000309981401115933,0.00125549246604201,8
MMRd,Myeloid-noDC-noGran,GBP1,"(-80,-75]","(2.92,3.65]",-77.5,3.2823438879145,4,0.00138977655511404,0.00129568195605931,0.00146827404670046,8
MMRd,Myeloid-noDC-noGran,GBP1,"(60,65]","(2.92,3.65]",62.5,3.2823438879145,4,0.000946969696969697,0,0.00258054735287914,8
MMRd,Myeloid-noDC-noGran,GBP1,"(60,65]","(2.19,2.92]",62.5,2.55293413504461,4,0.00121479467071423,0.000233208955223881,0.0026963084341524,8
MMRd,Myeloid-noDC-noGran,GBP1,"(70,75]","[0,0.729]",72.5,0.364704876434944,5,0.00176678445229682,0,0.00198807157057654,8
MMRd,Myeloid-noDC-noGran,GBP1,"(70,75]","(2.19,2.92]",72.5,2.55293413504461,4,0.000634920634920635,0,0.00177565208300664,8
MMRd,Myeloid-noDC-noGran,GBP1,"(90,95]","[0,0.729]",92.5,0.364704876434944,4,0,0,0.000707463742483198,8
MMRd,Myeloid-noDC-noGran,GBP1,"(45,50]","(2.19,2.92]",47.5,2.55293413504461,5,0.000537923614846692,0,0.000600961538461539,8
MMRd,Myeloid-noDC-noGran,GBP1,"(-60,-55]","[0,0.729]",-57.5,0.364704876434944,8,0.000892316193042745,0.000403578395103249,0.00116383607491277,8
MMRd,Myeloid-noDC-noGran,GBP1,"(55,60]","(2.92,3.65]",57.5,3.2823438879145,5,0.00109529025191676,0,0.00233644859813084,8
MMRd,Myeloid-noDC-noGran,GBP1,"(-80,-75]","(2.19,2.92]",-77.5,2.55293413504461,4,0.000474908975779642,0,0.00110316656404073,8
MMRd,Myeloid-noDC-noGran,GBP1,"(20,25]","(0.729,1.46]",22.5,1.09411462930483,4,0.00115757036407348,0.000786988457502623,0.0014338632126386,8
MMRd,Myeloid-noDC-noGran,GBP1,"(55,60]","[0,0.729]",57.5,0.364704876434944,5,0.000787091696182605,0.000653167864141084,0.00221351949599864,8
MMRd,Myeloid-noDC-noGran,GBP1,"(-15,-10]","(0.729,1.46]",-12.5,1.09411462930483,4,0.000399988318810707,0.000190355329949239,0.000917757229567635,8
MMRd,Myeloid-noDC-noGran,GBP1,"(-45,-40]","(1.46,2.19]",-42.5,1.82352438217472,4,0.000330633162506199,0,0.00066771656369482,8
MMRd,Myeloid-noDC-noGran,GBP1,"(-50,-45]","(1.46,2.19]",-47.5,1.82352438217472,4,0.000640721410107121,0.000435034802784223,0.000767826809475105,8
MMRd,Tcd4-CXCL13,GBP1,"(-5,0]","(3.65,4.38]",-2.5,4.01175364078438,7,0.00131306150656531,0.00105670160323311,0.00531460502274864,8
MMRd,Tcd4-CXCL13,GBP1,"(-10,-5]","(2.92,3.65]",-7.5,3.2823438879145,7,0.00140816737075035,0.000495540138751239,0.00228804304062487,8
MMRd,Tcd4-CXCL13,GBP1,"(0,5]","(2.19,2.92]",2.5,2.55293413504461,5,0.00126742712294043,0.00117164616285882,0.00142045454545455,8
MMRd,Tcd4-CXCL13,GBP1,"(-10,-5]","(1.46,2.19]",-7.5,1.82352438217472,4,0,0,0.000580720092915215,8
MMRd,Tcd4-CXCL13,GBP1,"(-5,0]","(2.19,2.92]",-2.5,2.55293413504461,6,0.000731003462117304,0.000504487545435494,0.00107206728346871,8
MMRd,Tcd4-CXCL13,GBP1,"(-5,0]","(1.46,2.19]",-2.5,1.82352438217472,6,0.000924598955203181,0.000140134529147982,0.00227021689650556,8
MMRd,Tcd4-CXCL13,GBP1,"(-10,-5]","(2.19,2.92]",-7.5,2.55293413504461,6,0.00116669134503939,0.000218914185639229,0.00148299971954266,8
MMRd,Tcd4-CXCL13,GBP1,"(-15,-10]","(2.92,3.65]",-12.5,3.2823438879145,6,0.000487804878048781,0,0.0018768220993771,8
MMRd,Tcd4-CXCL13,GBP1,"(-15,-10]","(3.65,4.38]",-12.5,4.01175364078438,4,0.00360634362014235,0.00190484253301727,0.00600968291723634,8
MMRd,Tcd4-CXCL13,GBP1,"(0,5]","(2.92,3.65]",2.5,3.2823438879145,6,0.00261690496647144,0.00145348433266171,0.00316995258408933,8
MMRd,Tcd4-CXCL13,GBP1,"(-5,0]","(2.92,3.65]",-2.5,3.2823438879145,6,0.00135813157453712,0.000764417243624586,0.00236768058344117,8
MMRd,Tcd4-CXCL13,GBP1,"(-5,0]","[0,0.729]",-2.5,0.364704876434944,4,0.000735294117647059,0,0.00246906139504982,8
MMRd,Tcd4-CXCL13,GBP1,"(0,5]","(1.46,2.19]",2.5,1.82352438217472,4,0.00182566456151362,0.00117924528301887,0.00209611626934462,8
MMRd,Tcd4-CXCL13,GBP1,"(-10,-5]","(3.65,4.38]",-7.5,4.01175364078438,4,0.00418260571151977,0.00241205950166088,0.0060844981767668,8
MMRd,Tcd4-Treg-comb,GBP1,"(-10,-5]","(3.65,4.38]",-7.5,4.01175364078438,8,0.00148523816173005,0.0012487533580715,0.00232480285671775,8
MMRd,Tcd4-Treg-comb,GBP1,"(-5,0]","(4.38,5.11]",-2.5,4.74116339365427,4,0.00218647986453105,0.00149506919748043,0.00378682043658034,8
MMRd,Tcd4-Treg-comb,GBP1,"(-10,-5]","(2.92,3.65]",-7.5,3.2823438879145,8,0.00143934679243669,0.00104482141716184,0.00181846755630401,8
MMRd,Tcd4-Treg-comb,GBP1,"(-5,0]","(2.92,3.65]",-2.5,3.2823438879145,8,0.00138685727371751,0.000748402795691714,0.00165920278057607,8
MMRd,Tcd4-Treg-comb,GBP1,"(-5,0]","(3.65,4.38]",-2.5,4.01175364078438,7,0.00147492625368732,0.000921957921765602,0.00259143083441244,8
MMRd,Tcd4-Treg-comb,GBP1,"(-10,-5]","(4.38,5.11]",-7.5,4.74116339365427,5,0.00228310502283105,0.00173522506889864,0.00788834951456311,8
MMRd,Tcd4-Treg-comb,GBP1,"(0,5]","(2.92,3.65]",2.5,3.2823438879145,6,0.0016732822868252,0.000966192518777113,0.00224640145075371,8
MMRd,Tcd4-Treg-comb,GBP1,"(-15,-10]","(1.46,2.19]",-12.5,1.82352438217472,4,0.00145865784870894,0.000819373634377276,0.00257926689171277,8
MMRd,Tcd4-Treg-comb,GBP1,"(-10,-5]","[0,0.729]",-7.5,0.364704876434944,6,0,0,0,8
MMRd,Tcd4-Treg-comb,GBP1,"(-5,0]","(2.19,2.92]",-2.5,2.55293413504461,7,0.00103225806451613,0.000759382282636006,0.00156208107905748,8
MMRd,Tcd4-Treg-comb,GBP1,"(-15,-10]","(2.19,2.92]",-12.5,2.55293413504461,7,0.00142857142857143,0.000707918841721659,0.00175627281593444,8
MMRd,Tcd4-Treg-comb,GBP1,"(0,5]","(3.65,4.38]",2.5,4.01175364078438,4,0.00141389650144805,0.000974298258596024,0.0018464739200954,8
MMRd,Tcd4-Treg-comb,GBP1,"(-15,-10]","(3.65,4.38]",-12.5,4.01175364078438,7,0.000942507068803016,0.000763191821621883,0.00245543361229384,8
MMRd,Tcd4-Treg-comb,GBP1,"(-5,0]","(1.46,2.19]",-2.5,1.82352438217472,7,0.000738552437223043,0.000264830508474576,0.0014921014751072,8
MMRd,Tcd4-Treg-comb,GBP1,"(0,5]","(2.19,2.92]",2.5,2.55293413504461,6,0.00212234356138233,0.00172004503034654,0.00251790686677992,8
MMRd,Tcd4-Treg-comb,GBP1,"(-5,0]","[0,0.729]",-2.5,0.364704876434944,5,0.000502008032128514,0,0.00209937018894332,8
MMRd,Tcd4-Treg-comb,GBP1,"(-25,-20]","(2.19,2.92]",-22.5,2.55293413504461,5,0.000741564701520208,0,0.000864304235090752,8
MMRd,Tcd4-Treg-comb,GBP1,"(-20,-15]","(2.92,3.65]",-17.5,3.2823438879145,7,0.00099579552998451,0.000266666666666667,0.00158936677518456,8
MMRd,Tcd4-Treg-comb,GBP1,"(-10,-5]","(2.19,2.92]",-7.5,2.55293413504461,7,0.00186616902159424,0.00103890362511052,0.00204080442922435,8
MMRd,Tcd4-Treg-comb,GBP1,"(-20,-15]","(2.19,2.92]",-17.5,2.55293413504461,6,0.00153913334594839,0.00110771432879245,0.00199403416794721,8
MMRd,Tcd4-Treg-comb,GBP1,"(-15,-10]","(2.92,3.65]",-12.5,3.2823438879145,7,0.00130378096479791,0.000446428571428571,0.00180325815460777,8
MMRd,Tcd4-Treg-comb,GBP1,"(-15,-10]","[0,0.729]",-12.5,0.364704876434944,5,0,0,0.00100233879051119,8
MMRd,Tcd4-Treg-comb,GBP1,"(-20,-15]","(3.65,4.38]",-17.5,4.01175364078438,6,0.00221719328739232,0.00134913574009954,0.00332144637004815,8
MMRd,Tcd4-Treg-comb,GBP1,"(5,10]","(2.19,2.92]",7.5,2.55293413504461,6,0.000720461095100865,0,0.00250308769040758,8
MMRd,Tcd4-Treg-comb,GBP1,"(5,10]","(2.92,3.65]",7.5,3.2823438879145,5,0,0,0.000480769230769231,8
MMRd,Tcd4-Treg-comb,GBP1,"(-10,-5]","(1.46,2.19]",-7.5,1.82352438217472,7,0.00144927536231884,0.000778901314411063,0.00268753683900303,8
MMRd,Tcd4-Treg-comb,GBP1,"(0,5]","(1.46,2.19]",2.5,1.82352438217472,5,0.00240963855421687,0.00193423597678917,0.00242718446601942,8
MMRd,Tcd4-Treg-comb,GBP1,"(-30,-25]","(2.92,3.65]",-27.5,3.2823438879145,4,0.00138794740674585,0.000841226321036889,0.00190032539594204,8
MMRd,Tcd4-Treg-comb,GBP1,"(-25,-20]","(2.92,3.65]",-22.5,3.2823438879145,5,0.00173472111022151,0.00147783251231527,0.00220264317180617,8
MMRd,Tcd4-Treg-comb,GBP1,"(-25,-20]","(3.65,4.38]",-22.5,4.01175364078438,4,0.00105259784463324,0.000749250749250749,0.00209739449640094,8
MMRd,Tcd4-Treg-comb,GBP1,"(-35,-30]","(2.92,3.65]",-32.5,3.2823438879145,5,0.00189035916824197,0,0.00257575757575758,8
MMRd,Tcd8-CXCL13-comb,GBP1,"(0,5]","(3.65,4.38]",2.5,4.01175364078438,7,0.0021865889212828,0.00120315372478251,0.00392286108532063,8
MMRd,CD8-all,GBP1,"(0,5]","(3.65,4.38]",2.5,4.01175364078438,7,0.00237953599048186,0.0015201645186631,0.00275121481292589,8
MMRd,Tcd8-CXCL13-comb,GBP1,"(-5,0]","(2.92,3.65]",-2.5,3.2823438879145,7,0.00192431045542014,0.00151411096044951,0.0035928045185626,8
MMRd,CD8-all,GBP1,"(-5,0]","(2.92,3.65]",-2.5,3.2823438879145,8,0.00201840259278991,0.00148062255095907,0.00278036112514521,8
MMRd,Tcd8-CXCL13-comb,GBP1,"(-5,0]","(4.38,5.11]",-2.5,4.74116339365427,4,0.00292150277057381,0.00263042615087283,0.00397552859703838,8
MMRd,CD8-all,GBP1,"(-5,0]","(4.38,5.11]",-2.5,4.74116339365427,7,0.00200601805416249,0,0.00245404825317122,8
MMRd,Tcd8-CXCL13-comb,GBP1,"(-5,0]","(3.65,4.38]",-2.5,4.01175364078438,7,0.0013840830449827,0.00088463406019843,0.00352376233087747,8
MMRd,CD8-all,GBP1,"(-5,0]","(3.65,4.38]",-2.5,4.01175364078438,8,0.00140372305427882,0.00110898070814149,0.00221951452599388,8
MMRd,Tcd8-CXCL13-comb,GBP1,"(-10,-5]","(3.65,4.38]",-7.5,4.01175364078438,6,0.0015011431579006,0.000335289186923722,0.00236333434007853,8
MMRd,CD8-all,GBP1,"(-10,-5]","(3.65,4.38]",-7.5,4.01175364078438,8,0.00259688579611123,0.0017821735558577,0.00373438675592516,8
MMRd,CD8-all,GBP1,"(10,15]","(3.65,4.38]",12.5,4.01175364078438,4,0.000993628025093637,0.000360923965351299,0.00220420909861909,8
MMRd,CD8-all,GBP1,"(-10,-5]","(4.38,5.11]",-7.5,4.74116339365427,4,0.00198380163164323,0.00166010301440786,0.00230055914824602,8
MMRd,CD8-all,GBP1,"(5,10]","(3.65,4.38]",7.5,4.01175364078438,7,0.00202839756592292,0.00160280941301331,0.00360384257753895,8
MMRd,CD8-all,GBP1,"(5,10]","(2.92,3.65]",7.5,3.2823438879145,7,0.000943396226415094,0.000361925443358668,0.00212294117188535,8
MMRd,CD8-all,GBP1,"(25,30]","(1.46,2.19]",27.5,1.82352438217472,5,0.000454132606721163,0,0.00201207243460765,8
MMRd,Tcd8-CXCL13-comb,GBP1,"(-10,-5]","(2.19,2.92]",-7.5,2.55293413504461,6,0.00112332436770639,0.000592691942357926,0.00181739809602405,8
MMRd,CD8-all,GBP1,"(-10,-5]","(2.19,2.92]",-7.5,2.55293413504461,7,0.000870322019147084,0.00081471589996145,0.00175626098526134,8
MMRd,CD8-all,GBP1,"(-10,-5]","[0,0.729]",-7.5,0.364704876434944,6,0.000280112044817927,0,0.000980863197296856,8
MMRd,CD8-all,GBP1,"(15,20]","(2.92,3.65]",17.5,3.2823438879145,7,0.00159489633173844,0.00129811813691472,0.00233760940778458,8
MMRd,Tcd8-CXCL13-comb,GBP1,"(-5,0]","[0,0.729]",-2.5,0.364704876434944,4,0,0,0.00100280786201364,8
MMRd,CD8-all,GBP1,"(-5,0]","[0,0.729]",-2.5,0.364704876434944,5,0.00115008625646924,0,0.00128122998078155,8
MMRd,Tcd8-CXCL13-comb,GBP1,"(-5,0]","(1.46,2.19]",-2.5,1.82352438217472,6,0.000959193094259168,0.000136425648021828,0.00179011623672833,8
MMRd,CD8-all,GBP1,"(-5,0]","(1.46,2.19]",-2.5,1.82352438217472,6,0.00102636637290103,0.000506844615605945,0.00257394239210215,8
MMRd,Tcd8-CXCL13-comb,GBP1,"(-10,-5]","(2.92,3.65]",-7.5,3.2823438879145,6,0.00149095545018156,0.00104939383319691,0.00238382424004901,8
MMRd,CD8-all,GBP1,"(-10,-5]","(2.92,3.65]",-7.5,3.2823438879145,7,0.00166339029184939,0.00122561213261558,0.00178913174708083,8
MMRd,Tcd8-CXCL13-comb,GBP1,"(-5,0]","(2.19,2.92]",-2.5,2.55293413504461,6,0.00149787647852663,0.00126967313499821,0.0021636875700698,8
MMRd,CD8-all,GBP1,"(-5,0]","(2.19,2.92]",-2.5,2.55293413504461,7,0.00168994040736458,0.00135873877740012,0.0021143484555047,8
MMRd,Tcd8-CXCL13-comb,GBP1,"(0,5]","(1.46,2.19]",2.5,1.82352438217472,5,0.00127713920817369,0.000821692686935086,0.00154320987654321,8
MMRd,CD8-all,GBP1,"(0,5]","(1.46,2.19]",2.5,1.82352438217472,6,0.0008716042961852,0.000692629128837357,0.00157489052946359,8
MMRd,Tcd8-CXCL13-comb,GBP1,"(15,20]","(2.19,2.92]",17.5,2.55293413504461,5,0.00119000396667989,0,0.00297176820208024,8
MMRd,CD8-all,GBP1,"(15,20]","(2.19,2.92]",17.5,2.55293413504461,6,0.000575926281435976,0,0.00199898975668757,8
MMRd,CD8-all,GBP1,"(15,20]","[0,0.729]",17.5,0.364704876434944,4,0,0,0.000748055056852184,8
MMRd,Tcd8-CXCL13-comb,GBP1,"(-10,-5]","(1.46,2.19]",-7.5,1.82352438217472,4,0,0,0.00117041198501873,8
MMRd,CD8-all,GBP1,"(-10,-5]","(1.46,2.19]",-7.5,1.82352438217472,7,0.00032071840923669,0,0.00157508557705054,8
MMRd,CD8-all,GBP1,"(15,20]","(1.46,2.19]",17.5,1.82352438217472,5,0.00184842883548983,0.00158144438587243,0.00220628792057364,8
MMRd,CD8-all,GBP1,"(30,35]","(2.19,2.92]",32.5,2.55293413504461,5,0.00100300902708124,0.00042927666881305,0.00246609124537608,8
MMRd,Tcd8-CXCL13-comb,GBP1,"(20,25]","(2.19,2.92]",22.5,2.55293413504461,5,0,0,0.000427167876975651,8
MMRd,CD8-all,GBP1,"(20,25]","(2.19,2.92]",22.5,2.55293413504461,5,0.000358680057388809,0,0.000901916572717024,8
MMRd,Tcd8-CXCL13-comb,GBP1,"(5,10]","(2.19,2.92]",7.5,2.55293413504461,5,0.00108283703302653,0.000943396226415094,0.0010958904109589,8
MMRd,CD8-all,GBP1,"(5,10]","(2.19,2.92]",7.5,2.55293413504461,6,0.000915453712640812,0.000480288322407741,0.00125733354858803,8
MMRd,CD8-all,GBP1,"(-15,-10]","(2.92,3.65]",-12.5,3.2823438879145,7,0.0018738288569644,0.00156253386137081,0.00256732988010521,8
MMRd,Tcd8-CXCL13-comb,GBP1,"(20,25]","(1.46,2.19]",22.5,1.82352438217472,5,0,0,0.00163132137030995,8
MMRd,CD8-all,GBP1,"(20,25]","(1.46,2.19]",22.5,1.82352438217472,5,0.00147058823529412,0.000659195781147001,0.00260869565217391,8
MMRd,Tcd8-CXCL13-comb,GBP1,"(0,5]","(2.19,2.92]",2.5,2.55293413504461,6,0.000859984734192051,0.000619431997930958,0.0024610237734819,8
MMRd,CD8-all,GBP1,"(0,5]","(2.19,2.92]",2.5,2.55293413504461,7,0.00166587339362208,0.00100533310327344,0.00373251597641721,8
MMRd,Tcd8-CXCL13-comb,GBP1,"(0,5]","(2.92,3.65]",2.5,3.2823438879145,6,0.00156288807483344,0.000911241208949888,0.00192503850803012,8
MMRd,CD8-all,GBP1,"(0,5]","(2.92,3.65]",2.5,3.2823438879145,7,0.00132498193206456,0.00066388625453173,0.00168158616097253,8
MMRd,Tcd8-CXCL13-comb,GBP1,"(5,10]","(1.46,2.19]",7.5,1.82352438217472,5,0,0,0.000808407437348424,8
MMRd,CD8-all,GBP1,"(5,10]","(1.46,2.19]",7.5,1.82352438217472,5,0.00109950522264981,0.00104311543810848,0.00147058823529412,8
MMRd,Tcd8-CXCL13-comb,GBP1,"(10,15]","(2.92,3.65]",12.5,3.2823438879145,4,0.000360750360750361,0,0.000730232954136131,8
MMRd,CD8-all,GBP1,"(10,15]","(2.92,3.65]",12.5,3.2823438879145,6,0.00074690141345266,0.000173130193905817,0.00102268893387314,8
MMRd,Tcd8-CXCL13-comb,GBP1,"(5,10]","(2.92,3.65]",7.5,3.2823438879145,6,0.00198017036726714,0.000833664865342749,0.00325156325156325,8
MMRd,CD8-all,GBP1,"(10,15]","(2.19,2.92]",12.5,2.55293413504461,6,0.00134090895002311,0.000240038406144983,0.00274612428963076,8
MMRd,CD8-all,GBP1,"(30,35]","(1.46,2.19]",32.5,1.82352438217472,5,0.001407789770061,0.00113250283125708,0.00222882615156018,8
MMRd,CD8-all,GBP1,"(25,30]","(2.19,2.92]",27.5,2.55293413504461,4,0.000776710264934061,0.000380710659898477,0.00136602062861476,8
MMRd,CD8-all,GBP1,"(35,40]","(2.19,2.92]",37.5,2.55293413504461,4,0.00218136830048365,0.00163398692810458,0.00236270320378033,8
MMRd,Tcd8-CXCL13-comb,GBP1,"(10,15]","(1.46,2.19]",12.5,1.82352438217472,5,0.00168350168350168,0.00123304562268804,0.00184162062615101,8
MMRd,CD8-all,GBP1,"(10,15]","(1.46,2.19]",12.5,1.82352438217472,6,0.00130946919469006,0.00080774778001923,0.00171235575947531,8
MMRd,CD8-all,GBP1,"(-5,0]","(0.729,1.46]",-2.5,1.09411462930483,6,0.00170000307735061,0.000348999534667287,0.0021826163537838,8
MMRd,Tcd8-CXCL13-comb,GBP1,"(0,5]","[0,0.729]",2.5,0.364704876434944,4,0,0,0.00073385518590998,8
MMRd,CD8-all,GBP1,"(0,5]","[0,0.729]",2.5,0.364704876434944,5,0.000900900900900901,0,0.00191021967526266,8
MMRd,CD8-all,GBP1,"(-15,-10]","(3.65,4.38]",-12.5,4.01175364078438,6,0.00217424536400089,0.00173381656523849,0.00325428120307821,8
MMRd,Tcd8-CXCL13-comb,GBP1,"(-15,-10]","(2.19,2.92]",-12.5,2.55293413504461,5,0.00118483412322275,0.001085776330076,0.00126103404791929,8
MMRd,CD8-all,GBP1,"(-15,-10]","(2.19,2.92]",-12.5,2.55293413504461,7,0.000945179584120983,0.000836156099797615,0.00213666627600025,8
MMRd,Tcd8-CXCL13-comb,GBP1,"(-20,-15]","(2.92,3.65]",-17.5,3.2823438879145,4,0.00388886407954867,0.00255102040816327,0.00521651168794891,8
MMRd,CD8-all,GBP1,"(-20,-15]","(2.92,3.65]",-17.5,3.2823438879145,5,0.00153684380813718,0.00139664804469274,0.00333778371161549,8
MMRd,Tcd8-CXCL13-comb,GBP1,"(-15,-10]","(2.92,3.65]",-12.5,3.2823438879145,5,0.00175284837861525,0.00134408602150538,0.00267737617135208,8
MMRd,Tcd8-CXCL13-comb,GBP1,"(10,15]","(2.19,2.92]",12.5,2.55293413504461,4,0.00135312535100528,0.000808189655172414,0.00194683686263144,8
MMRd,CD8-all,GBP1,"(-25,-20]","(3.65,4.38]",-22.5,4.01175364078438,4,0.00272892336608525,0.00127383617694743,0.00409995860329441,8
MMRd,CD8-all,GBP1,"(-25,-20]","(2.92,3.65]",-22.5,3.2823438879145,4,0.000926729325150284,0.000138007176373171,0.00251471307397852,8
MMRd,CD8-all,GBP1,"(-15,-10]","[0,0.729]",-12.5,0.364704876434944,4,0.00130208333333333,0,0.00286553375912409,8
MMRd,CD8-all,GBP1,"(5,10]","[0,0.729]",7.5,0.364704876434944,4,0.000599520383693046,0,0.0018512082290379,8
MMRd,Tcd8-CXCL13-comb,GBP1,"(-10,-5]","[0,0.729]",-7.5,0.364704876434944,4,0.00123456790123457,0,0.00253351511020223,8
MMRd,CD8-all,GBP1,"(-20,-15]","(2.19,2.92]",-17.5,2.55293413504461,4,0.00118413262285376,0,0.00243236691328326,8
MMRd,CD8-all,GBP1,"(-25,-20]","(2.19,2.92]",-22.5,2.55293413504461,4,0.00155027155200805,0.00138797374658783,0.00279546204398022,8
MMRd,CD8-all,GBP1,"(-20,-15]","(3.65,4.38]",-17.5,4.01175364078438,5,0.00137321631142158,0.000672947510094213,0.00238237045860631,8
MMRd,CD8-all,GBP1,"(35,40]","(3.65,4.38]",37.5,4.01175364078438,4,0.00268805779855504,0.00161543788621351,0.00366969261243631,8
MMRd,CD8-all,GBP1,"(20,25]","(2.92,3.65]",22.5,3.2823438879145,4,0.00235131931560503,0.000799541514719095,0.0037389542989106,8
MMRd,CD8-all,GBP1,"(-25,-20]","[0,0.729]",-22.5,0.364704876434944,4,0,0,0.000534188034188034,8
MMRd,Tcd8-CXCL13-LAG3,GBP1,"(-5,0]","(2.19,2.92]",-2.5,2.55293413504461,6,0.00193929806351569,0.00164753835384705,0.00243932146917222,8
MMRd,Tcd8-CXCL13-LAG3,GBP1,"(-5,0]","(2.92,3.65]",-2.5,3.2823438879145,6,0.00141965307668746,0.000957181884124137,0.00171298601601726,8
MMRd,Tcd8-CXCL13-LAG3,GBP1,"(-5,0]","(1.46,2.19]",-2.5,1.82352438217472,4,0.000959797994424936,0.000624479600333056,0.00217391304347826,8
MMRd,Tcd8-CXCL13-LAG3,GBP1,"(0,5]","(2.19,2.92]",2.5,2.55293413504461,4,0,0,0,8
MMRd,Tcd8-GZMK,GBP1,"(-5,0]","(2.92,3.65]",-2.5,3.2823438879145,6,0.00116690602221617,0.000914892309829282,0.00245433218418756,8
MMRd,Tcd8-GZMK,GBP1,"(-5,0]","(2.19,2.92]",-2.5,2.55293413504461,6,0.00160769336501267,0.000879902516436182,0.00244525098425197,8
MMRd,Tcd8-GZMK,GBP1,"(-15,-10]","(2.92,3.65]",-12.5,3.2823438879145,4,0.00246732170782804,0.000973709834469328,0.00437925510612735,8
MMRd,Tcd8-GZMK,GBP1,"(-10,-5]","(2.92,3.65]",-7.5,3.2823438879145,4,0.00126114859869373,0.00112945595812091,0.0019431838702989,8
MMRd,Tcd8-GZMK,GBP1,"(0,5]","(2.92,3.65]",2.5,3.2823438879145,4,0.00135093749533819,0.000814774579033134,0.00164229488533505,8
MMRd,Tcd8-GZMK,GBP1,"(-10,-5]","(2.19,2.92]",-7.5,2.55293413504461,4,0.000258933195235629,0,0.00215607656053021,8
MMRd,Tcd8-HOBIT,GBP1,"(-5,0]","[0,0.729]",-2.5,0.364704876434944,4,0.00163398692810458,0,0.0033855598314092,8
MMRd,Tcd8-HOBIT,GBP1,"(-5,0]","(3.65,4.38]",-2.5,4.01175364078438,5,0.00132187706543291,0,0.0015600624024961,8
MMRd,Tcd8-HOBIT,GBP1,"(-5,0]","(2.19,2.92]",-2.5,2.55293413504461,6,0.00173695846100144,0.000922585590189065,0.00303339537974925,8
MMRd,Tcd8-HOBIT,GBP1,"(0,5]","(2.19,2.92]",2.5,2.55293413504461,5,0.00225056264066016,0.00190114068441065,0.00511945392491468,8
MMRd,Tcd8-HOBIT,GBP1,"(-5,0]","(2.92,3.65]",-2.5,3.2823438879145,6,0.00186897055345181,0.0014452590054029,0.00246780941439147,8
MMRd,Tcd8-HOBIT,GBP1,"(-5,0]","(1.46,2.19]",-2.5,1.82352438217472,5,0.00107758620689655,0.000985221674876847,0.001953125,8
MMRd,Tcd8-HOBIT,GBP1,"(-10,-5]","(2.92,3.65]",-7.5,3.2823438879145,4,0.0020701993221692,0.00191199716645657,0.00248661770197934,8
MMRd,Tcd8-HOBIT,GBP1,"(0,5]","(2.92,3.65]",2.5,3.2823438879145,5,0.00117439812096301,0.00091743119266055,0.00158227848101266,8
MMRd,Tcd8-HOBIT,GBP1,"(-10,-5]","(2.19,2.92]",-7.5,2.55293413504461,5,0.00278551532033426,0.00204638472032742,0.00417163289630513,8
MMRd,Tplzf-gdlike-comb,GBP1,"(-10,-5]","(3.65,4.38]",-7.5,4.01175364078438,4,0.00237099883803206,0.00121065375302663,0.0035927272970389,8
MMRd,Tplzf-gdlike-comb,GBP1,"(-5,0]","(3.65,4.38]",-2.5,4.01175364078438,7,0.000949667616334283,0.000327225130890052,0.00263296528442261,8
MMRd,Tplzf-gdlike-comb,GBP1,"(-5,0]","[0,0.729]",-2.5,0.364704876434944,4,0,0,0.000584385226741468,8
MMRd,Tplzf-gdlike-comb,GBP1,"(-5,0]","(1.46,2.19]",-2.5,1.82352438217472,5,0.00122249388753056,0.00109729334308705,0.00154559505409583,8
MMRd,Tplzf-gdlike-comb,GBP1,"(15,20]","(1.46,2.19]",17.5,1.82352438217472,5,0,0,0,8
MMRd,Tplzf-gdlike-comb,GBP1,"(20,25]","(2.19,2.92]",22.5,2.55293413504461,4,0.000386996904024768,0,0.00199026979212738,8
MMRd,Tplzf-gdlike-comb,GBP1,"(-5,0]","(2.92,3.65]",-2.5,3.2823438879145,6,0.000551164135436806,6.6260270341903e-05,0.00112006860976266,8
MMRd,Tplzf-gdlike-comb,GBP1,"(-5,0]","(2.19,2.92]",-2.5,2.55293413504461,6,0.000133582687683676,0,0.000481729103177938,8
MMRd,Tplzf-gdlike-comb,GBP1,"(0,5]","(1.46,2.19]",2.5,1.82352438217472,5,0,0,0.00268456375838926,8
MMRd,Tplzf-gdlike-comb,GBP1,"(0,5]","(2.19,2.92]",2.5,2.55293413504461,6,0.000631313131313131,0,0.0015911667697382,8
MMRd,Tplzf-gdlike-comb,GBP1,"(-10,-5]","(2.92,3.65]",-7.5,3.2823438879145,5,0.00183823529411765,0.00138350857775318,0.00340136054421769,8
MMRd,Tplzf-gdlike-comb,GBP1,"(0,5]","(2.92,3.65]",2.5,3.2823438879145,6,0.00113600805700089,0.000261506276150628,0.00193427854453647,8
MMRd,Tplzf-gdlike-comb,GBP1,"(-10,-5]","(2.19,2.92]",-7.5,2.55293413504461,4,0.00082651315485273,0.000468164794007491,0.00193749434533356,8
MMRd,Tplzf-gdlike-comb,GBP1,"(-10,-5]","[0,0.729]",-7.5,0.364704876434944,4,0,0,0.000277161862527716,8
MMRd,Tplzf-gdlike-comb,GBP1,"(5,10]","(2.19,2.92]",7.5,2.55293413504461,4,0.00113550340651022,0,0.00311834944938797,8
MMRd,Tplzf-gdlike-comb,GBP1,"(5,10]","(2.92,3.65]",7.5,3.2823438879145,4,0.00123789612676056,0.000880281690140845,0.00264199551258327,8
MMRd,Tplzf-gdlike-comb,GBP1,"(-10,-5]","(1.46,2.19]",-7.5,1.82352438217472,4,0.000738552437223043,0,0.00155666168994588,8
MMRd,Myeloid-mregDC,TAP1,"(-15,-10]","(4.38,5.11]",-12.5,4.74116339365427,4,0.0124188921192984,0.0104642493668789,0.0129100098226054,8
MMRd,Myeloid-mregDC,TAP1,"(-5,0]","(3.65,4.38]",-2.5,4.01175364078438,6,0.00733944609133601,0.00489098734622238,0.00991004497274418,8
MMRd,Myeloid-mregDC,TAP1,"(-10,-5]","(3.65,4.38]",-7.5,4.01175364078438,5,0.00695517774343122,0.00610287707061901,0.00857811281518066,8
MMRd,Myeloid-mregDC,TAP1,"(-15,-10]","(2.92,3.65]",-12.5,3.2823438879145,7,0.00890688259109312,0.00416314255603795,0.0102219398139805,8
MMRd,Myeloid-mregDC,TAP1,"(-5,0]","(2.92,3.65]",-2.5,3.2823438879145,7,0.00526315789473684,0.00402693080110026,0.00716249173280423,8
MMRd,Myeloid-mregDC,TAP1,"(-10,-5]","(2.19,2.92]",-7.5,2.55293413504461,6,0.00580480202273194,0.0049936757787706,0.00632652584353678,8
MMRd,Myeloid-mregDC,TAP1,"(-5,0]","(1.46,2.19]",-2.5,1.82352438217472,4,0.00332832570401496,0.00264834403965647,0.00482304272552483,8
MMRd,Myeloid-mregDC,TAP1,"(-5,0]","(2.19,2.92]",-2.5,2.55293413504461,5,0.00520156046814044,0.00350877192982456,0.00571584104518236,8
MMRd,Myeloid-mregDC,TAP1,"(-10,-5]","(2.92,3.65]",-7.5,3.2823438879145,7,0.00537634408602151,0.00403252151599547,0.00811386805980183,8
MMRd,Myeloid-mregDC,TAP1,"(-15,-10]","(3.65,4.38]",-12.5,4.01175364078438,4,0.00671363602475211,0.00294117647058824,0.00951022994749231,8
MMRd,Myeloid-mregDC,TAP1,"(-5,0]","[0,0.729]",-2.5,0.364704876434944,4,0.00272746349886294,0.000542299349240781,0.00630440692109772,8
MMRd,Myeloid-mregDC,TAP1,"(-15,-10]","(2.19,2.92]",-12.5,2.55293413504461,4,0.00526738375070947,0.00474236447032671,0.00616025500377874,8
MMRd,Myeloid-ISG,TAP1,"(-10,-5]","(5.11,5.84]",-7.5,5.47057314652416,5,0.0130914338727966,0.011096884336321,0.0139899272523783,8
MMRd,Myeloid-noDC-noGran,TAP1,"(-10,-5]","(5.11,5.84]",-7.5,5.47057314652416,7,0.00914355379457482,0.00777993338259176,0.0107168875962288,8
MMRd,Myeloid-ISG,TAP1,"(-40,-35]","(4.38,5.11]",-37.5,4.74116339365427,7,0.00865460267505901,0.00683158912145047,0.0151937936955722,8
MMRd,Myeloid-noDC-noGran,TAP1,"(-40,-35]","(4.38,5.11]",-37.5,4.74116339365427,7,0.00577663671373556,0.00452304505052365,0.0113968364286909,8
MMRd,Myeloid-noDC-noGran,TAP1,"(20,25]","(3.65,4.38]",22.5,4.01175364078438,5,0.0068870523415978,0.00543478260869565,0.00910931174089069,8
MMRd,Myeloid-ISG,TAP1,"(0,5]","(3.65,4.38]",2.5,4.01175364078438,8,0.0116764057289949,0.0100540384292889,0.0162966448329606,8
MMRd,Myeloid-noDC-noGran,TAP1,"(0,5]","(3.65,4.38]",2.5,4.01175364078438,8,0.00832198668296274,0.006851251108353,0.0100614468469414,8
MMRd,Myeloid-ISG,TAP1,"(-10,-5]","(2.92,3.65]",-7.5,3.2823438879145,8,0.00892617772585632,0.0073321873136034,0.0105879276514197,8
MMRd,Myeloid-noDC-noGran,TAP1,"(-10,-5]","(2.92,3.65]",-7.5,3.2823438879145,8,0.00542275532025756,0.00456749529256001,0.00651894794679908,8
MMRd,Myeloid-ISG,TAP1,"(-5,0]","(5.11,5.84]",-2.5,5.47057314652416,6,0.0101063703492651,0.009857137288532,0.0114992423515642,8
MMRd,Myeloid-noDC-noGran,TAP1,"(-5,0]","(5.11,5.84]",-2.5,5.47057314652416,6,0.00869773171210726,0.00847233102306725,0.00894005243737179,8
MMRd,Myeloid-ISG,TAP1,"(-10,-5]","(3.65,4.38]",-7.5,4.01175364078438,8,0.00884858781894434,0.00835417053869465,0.0114605534528243,8
MMRd,Myeloid-noDC-noGran,TAP1,"(-10,-5]","(3.65,4.38]",-7.5,4.01175364078438,8,0.00616930962085409,0.00516695404216945,0.00715466965955102,8
MMRd,Myeloid-noDC-noGran,TAP1,"(45,50]","(2.92,3.65]",47.5,3.2823438879145,5,0.00782778864970646,0.00504201680672269,0.0102669404517454,8
MMRd,Myeloid-noDC-noGran,TAP1,"(5,10]","(4.38,5.11]",7.5,4.74116339365427,7,0.00808306499309982,0.00638019402911573,0.0114535729420793,8
MMRd,Myeloid-ISG,TAP1,"(0,5]","(5.11,5.84]",2.5,5.47057314652416,4,0.0150556846700459,0.0140205267843117,0.0161062618715618,8
MMRd,Myeloid-noDC-noGran,TAP1,"(0,5]","(5.11,5.84]",2.5,5.47057314652416,4,0.0122171903670984,0.010422923162264,0.0134608701865149,8
MMRd,Myeloid-ISG,TAP1,"(-15,-10]","(3.65,4.38]",-12.5,4.01175364078438,8,0.00860792677314137,0.00747151746173666,0.0102069843253002,8
MMRd,Myeloid-noDC-noGran,TAP1,"(-15,-10]","(3.65,4.38]",-12.5,4.01175364078438,8,0.00629218767605105,0.00488299797883063,0.00764513577035776,8
MMRd,Myeloid-noDC-noGran,TAP1,"(-95,-90]","(4.38,5.11]",-92.5,4.74116339365427,4,0.00825998697186833,0.00693770176692378,0.00877010381123913,8
MMRd,Myeloid-ISG,TAP1,"(-15,-10]","(4.38,5.11]",-12.5,4.74116339365427,7,0.00901679841897233,0.00700166493567616,0.0109295518250064,8
MMRd,Myeloid-noDC-noGran,TAP1,"(-15,-10]","(4.38,5.11]",-12.5,4.74116339365427,7,0.00657287822878229,0.00515717240677791,0.00781007191227258,8
MMRd,Myeloid-noDC-noGran,TAP1,"(-95,-90]","[0,0.729]",-92.5,0.364704876434944,7,0.00599520383693046,0.00464488723304449,0.00806591312632627,8
MMRd,Myeloid-ISG,TAP1,"(-15,-10]","(5.11,5.84]",-12.5,5.47057314652416,4,0.0127909010196669,0.0107379861889029,0.0133192608648429,8
MMRd,Myeloid-noDC-noGran,TAP1,"(-15,-10]","(5.11,5.84]",-12.5,5.47057314652416,6,0.00915828683393122,0.00696298814929022,0.00982141945484275,8
MMRd,Myeloid-noDC-noGran,TAP1,"(-45,-40]","(4.38,5.11]",-42.5,4.74116339365427,6,0.00671236478458393,0.00550813470409962,0.00844698953717967,8
MMRd,Myeloid-ISG,TAP1,"(-5,0]","(4.38,5.11]",-2.5,4.74116339365427,7,0.00839020024611254,0.00765356121616658,0.00977589918905159,8
MMRd,Myeloid-noDC-noGran,TAP1,"(-5,0]","(4.38,5.11]",-2.5,4.74116339365427,8,0.00690017572349493,0.00587829587159827,0.00778252924084268,8
MMRd,Myeloid-ISG,TAP1,"(-20,-15]","(3.65,4.38]",-17.5,4.01175364078438,8,0.00923410944886945,0.00752717754223951,0.0118924426765733,8
MMRd,Myeloid-noDC-noGran,TAP1,"(-20,-15]","(3.65,4.38]",-17.5,4.01175364078438,8,0.00586950103266203,0.00517488974826155,0.00777927387073648,8
MMRd,Myeloid-ISG,TAP1,"(-5,0]","(2.92,3.65]",-2.5,3.2823438879145,8,0.00907522823517011,0.00684750770993469,0.0107513027724165,8
MMRd,Myeloid-noDC-noGran,TAP1,"(-5,0]","(2.92,3.65]",-2.5,3.2823438879145,8,0.00535274610313493,0.0048651274534851,0.00665181501271079,8
MMRd,Myeloid-ISG,TAP1,"(-5,0]","(3.65,4.38]",-2.5,4.01175364078438,8,0.00957222336992527,0.00884601407761344,0.0122793098217875,8
MMRd,Myeloid-noDC-noGran,TAP1,"(-5,0]","(3.65,4.38]",-2.5,4.01175364078438,8,0.00622116474294713,0.00544396383770216,0.00784596408738511,8
MMRd,Myeloid-noDC-noGran,TAP1,"(-25,-20]","(5.11,5.84]",-22.5,5.47057314652416,4,0.00794686820107638,0.00574260209460884,0.00945155057328095,8
MMRd,Myeloid-noDC-noGran,TAP1,"(-50,-45]","(3.65,4.38]",-47.5,4.01175364078438,7,0.00496647628507574,0.00447450107792875,0.00639856209424919,8
MMRd,Myeloid-noDC-noGran,TAP1,"(-25,-20]","(3.65,4.38]",-22.5,4.01175364078438,8,0.00569751713702358,0.00541159126472587,0.00608821359944273,8
MMRd,Myeloid-noDC-noGran,TAP1,"(-30,-25]","(3.65,4.38]",-27.5,4.01175364078438,7,0.00493162967944407,0.00461603667910661,0.0061342380464665,8
MMRd,Myeloid-ISG,TAP1,"(-35,-30]","(3.65,4.38]",-32.5,4.01175364078438,7,0.00900900900900901,0.00822462917351532,0.0103983627959493,8
MMRd,Myeloid-noDC-noGran,TAP1,"(-35,-30]","(3.65,4.38]",-32.5,4.01175364078438,7,0.00606771364470732,0.00525029685192157,0.00643945466569262,8
MMRd,Myeloid-ISG,TAP1,"(-20,-15]","(5.11,5.84]",-17.5,5.47057314652416,5,0.0112531969309463,0.0103033772180882,0.0116279069767442,8
MMRd,Myeloid-noDC-noGran,TAP1,"(-20,-15]","(5.11,5.84]",-17.5,5.47057314652416,6,0.0101231078400739,0.00720831971982577,0.0104656336031876,8
MMRd,Myeloid-ISG,TAP1,"(0,5]","(4.38,5.11]",2.5,4.74116339365427,6,0.00997874573404609,0.00744962108598472,0.0115398794175296,8
MMRd,Myeloid-noDC-noGran,TAP1,"(0,5]","(4.38,5.11]",2.5,4.74116339365427,7,0.00790513833992095,0.00681748834968376,0.0111031801175624,8
MMRd,Myeloid-ISG,TAP1,"(-10,-5]","(4.38,5.11]",-7.5,4.74116339365427,7,0.00972204910881217,0.00846325328658698,0.010615057753252,8
MMRd,Myeloid-noDC-noGran,TAP1,"(-10,-5]","(4.38,5.11]",-7.5,4.74116339365427,8,0.00678987820424398,0.00615024770570327,0.00840899074838112,8
MMRd,Myeloid-noDC-noGran,TAP1,"(-20,-15]","(2.92,3.65]",-17.5,3.2823438879145,8,0.00482702914756788,0.00464553977274045,0.00556994337696092,8
MMRd,Myeloid-noDC-noGran,TAP1,"(-85,-80]","(3.65,4.38]",-82.5,4.01175364078438,4,0.00702569061781557,0.00606143723802471,0.00735493620508522,8
MMRd,Myeloid-noDC-noGran,TAP1,"(65,70]","(2.92,3.65]",67.5,3.2823438879145,4,0.00894516603092617,0.00570378616073898,0.0133194465109359,8
MMRd,Myeloid-ISG,TAP1,"(-20,-15]","(4.38,5.11]",-17.5,4.74116339365427,7,0.00886075949367089,0.00740486005360109,0.0110007259159603,8
MMRd,Myeloid-noDC-noGran,TAP1,"(-20,-15]","(4.38,5.11]",-17.5,4.74116339365427,7,0.00769230769230769,0.00524018819977581,0.00796654505848421,8
MMRd,Myeloid-ISG,TAP1,"(-30,-25]","(4.38,5.11]",-27.5,4.74116339365427,7,0.00917610308473253,0.00761532345420445,0.0104089066202374,8
MMRd,Myeloid-noDC-noGran,TAP1,"(-30,-25]","(4.38,5.11]",-27.5,4.74116339365427,7,0.00577629966742517,0.00558536697672415,0.00720545729362785,8
MMRd,Myeloid-noDC-noGran,TAP1,"(-20,-15]","(2.19,2.92]",-17.5,2.55293413504461,8,0.0043659260113533,0.0039057422701869,0.00636785329426088,8
MMRd,Myeloid-noDC-noGran,TAP1,"(-50,-45]","(4.38,5.11]",-47.5,4.74116339365427,7,0.0069284064665127,0.00453341584982,0.0074456941741697,8
MMRd,Myeloid-noDC-noGran,TAP1,"(25,30]","(3.65,4.38]",27.5,4.01175364078438,5,0.00945566061845132,0.00420439844760673,0.00962463907603465,8
MMRd,Myeloid-noDC-noGran,TAP1,"(-55,-50]","[0,0.729]",-52.5,0.364704876434944,8,0.00617745910273432,0.00370778284691294,0.00836833856082072,8
MMRd,Myeloid-ISG,TAP1,"(5,10]","(3.65,4.38]",7.5,4.01175364078438,6,0.0106929040318993,0.00949173917354552,0.015547128898675,8
MMRd,Myeloid-noDC-noGran,TAP1,"(5,10]","(3.65,4.38]",7.5,4.01175364078438,8,0.00818670380029406,0.00727032984919233,0.0115643982611972,8
MMRd,Myeloid-noDC-noGran,TAP1,"(-15,-10]","(2.19,2.92]",-12.5,2.55293413504461,8,0.00432426807623221,0.00354110834294673,0.0053303876484929,8
MMRd,Myeloid-noDC-noGran,TAP1,"(-30,-25]","[0,0.729]",-27.5,0.364704876434944,8,0.00480183805642968,0.00226167262178572,0.00706153215568692,8
MMRd,Myeloid-ISG,TAP1,"(0,5]","(2.92,3.65]",2.5,3.2823438879145,8,0.0101370354185166,0.00908714327555826,0.0145239106923895,8
MMRd,Myeloid-noDC-noGran,TAP1,"(0,5]","(2.92,3.65]",2.5,3.2823438879145,8,0.00698446729344121,0.00607391034663074,0.00854960555510116,8
MMRd,Myeloid-ISG,TAP1,"(-5,0]","(2.19,2.92]",-2.5,2.55293413504461,8,0.00751144682738398,0.00647233887657841,0.00918290317498412,8
MMRd,Myeloid-noDC-noGran,TAP1,"(-5,0]","(2.19,2.92]",-2.5,2.55293413504461,8,0.00484012134113579,0.00412997958631691,0.00516548481863781,8
MMRd,Myeloid-ISG,TAP1,"(-10,-5]","(1.46,2.19]",-7.5,1.82352438217472,7,0.00697865353037767,0.00364793496514868,0.0100655363434508,8
MMRd,Myeloid-noDC-noGran,TAP1,"(-10,-5]","(1.46,2.19]",-7.5,1.82352438217472,8,0.00452062863740251,0.00289978947854995,0.00511437427972194,8
MMRd,Myeloid-noDC-noGran,TAP1,"(-20,-15]","(1.46,2.19]",-17.5,1.82352438217472,7,0.00395726157499011,0.00340028586474084,0.00635795513473678,8
MMRd,Myeloid-ISG,TAP1,"(-5,0]","(1.46,2.19]",-2.5,1.82352438217472,6,0.00614109400505457,0.00480103733183739,0.0101532523946347,8
MMRd,Myeloid-noDC-noGran,TAP1,"(-5,0]","(1.46,2.19]",-2.5,1.82352438217472,8,0.00399453554828225,0.00234822722779952,0.00514274975069275,8
MMRd,Myeloid-ISG,TAP1,"(-30,-25]","(2.92,3.65]",-27.5,3.2823438879145,6,0.00600058343057176,0.0046204572098476,0.00920741326636716,8
MMRd,Myeloid-noDC-noGran,TAP1,"(-30,-25]","(2.92,3.65]",-27.5,3.2823438879145,8,0.00525019926421766,0.00409205767036938,0.00604940096272506,8
MMRd,Myeloid-noDC-noGran,TAP1,"(-45,-40]","(3.65,4.38]",-42.5,4.01175364078438,7,0.00516481847182136,0.00474142086338336,0.00762187312654983,8
MMRd,Myeloid-noDC-noGran,TAP1,"(-35,-30]","(4.38,5.11]",-32.5,4.74116339365427,7,0.00550148116800677,0.00518886953399808,0.00767240177903794,8
MMRd,Myeloid-noDC-noGran,TAP1,"(-55,-50]","(3.65,4.38]",-52.5,4.01175364078438,7,0.00462249614791988,0.00422459083093024,0.00803015284533111,8
MMRd,Myeloid-noDC-noGran,TAP1,"(35,40]","(2.92,3.65]",37.5,3.2823438879145,7,0.00547945205479452,0.00421638460353914,0.00972491747034683,8
MMRd,Myeloid-noDC-noGran,TAP1,"(-65,-60]","(3.65,4.38]",-62.5,4.01175364078438,7,0.0041407867494824,0.00277603036811252,0.00673395017689256,8
MMRd,Myeloid-ISG,TAP1,"(-10,-5]","(2.19,2.92]",-7.5,2.55293413504461,8,0.00729910417111814,0.00401228103565799,0.0103446547019623,8
MMRd,Myeloid-noDC-noGran,TAP1,"(-10,-5]","(2.19,2.92]",-7.5,2.55293413504461,8,0.00466971211397082,0.00403522480042292,0.00536175730926969,8
MMRd,Myeloid-ISG,TAP1,"(-25,-20]","(2.92,3.65]",-22.5,3.2823438879145,6,0.00620553258715331,0.005199270950704,0.00719245912016715,8
MMRd,Myeloid-noDC-noGran,TAP1,"(-25,-20]","(2.92,3.65]",-22.5,3.2823438879145,8,0.00459579338027891,0.0044647807439958,0.00614033564851583,8
MMRd,Myeloid-ISG,TAP1,"(10,15]","(3.65,4.38]",12.5,4.01175364078438,5,0.00959324635456638,0.00673652694610779,0.0164439876670093,8
MMRd,Myeloid-noDC-noGran,TAP1,"(10,15]","(3.65,4.38]",12.5,4.01175364078438,7,0.00862068965517241,0.00497393942523952,0.00952339639727108,8
MMRd,Myeloid-noDC-noGran,TAP1,"(30,35]","(1.46,2.19]",32.5,1.82352438217472,5,0.0027643400138217,0.00261643118785976,0.00393581592491674,8
MMRd,Myeloid-ISG,TAP1,"(-5,0]","(0.729,1.46]",-2.5,1.09411462930483,4,0.00778009521116139,0.0057305674111319,0.00947380313595826,8
MMRd,Myeloid-noDC-noGran,TAP1,"(-5,0]","(0.729,1.46]",-2.5,1.09411462930483,6,0.00378854689021022,0.00306988573777121,0.00444251965553075,8
MMRd,Myeloid-noDC-noGran,TAP1,"(5,10]","(1.46,2.19]",7.5,1.82352438217472,7,0.00460732984293194,0.00341779957860815,0.00848177704363694,8
MMRd,Myeloid-ISG,TAP1,"(-25,-20]","(4.38,5.11]",-22.5,4.74116339365427,7,0.00977198697068404,0.00699191511914288,0.0114634639185674,8
MMRd,Myeloid-noDC-noGran,TAP1,"(-25,-20]","(4.38,5.11]",-22.5,4.74116339365427,7,0.00679925208227095,0.00557543352270815,0.0078675259478069,8
MMRd,Myeloid-ISG,TAP1,"(-5,0]","[0,0.729]",-2.5,0.364704876434944,8,0.00745401555338863,0.00604035286890931,0.0119264266970051,8
MMRd,Myeloid-noDC-noGran,TAP1,"(-5,0]","[0,0.729]",-2.5,0.364704876434944,8,0.00443074164656637,0.00281133142981013,0.00642287367863466,8
MMRd,Myeloid-ISG,TAP1,"(0,5]","(2.19,2.92]",2.5,2.55293413504461,7,0.0116715045960329,0.00763253346793921,0.0141706692525644,8
MMRd,Myeloid-noDC-noGran,TAP1,"(0,5]","(2.19,2.92]",2.5,2.55293413504461,8,0.00618181583165297,0.00472403897079654,0.00665721662823705,8
MMRd,Myeloid-ISG,TAP1,"(0,5]","(1.46,2.19]",2.5,1.82352438217472,5,0.00463821892393321,0.00413223140495868,0.0121244069583553,8
MMRd,Myeloid-noDC-noGran,TAP1,"(0,5]","(1.46,2.19]",2.5,1.82352438217472,7,0.00490196078431373,0.00323093807195718,0.00670642933385392,8
MMRd,Myeloid-ISG,TAP1,"(15,20]","(2.92,3.65]",17.5,3.2823438879145,5,0.00886262924667651,0.00836820083682008,0.0113924050632911,8
MMRd,Myeloid-noDC-noGran,TAP1,"(15,20]","(2.92,3.65]",17.5,3.2823438879145,8,0.0068815363151845,0.00545546853837009,0.0078209655588914,8
MMRd,Myeloid-noDC-noGran,TAP1,"(35,40]","(2.19,2.92]",37.5,2.55293413504461,7,0.00633713561470215,0.00469032449637683,0.00780085763814969,8
MMRd,Myeloid-ISG,TAP1,"(5,10]","(2.92,3.65]",7.5,3.2823438879145,6,0.0116096866096866,0.00866192630898513,0.0130268248631081,8
MMRd,Myeloid-noDC-noGran,TAP1,"(5,10]","(2.92,3.65]",7.5,3.2823438879145,8,0.0066435509787455,0.0053191917549674,0.00954235509655044,8
MMRd,Myeloid-ISG,TAP1,"(-15,-10]","(2.19,2.92]",-12.5,2.55293413504461,7,0.00769927536231884,0.00525746591776878,0.0115445678833144,8
MMRd,Myeloid-ISG,TAP1,"(-20,-15]","(2.92,3.65]",-17.5,3.2823438879145,7,0.00906453952139231,0.00643884069522591,0.0101487244795293,8
MMRd,Myeloid-noDC-noGran,TAP1,"(20,25]","[0,0.729]",22.5,0.364704876434944,5,0.00392156862745098,0.0035405192761605,0.0057929036929761,8
MMRd,Myeloid-noDC-noGran,TAP1,"(30,35]","(2.19,2.92]",32.5,2.55293413504461,7,0.00873069173942243,0.00631393615610903,0.010101905384231,8
MMRd,Myeloid-noDC-noGran,TAP1,"(20,25]","(2.19,2.92]",22.5,2.55293413504461,6,0.00543916913903286,0.0045708257824916,0.00668636260409177,8
MMRd,Myeloid-ISG,TAP1,"(-15,-10]","(1.46,2.19]",-12.5,1.82352438217472,6,0.00543320105820106,0.00452654625068418,0.0097825299524444,8
MMRd,Myeloid-noDC-noGran,TAP1,"(-15,-10]","(1.46,2.19]",-12.5,1.82352438217472,7,0.00407331975560081,0.00271643886602763,0.00518108469963223,8
MMRd,Myeloid-ISG,TAP1,"(-25,-20]","(3.65,4.38]",-22.5,4.01175364078438,6,0.008511586593129,0.00771018647796527,0.00947349234389204,8
MMRd,Myeloid-noDC-noGran,TAP1,"(-10,-5]","(0.729,1.46]",-7.5,1.09411462930483,6,0.00296103618425347,0.00178822634551162,0.00517276093143767,8
MMRd,Myeloid-noDC-noGran,TAP1,"(20,25]","(1.46,2.19]",22.5,1.82352438217472,5,0.00347021399652979,0.00248508946322068,0.00834797891036907,8
MMRd,Myeloid-ISG,TAP1,"(0,5]","[0,0.729]",2.5,0.364704876434944,5,0.00712589073634204,0.00549828178694158,0.00862688713156003,8
MMRd,Myeloid-noDC-noGran,TAP1,"(0,5]","[0,0.729]",2.5,0.364704876434944,8,0.00445200512290826,0.00347081018994121,0.00522883263756109,8
MMRd,Myeloid-noDC-noGran,TAP1,"(-70,-65]","(2.92,3.65]",-67.5,3.2823438879145,6,0.00476087727226906,0.00273774530149073,0.0060495701844583,8
MMRd,Myeloid-noDC-noGran,TAP1,"(15,20]","(3.65,4.38]",17.5,4.01175364078438,6,0.00914193850702032,0.00521154805712696,0.0139400606837285,8
MMRd,Myeloid-noDC-noGran,TAP1,"(10,15]","[0,0.729]",12.5,0.364704876434944,7,0.00618238021638331,0.00446128196676372,0.00786600021123695,8
MMRd,Myeloid-ISG,TAP1,"(-35,-30]","(2.92,3.65]",-32.5,3.2823438879145,5,0.0078740157480315,0.00780814277746793,0.0110578695171397,8
MMRd,Myeloid-noDC-noGran,TAP1,"(-35,-30]","(2.92,3.65]",-32.5,3.2823438879145,7,0.00498253250100223,0.00427448787719566,0.00611105608034704,8
MMRd,Myeloid-ISG,TAP1,"(5,10]","(2.19,2.92]",7.5,2.55293413504461,6,0.0123272335307411,0.00767669968771856,0.015096362374133,8
MMRd,Myeloid-noDC-noGran,TAP1,"(5,10]","(2.19,2.92]",7.5,2.55293413504461,8,0.0074374809967861,0.00561012315497549,0.00875747160596395,8
MMRd,Myeloid-noDC-noGran,TAP1,"(-35,-30]","(2.19,2.92]",-32.5,2.55293413504461,7,0.00374131480491716,0.00332909051778038,0.00548028885494296,8
MMRd,Myeloid-noDC-noGran,TAP1,"(25,30]","(2.92,3.65]",27.5,3.2823438879145,7,0.00557991231566361,0.005096002686569,0.00832141279261967,8
MMRd,Myeloid-noDC-noGran,TAP1,"(-35,-30]","[0,0.729]",-32.5,0.364704876434944,8,0.00393209701092222,0.00257478078326116,0.00470866086584433,8
MMRd,Myeloid-ISG,TAP1,"(-30,-25]","(3.65,4.38]",-27.5,4.01175364078438,6,0.00729992363651341,0.00662094315092435,0.00983275302362216,8
MMRd,Myeloid-noDC-noGran,TAP1,"(-50,-45]","(2.92,3.65]",-47.5,3.2823438879145,6,0.00493611836573215,0.00477412260606616,0.0050721327350495,8
MMRd,Myeloid-ISG,TAP1,"(-20,-15]","(2.19,2.92]",-17.5,2.55293413504461,7,0.00856164383561644,0.00492220484071692,0.00959119778261195,8
MMRd,Myeloid-ISG,TAP1,"(-15,-10]","(2.92,3.65]",-12.5,3.2823438879145,8,0.00839073689733255,0.00748684310717891,0.00929283551542112,8
MMRd,Myeloid-noDC-noGran,TAP1,"(-15,-10]","(2.92,3.65]",-12.5,3.2823438879145,8,0.00525854840467142,0.00479240473845865,0.00563824431968587,8
MMRd,Myeloid-noDC-noGran,TAP1,"(0,5]","(0.729,1.46]",2.5,1.09411462930483,4,0.00526286250908252,0.00381735134271439,0.00716375220475293,8
MMRd,Myeloid-ISG,TAP1,"(10,15]","(2.92,3.65]",12.5,3.2823438879145,6,0.0111188116957312,0.00737646622276279,0.0113146054453161,8
MMRd,Myeloid-noDC-noGran,TAP1,"(10,15]","(2.92,3.65]",12.5,3.2823438879145,7,0.00951938704434641,0.00543737829919496,0.0120579730711303,8
MMRd,Myeloid-noDC-noGran,TAP1,"(-75,-70]","[0,0.729]",-72.5,0.364704876434944,7,0.00341296928327645,0.00115462401889256,0.00640941696858586,8
MMRd,Myeloid-ISG,TAP1,"(-40,-35]","(3.65,4.38]",-37.5,4.01175364078438,5,0.00883559482486589,0.00808284920434453,0.011437908496732,8
MMRd,Myeloid-noDC-noGran,TAP1,"(-40,-35]","(3.65,4.38]",-37.5,4.01175364078438,7,0.00551960411115341,0.00491262209814771,0.00632854390953743,8
MMRd,Myeloid-noDC-noGran,TAP1,"(-45,-40]","(2.92,3.65]",-42.5,3.2823438879145,6,0.00490998723624808,0.00412300038844574,0.00543851268820307,8
MMRd,Myeloid-noDC-noGran,TAP1,"(15,20]","(2.19,2.92]",17.5,2.55293413504461,7,0.00497822028624767,0.00430303815577727,0.00740682615479557,8
MMRd,Myeloid-noDC-noGran,TAP1,"(45,50]","[0,0.729]",47.5,0.364704876434944,5,0.00324574961360124,0.00297619047619048,0.00344234079173838,8
MMRd,Myeloid-ISG,TAP1,"(-35,-30]","(2.19,2.92]",-32.5,2.55293413504461,4,0.00681365221723966,0.00494463461438722,0.00829489500842037,8
MMRd,Myeloid-ISG,TAP1,"(-40,-35]","(2.19,2.92]",-37.5,2.55293413504461,4,0.00609240423829462,0.00354168646580683,0.00795164576946377,8
MMRd,Myeloid-noDC-noGran,TAP1,"(-40,-35]","(2.19,2.92]",-37.5,2.55293413504461,7,0.00461573967228248,0.00377733159510786,0.00581688236925291,8
MMRd,Myeloid-noDC-noGran,TAP1,"(20,25]","(2.92,3.65]",22.5,3.2823438879145,5,0.00446502397883248,0.00443837487196996,0.00838497994896099,8
MMRd,Myeloid-ISG,TAP1,"(-35,-30]","[0,0.729]",-32.5,0.364704876434944,4,0.00745689311506779,0.00533249686323714,0.0080487887553105,8
MMRd,Myeloid-ISG,TAP1,"(-35,-30]","(4.38,5.11]",-32.5,4.74116339365427,6,0.00619982353609211,0.00460086266532892,0.00742035580222103,8
MMRd,Myeloid-ISG,TAP1,"(-50,-45]","(2.92,3.65]",-47.5,3.2823438879145,4,0.00813967929389203,0.0069664221952294,0.00888138509112159,8
MMRd,Myeloid-ISG,TAP1,"(-25,-20]","(2.19,2.92]",-22.5,2.55293413504461,6,0.00766519581996131,0.00573396451722961,0.0091930109027912,8
MMRd,Myeloid-noDC-noGran,TAP1,"(-25,-20]","(2.19,2.92]",-22.5,2.55293413504461,8,0.00404507809669893,0.00324357664501294,0.00511688653703531,8
MMRd,Myeloid-ISG,TAP1,"(-45,-40]","(3.65,4.38]",-42.5,4.01175364078438,4,0.00847787736036467,0.0078943871423601,0.00967718267526914,8
MMRd,Myeloid-noDC-noGran,TAP1,"(30,35]","(0.729,1.46]",32.5,1.09411462930483,4,0.00551758109697666,0.00329874388986799,0.00837304470297329,8
MMRd,Myeloid-ISG,TAP1,"(-10,-5]","[0,0.729]",-7.5,0.364704876434944,8,0.00428225675767508,0.00366575982922365,0.00904384641180416,8
MMRd,Myeloid-noDC-noGran,TAP1,"(-10,-5]","[0,0.729]",-7.5,0.364704876434944,8,0.0034424578177558,0.00246162477689738,0.0042046429071843,8
MMRd,Myeloid-ISG,TAP1,"(10,15]","(2.19,2.92]",12.5,2.55293413504461,4,0.0118881181778674,0.00577634686120735,0.0183455425531759,8
MMRd,Myeloid-noDC-noGran,TAP1,"(10,15]","(2.19,2.92]",12.5,2.55293413504461,7,0.0068407960199005,0.00550445157301414,0.00880332453962885,8
MMRd,Myeloid-noDC-noGran,TAP1,"(-35,-30]","(1.46,2.19]",-32.5,1.82352438217472,6,0.0047696018041141,0.00362489649158097,0.00630634794503587,8
MMRd,Myeloid-noDC-noGran,TAP1,"(50,55]","(1.46,2.19]",52.5,1.82352438217472,4,0.00688381636317004,0.00273577085754452,0.010670647680294,8
MMRd,Myeloid-noDC-noGran,TAP1,"(-75,-70]","(2.19,2.92]",-72.5,2.55293413504461,4,0.00431020671162402,0.00373840151314342,0.0051675843165548,8
MMRd,Myeloid-noDC-noGran,TAP1,"(-60,-55]","(4.38,5.11]",-57.5,4.74116339365427,7,0.00596125186289121,0.00296791140023266,0.00749568955865559,8
MMRd,Myeloid-ISG,TAP1,"(-45,-40]","(2.92,3.65]",-42.5,3.2823438879145,4,0.00799184041834731,0.00531761405383742,0.0108810067327122,8
MMRd,Myeloid-noDC-noGran,TAP1,"(50,55]","(2.19,2.92]",52.5,2.55293413504461,6,0.00562649502238191,0.00478651597386681,0.00703023752363551,8
MMRd,Myeloid-noDC-noGran,TAP1,"[-100,-95]","[0,0.729]",-97.5,0.364704876434944,7,0.00355555555555556,0.00240934531725864,0.00504032242118965,8
MMRd,Myeloid-noDC-noGran,TAP1,"(-50,-45]","(2.19,2.92]",-47.5,2.55293413504461,7,0.00351132098316988,0.00310116503226888,0.00553717392306349,8
MMRd,Myeloid-noDC-noGran,TAP1,"(-50,-45]","[0,0.729]",-47.5,0.364704876434944,8,0.0044382815256164,0.00298951187766562,0.00670169078015794,8
MMRd,Myeloid-noDC-noGran,TAP1,"(-85,-80]","(2.92,3.65]",-82.5,3.2823438879145,4,0.00500355886315829,0.00408867547916984,0.00561627572333067,8
MMRd,Myeloid-noDC-noGran,TAP1,"(-65,-60]","(2.19,2.92]",-62.5,2.55293413504461,5,0.00519120065789474,0.00399706338200506,0.00600400266844563,8
MMRd,Myeloid-noDC-noGran,TAP1,"(60,65]","[0,0.729]",62.5,0.364704876434944,6,0.00417376709297749,0.00195677381949365,0.00562437356949452,8
MMRd,Myeloid-ISG,TAP1,"(-15,-10]","[0,0.729]",-12.5,0.364704876434944,8,0.00418032554899796,0.00339399125366795,0.00767455401046593,8
MMRd,Myeloid-noDC-noGran,TAP1,"(-15,-10]","[0,0.729]",-12.5,0.364704876434944,8,0.00325743935138179,0.00277531363029261,0.0043015579749683,8
MMRd,Myeloid-noDC-noGran,TAP1,"(15,20]","[0,0.729]",17.5,0.364704876434944,5,0.00424005218525766,0.000971817298347911,0.00755531570426336,8
MMRd,Myeloid-noDC-noGran,TAP1,"(30,35]","(2.92,3.65]",32.5,3.2823438879145,6,0.00723710109260413,0.00532996590903322,0.013041613041613,8
MMRd,Myeloid-ISG,TAP1,"(5,10]","[0,0.729]",7.5,0.364704876434944,4,0.00963005172262646,0.00425613231920643,0.0152438880428752,8
MMRd,Myeloid-noDC-noGran,TAP1,"(5,10]","[0,0.729]",7.5,0.364704876434944,8,0.00524769848340821,0.00376806341829822,0.00826430731637066,8
MMRd,Myeloid-noDC-noGran,TAP1,"(10,15]","(1.46,2.19]",12.5,1.82352438217472,6,0.00385318546446172,0.0033040355961831,0.00548848691672491,8
MMRd,Myeloid-ISG,TAP1,"(-30,-25]","[0,0.729]",-27.5,0.364704876434944,4,0.00328671838013038,0.0020384377158236,0.00536290981931159,8
MMRd,Myeloid-ISG,TAP1,"(-40,-35]","(2.92,3.65]",-37.5,3.2823438879145,4,0.00813458680556573,0.00740813506160431,0.0095607895119539,8
MMRd,Myeloid-noDC-noGran,TAP1,"(-40,-35]","(2.92,3.65]",-37.5,3.2823438879145,7,0.00524766414949443,0.00428365674196874,0.0063093638842674,8
MMRd,Myeloid-ISG,TAP1,"(-25,-20]","(1.46,2.19]",-22.5,1.82352438217472,4,0.00575821871299828,0.00512287260542556,0.00665177855179874,8
MMRd,Myeloid-noDC-noGran,TAP1,"(-25,-20]","(1.46,2.19]",-22.5,1.82352438217472,7,0.00374854052725373,0.00318850796307522,0.00461001869075495,8
MMRd,Myeloid-noDC-noGran,TAP1,"(85,90]","[0,0.729]",87.5,0.364704876434944,4,0.00496849684968497,0.00297357814599194,0.00789806137974203,8
MMRd,Myeloid-noDC-noGran,TAP1,"(15,20]","(1.46,2.19]",17.5,1.82352438217472,5,0.00407955124936257,0.00367647058823529,0.00566487775790101,8
MMRd,Myeloid-noDC-noGran,TAP1,"(65,70]","[0,0.729]",67.5,0.364704876434944,5,0.00294117647058824,0.00224550898203593,0.00455580865603645,8
MMRd,Myeloid-ISG,TAP1,"(-25,-20]","[0,0.729]",-22.5,0.364704876434944,7,0.00578661844484629,0.0048977548977549,0.00697223319803154,8
MMRd,Myeloid-noDC-noGran,TAP1,"(-25,-20]","[0,0.729]",-22.5,0.364704876434944,8,0.00336162943543624,0.00277769412331588,0.00470271981969506,8
MMRd,Myeloid-noDC-noGran,TAP1,"(25,30]","(2.19,2.92]",27.5,2.55293413504461,6,0.00559833497923525,0.00475210555207088,0.00641251023298337,8
MMRd,Myeloid-ISG,TAP1,"(-20,-15]","(1.46,2.19]",-17.5,1.82352438217472,4,0.00576952332072781,0.0032419138470711,0.00844063492944458,8
MMRd,Myeloid-noDC-noGran,TAP1,"(35,40]","[0,0.729]",37.5,0.364704876434944,5,0.00209643605870021,0.00176600441501104,0.00572860723236663,8
MMRd,Myeloid-noDC-noGran,TAP1,"(-55,-50]","(2.92,3.65]",-52.5,3.2823438879145,6,0.00407701035395001,0.00331921356481019,0.00480207829138432,8
MMRd,Myeloid-noDC-noGran,TAP1,"(-65,-60]","(2.92,3.65]",-62.5,3.2823438879145,5,0.00610432852386238,0.00428839453229697,0.00640134765213729,8
MMRd,Myeloid-noDC-noGran,TAP1,"(-70,-65]","(2.19,2.92]",-67.5,2.55293413504461,5,0.00501504513540622,0.00370134014039566,0.00605569072722357,8
MMRd,Myeloid-noDC-noGran,TAP1,"(75,80]","[0,0.729]",77.5,0.364704876434944,4,0.00587833604657906,0.00418121506031174,0.00724001182103667,8
MMRd,Myeloid-noDC-noGran,TAP1,"(-75,-70]","(3.65,4.38]",-72.5,4.01175364078438,4,0.0045186678770338,0.0027764134406979,0.00680813648096007,8
MMRd,Myeloid-noDC-noGran,TAP1,"(-65,-60]","[0,0.729]",-62.5,0.364704876434944,8,0.00421297229955573,0.0016564104500151,0.00662127463893415,8
MMRd,Myeloid-noDC-noGran,TAP1,"(-70,-65]","(3.65,4.38]",-67.5,4.01175364078438,5,0.00638977635782748,0.00459921156373193,0.00847041492757181,8
MMRd,Myeloid-noDC-noGran,TAP1,"(25,30]","[0,0.729]",27.5,0.364704876434944,5,0.00387747188832881,0.00198150594451783,0.00539447066756575,8
MMRd,Myeloid-ISG,TAP1,"(-40,-35]","[0,0.729]",-37.5,0.364704876434944,4,0.00766616918074729,0.0041436693505567,0.0106124561962408,8
MMRd,Myeloid-noDC-noGran,TAP1,"(-40,-35]","[0,0.729]",-37.5,0.364704876434944,8,0.00402397564828649,0.00299072758268986,0.00630931170736914,8
MMRd,Myeloid-noDC-noGran,TAP1,"(-55,-50]","(2.19,2.92]",-52.5,2.55293413504461,6,0.00321715020395288,0.00252133096539716,0.00405536699704221,8
MMRd,Myeloid-noDC-noGran,TAP1,"(40,45]","[0,0.729]",42.5,0.364704876434944,6,0.00468030697464348,0.00328353672126701,0.00640813074121001,8
MMRd,Myeloid-noDC-noGran,TAP1,"(65,70]","(2.19,2.92]",67.5,2.55293413504461,4,0.00577170358940446,0.00365266338440774,0.00830151567742682,8
MMRd,Myeloid-noDC-noGran,TAP1,"(-30,-25]","(1.46,2.19]",-27.5,1.82352438217472,5,0.00415183867141162,0.00382564340366334,0.00482363581549593,8
MMRd,Myeloid-ISG,TAP1,"(-30,-25]","(2.19,2.92]",-27.5,2.55293413504461,4,0.00853751039241081,0.00743374272786038,0.00875346336536471,8
MMRd,Myeloid-noDC-noGran,TAP1,"(-30,-25]","(2.19,2.92]",-27.5,2.55293413504461,8,0.00412021662958031,0.00327539586365277,0.00480604127798273,8
MMRd,Myeloid-noDC-noGran,TAP1,"(35,40]","(1.46,2.19]",37.5,1.82352438217472,5,0.00602107375815354,0.004,0.00707213578500707,8
MMRd,Myeloid-noDC-noGran,TAP1,"(40,45]","(2.19,2.92]",42.5,2.55293413504461,7,0.00476474091721263,0.00392618133219394,0.00777383477456899,8
MMRd,Myeloid-noDC-noGran,TAP1,"(-70,-65]","[0,0.729]",-67.5,0.364704876434944,8,0.00338304474350543,0.00258420096132615,0.00434214545647728,8
MMRd,Myeloid-noDC-noGran,TAP1,"(25,30]","(1.46,2.19]",27.5,1.82352438217472,5,0.00465116279069768,0.00229160698940132,0.00505305709954523,8
MMRd,Myeloid-noDC-noGran,TAP1,"(40,45]","(1.46,2.19]",42.5,1.82352438217472,5,0.00393056010481494,0.00380228136882129,0.0057929036929761,8
MMRd,Myeloid-ISG,TAP1,"(-20,-15]","[0,0.729]",-17.5,0.364704876434944,6,0.00657446236717537,0.00295548276485844,0.0103255507118808,8
MMRd,Myeloid-noDC-noGran,TAP1,"(-20,-15]","[0,0.729]",-17.5,0.364704876434944,8,0.0029042079310973,0.00187522726092151,0.00565842781803806,8
MMRd,Myeloid-noDC-noGran,TAP1,"(55,60]","(2.19,2.92]",57.5,2.55293413504461,5,0.0066334991708126,0.00581039755351682,0.00878734622144113,8
MMRd,Myeloid-noDC-noGran,TAP1,"(-60,-55]","(2.19,2.92]",-57.5,2.55293413504461,5,0.00403164460672448,0.00390977443609023,0.00555795714197493,8
MMRd,Myeloid-noDC-noGran,TAP1,"(55,60]","(1.46,2.19]",57.5,1.82352438217472,4,0.00758060235600301,0.00348274113323452,0.0115284136146497,8
MMRd,Myeloid-noDC-noGran,TAP1,"(-65,-60]","(4.38,5.11]",-62.5,4.74116339365427,4,0.00782719500032817,0.00708737070199109,0.0102046941902004,8
MMRd,Myeloid-noDC-noGran,TAP1,"(50,55]","[0,0.729]",52.5,0.364704876434944,7,0.0032017075773746,0.002095478523534,0.00594436864975958,8
MMRd,Myeloid-noDC-noGran,TAP1,"(30,35]","[0,0.729]",32.5,0.364704876434944,5,0.00297619047619048,0.00206611570247934,0.00415896487985213,8
MMRd,Myeloid-ISG,TAP1,"(-45,-40]","[0,0.729]",-42.5,0.364704876434944,4,0.00518190728782288,0.0029296875,0.00735321359237689,8
MMRd,Myeloid-noDC-noGran,TAP1,"(-45,-40]","[0,0.729]",-42.5,0.364704876434944,7,0.00298634812286689,0.00252595285033734,0.00440970286203033,8
MMRd,Myeloid-noDC-noGran,TAP1,"(-40,-35]","(1.46,2.19]",-37.5,1.82352438217472,6,0.00532264814488536,0.00327481264986353,0.007054740872895,8
MMRd,Myeloid-noDC-noGran,TAP1,"(40,45]","(2.92,3.65]",42.5,3.2823438879145,7,0.0046801872074883,0.00282905492596209,0.00787092572917024,8
MMRd,Myeloid-ISG,TAP1,"(15,20]","(3.65,4.38]",17.5,4.01175364078438,4,0.0126977883681612,0.0103861965372757,0.0159890147263885,8
MMRd,Myeloid-noDC-noGran,TAP1,"(-60,-55]","(3.65,4.38]",-57.5,4.01175364078438,5,0.0050682261208577,0.0044004400440044,0.00599600266489007,8
MMRd,Myeloid-ISG,TAP1,"(-45,-40]","(4.38,5.11]",-42.5,4.74116339365427,4,0.00972055738687444,0.0082468495181616,0.0111122383906313,8
MMRd,Myeloid-noDC-noGran,TAP1,"(-60,-55]","(2.92,3.65]",-57.5,3.2823438879145,6,0.0047886552360449,0.0041252025851846,0.00552007430856679,8
MMRd,Myeloid-noDC-noGran,TAP1,"(-45,-40]","(2.19,2.92]",-42.5,2.55293413504461,6,0.0043444569108699,0.0028197453317794,0.00475561223210947,8
MMRd,Myeloid-noDC-noGran,TAP1,"(45,50]","(1.46,2.19]",47.5,1.82352438217472,4,0.0043202892704627,0.0027694727870515,0.00587584073279294,8
MMRd,Myeloid-noDC-noGran,TAP1,"(-55,-50]","(4.38,5.11]",-52.5,4.74116339365427,7,0.00650118203309693,0.00362861570247934,0.00735798626838095,8
MMRd,Myeloid-noDC-noGran,TAP1,"(-80,-75]","[0,0.729]",-77.5,0.364704876434944,8,0.00366449773197424,0.00302635438525238,0.00534200954169512,8
MMRd,Myeloid-noDC-noGran,TAP1,"(-75,-70]","(2.92,3.65]",-72.5,3.2823438879145,5,0.00540874671611807,0.00458015267175573,0.0069025815655055,8
MMRd,Myeloid-noDC-noGran,TAP1,"(-90,-85]","[0,0.729]",-87.5,0.364704876434944,8,0.00357268263027425,0.00225614800330902,0.00480888566705968,8
MMRd,Myeloid-noDC-noGran,TAP1,"(-85,-80]","(2.19,2.92]",-82.5,2.55293413504461,4,0.00248026534907756,0.00181295234218105,0.00394355926806791,8
MMRd,Myeloid-noDC-noGran,TAP1,"(-90,-85]","(2.19,2.92]",-87.5,2.55293413504461,4,0.00407272397914446,0.00373986559763057,0.00452083623252455,8
MMRd,Myeloid-noDC-noGran,TAP1,"(80,85]","[0,0.729]",82.5,0.364704876434944,4,0.00287560273078821,0.00112191473448018,0.00481697700799602,8
MMRd,Myeloid-noDC-noGran,TAP1,"(-85,-80]","[0,0.729]",-82.5,0.364704876434944,8,0.00468735672769126,0.00379783331663169,0.00524285677845354,8
MMRd,Myeloid-noDC-noGran,TAP1,"(-80,-75]","(2.92,3.65]",-77.5,3.2823438879145,4,0.00453593214329411,0.00383377105075218,0.00531588164960501,8
MMRd,Myeloid-noDC-noGran,TAP1,"(60,65]","(2.92,3.65]",62.5,3.2823438879145,4,0.00706519454011016,0.00588930907094004,0.00817117570663515,8
MMRd,Myeloid-noDC-noGran,TAP1,"(60,65]","(2.19,2.92]",62.5,2.55293413504461,4,0.00891129847255508,0.00445493995101155,0.0132772138131061,8
MMRd,Myeloid-noDC-noGran,TAP1,"(70,75]","[0,0.729]",72.5,0.364704876434944,5,0.00482218203737191,0.0030060120240481,0.00596421471172962,8
MMRd,Myeloid-noDC-noGran,TAP1,"(70,75]","(2.19,2.92]",72.5,2.55293413504461,4,0.00367493982717429,0.00326346418552785,0.00463834102973545,8
MMRd,Myeloid-noDC-noGran,TAP1,"(90,95]","[0,0.729]",92.5,0.364704876434944,4,0.00445708700277446,0.00368943828603867,0.00468041283820165,8
MMRd,Myeloid-noDC-noGran,TAP1,"(45,50]","(2.19,2.92]",47.5,2.55293413504461,5,0.00699300699300699,0.0036101083032491,0.00790513833992095,8
MMRd,Myeloid-noDC-noGran,TAP1,"(-60,-55]","[0,0.729]",-57.5,0.364704876434944,8,0.00472894474788014,0.00339852796270801,0.00569347699275984,8
MMRd,Myeloid-noDC-noGran,TAP1,"(55,60]","(2.92,3.65]",57.5,3.2823438879145,5,0.00732844770153231,0.00523560209424084,0.0109529025191676,8
MMRd,Myeloid-noDC-noGran,TAP1,"(-80,-75]","(2.19,2.92]",-77.5,2.55293413504461,4,0.00515495990222641,0.0045182230341669,0.00539462066769433,8
MMRd,Myeloid-noDC-noGran,TAP1,"(20,25]","(0.729,1.46]",22.5,1.09411462930483,4,0.00385634383279364,0.00168748582785344,0.00593444203128432,8
MMRd,Myeloid-noDC-noGran,TAP1,"(55,60]","[0,0.729]",57.5,0.364704876434944,5,0.00309597523219814,0.0020432487655372,0.00646273158121499,8
MMRd,Myeloid-noDC-noGran,TAP1,"(-15,-10]","(0.729,1.46]",-12.5,1.09411462930483,4,0.003998730636884,0.00339347790406934,0.00414768158670598,8
MMRd,Myeloid-noDC-noGran,TAP1,"(-45,-40]","(1.46,2.19]",-42.5,1.82352438217472,4,0.00430600675892225,0.00311119030089151,0.00549603515497335,8
MMRd,Myeloid-noDC-noGran,TAP1,"(-50,-45]","(1.46,2.19]",-47.5,1.82352438217472,4,0.00417240992618694,0.00259405392099272,0.00528539704195033,8
MMRd,Tcd4-CXCL13,TAP1,"(-5,0]","(3.65,4.38]",-2.5,4.01175364078438,7,0.00826067003212483,0.00658195507185421,0.0129089243145446,8
MMRd,Tcd4-CXCL13,TAP1,"(-10,-5]","(2.92,3.65]",-7.5,3.2823438879145,7,0.00738396624472574,0.00639555431642256,0.0128000675979505,8
MMRd,Tcd4-CXCL13,TAP1,"(0,5]","(2.19,2.92]",2.5,2.55293413504461,5,0.0070298769771529,0.00537634408602151,0.0188976377952756,8
MMRd,Tcd4-CXCL13,TAP1,"(-10,-5]","(1.46,2.19]",-7.5,1.82352438217472,4,0.012677229198168,0.0123905982694072,0.0138191696686943,8
MMRd,Tcd4-CXCL13,TAP1,"(-5,0]","(2.19,2.92]",-2.5,2.55293413504461,6,0.00937900248709555,0.00862450911622321,0.0147511670634995,8
MMRd,Tcd4-CXCL13,TAP1,"(-5,0]","(1.46,2.19]",-2.5,1.82352438217472,6,0.0107765646847447,0.00705493152792737,0.0112525211963019,8
MMRd,Tcd4-CXCL13,TAP1,"(-10,-5]","(2.19,2.92]",-7.5,2.55293413504461,6,0.00999866758455286,0.00900808014796156,0.0137367027347852,8
MMRd,Tcd4-CXCL13,TAP1,"(-15,-10]","(2.92,3.65]",-12.5,3.2823438879145,6,0.00677298311444653,0.00519475791772843,0.0135168065115812,8
MMRd,Tcd4-CXCL13,TAP1,"(-15,-10]","(3.65,4.38]",-12.5,4.01175364078438,4,0.0138992851941608,0.00840050821832567,0.019175019226448,8
MMRd,Tcd4-CXCL13,TAP1,"(0,5]","(2.92,3.65]",2.5,3.2823438879145,6,0.0132509695727034,0.00816386265875945,0.0146808984792675,8
MMRd,Tcd4-CXCL13,TAP1,"(-5,0]","(2.92,3.65]",-2.5,3.2823438879145,6,0.0074718113534879,0.00683666007731515,0.0145857256962231,8
MMRd,Tcd4-CXCL13,TAP1,"(-5,0]","[0,0.729]",-2.5,0.364704876434944,4,0.0118727318233012,0.0111784598346715,0.0132654291224687,8
MMRd,Tcd4-CXCL13,TAP1,"(0,5]","(1.46,2.19]",2.5,1.82352438217472,4,0.0142476902566589,0.007131780753828,0.0202445920410638,8
MMRd,Tcd4-CXCL13,TAP1,"(-10,-5]","(3.65,4.38]",-7.5,4.01175364078438,4,0.0138591694074197,0.0121584648502975,0.0163871697956471,8
MMRd,Tcd4-Treg-comb,TAP1,"(-10,-5]","(3.65,4.38]",-7.5,4.01175364078438,8,0.00849183806412676,0.00760203736865223,0.0136538274616784,8
MMRd,Tcd4-Treg-comb,TAP1,"(-5,0]","(4.38,5.11]",-2.5,4.74116339365427,4,0.0109268700156643,0.00963151414434383,0.0123727547340067,8
MMRd,Tcd4-Treg-comb,TAP1,"(-10,-5]","(2.92,3.65]",-7.5,3.2823438879145,8,0.0104791358522702,0.00829593162981813,0.0137772507273755,8
MMRd,Tcd4-Treg-comb,TAP1,"(-5,0]","(2.92,3.65]",-2.5,3.2823438879145,8,0.00826170733291476,0.00753168418172359,0.0116630523071812,8
MMRd,Tcd4-Treg-comb,TAP1,"(-5,0]","(3.65,4.38]",-2.5,4.01175364078438,7,0.00847846012832264,0.00709557498170564,0.01292248905252,8
MMRd,Tcd4-Treg-comb,TAP1,"(-10,-5]","(4.38,5.11]",-7.5,4.74116339365427,5,0.00997899159663866,0.00874316939890711,0.0109223300970874,8
MMRd,Tcd4-Treg-comb,TAP1,"(0,5]","(2.92,3.65]",2.5,3.2823438879145,6,0.0107396961236763,0.00803088450590334,0.0138350523253617,8
MMRd,Tcd4-Treg-comb,TAP1,"(-15,-10]","(1.46,2.19]",-12.5,1.82352438217472,4,0.0113336766311201,0.00883302055810442,0.0126570096659827,8
MMRd,Tcd4-Treg-comb,TAP1,"(-10,-5]","[0,0.729]",-7.5,0.364704876434944,6,0.00982735088642242,0.00760416324654431,0.0133036395268266,8
MMRd,Tcd4-Treg-comb,TAP1,"(-5,0]","(2.19,2.92]",-2.5,2.55293413504461,7,0.0100344036697248,0.00934363089806216,0.0128136019201528,8
MMRd,Tcd4-Treg-comb,TAP1,"(-15,-10]","(2.19,2.92]",-12.5,2.55293413504461,7,0.00961538461538462,0.00643166357452072,0.0122443087088668,8
MMRd,Tcd4-Treg-comb,TAP1,"(0,5]","(3.65,4.38]",2.5,4.01175364078438,4,0.00953253669443235,0.00832129088327582,0.0111718359091454,8
MMRd,Tcd4-Treg-comb,TAP1,"(-15,-10]","(3.65,4.38]",-12.5,4.01175364078438,7,0.011119936457506,0.00729531158350357,0.0134107789662276,8
MMRd,Tcd4-Treg-comb,TAP1,"(-5,0]","(1.46,2.19]",-2.5,1.82352438217472,7,0.00590841949778434,0.00556336095242997,0.00894085015130781,8
MMRd,Tcd4-Treg-comb,TAP1,"(0,5]","(2.19,2.92]",2.5,2.55293413504461,6,0.0106278945871833,0.00618285821733773,0.0159022020415009,8
MMRd,Tcd4-Treg-comb,TAP1,"(-5,0]","[0,0.729]",-2.5,0.364704876434944,5,0.00936329588014981,0.00839748075577327,0.00988142292490119,8
MMRd,Tcd4-Treg-comb,TAP1,"(-25,-20]","(2.19,2.92]",-22.5,2.55293413504461,5,0.013828867761452,0.0102827763496144,0.014460511679644,8
MMRd,Tcd4-Treg-comb,TAP1,"(-20,-15]","(2.92,3.65]",-17.5,3.2823438879145,7,0.00884955752212389,0.00733736276531815,0.0120471785793317,8
MMRd,Tcd4-Treg-comb,TAP1,"(-10,-5]","(2.19,2.92]",-7.5,2.55293413504461,7,0.00871898054996647,0.00643889864385251,0.0124056637856073,8
MMRd,Tcd4-Treg-comb,TAP1,"(-20,-15]","(2.19,2.92]",-17.5,2.55293413504461,6,0.00799784573732551,0.00555592432791238,0.0125655292940657,8
MMRd,Tcd4-Treg-comb,TAP1,"(-15,-10]","(2.92,3.65]",-12.5,3.2823438879145,7,0.0117145899893504,0.00685352573398597,0.0146523827141512,8
MMRd,Tcd4-Treg-comb,TAP1,"(-15,-10]","[0,0.729]",-12.5,0.364704876434944,5,0.0132275132275132,0.00835282325425994,0.0152380952380952,8
MMRd,Tcd4-Treg-comb,TAP1,"(-20,-15]","(3.65,4.38]",-17.5,4.01175364078438,6,0.0113179967712003,0.00808950206770454,0.0124215444654287,8
MMRd,Tcd4-Treg-comb,TAP1,"(5,10]","(2.19,2.92]",7.5,2.55293413504461,6,0.0128861985114776,0.0119332364881989,0.0149379813607024,8
MMRd,Tcd4-Treg-comb,TAP1,"(5,10]","(2.92,3.65]",7.5,3.2823438879145,5,0.00958083832335329,0.00913461538461539,0.0156794425087108,8
MMRd,Tcd4-Treg-comb,TAP1,"(-10,-5]","(1.46,2.19]",-7.5,1.82352438217472,7,0.0115606936416185,0.00695054986191952,0.0117536154850118,8
MMRd,Tcd4-Treg-comb,TAP1,"(0,5]","(1.46,2.19]",2.5,1.82352438217472,5,0.00803212851405622,0.00728155339805825,0.011605415860735,8
MMRd,Tcd4-Treg-comb,TAP1,"(-30,-25]","(2.92,3.65]",-27.5,3.2823438879145,4,0.00930275085556049,0.00569614033363634,0.0131439947966128,8
MMRd,Tcd4-Treg-comb,TAP1,"(-25,-20]","(2.92,3.65]",-22.5,3.2823438879145,5,0.00966542750929368,0.00788177339901478,0.0110132158590308,8
MMRd,Tcd4-Treg-comb,TAP1,"(-25,-20]","(3.65,4.38]",-22.5,4.01175364078438,4,0.0119933992998152,0.010284241901889,0.0150728843185123,8
MMRd,Tcd4-Treg-comb,TAP1,"(-35,-30]","(2.92,3.65]",-32.5,3.2823438879145,5,0.0145278450363196,0.0140909090909091,0.0146198830409357,8
MMRd,Tcd8-CXCL13-comb,TAP1,"(0,5]","(3.65,4.38]",2.5,4.01175364078438,7,0.0115498254096159,0.00789481234719657,0.0180952080008848,8
MMRd,CD8-all,TAP1,"(0,5]","(3.65,4.38]",2.5,4.01175364078438,7,0.0123746020303959,0.00796953866393532,0.0166171211567631,8
MMRd,Tcd8-CXCL13-comb,TAP1,"(-5,0]","(2.92,3.65]",-2.5,3.2823438879145,7,0.00727542687453601,0.00647986999697582,0.0132107437650952,8
MMRd,CD8-all,TAP1,"(-5,0]","(2.92,3.65]",-2.5,3.2823438879145,8,0.00950680461895728,0.00729344443140123,0.0131634331588042,8
MMRd,Tcd8-CXCL13-comb,TAP1,"(-5,0]","(4.38,5.11]",-2.5,4.74116339365427,4,0.0111610649197803,0.00816395081938731,0.0142817691174306,8
MMRd,CD8-all,TAP1,"(-5,0]","(4.38,5.11]",-2.5,4.74116339365427,7,0.0101892285298399,0.00857694338364595,0.0148030248503751,8
MMRd,Tcd8-CXCL13-comb,TAP1,"(-5,0]","(3.65,4.38]",-2.5,4.01175364078438,7,0.0138648180242634,0.00985071734193382,0.0142989111893889,8
MMRd,CD8-all,TAP1,"(-5,0]","(3.65,4.38]",-2.5,4.01175364078438,8,0.0112916241930003,0.0102277003518394,0.0127860537530317,8
MMRd,Tcd8-CXCL13-comb,TAP1,"(-10,-5]","(3.65,4.38]",-7.5,4.01175364078438,6,0.00947997232766099,0.00788300378899532,0.0112775102828515,8
MMRd,CD8-all,TAP1,"(-10,-5]","(3.65,4.38]",-7.5,4.01175364078438,8,0.0105360081642527,0.00834124331247218,0.0129922970087431,8
MMRd,CD8-all,TAP1,"(10,15]","(3.65,4.38]",12.5,4.01175364078438,4,0.015796910679575,0.0124397555000339,0.0177622253720765,8
MMRd,CD8-all,TAP1,"(-10,-5]","(4.38,5.11]",-7.5,4.74116339365427,4,0.0119122934265115,0.00934265085132665,0.015253135580658,8
MMRd,CD8-all,TAP1,"(5,10]","(3.65,4.38]",7.5,4.01175364078438,7,0.0168993387215283,0.0117761828369279,0.0192418981481481,8
MMRd,CD8-all,TAP1,"(5,10]","(2.92,3.65]",7.5,3.2823438879145,7,0.0087248322147651,0.00721627425357451,0.012505279273572,8
MMRd,CD8-all,TAP1,"(25,30]","(1.46,2.19]",27.5,1.82352438217472,5,0.0118577075098814,0.00955734406438632,0.0148514851485149,8
MMRd,Tcd8-CXCL13-comb,TAP1,"(-10,-5]","(2.19,2.92]",-7.5,2.55293413504461,6,0.0105149455356377,0.0086459436117457,0.013119271076743,8
MMRd,CD8-all,TAP1,"(-10,-5]","(2.19,2.92]",-7.5,2.55293413504461,7,0.0108790252393386,0.00860361354468473,0.0131000900030852,8
MMRd,CD8-all,TAP1,"(-10,-5]","[0,0.729]",-7.5,0.364704876434944,6,0.0103733709052483,0.00694194241519683,0.0130308625692429,8
MMRd,CD8-all,TAP1,"(15,20]","(2.92,3.65]",17.5,3.2823438879145,7,0.0144385026737968,0.00992406574899393,0.0167457207983409,8
MMRd,Tcd8-CXCL13-comb,TAP1,"(-5,0]","[0,0.729]",-2.5,0.364704876434944,4,0.00998660512425247,0.00872295158958938,0.0106219013237064,8
MMRd,CD8-all,TAP1,"(-5,0]","[0,0.729]",-2.5,0.364704876434944,5,0.00767656090071648,0.00767597582884207,0.0121716848174247,8
MMRd,Tcd8-CXCL13-comb,TAP1,"(-5,0]","(1.46,2.19]",-2.5,1.82352438217472,6,0.00661836981751586,0.00584837370130395,0.00906205380308435,8
MMRd,CD8-all,TAP1,"(-5,0]","(1.46,2.19]",-2.5,1.82352438217472,6,0.00890969963422335,0.00681291985873327,0.0102494677404425,8
MMRd,Tcd8-CXCL13-comb,TAP1,"(-10,-5]","(2.92,3.65]",-7.5,3.2823438879145,6,0.00891144009715022,0.00644664490813116,0.0130570840429181,8
MMRd,CD8-all,TAP1,"(-10,-5]","(2.92,3.65]",-7.5,3.2823438879145,7,0.0092965602726991,0.00759836801475304,0.014134236122921,8
MMRd,Tcd8-CXCL13-comb,TAP1,"(-5,0]","(2.19,2.92]",-2.5,2.55293413504461,6,0.0105761804016388,0.00838539363113667,0.0126713319590612,8
MMRd,CD8-all,TAP1,"(-5,0]","(2.19,2.92]",-2.5,2.55293413504461,7,0.00853644838818376,0.00787692362945216,0.0123858198229171,8
MMRd,Tcd8-CXCL13-comb,TAP1,"(0,5]","(1.46,2.19]",2.5,1.82352438217472,5,0.0107317073170732,0.00574712643678161,0.0147904683648316,8
MMRd,CD8-all,TAP1,"(0,5]","(1.46,2.19]",2.5,1.82352438217472,6,0.00824199663578351,0.00546417828541773,0.0114487832313312,8
MMRd,Tcd8-CXCL13-comb,TAP1,"(15,20]","(2.19,2.92]",17.5,2.55293413504461,5,0.0125223613595707,0.0103092783505155,0.0210234034113447,8
MMRd,CD8-all,TAP1,"(15,20]","(2.19,2.92]",17.5,2.55293413504461,6,0.0127857995629942,0.00938320959451742,0.0160066750435063,8
MMRd,CD8-all,TAP1,"(15,20]","[0,0.729]",17.5,0.364704876434944,4,0.00599902347758643,0.00489331859656289,0.00802705101567386,8
MMRd,Tcd8-CXCL13-comb,TAP1,"(-10,-5]","(1.46,2.19]",-7.5,1.82352438217472,4,0.00729133551423913,0.00584236420450768,0.0109567857519938,8
MMRd,CD8-all,TAP1,"(-10,-5]","(1.46,2.19]",-7.5,1.82352438217472,7,0.00858369098712446,0.00688984025360517,0.013457610485275,8
MMRd,CD8-all,TAP1,"(15,20]","(1.46,2.19]",17.5,1.82352438217472,5,0.00831792975970425,0.00772200772200772,0.0121244069583553,8
MMRd,CD8-all,TAP1,"(30,35]","(2.19,2.92]",32.5,2.55293413504461,5,0.0123304562268804,0.00902708124373119,0.0156521739130435,8
MMRd,Tcd8-CXCL13-comb,TAP1,"(20,25]","(2.19,2.92]",22.5,2.55293413504461,5,0.0132669983416252,0.00729517396184063,0.0188284518828452,8
MMRd,CD8-all,TAP1,"(20,25]","(2.19,2.92]",22.5,2.55293413504461,5,0.00994575045207957,0.00992063492063492,0.013265306122449,8
MMRd,Tcd8-CXCL13-comb,TAP1,"(5,10]","(2.19,2.92]",7.5,2.55293413504461,5,0.00857908847184987,0.00749063670411985,0.0160377358490566,8
MMRd,CD8-all,TAP1,"(5,10]","(2.19,2.92]",7.5,2.55293413504461,6,0.0106409191757783,0.00886786901387526,0.0135996878241492,8
MMRd,CD8-all,TAP1,"(-15,-10]","(2.92,3.65]",-12.5,3.2823438879145,7,0.0088126159554731,0.00733407561601394,0.0126369569591056,8
MMRd,Tcd8-CXCL13-comb,TAP1,"(20,25]","(1.46,2.19]",22.5,1.82352438217472,5,0.0097879282218597,0.00594059405940594,0.0178940123881624,8
MMRd,CD8-all,TAP1,"(20,25]","(1.46,2.19]",22.5,1.82352438217472,5,0.011304347826087,0.00553359683794466,0.0191176470588235,8
MMRd,Tcd8-CXCL13-comb,TAP1,"(0,5]","(2.19,2.92]",2.5,2.55293413504461,6,0.0128433102960518,0.0111515825399496,0.017392755674527,8
MMRd,CD8-all,TAP1,"(0,5]","(2.19,2.92]",2.5,2.55293413504461,7,0.00973418195432422,0.00895261288060357,0.013474504151374,8
MMRd,Tcd8-CXCL13-comb,TAP1,"(0,5]","(2.92,3.65]",2.5,3.2823438879145,6,0.0120369979994501,0.00723916058280564,0.0164082207366396,8
MMRd,CD8-all,TAP1,"(0,5]","(2.92,3.65]",2.5,3.2823438879145,7,0.00984251968503937,0.00837982215981533,0.0133334625675345,8
MMRd,Tcd8-CXCL13-comb,TAP1,"(5,10]","(1.46,2.19]",7.5,1.82352438217472,5,0.0127226463104326,0.00646725949878739,0.0144508670520231,8
MMRd,CD8-all,TAP1,"(5,10]","(1.46,2.19]",7.5,1.82352438217472,5,0.0107166778298727,0.00659703133589885,0.0169117647058824,8
MMRd,Tcd8-CXCL13-comb,TAP1,"(10,15]","(2.92,3.65]",12.5,3.2823438879145,4,0.0183668988016814,0.0146943187050403,0.02129802185856,8
MMRd,CD8-all,TAP1,"(10,15]","(2.92,3.65]",12.5,3.2823438879145,6,0.0143914473684211,0.00964306484443152,0.0159581659456119,8
MMRd,Tcd8-CXCL13-comb,TAP1,"(5,10]","(2.92,3.65]",7.5,3.2823438879145,6,0.00938170098841562,0.00865640532307199,0.0155427986103856,8
MMRd,CD8-all,TAP1,"(10,15]","(2.19,2.92]",12.5,2.55293413504461,6,0.0102046024153284,0.00800508547687697,0.015761613799184,8
MMRd,CD8-all,TAP1,"(30,35]","(1.46,2.19]",32.5,1.82352438217472,5,0.0101925254813137,0.00668647845468053,0.015016424213984,8
MMRd,CD8-all,TAP1,"(25,30]","(2.19,2.92]",27.5,2.55293413504461,4,0.00581557674202171,0.0045036005194192,0.00894760544418835,8
MMRd,CD8-all,TAP1,"(35,40]","(2.19,2.92]",37.5,2.55293413504461,4,0.0123070512882627,0.00722404903990582,0.0182626716833379,8
MMRd,Tcd8-CXCL13-comb,TAP1,"(10,15]","(1.46,2.19]",12.5,1.82352438217472,5,0.0101522842639594,0.0061652281134402,0.0143737166324435,8
MMRd,CD8-all,TAP1,"(10,15]","(1.46,2.19]",12.5,1.82352438217472,6,0.0103115045800117,0.00784275911920508,0.0106238508914944,8
MMRd,CD8-all,TAP1,"(-5,0]","(0.729,1.46]",-2.5,1.09411462930483,6,0.00680990044332113,0.00528451861706607,0.0113876103141896,8
MMRd,Tcd8-CXCL13-comb,TAP1,"(0,5]","[0,0.729]",2.5,0.364704876434944,4,0.00842856701108348,0.00766295618262034,0.00958099779339032,8
MMRd,CD8-all,TAP1,"(0,5]","[0,0.729]",2.5,0.364704876434944,5,0.0101694915254237,0.00620821394460363,0.0108108108108108,8
MMRd,CD8-all,TAP1,"(-15,-10]","(3.65,4.38]",-12.5,4.01175364078438,6,0.0121763957868471,0.00856714296563921,0.0144278242161489,8
MMRd,Tcd8-CXCL13-comb,TAP1,"(-15,-10]","(2.19,2.92]",-12.5,2.55293413504461,5,0.0100882723833544,0.00947867298578199,0.0130293159609121,8
MMRd,CD8-all,TAP1,"(-15,-10]","(2.19,2.92]",-12.5,2.55293413504461,7,0.00963290809684978,0.00530729016479233,0.0102128630439655,8
MMRd,Tcd8-CXCL13-comb,TAP1,"(-20,-15]","(2.92,3.65]",-17.5,3.2823438879145,4,0.0108543417366947,0.00977073614745705,0.0127578930915911,8
MMRd,CD8-all,TAP1,"(-20,-15]","(2.92,3.65]",-17.5,3.2823438879145,5,0.00977653631284916,0.00752750434279097,0.0120160213618158,8
MMRd,Tcd8-CXCL13-comb,TAP1,"(-15,-10]","(2.92,3.65]",-12.5,3.2823438879145,5,0.0133779264214047,0.00876424189307625,0.0134408602150538,8
MMRd,Tcd8-CXCL13-comb,TAP1,"(10,15]","(2.19,2.92]",12.5,2.55293413504461,4,0.0120651686384659,0.00939041639627266,0.0152765480267767,8
MMRd,CD8-all,TAP1,"(-25,-20]","(3.65,4.38]",-22.5,4.01175364078438,4,0.00877926123312523,0.00690643673623199,0.0102131902466645,8
MMRd,CD8-all,TAP1,"(-25,-20]","(2.92,3.65]",-22.5,3.2823438879145,4,0.00959894033091146,0.00647555365865225,0.0125138026376036,8
MMRd,CD8-all,TAP1,"(-15,-10]","[0,0.729]",-12.5,0.364704876434944,4,0.00804532284768212,0.00698381278110945,0.0107706530671436,8
MMRd,CD8-all,TAP1,"(5,10]","[0,0.729]",7.5,0.364704876434944,4,0.00989264879971686,0.00820613844174054,0.0114110634569268,8
MMRd,Tcd8-CXCL13-comb,TAP1,"(-10,-5]","[0,0.729]",-7.5,0.364704876434944,4,0.00883511323184125,0.00360978401181747,0.0138616557734205,8
MMRd,CD8-all,TAP1,"(-20,-15]","(2.19,2.92]",-17.5,2.55293413504461,4,0.0113500743579344,0.00988436035576525,0.0116938711703237,8
MMRd,CD8-all,TAP1,"(-25,-20]","(2.19,2.92]",-22.5,2.55293413504461,4,0.0150550299321001,0.010036710279734,0.0186532099350272,8
MMRd,CD8-all,TAP1,"(-20,-15]","(3.65,4.38]",-17.5,4.01175364078438,5,0.00874831763122476,0.00736842105263158,0.0113560454241817,8
MMRd,CD8-all,TAP1,"(35,40]","(3.65,4.38]",37.5,4.01175364078438,4,0.0142901644791494,0.0128585847853804,0.0160136081080273,8
MMRd,CD8-all,TAP1,"(20,25]","(2.92,3.65]",22.5,3.2823438879145,4,0.00947164557346202,0.0078782321202425,0.013567431689657,8
MMRd,CD8-all,TAP1,"(-25,-20]","[0,0.729]",-22.5,0.364704876434944,4,0.00869828303456622,0.00699030281396871,0.0109755629355192,8
MMRd,Tcd8-CXCL13-LAG3,TAP1,"(-5,0]","(2.19,2.92]",-2.5,2.55293413504461,6,0.00793560777548501,0.00443540571128438,0.0116533254840466,8
MMRd,Tcd8-CXCL13-LAG3,TAP1,"(-5,0]","(2.92,3.65]",-2.5,3.2823438879145,6,0.00852983901272605,0.00557660587576248,0.0108553877427982,8
MMRd,Tcd8-CXCL13-LAG3,TAP1,"(-5,0]","(1.46,2.19]",-2.5,1.82352438217472,4,0.00604794917279079,0.00461956521739131,0.00803350387435339,8
MMRd,Tcd8-CXCL13-LAG3,TAP1,"(0,5]","(2.19,2.92]",2.5,2.55293413504461,4,0.00543178548179108,0.00405053411569999,0.00769876591513017,8
MMRd,Tcd8-GZMK,TAP1,"(-5,0]","(2.92,3.65]",-2.5,3.2823438879145,6,0.0117985462813049,0.0102053899845336,0.0137660860746532,8
MMRd,Tcd8-GZMK,TAP1,"(-5,0]","(2.19,2.92]",-2.5,2.55293413504461,6,0.0149161606644333,0.0110755997474747,0.0201341808794596,8
MMRd,Tcd8-GZMK,TAP1,"(-15,-10]","(2.92,3.65]",-12.5,3.2823438879145,4,0.00883980424966046,0.00297784525897096,0.0199234309993804,8
MMRd,Tcd8-GZMK,TAP1,"(-10,-5]","(2.92,3.65]",-7.5,3.2823438879145,4,0.0103009356658767,0.00895175965513586,0.0119088330299441,8
MMRd,Tcd8-GZMK,TAP1,"(0,5]","(2.92,3.65]",2.5,3.2823438879145,4,0.0120278982499153,0.0109327733912452,0.0129521516279258,8
MMRd,Tcd8-GZMK,TAP1,"(-10,-5]","(2.19,2.92]",-7.5,2.55293413504461,4,0.0102548007260591,0.00731373889268626,0.0129447834342798,8
MMRd,Tcd8-HOBIT,TAP1,"(-5,0]","[0,0.729]",-2.5,0.364704876434944,4,0.0079656862745098,0.00714869281045752,0.0106394310060473,8
MMRd,Tcd8-HOBIT,TAP1,"(-5,0]","(3.65,4.38]",-2.5,4.01175364078438,5,0.0125578321216127,0.0094604064470918,0.0133064146095256,8
MMRd,Tcd8-HOBIT,TAP1,"(-5,0]","(2.19,2.92]",-2.5,2.55293413504461,6,0.00991456903127384,0.00735255948089402,0.0108265782363056,8
MMRd,Tcd8-HOBIT,TAP1,"(0,5]","(2.19,2.92]",2.5,2.55293413504461,5,0.00637755102040816,0.00570342205323194,0.00647948164146868,8
MMRd,Tcd8-HOBIT,TAP1,"(-5,0]","(2.92,3.65]",-2.5,3.2823438879145,6,0.00894342352628523,0.007548142386789,0.00988895254979137,8
MMRd,Tcd8-HOBIT,TAP1,"(-5,0]","(1.46,2.19]",-2.5,1.82352438217472,5,0.00886699507389163,0.00681114551083591,0.0126953125,8
MMRd,Tcd8-HOBIT,TAP1,"(-10,-5]","(2.92,3.65]",-7.5,3.2823438879145,4,0.0138366737209013,0.00997974605984273,0.0174320724939639,8
MMRd,Tcd8-HOBIT,TAP1,"(0,5]","(2.92,3.65]",2.5,3.2823438879145,5,0.00763358778625954,0.00726392251815981,0.00965107646622123,8
MMRd,Tcd8-HOBIT,TAP1,"(-10,-5]","(2.19,2.92]",-7.5,2.55293413504461,5,0.0129604365620737,0.00622083981337481,0.0139275766016713,8
MMRd,Tplzf-gdlike-comb,TAP1,"(-10,-5]","(3.65,4.38]",-7.5,4.01175364078438,4,0.0102571981065188,0.0057510110419412,0.0144347565307876,8
MMRd,Tplzf-gdlike-comb,TAP1,"(-5,0]","(3.65,4.38]",-2.5,4.01175364078438,7,0.00449438202247191,0.0040910103598084,0.011604875888184,8
MMRd,Tplzf-gdlike-comb,TAP1,"(-5,0]","[0,0.729]",-2.5,0.364704876434944,4,0.00968983421388231,0.0076483026829723,0.0120009881422925,8
MMRd,Tplzf-gdlike-comb,TAP1,"(-5,0]","(1.46,2.19]",-2.5,1.82352438217472,5,0.00550122249388753,0.00548446069469835,0.00927357032457496,8
MMRd,Tplzf-gdlike-comb,TAP1,"(15,20]","(1.46,2.19]",17.5,1.82352438217472,5,0.00530222693531283,0.00254452926208651,0.00705467372134039,8
MMRd,Tplzf-gdlike-comb,TAP1,"(20,25]","(2.19,2.92]",22.5,2.55293413504461,4,0.00583259619637329,0.00459739746361612,0.00853970835502756,8
MMRd,Tplzf-gdlike-comb,TAP1,"(-5,0]","(2.92,3.65]",-2.5,3.2823438879145,6,0.00788295643820885,0.00559665735839196,0.00930884932500763,8
MMRd,Tplzf-gdlike-comb,TAP1,"(-5,0]","(2.19,2.92]",-2.5,2.55293413504461,6,0.00787158002483384,0.00493331066295711,0.0123406830004243,8
MMRd,Tplzf-gdlike-comb,TAP1,"(0,5]","(1.46,2.19]",2.5,1.82352438217472,5,0.00803212851405622,0.00692520775623269,0.0103397341211226,8
MMRd,Tplzf-gdlike-comb,TAP1,"(0,5]","(2.19,2.92]",2.5,2.55293413504461,6,0.00895001917681019,0.00733418367346939,0.0106517422740993,8
MMRd,Tplzf-gdlike-comb,TAP1,"(-10,-5]","(2.92,3.65]",-7.5,3.2823438879145,5,0.00751476113794954,0.00516487882399682,0.00968456004427228,8
MMRd,Tplzf-gdlike-comb,TAP1,"(0,5]","(2.92,3.65]",2.5,3.2823438879145,6,0.0105414252165939,0.00646134292247963,0.0130781652697126,8
MMRd,Tplzf-gdlike-comb,TAP1,"(-10,-5]","(2.19,2.92]",-7.5,2.55293413504461,4,0.00693193563687309,0.00593299847542338,0.00797158088824755,8
MMRd,Tplzf-gdlike-comb,TAP1,"(-10,-5]","[0,0.729]",-7.5,0.364704876434944,4,0.00646961797211045,0.00333426645521385,0.0100973989862879,8
MMRd,Tplzf-gdlike-comb,TAP1,"(5,10]","(2.19,2.92]",7.5,2.55293413504461,4,0.00699896911444637,0.00600018192213733,0.00787371029755842,8
MMRd,Tplzf-gdlike-comb,TAP1,"(5,10]","(2.92,3.65]",7.5,3.2823438879145,4,0.00713719591097309,0.00599310117505551,0.00846382643688216,8
MMRd,Tplzf-gdlike-comb,TAP1,"(-10,-5]","(1.46,2.19]",-7.5,1.82352438217472,4,0.00409596031129298,0.00171577532094545,0.0094505716522536,8
MMRd,Myeloid-mregDC,IDO1,"(-15,-10]","(4.38,5.11]",-12.5,4.74116339365427,4,0.0052580521986811,0.00217208254137008,0.00834042931764168,8
MMRd,Myeloid-mregDC,IDO1,"(-5,0]","(3.65,4.38]",-2.5,4.01175364078438,6,0.00324020609116138,0.00198377445031594,0.00449414113170563,8
MMRd,Myeloid-mregDC,IDO1,"(-10,-5]","(3.65,4.38]",-7.5,4.01175364078438,5,0.004359197907585,0.00231749710312862,0.00501882057716437,8
MMRd,Myeloid-mregDC,IDO1,"(-15,-10]","(2.92,3.65]",-12.5,3.2823438879145,7,0.00301750150875075,0.000811693124656167,0.00552047025511946,8
MMRd,Myeloid-mregDC,IDO1,"(-5,0]","(2.92,3.65]",-2.5,3.2823438879145,7,0.00337609723160027,0.00129668868734842,0.00435472656368088,8
MMRd,Myeloid-mregDC,IDO1,"(-10,-5]","(2.19,2.92]",-7.5,2.55293413504461,6,0.00394180628837669,0.00313752069011623,0.00525053220220506,8
MMRd,Myeloid-mregDC,IDO1,"(-5,0]","(1.46,2.19]",-2.5,1.82352438217472,4,0.00211046634708798,0.00173396376339008,0.00366243863418536,8
MMRd,Myeloid-mregDC,IDO1,"(-5,0]","(2.19,2.92]",-2.5,2.55293413504461,5,0.0023696682464455,0.00195058517555267,0.00318979266347687,8
MMRd,Myeloid-mregDC,IDO1,"(-10,-5]","(2.92,3.65]",-7.5,3.2823438879145,7,0.0046242774566474,0.0022067085308192,0.00593175191574389,8
MMRd,Myeloid-mregDC,IDO1,"(-15,-10]","(3.65,4.38]",-12.5,4.01175364078438,4,0.00462593632473762,0.00316917134407629,0.00572118038859504,8
MMRd,Myeloid-mregDC,IDO1,"(-5,0]","[0,0.729]",-2.5,0.364704876434944,4,0.00100200400801603,0,0.00312990405974639,8
MMRd,Myeloid-mregDC,IDO1,"(-15,-10]","(2.19,2.92]",-12.5,2.55293413504461,4,0.0032326742748008,0.00270518016155267,0.00457867851654969,8
MMRd,Myeloid-ISG,IDO1,"(-10,-5]","(5.11,5.84]",-7.5,5.47057314652416,5,0.00128040973111396,0.00113390372126585,0.00475657526580862,8
MMRd,Myeloid-noDC-noGran,IDO1,"(-10,-5]","(5.11,5.84]",-7.5,5.47057314652416,7,0.000989119683481701,0.000407941013198974,0.0025376051809524,8
MMRd,Myeloid-ISG,IDO1,"(-40,-35]","(4.38,5.11]",-37.5,4.74116339365427,7,0.000786782061369001,0,0.00307493855065206,8
MMRd,Myeloid-noDC-noGran,IDO1,"(-40,-35]","(4.38,5.11]",-37.5,4.74116339365427,7,0.000828500414250207,0.000679659924263765,0.00221455051414739,8
MMRd,Myeloid-noDC-noGran,IDO1,"(20,25]","(3.65,4.38]",22.5,4.01175364078438,5,0,0,0,8
MMRd,Myeloid-ISG,IDO1,"(0,5]","(3.65,4.38]",2.5,4.01175364078438,8,0.00102332687311605,0.000838763840851772,0.00121350404449668,8
MMRd,Myeloid-noDC-noGran,IDO1,"(0,5]","(3.65,4.38]",2.5,4.01175364078438,8,0.000546195406547389,0.000421568961687456,0.00074274237424745,8
MMRd,Myeloid-ISG,IDO1,"(-10,-5]","(2.92,3.65]",-7.5,3.2823438879145,8,0.000589256325235877,0.000450922994163522,0.000639415659464937,8
MMRd,Myeloid-noDC-noGran,IDO1,"(-10,-5]","(2.92,3.65]",-7.5,3.2823438879145,8,0.000343771896387186,0.000262898685977661,0.000432394212915782,8
MMRd,Myeloid-ISG,IDO1,"(-5,0]","(5.11,5.84]",-2.5,5.47057314652416,6,0.00257449675086946,0.00203309660329735,0.00290756762213455,8
MMRd,Myeloid-noDC-noGran,IDO1,"(-5,0]","(5.11,5.84]",-2.5,5.47057314652416,6,0.002100559957374,0.00112769979033982,0.00258941204715514,8
MMRd,Myeloid-ISG,IDO1,"(-10,-5]","(3.65,4.38]",-7.5,4.01175364078438,8,0.000809541170437803,0.000602800815544958,0.00111364894619345,8
MMRd,Myeloid-noDC-noGran,IDO1,"(-10,-5]","(3.65,4.38]",-7.5,4.01175364078438,8,0.000438416681162297,0.000361710774122602,0.00078764881463601,8
MMRd,Myeloid-noDC-noGran,IDO1,"(45,50]","(2.92,3.65]",47.5,3.2823438879145,5,0.000240096038415366,0,0.000535331905781585,8
MMRd,Myeloid-noDC-noGran,IDO1,"(5,10]","(4.38,5.11]",7.5,4.74116339365427,7,0.000657159755536571,0,0.000849511247981804,8
MMRd,Myeloid-ISG,IDO1,"(0,5]","(5.11,5.84]",2.5,5.47057314652416,4,0.0034378326970464,0.00241351568785197,0.00422252329854603,8
MMRd,Myeloid-noDC-noGran,IDO1,"(0,5]","(5.11,5.84]",2.5,5.47057314652416,4,0.0031191778419731,0.00160184951522681,0.00466327297004089,8
MMRd,Myeloid-ISG,IDO1,"(-15,-10]","(3.65,4.38]",-12.5,4.01175364078438,8,0.000750461360476319,0.000671152970494602,0.00141604687185488,8
MMRd,Myeloid-noDC-noGran,IDO1,"(-15,-10]","(3.65,4.38]",-12.5,4.01175364078438,8,0.000490806507547105,0.000327947254765632,0.000564675394518115,8
MMRd,Myeloid-noDC-noGran,IDO1,"(-95,-90]","(4.38,5.11]",-92.5,4.74116339365427,4,0,0,0.000230414746543779,8
MMRd,Myeloid-ISG,IDO1,"(-15,-10]","(4.38,5.11]",-12.5,4.74116339365427,7,0.000988142292490119,0.000658570392652809,0.00128470289391013,8
MMRd,Myeloid-noDC-noGran,IDO1,"(-15,-10]","(4.38,5.11]",-12.5,4.74116339365427,7,0.000598587333892015,0.000471702485864128,0.000877070902915819,8
MMRd,Myeloid-noDC-noGran,IDO1,"(-95,-90]","[0,0.729]",-92.5,0.364704876434944,7,0,0,0.000169258565081765,8
MMRd,Myeloid-ISG,IDO1,"(-15,-10]","(5.11,5.84]",-12.5,5.47057314652416,4,0.00190485972393406,0.00149442671630546,0.00251895733523096,8
MMRd,Myeloid-noDC-noGran,IDO1,"(-15,-10]","(5.11,5.84]",-12.5,5.47057314652416,6,0.00131627291929933,0.000935431409449562,0.00221037639665401,8
MMRd,Myeloid-noDC-noGran,IDO1,"(-45,-40]","(4.38,5.11]",-42.5,4.74116339365427,6,0.0011517163587438,0.000776471474365365,0.0012096888225212,8
MMRd,Myeloid-ISG,IDO1,"(-5,0]","(4.38,5.11]",-2.5,4.74116339365427,7,0.00107411385606874,0.00105048257368891,0.00131321546640113,8
MMRd,Myeloid-noDC-noGran,IDO1,"(-5,0]","(4.38,5.11]",-2.5,4.74116339365427,8,0.000684602055906942,0.000574158620934777,0.000891837858757598,8
MMRd,Myeloid-ISG,IDO1,"(-20,-15]","(3.65,4.38]",-17.5,4.01175364078438,8,0.000635563410133041,0,0.00156698251208484,8
MMRd,Myeloid-noDC-noGran,IDO1,"(-20,-15]","(3.65,4.38]",-17.5,4.01175364078438,8,0.000564415894493646,0.000348122552557548,0.000894579676411929,8
MMRd,Myeloid-ISG,IDO1,"(-5,0]","(2.92,3.65]",-2.5,3.2823438879145,8,0.000367915793971394,0.000209235146325122,0.00070081300618247,8
MMRd,Myeloid-noDC-noGran,IDO1,"(-5,0]","(2.92,3.65]",-2.5,3.2823438879145,8,0.000316205302364098,0.000206651772964529,0.000422314292277685,8
MMRd,Myeloid-ISG,IDO1,"(-5,0]","(3.65,4.38]",-2.5,4.01175364078438,8,0.000947145745423095,0.000805173088477111,0.00112369110029566,8
MMRd,Myeloid-noDC-noGran,IDO1,"(-5,0]","(3.65,4.38]",-2.5,4.01175364078438,8,0.000542782454457634,0.000468141422837901,0.000682719327427497,8
MMRd,Myeloid-noDC-noGran,IDO1,"(-25,-20]","(5.11,5.84]",-22.5,5.47057314652416,4,0.00269382160680396,0.00149244812454619,0.00387768928709695,8
MMRd,Myeloid-noDC-noGran,IDO1,"(-50,-45]","(3.65,4.38]",-47.5,4.01175364078438,7,0.000681895669962496,0.000583942430514989,0.00119305464917061,8
MMRd,Myeloid-noDC-noGran,IDO1,"(-25,-20]","(3.65,4.38]",-22.5,4.01175364078438,8,0.000401708230404019,0.00023961661341853,0.000446114259262768,8
MMRd,Myeloid-noDC-noGran,IDO1,"(-30,-25]","(3.65,4.38]",-27.5,4.01175364078438,7,0.000224164985429276,9.61538461538461e-05,0.000569411840849682,8
MMRd,Myeloid-ISG,IDO1,"(-35,-30]","(3.65,4.38]",-32.5,4.01175364078438,7,0.000603500301750151,0,0.00101423536376431,8
MMRd,Myeloid-noDC-noGran,IDO1,"(-35,-30]","(3.65,4.38]",-32.5,4.01175364078438,7,0.000483696579980652,0.000229451356312462,0.000806828480720995,8
MMRd,Myeloid-ISG,IDO1,"(-20,-15]","(5.11,5.84]",-17.5,5.47057314652416,5,0.00308959835221421,0.00051150895140665,0.00545058139534884,8
MMRd,Myeloid-noDC-noGran,IDO1,"(-20,-15]","(5.11,5.84]",-17.5,5.47057314652416,6,0.00133683915326029,0.000451370585134423,0.00473792077180772,8
MMRd,Myeloid-ISG,IDO1,"(0,5]","(4.38,5.11]",2.5,4.74116339365427,6,0.000924321595699688,0.000801343412574254,0.00140681390681391,8
MMRd,Myeloid-noDC-noGran,IDO1,"(0,5]","(4.38,5.11]",2.5,4.74116339365427,7,0.000593071842566384,0.000227583067819754,0.00120520961575844,8
MMRd,Myeloid-ISG,IDO1,"(-10,-5]","(4.38,5.11]",-7.5,4.74116339365427,7,0.000974043068498921,0.000846452323237705,0.00134436759709033,8
MMRd,Myeloid-noDC-noGran,IDO1,"(-10,-5]","(4.38,5.11]",-7.5,4.74116339365427,8,0.000802621549767772,0.000523935487969628,0.00121568468510198,8
MMRd,Myeloid-noDC-noGran,IDO1,"(-20,-15]","(2.92,3.65]",-17.5,3.2823438879145,8,0.000338412167986103,0.000239047259209086,0.000550395596835225,8
MMRd,Myeloid-noDC-noGran,IDO1,"(-85,-80]","(3.65,4.38]",-82.5,4.01175364078438,4,0.00049880983420212,0.000188513258765867,0.00117094843630259,8
MMRd,Myeloid-noDC-noGran,IDO1,"(65,70]","(2.92,3.65]",67.5,3.2823438879145,4,0,0,0.00099009900990099,8
MMRd,Myeloid-ISG,IDO1,"(-20,-15]","(4.38,5.11]",-17.5,4.74116339365427,7,0.00113773732489512,0.000499541664380897,0.00129758404112557,8
MMRd,Myeloid-noDC-noGran,IDO1,"(-20,-15]","(4.38,5.11]",-17.5,4.74116339365427,7,0.000871586287042417,0.000586092662580382,0.0010588125645942,8
MMRd,Myeloid-ISG,IDO1,"(-30,-25]","(4.38,5.11]",-27.5,4.74116339365427,7,0.000976181179226865,0,0.00261873319093873,8
MMRd,Myeloid-noDC-noGran,IDO1,"(-30,-25]","(4.38,5.11]",-27.5,4.74116339365427,7,0.000570125427594071,0.000282463078040513,0.00164206808495102,8
MMRd,Myeloid-noDC-noGran,IDO1,"(-20,-15]","(2.19,2.92]",-17.5,2.55293413504461,8,0.000232631849791567,7.81124629041428e-05,0.000373635926784095,8
MMRd,Myeloid-noDC-noGran,IDO1,"(-50,-45]","(4.38,5.11]",-47.5,4.74116339365427,7,0,0,0.00027292576419214,8
MMRd,Myeloid-noDC-noGran,IDO1,"(25,30]","(3.65,4.38]",27.5,4.01175364078438,5,0,0,0.000323415265200518,8
MMRd,Myeloid-noDC-noGran,IDO1,"(-55,-50]","[0,0.729]",-52.5,0.364704876434944,8,0,0,2.89134331810559e-05,8
MMRd,Myeloid-ISG,IDO1,"(5,10]","(3.65,4.38]",7.5,4.01175364078438,6,0.00110217742327766,0.000648249712864497,0.00171648078288034,8
MMRd,Myeloid-noDC-noGran,IDO1,"(5,10]","(3.65,4.38]",7.5,4.01175364078438,8,0.000431927721471479,0.000119560019129603,0.000878038858761659,8
MMRd,Myeloid-noDC-noGran,IDO1,"(-15,-10]","(2.19,2.92]",-12.5,2.55293413504461,8,0.000142347821275337,3.58740104752111e-05,0.000199592213474973,8
MMRd,Myeloid-noDC-noGran,IDO1,"(-30,-25]","[0,0.729]",-27.5,0.364704876434944,8,8.29600132736021e-05,0,0.000572742496103165,8
MMRd,Myeloid-ISG,IDO1,"(0,5]","(2.92,3.65]",2.5,3.2823438879145,8,0.000612004958953444,0.000512503790959073,0.00109521324771686,8
MMRd,Myeloid-noDC-noGran,IDO1,"(0,5]","(2.92,3.65]",2.5,3.2823438879145,8,0.000472559221121591,0.000398300823342954,0.000597130415815482,8
MMRd,Myeloid-ISG,IDO1,"(-5,0]","(2.19,2.92]",-2.5,2.55293413504461,8,0.000493370776512125,0.000277847519243075,0.000934470118064253,8
MMRd,Myeloid-noDC-noGran,IDO1,"(-5,0]","(2.19,2.92]",-2.5,2.55293413504461,8,0.000226797482257519,0.00018558986046467,0.000332355591225541,8
MMRd,Myeloid-ISG,IDO1,"(-10,-5]","(1.46,2.19]",-7.5,1.82352438217472,7,0.000102627257799672,2.47512499381219e-05,0.000242639979238457,8
MMRd,Myeloid-noDC-noGran,IDO1,"(-10,-5]","(1.46,2.19]",-7.5,1.82352438217472,8,0.000126021658082899,5.42201337429966e-05,0.000158789520843134,8
MMRd,Myeloid-noDC-noGran,IDO1,"(-20,-15]","(1.46,2.19]",-17.5,1.82352438217472,7,0.000169596924642433,0,0.000239718081400766,8
MMRd,Myeloid-ISG,IDO1,"(-5,0]","(1.46,2.19]",-2.5,1.82352438217472,6,0.000151936853444022,3.08908933646361e-05,0.000204363930299076,8
MMRd,Myeloid-noDC-noGran,IDO1,"(-5,0]","(1.46,2.19]",-2.5,1.82352438217472,8,0.000133565290162941,0.000110653202823791,0.000163369636522334,8
MMRd,Myeloid-ISG,IDO1,"(-30,-25]","(2.92,3.65]",-27.5,3.2823438879145,6,0.0002451781627983,0,0.000562213934857532,8
MMRd,Myeloid-noDC-noGran,IDO1,"(-30,-25]","(2.92,3.65]",-27.5,3.2823438879145,8,0.000311182484564944,0,0.000366906049742829,8
MMRd,Myeloid-noDC-noGran,IDO1,"(-45,-40]","(3.65,4.38]",-42.5,4.01175364078438,7,0.00049862877088008,0,0.00082946880431666,8
MMRd,Myeloid-noDC-noGran,IDO1,"(-35,-30]","(4.38,5.11]",-32.5,4.74116339365427,7,0.00119760479041916,0.000431496474068683,0.00136576369678306,8
MMRd,Myeloid-noDC-noGran,IDO1,"(-55,-50]","(3.65,4.38]",-52.5,4.01175364078438,7,0.000462249614791988,0.000125976316452507,0.000675762945638487,8
MMRd,Myeloid-noDC-noGran,IDO1,"(35,40]","(2.92,3.65]",37.5,3.2823438879145,7,0,0,9.26097425449157e-05,8
MMRd,Myeloid-noDC-noGran,IDO1,"(-65,-60]","(3.65,4.38]",-62.5,4.01175364078438,7,0,0,0.000480533310662484,8
MMRd,Myeloid-ISG,IDO1,"(-10,-5]","(2.19,2.92]",-7.5,2.55293413504461,8,0.000319694969740896,7.34214390602056e-05,0.000538673701195719,8
MMRd,Myeloid-noDC-noGran,IDO1,"(-10,-5]","(2.19,2.92]",-7.5,2.55293413504461,8,0.000195567660194023,0.000155107487119748,0.000232606218883187,8
MMRd,Myeloid-ISG,IDO1,"(-25,-20]","(2.92,3.65]",-22.5,3.2823438879145,6,0.000371267835622771,9.10802113060902e-05,0.00061179508581564,8
MMRd,Myeloid-noDC-noGran,IDO1,"(-25,-20]","(2.92,3.65]",-22.5,3.2823438879145,8,0.000204750879867058,0.000111333778668448,0.00035262741154786,8
MMRd,Myeloid-ISG,IDO1,"(10,15]","(3.65,4.38]",12.5,4.01175364078438,5,0,0,0,8
MMRd,Myeloid-noDC-noGran,IDO1,"(10,15]","(3.65,4.38]",12.5,4.01175364078438,7,0.000502008032128514,5.72147843002632e-05,0.000797506810000303,8
MMRd,Myeloid-noDC-noGran,IDO1,"(30,35]","(1.46,2.19]",32.5,1.82352438217472,5,0,0,0,8
MMRd,Myeloid-ISG,IDO1,"(-5,0]","(0.729,1.46]",-2.5,1.09411462930483,4,0,0,2.92329279700655e-05,8
MMRd,Myeloid-noDC-noGran,IDO1,"(-5,0]","(0.729,1.46]",-2.5,1.09411462930483,6,0.000123282273727762,2.89944717207253e-05,0.000136173478587838,8
MMRd,Myeloid-noDC-noGran,IDO1,"(5,10]","(1.46,2.19]",7.5,1.82352438217472,7,0,0,0.000104712041884817,8
MMRd,Myeloid-ISG,IDO1,"(-25,-20]","(4.38,5.11]",-22.5,4.74116339365427,7,0.000930665425779432,0.000306560392397302,0.00193245069592565,8
MMRd,Myeloid-noDC-noGran,IDO1,"(-25,-20]","(4.38,5.11]",-22.5,4.74116339365427,7,0.000813890396093326,0.000513121703158402,0.00117653088694595,8
MMRd,Myeloid-ISG,IDO1,"(-5,0]","[0,0.729]",-2.5,0.364704876434944,8,0.000124906320259805,0,0.000451814075773402,8
MMRd,Myeloid-noDC-noGran,IDO1,"(-5,0]","[0,0.729]",-2.5,0.364704876434944,8,0.000202575965359076,8.95682808861289e-05,0.000220500523397247,8
MMRd,Myeloid-ISG,IDO1,"(0,5]","(2.19,2.92]",2.5,2.55293413504461,7,0,0,0.000450227027602828,8
MMRd,Myeloid-noDC-noGran,IDO1,"(0,5]","(2.19,2.92]",2.5,2.55293413504461,8,0.000204525297256537,3.8777726074143e-05,0.000408152681257131,8
MMRd,Myeloid-ISG,IDO1,"(0,5]","(1.46,2.19]",2.5,1.82352438217472,5,0,0,0.000719812848659349,8
MMRd,Myeloid-noDC-noGran,IDO1,"(0,5]","(1.46,2.19]",2.5,1.82352438217472,7,0.000142544901644018,4.01123144805455e-05,0.000327829214515273,8
MMRd,Myeloid-ISG,IDO1,"(15,20]","(2.92,3.65]",17.5,3.2823438879145,5,0.000632911392405063,0,0.000929368029739777,8
MMRd,Myeloid-noDC-noGran,IDO1,"(15,20]","(2.92,3.65]",17.5,3.2823438879145,8,0.000282418094322327,0.000150905432595573,0.000909144657466159,8
MMRd,Myeloid-noDC-noGran,IDO1,"(35,40]","(2.19,2.92]",37.5,2.55293413504461,7,0,0,0.000429970750975809,8
MMRd,Myeloid-ISG,IDO1,"(5,10]","(2.92,3.65]",7.5,3.2823438879145,6,0.000376506024096386,0,0.00076517608897127,8
MMRd,Myeloid-noDC-noGran,IDO1,"(5,10]","(2.92,3.65]",7.5,3.2823438879145,8,0.000308140690063185,0.000115268231444391,0.000570187697506044,8
MMRd,Myeloid-ISG,IDO1,"(-15,-10]","(2.19,2.92]",-12.5,2.55293413504461,7,0.000311720698254364,0.000212553240442239,0.000597538791846985,8
MMRd,Myeloid-ISG,IDO1,"(-20,-15]","(2.92,3.65]",-17.5,3.2823438879145,7,0.00043010752688172,0.000315363010663813,0.000604222963250221,8
MMRd,Myeloid-noDC-noGran,IDO1,"(20,25]","[0,0.729]",22.5,0.364704876434944,5,0.000196078431372549,0,0.000251382604323781,8
MMRd,Myeloid-noDC-noGran,IDO1,"(30,35]","(2.19,2.92]",32.5,2.55293413504461,7,0,0,0.000289181811208239,8
MMRd,Myeloid-noDC-noGran,IDO1,"(20,25]","(2.19,2.92]",22.5,2.55293413504461,6,0.000262595451136489,2.59902276743944e-05,0.000921856218634188,8
MMRd,Myeloid-ISG,IDO1,"(-15,-10]","(1.46,2.19]",-12.5,1.82352438217472,6,0.000481296080264657,2.12856534695615e-05,0.00107552677022441,8
MMRd,Myeloid-noDC-noGran,IDO1,"(-15,-10]","(1.46,2.19]",-12.5,1.82352438217472,7,0.000158969875208648,8.65451161190955e-05,0.000229212929444415,8
MMRd,Myeloid-ISG,IDO1,"(-25,-20]","(3.65,4.38]",-22.5,4.01175364078438,6,0.000747900850594762,0.000675395199141356,0.000765923380416245,8
MMRd,Myeloid-noDC-noGran,IDO1,"(-10,-5]","(0.729,1.46]",-7.5,1.09411462930483,6,0.000201139896319392,7.50042927431409e-05,0.000408830782656678,8
MMRd,Myeloid-noDC-noGran,IDO1,"(20,25]","(1.46,2.19]",22.5,1.82352438217472,5,0,0,0,8
MMRd,Myeloid-ISG,IDO1,"(0,5]","[0,0.729]",2.5,0.364704876434944,5,0.000428724544480172,0,0.00155440414507772,8
MMRd,Myeloid-noDC-noGran,IDO1,"(0,5]","[0,0.729]",2.5,0.364704876434944,8,0.000101916021198532,0,0.000451978234494168,8
MMRd,Myeloid-noDC-noGran,IDO1,"(-70,-65]","(2.92,3.65]",-67.5,3.2823438879145,6,0.000512337473931411,0.000325969538859548,0.00160492461358536,8
MMRd,Myeloid-noDC-noGran,IDO1,"(15,20]","(3.65,4.38]",17.5,4.01175364078438,6,0.000204276181397249,0,0.00040876114875259,8
MMRd,Myeloid-noDC-noGran,IDO1,"(10,15]","[0,0.729]",12.5,0.364704876434944,7,0,0,0.000288268726362571,8
MMRd,Myeloid-ISG,IDO1,"(-35,-30]","(2.92,3.65]",-32.5,3.2823438879145,5,0.00019739439399921,0,0.000737191301142647,8
MMRd,Myeloid-noDC-noGran,IDO1,"(-35,-30]","(2.92,3.65]",-32.5,3.2823438879145,7,0.000259117704217141,5.34416417272339e-05,0.000440399971088238,8
MMRd,Myeloid-ISG,IDO1,"(5,10]","(2.19,2.92]",7.5,2.55293413504461,6,0.000510239019141096,9.61538461538461e-05,0.000962393622709685,8
MMRd,Myeloid-noDC-noGran,IDO1,"(5,10]","(2.19,2.92]",7.5,2.55293413504461,8,0.000273897562311695,0,0.000572405903977077,8
MMRd,Myeloid-noDC-noGran,IDO1,"(-35,-30]","(2.19,2.92]",-32.5,2.55293413504461,7,0,0,0.000211090441349528,8
MMRd,Myeloid-noDC-noGran,IDO1,"(25,30]","(2.92,3.65]",27.5,3.2823438879145,7,0.000197863078749505,6.83246788740093e-05,0.000342514963035949,8
MMRd,Myeloid-noDC-noGran,IDO1,"(-35,-30]","[0,0.729]",-32.5,0.364704876434944,8,0,0,0.000191060580858799,8
MMRd,Myeloid-ISG,IDO1,"(-30,-25]","(3.65,4.38]",-27.5,4.01175364078438,6,0.000631669374106203,6.2570391690652e-05,0.00110800261393876,8
MMRd,Myeloid-noDC-noGran,IDO1,"(-50,-45]","(2.92,3.65]",-47.5,3.2823438879145,6,0.000178094390026714,0,0.000360196869633748,8
MMRd,Myeloid-ISG,IDO1,"(-20,-15]","(2.19,2.92]",-17.5,2.55293413504461,7,0.000590551181102362,9.0711175616836e-05,0.000893414904670538,8
MMRd,Myeloid-ISG,IDO1,"(-15,-10]","(2.92,3.65]",-12.5,3.2823438879145,8,0.000366935116464745,0.00026305594153924,0.000609511652317136,8
MMRd,Myeloid-noDC-noGran,IDO1,"(-15,-10]","(2.92,3.65]",-12.5,3.2823438879145,8,0.000261783181935371,0.000208697919982179,0.000349992478943899,8
MMRd,Myeloid-noDC-noGran,IDO1,"(0,5]","(0.729,1.46]",2.5,1.09411462930483,4,0,0,7.79423226812159e-05,8
MMRd,Myeloid-ISG,IDO1,"(10,15]","(2.92,3.65]",12.5,3.2823438879145,6,0.00223306991232118,0.000355113636363636,0.00327538780024388,8
MMRd,Myeloid-noDC-noGran,IDO1,"(10,15]","(2.92,3.65]",12.5,3.2823438879145,7,0.000342700479780672,0,0.00103631602115997,8
MMRd,Myeloid-noDC-noGran,IDO1,"(-75,-70]","[0,0.729]",-72.5,0.364704876434944,7,0.000175024065809049,0,0.000580845654468441,8
MMRd,Myeloid-ISG,IDO1,"(-40,-35]","(3.65,4.38]",-37.5,4.01175364078438,5,0.00106269925611052,0.000932292273627782,0.0012622278321237,8
MMRd,Myeloid-noDC-noGran,IDO1,"(-40,-35]","(3.65,4.38]",-37.5,4.01175364078438,7,0.000666159116863342,0.00047426277165179,0.00164403545723112,8
MMRd,Myeloid-noDC-noGran,IDO1,"(-45,-40]","(2.92,3.65]",-42.5,3.2823438879145,6,0.000254864531491062,4.9299940840071e-05,0.00037348543595823,8
MMRd,Myeloid-noDC-noGran,IDO1,"(15,20]","(2.19,2.92]",17.5,2.55293413504461,7,0,0,0.000227307039550194,8
MMRd,Myeloid-noDC-noGran,IDO1,"(45,50]","[0,0.729]",47.5,0.364704876434944,5,0,0,0,8
MMRd,Myeloid-ISG,IDO1,"(-35,-30]","(2.19,2.92]",-32.5,2.55293413504461,4,0,0,4.76826244516498e-05,8
MMRd,Myeloid-ISG,IDO1,"(-40,-35]","(2.19,2.92]",-37.5,2.55293413504461,4,0.000385403218428195,0.000179168657429527,0.000614639362620014,8
MMRd,Myeloid-noDC-noGran,IDO1,"(-40,-35]","(2.19,2.92]",-37.5,2.55293413504461,7,0.000230786983614124,0,0.000289160244575835,8
MMRd,Myeloid-noDC-noGran,IDO1,"(20,25]","(2.92,3.65]",22.5,3.2823438879145,5,0.000202265372168285,0,0.000661485033901108,8
MMRd,Myeloid-ISG,IDO1,"(-35,-30]","[0,0.729]",-32.5,0.364704876434944,4,0,0,0.000168918918918919,8
MMRd,Myeloid-ISG,IDO1,"(-35,-30]","(4.38,5.11]",-32.5,4.74116339365427,6,0.000936709827339952,0.000418120814129884,0.00148029754317816,8
MMRd,Myeloid-ISG,IDO1,"(-50,-45]","(2.92,3.65]",-47.5,3.2823438879145,4,0.000470408648282411,0.000326939843068875,0.000642943742462563,8
MMRd,Myeloid-ISG,IDO1,"(-25,-20]","(2.19,2.92]",-22.5,2.55293413504461,6,0.000624422824989799,0.000303322222161406,0.00089524765729585,8
MMRd,Myeloid-noDC-noGran,IDO1,"(-25,-20]","(2.19,2.92]",-22.5,2.55293413504461,8,0.000233905185963187,0.00013100447001265,0.000239724337033704,8
MMRd,Myeloid-ISG,IDO1,"(-45,-40]","(3.65,4.38]",-42.5,4.01175364078438,4,0.00119633034863974,0.00108358398724749,0.00146855722411382,8
MMRd,Myeloid-noDC-noGran,IDO1,"(30,35]","(0.729,1.46]",32.5,1.09411462930483,4,0.000256147540983607,0,0.000669609439329291,8
MMRd,Myeloid-ISG,IDO1,"(-10,-5]","[0,0.729]",-7.5,0.364704876434944,8,0.000198258947464973,6.46886320510609e-05,0.000526766107397071,8
MMRd,Myeloid-noDC-noGran,IDO1,"(-10,-5]","[0,0.729]",-7.5,0.364704876434944,8,0.000173853801351971,9.41756726535237e-05,0.000282886170129544,8
MMRd,Myeloid-ISG,IDO1,"(10,15]","(2.19,2.92]",12.5,2.55293413504461,4,0.000294290759270159,0,0.00062779469276286,8
MMRd,Myeloid-noDC-noGran,IDO1,"(10,15]","(2.19,2.92]",12.5,2.55293413504461,7,0.000156457795509661,0,0.000221005542253136,8
MMRd,Myeloid-noDC-noGran,IDO1,"(-35,-30]","(1.46,2.19]",-32.5,1.82352438217472,6,4.9982506122857e-05,0,0.00023492827195576,8
MMRd,Myeloid-noDC-noGran,IDO1,"(50,55]","(1.46,2.19]",52.5,1.82352438217472,4,0.000149611011370437,0,0.000491605686987967,8
MMRd,Myeloid-noDC-noGran,IDO1,"(-75,-70]","(2.19,2.92]",-72.5,2.55293413504461,4,0.000139602412329685,0,0.000373661174342097,8
MMRd,Myeloid-noDC-noGran,IDO1,"(-60,-55]","(4.38,5.11]",-57.5,4.74116339365427,7,0,0,0.00111611409989529,8
MMRd,Myeloid-ISG,IDO1,"(-45,-40]","(2.92,3.65]",-42.5,3.2823438879145,4,0.0004951761294529,0.000275532696546657,0.000926579223861449,8
MMRd,Myeloid-noDC-noGran,IDO1,"(50,55]","(2.19,2.92]",52.5,2.55293413504461,6,0,0,0,8
MMRd,Myeloid-noDC-noGran,IDO1,"[-100,-95]","[0,0.729]",-97.5,0.364704876434944,7,6.68627975394491e-05,0,0.00059843398766545,8
MMRd,Myeloid-noDC-noGran,IDO1,"(-50,-45]","(2.19,2.92]",-47.5,2.55293413504461,7,0,0,9.08100254268071e-05,8
MMRd,Myeloid-noDC-noGran,IDO1,"(-50,-45]","[0,0.729]",-47.5,0.364704876434944,8,0,0,0.000315549240115731,8
MMRd,Myeloid-noDC-noGran,IDO1,"(-85,-80]","(2.92,3.65]",-82.5,3.2823438879145,4,0.00049397279268396,0.000225211698997057,0.000714950677279878,8
MMRd,Myeloid-noDC-noGran,IDO1,"(-65,-60]","(2.19,2.92]",-62.5,2.55293413504461,5,0,0,0.000205592105263158,8
MMRd,Myeloid-noDC-noGran,IDO1,"(60,65]","[0,0.729]",62.5,0.364704876434944,6,0,0,0,8
MMRd,Myeloid-ISG,IDO1,"(-15,-10]","[0,0.729]",-12.5,0.364704876434944,8,0.000118033866063205,0,0.00140688385954853,8
MMRd,Myeloid-noDC-noGran,IDO1,"(-15,-10]","[0,0.729]",-12.5,0.364704876434944,8,0.000105046013053939,0,0.000248948460380183,8
MMRd,Myeloid-noDC-noGran,IDO1,"(15,20]","[0,0.729]",17.5,0.364704876434944,5,0,0,0,8
MMRd,Myeloid-noDC-noGran,IDO1,"(30,35]","(2.92,3.65]",32.5,3.2823438879145,6,0.000156641604010025,0,0.000351843777934991,8
MMRd,Myeloid-ISG,IDO1,"(5,10]","[0,0.729]",7.5,0.364704876434944,4,0.000267379679144385,0,0.000614380098921356,8
MMRd,Myeloid-noDC-noGran,IDO1,"(5,10]","[0,0.729]",7.5,0.364704876434944,8,9.19455682236116e-05,0,0.000264660700395622,8
MMRd,Myeloid-noDC-noGran,IDO1,"(10,15]","(1.46,2.19]",12.5,1.82352438217472,6,0,0,0.000147958177155257,8
MMRd,Myeloid-ISG,IDO1,"(-30,-25]","[0,0.729]",-27.5,0.364704876434944,4,0,0,0,8
MMRd,Myeloid-ISG,IDO1,"(-40,-35]","(2.92,3.65]",-37.5,3.2823438879145,4,0.000428136147661354,0.000313545150501672,0.000619559699335717,8
MMRd,Myeloid-noDC-noGran,IDO1,"(-40,-35]","(2.92,3.65]",-37.5,3.2823438879145,7,0.000449090591552107,0.000223482797687521,0.00118103774819624,8
MMRd,Myeloid-ISG,IDO1,"(-25,-20]","(1.46,2.19]",-22.5,1.82352438217472,4,0,0,0.000598802395209581,8
MMRd,Myeloid-noDC-noGran,IDO1,"(-25,-20]","(1.46,2.19]",-22.5,1.82352438217472,7,0.000231160425335183,6.14514840533399e-05,0.000437169508976074,8
MMRd,Myeloid-noDC-noGran,IDO1,"(85,90]","[0,0.729]",87.5,0.364704876434944,4,0.000227272727272727,0,0.000565931593159316,8
MMRd,Myeloid-noDC-noGran,IDO1,"(15,20]","(1.46,2.19]",17.5,1.82352438217472,5,0.000509943906170321,0,0.000525210084033613,8
MMRd,Myeloid-noDC-noGran,IDO1,"(65,70]","[0,0.729]",67.5,0.364704876434944,5,0,0,0.000650829808005207,8
MMRd,Myeloid-ISG,IDO1,"(-25,-20]","[0,0.729]",-22.5,0.364704876434944,7,0,0,0.00115807792800024,8
MMRd,Myeloid-noDC-noGran,IDO1,"(-25,-20]","[0,0.729]",-22.5,0.364704876434944,8,0.000153078063373487,3.11074243052675e-05,0.000407117119425656,8
MMRd,Myeloid-noDC-noGran,IDO1,"(25,30]","(2.19,2.92]",27.5,2.55293413504461,6,6.76498444053579e-05,0,0.000218804574440933,8
MMRd,Myeloid-ISG,IDO1,"(-20,-15]","(1.46,2.19]",-17.5,1.82352438217472,4,0.000589990672630856,0.000111790132657624,0.00110966963133577,8
MMRd,Myeloid-noDC-noGran,IDO1,"(35,40]","[0,0.729]",37.5,0.364704876434944,5,0,0,0.000358037952022914,8
MMRd,Myeloid-noDC-noGran,IDO1,"(-55,-50]","(2.92,3.65]",-52.5,3.2823438879145,6,0.000182829520276879,0.000127364894172138,0.000227312810130023,8
MMRd,Myeloid-noDC-noGran,IDO1,"(-65,-60]","(2.92,3.65]",-62.5,3.2823438879145,5,0,0,0.000294798905032638,8
MMRd,Myeloid-noDC-noGran,IDO1,"(-70,-65]","(2.19,2.92]",-67.5,2.55293413504461,5,0,0,0.000255264837268666,8
MMRd,Myeloid-noDC-noGran,IDO1,"(75,80]","[0,0.729]",77.5,0.364704876434944,4,0,0,0.00026567481402763,8
MMRd,Myeloid-noDC-noGran,IDO1,"(-75,-70]","(3.65,4.38]",-72.5,4.01175364078438,4,0.000360510927418909,0.000268336314847943,0.000439878167372183,8
MMRd,Myeloid-noDC-noGran,IDO1,"(-65,-60]","[0,0.729]",-62.5,0.364704876434944,8,0,0,0,8
MMRd,Myeloid-noDC-noGran,IDO1,"(-70,-65]","(3.65,4.38]",-67.5,4.01175364078438,5,0,0,0.000122759636631476,8
MMRd,Myeloid-noDC-noGran,IDO1,"(25,30]","[0,0.729]",27.5,0.364704876434944,5,0,0,0.000258498125888587,8
MMRd,Myeloid-ISG,IDO1,"(-40,-35]","[0,0.729]",-37.5,0.364704876434944,4,0,0,0.000174947515745276,8
MMRd,Myeloid-noDC-noGran,IDO1,"(-40,-35]","[0,0.729]",-37.5,0.364704876434944,8,8.33543486922984e-05,0,0.000249068991305078,8
MMRd,Myeloid-noDC-noGran,IDO1,"(-55,-50]","(2.19,2.92]",-52.5,2.55293413504461,6,0,0,5.53628109544549e-05,8
MMRd,Myeloid-noDC-noGran,IDO1,"(40,45]","[0,0.729]",42.5,0.364704876434944,6,7.63475339746526e-05,0,0.000581061932025328,8
MMRd,Myeloid-noDC-noGran,IDO1,"(65,70]","(2.19,2.92]",67.5,2.55293413504461,4,0,0,0.000621890547263682,8
MMRd,Myeloid-noDC-noGran,IDO1,"(-30,-25]","(1.46,2.19]",-27.5,1.82352438217472,5,0.000154571450653064,0,0.000228571428571429,8
MMRd,Myeloid-ISG,IDO1,"(-30,-25]","(2.19,2.92]",-27.5,2.55293413504461,4,9.85415845486795e-05,0,0.000211843794905492,8
MMRd,Myeloid-noDC-noGran,IDO1,"(-30,-25]","(2.19,2.92]",-27.5,2.55293413504461,8,0.000115460093435067,0,0.000197133463861055,8
MMRd,Myeloid-noDC-noGran,IDO1,"(35,40]","(1.46,2.19]",37.5,1.82352438217472,5,0,0,0,8
MMRd,Myeloid-noDC-noGran,IDO1,"(40,45]","(2.19,2.92]",42.5,2.55293413504461,7,0.000597014925373134,0,0.00106952266411367,8
MMRd,Myeloid-noDC-noGran,IDO1,"(-70,-65]","[0,0.729]",-67.5,0.364704876434944,8,0,0,2.6618398637138e-05,8
MMRd,Myeloid-noDC-noGran,IDO1,"(25,30]","(1.46,2.19]",27.5,1.82352438217472,5,0.000572901747350329,0,0.000581395348837209,8
MMRd,Myeloid-noDC-noGran,IDO1,"(40,45]","(1.46,2.19]",42.5,1.82352438217472,5,0,0,0,8
MMRd,Myeloid-ISG,IDO1,"(-20,-15]","[0,0.729]",-17.5,0.364704876434944,6,0,0,0,8
MMRd,Myeloid-noDC-noGran,IDO1,"(-20,-15]","[0,0.729]",-17.5,0.364704876434944,8,4.60122699386503e-05,0,0.000320066291314538,8
MMRd,Myeloid-noDC-noGran,IDO1,"(55,60]","(2.19,2.92]",57.5,2.55293413504461,5,0,0,0,8
MMRd,Myeloid-noDC-noGran,IDO1,"(-60,-55]","(2.19,2.92]",-57.5,2.55293413504461,5,0.000300751879699248,0.000228206298493838,0.000370530476131662,8
MMRd,Myeloid-noDC-noGran,IDO1,"(55,60]","(1.46,2.19]",57.5,1.82352438217472,4,0,0,8.4005376344086e-05,8
MMRd,Myeloid-noDC-noGran,IDO1,"(-65,-60]","(4.38,5.11]",-62.5,4.74116339365427,4,0.00143799109351127,0.00100491290754801,0.00160010240655402,8
MMRd,Myeloid-noDC-noGran,IDO1,"(50,55]","[0,0.729]",52.5,0.364704876434944,7,0,0,0,8
MMRd,Myeloid-noDC-noGran,IDO1,"(30,35]","[0,0.729]",32.5,0.364704876434944,5,0,0,0.000330687830687831,8
MMRd,Myeloid-ISG,IDO1,"(-45,-40]","[0,0.729]",-42.5,0.364704876434944,4,0.000279017857142857,0,0.000649154091987348,8
MMRd,Myeloid-noDC-noGran,IDO1,"(-45,-40]","[0,0.729]",-42.5,0.364704876434944,7,0,0,0.000226684590515869,8
MMRd,Myeloid-noDC-noGran,IDO1,"(-40,-35]","(1.46,2.19]",-37.5,1.82352438217472,6,0,0,0,8
MMRd,Myeloid-noDC-noGran,IDO1,"(40,45]","(2.92,3.65]",42.5,3.2823438879145,7,0,0,0,8
MMRd,Myeloid-ISG,IDO1,"(15,20]","(3.65,4.38]",17.5,4.01175364078438,4,0.000790576330144676,0.000415052573325955,0.00128521521407213,8
MMRd,Myeloid-noDC-noGran,IDO1,"(-60,-55]","(3.65,4.38]",-57.5,4.01175364078438,5,0.000194931773879142,0,0.000222074172773706,8
MMRd,Myeloid-ISG,IDO1,"(-45,-40]","(4.38,5.11]",-42.5,4.74116339365427,4,0.00220504276240337,0.00139063172235767,0.00340182864066918,8
MMRd,Myeloid-noDC-noGran,IDO1,"(-60,-55]","(2.92,3.65]",-57.5,3.2823438879145,6,0.000414647020237328,6.89726523433459e-05,0.000556644220853957,8
MMRd,Myeloid-noDC-noGran,IDO1,"(-45,-40]","(2.19,2.92]",-42.5,2.55293413504461,6,0.000264530229437958,0.000174661331232037,0.000707597128528305,8
MMRd,Myeloid-noDC-noGran,IDO1,"(45,50]","(1.46,2.19]",47.5,1.82352438217472,4,0.000167897918065816,0,0.000515977886079178,8
MMRd,Myeloid-noDC-noGran,IDO1,"(-55,-50]","(4.38,5.11]",-52.5,4.74116339365427,7,0.000991080277502478,0.000229568411386593,0.00137226654846336,8
MMRd,Myeloid-noDC-noGran,IDO1,"(-80,-75]","[0,0.729]",-77.5,0.364704876434944,8,0,0,0.000118447589679066,8
MMRd,Myeloid-noDC-noGran,IDO1,"(-75,-70]","(2.92,3.65]",-72.5,3.2823438879145,5,0.00027610326262022,0,0.000309071240921032,8
MMRd,Myeloid-noDC-noGran,IDO1,"(-90,-85]","[0,0.729]",-87.5,0.364704876434944,8,0.000112807400165451,0,0.000369595600886818,8
MMRd,Myeloid-noDC-noGran,IDO1,"(-85,-80]","(2.19,2.92]",-82.5,2.55293413504461,4,6.10165354811154e-05,0,0.000136247522362997,8
MMRd,Myeloid-noDC-noGran,IDO1,"(-90,-85]","(2.19,2.92]",-87.5,2.55293413504461,4,5.95947556615018e-05,0,0.000130102115579861,8
MMRd,Myeloid-noDC-noGran,IDO1,"(80,85]","[0,0.729]",82.5,0.364704876434944,4,0.000678627873642469,0.000280478683620045,0.00106256065610244,8
MMRd,Myeloid-noDC-noGran,IDO1,"(-85,-80]","[0,0.729]",-82.5,0.364704876434944,8,0,0,0.000383952899769946,8
MMRd,Myeloid-noDC-noGran,IDO1,"(-80,-75]","(2.92,3.65]",-77.5,3.2823438879145,4,0.000318469259396462,0.000214776632302406,0.00040537739924243,8
MMRd,Myeloid-noDC-noGran,IDO1,"(60,65]","(2.92,3.65]",62.5,3.2823438879145,4,0.000823723228995058,0,0.00167061964627681,8
MMRd,Myeloid-noDC-noGran,IDO1,"(60,65]","(2.19,2.92]",62.5,2.55293413504461,4,0,0,8.51788756388416e-05,8
MMRd,Myeloid-noDC-noGran,IDO1,"(70,75]","[0,0.729]",72.5,0.364704876434944,5,0,0,0,8
MMRd,Myeloid-noDC-noGran,IDO1,"(70,75]","(2.19,2.92]",72.5,2.55293413504461,4,0,0,0.000158730158730159,8
MMRd,Myeloid-noDC-noGran,IDO1,"(90,95]","[0,0.729]",92.5,0.364704876434944,4,0.000176865935620799,0,0.000604819048293128,8
MMRd,Myeloid-noDC-noGran,IDO1,"(45,50]","(2.19,2.92]",47.5,2.55293413504461,5,0,0,0,8
MMRd,Myeloid-noDC-noGran,IDO1,"(-60,-55]","[0,0.729]",-57.5,0.364704876434944,8,0,0,0.000129533678756477,8
MMRd,Myeloid-noDC-noGran,IDO1,"(55,60]","(2.92,3.65]",57.5,3.2823438879145,5,0.000666222518321119,0,0.000668225860340795,8
MMRd,Myeloid-noDC-noGran,IDO1,"(-80,-75]","(2.19,2.92]",-77.5,2.55293413504461,4,0.000209419196087028,0.000118727243944911,0.000505960556396812,8
MMRd,Myeloid-noDC-noGran,IDO1,"(20,25]","(0.729,1.46]",22.5,1.09411462930483,4,0,0,0,8
MMRd,Myeloid-noDC-noGran,IDO1,"(55,60]","[0,0.729]",57.5,0.364704876434944,5,0,0,0,8
MMRd,Myeloid-noDC-noGran,IDO1,"(-15,-10]","(0.729,1.46]",-12.5,1.09411462930483,4,9.10282551704049e-05,0,0.000199994159405354,8
MMRd,Myeloid-noDC-noGran,IDO1,"(-45,-40]","(1.46,2.19]",-42.5,1.82352438217472,4,2.64256646054648e-05,0,8.09676422214722e-05,8
MMRd,Myeloid-noDC-noGran,IDO1,"(-50,-45]","(1.46,2.19]",-47.5,1.82352438217472,4,0,0,6.37633105910859e-05,8
MMRd,Tcd4-CXCL13,IDO1,"(-5,0]","(3.65,4.38]",-2.5,4.01175364078438,7,0,0,0.000724291336572352,8
MMRd,Tcd4-CXCL13,IDO1,"(-10,-5]","(2.92,3.65]",-7.5,3.2823438879145,7,0,0,0.000346404425906244,8
MMRd,Tcd4-CXCL13,IDO1,"(0,5]","(2.19,2.92]",2.5,2.55293413504461,5,0,0,0,8
MMRd,Tcd4-CXCL13,IDO1,"(-10,-5]","(1.46,2.19]",-7.5,1.82352438217472,4,0,0,0,8
MMRd,Tcd4-CXCL13,IDO1,"(-5,0]","(2.19,2.92]",-2.5,2.55293413504461,6,0,0,0.000437062937062937,8
MMRd,Tcd4-CXCL13,IDO1,"(-5,0]","(1.46,2.19]",-2.5,1.82352438217472,6,0,0,0.000649350649350649,8
MMRd,Tcd4-CXCL13,IDO1,"(-10,-5]","(2.19,2.92]",-7.5,2.55293413504461,6,0,0,0,8
MMRd,Tcd4-CXCL13,IDO1,"(-15,-10]","(2.92,3.65]",-12.5,3.2823438879145,6,0,0,0,8
MMRd,Tcd4-CXCL13,IDO1,"(-15,-10]","(3.65,4.38]",-12.5,4.01175364078438,4,0.000338638672536404,0,0.00100896001281262,8
MMRd,Tcd4-CXCL13,IDO1,"(0,5]","(2.92,3.65]",2.5,3.2823438879145,6,0,0,0,8
MMRd,Tcd4-CXCL13,IDO1,"(-5,0]","(2.92,3.65]",-2.5,3.2823438879145,6,0.000518581487986196,9.89315393747527e-05,0.000641745597429642,8
MMRd,Tcd4-CXCL13,IDO1,"(-5,0]","[0,0.729]",-2.5,0.364704876434944,4,0,0,0.000647668393782383,8
MMRd,Tcd4-CXCL13,IDO1,"(0,5]","(1.46,2.19]",2.5,1.82352438217472,4,0,0,0,8
MMRd,Tcd4-CXCL13,IDO1,"(-10,-5]","(3.65,4.38]",-7.5,4.01175364078438,4,0.000237727326756211,0,0.000695191441601585,8
MMRd,Tcd4-Treg-comb,IDO1,"(-10,-5]","(3.65,4.38]",-7.5,4.01175364078438,8,0.000352408579568312,0,0.000577845727607528,8
MMRd,Tcd4-Treg-comb,IDO1,"(-5,0]","(4.38,5.11]",-2.5,4.74116339365427,4,0.000651023493294675,0.000531704022232065,0.000836962221002336,8
MMRd,Tcd4-Treg-comb,IDO1,"(-10,-5]","(2.92,3.65]",-7.5,3.2823438879145,8,0.000281084273309351,0,0.000458192317705252,8
MMRd,Tcd4-Treg-comb,IDO1,"(-5,0]","(2.92,3.65]",-2.5,3.2823438879145,8,5.21811730327698e-05,0,0.000388116758378424,8
MMRd,Tcd4-Treg-comb,IDO1,"(-5,0]","(3.65,4.38]",-2.5,4.01175364078438,7,0.000491642084562439,0.000142247510668563,0.00155326108445211,8
MMRd,Tcd4-Treg-comb,IDO1,"(-10,-5]","(4.38,5.11]",-7.5,4.74116339365427,5,0.00105042016806723,0.000306216188629172,0.00109289617486339,8
MMRd,Tcd4-Treg-comb,IDO1,"(0,5]","(2.92,3.65]",2.5,3.2823438879145,6,0.000130718954248366,0,0.000775250627147846,8
MMRd,Tcd4-Treg-comb,IDO1,"(-15,-10]","(1.46,2.19]",-12.5,1.82352438217472,4,0,0,0,8
MMRd,Tcd4-Treg-comb,IDO1,"(-10,-5]","[0,0.729]",-7.5,0.364704876434944,6,0,0,0.00056390977443609,8
MMRd,Tcd4-Treg-comb,IDO1,"(-5,0]","(2.19,2.92]",-2.5,2.55293413504461,7,0,0,0.000245338375766307,8
MMRd,Tcd4-Treg-comb,IDO1,"(-15,-10]","(2.19,2.92]",-12.5,2.55293413504461,7,0.000270855904658722,0,0.000661686191517002,8
MMRd,Tcd4-Treg-comb,IDO1,"(0,5]","(3.65,4.38]",2.5,4.01175364078438,4,0.000306560392397302,0,0.00082427207547642,8
MMRd,Tcd4-Treg-comb,IDO1,"(-15,-10]","(3.65,4.38]",-12.5,4.01175364078438,7,0,0,0.000490389428217904,8
MMRd,Tcd4-Treg-comb,IDO1,"(-5,0]","(1.46,2.19]",-2.5,1.82352438217472,7,0,0,0,8
MMRd,Tcd4-Treg-comb,IDO1,"(0,5]","(2.19,2.92]",2.5,2.55293413504461,6,0.000130616509926855,0,0.000618813790018778,8
MMRd,Tcd4-Treg-comb,IDO1,"(-5,0]","[0,0.729]",-2.5,0.364704876434944,5,0,0,0.000494071146245059,8
MMRd,Tcd4-Treg-comb,IDO1,"(-25,-20]","(2.19,2.92]",-22.5,2.55293413504461,5,0,0,0.000864304235090752,8
MMRd,Tcd4-Treg-comb,IDO1,"(-20,-15]","(2.92,3.65]",-17.5,3.2823438879145,7,0,0,5.53219738880283e-05,8
MMRd,Tcd4-Treg-comb,IDO1,"(-10,-5]","(2.19,2.92]",-7.5,2.55293413504461,7,0.00026525198938992,0,0.000266809135721351,8
MMRd,Tcd4-Treg-comb,IDO1,"(-20,-15]","(2.19,2.92]",-17.5,2.55293413504461,6,0,0,0,8
MMRd,Tcd4-Treg-comb,IDO1,"(-15,-10]","(2.92,3.65]",-12.5,3.2823438879145,7,0,0,0.000792630571323721,8
MMRd,Tcd4-Treg-comb,IDO1,"(-15,-10]","[0,0.729]",-12.5,0.364704876434944,5,0,0,0,8
MMRd,Tcd4-Treg-comb,IDO1,"(-20,-15]","(3.65,4.38]",-17.5,4.01175364078438,6,0.000307881773399015,0,0.000887526899659527,8
MMRd,Tcd4-Treg-comb,IDO1,"(5,10]","(2.19,2.92]",7.5,2.55293413504461,6,0,0,0,8
MMRd,Tcd4-Treg-comb,IDO1,"(5,10]","(2.92,3.65]",7.5,3.2823438879145,5,0,0,0.000480769230769231,8
MMRd,Tcd4-Treg-comb,IDO1,"(-10,-5]","(1.46,2.19]",-7.5,1.82352438217472,7,0,0,0,8
MMRd,Tcd4-Treg-comb,IDO1,"(0,5]","(1.46,2.19]",2.5,1.82352438217472,5,0,0,0.00193423597678917,8
MMRd,Tcd4-Treg-comb,IDO1,"(-30,-25]","(2.92,3.65]",-27.5,3.2823438879145,4,0,0,0,8
MMRd,Tcd4-Treg-comb,IDO1,"(-25,-20]","(2.92,3.65]",-22.5,3.2823438879145,5,0,0,0,8
MMRd,Tcd4-Treg-comb,IDO1,"(-25,-20]","(3.65,4.38]",-22.5,4.01175364078438,4,0.000138274336283186,0,0.000457161754175029,8
MMRd,Tcd4-Treg-comb,IDO1,"(-35,-30]","(2.92,3.65]",-32.5,3.2823438879145,5,0,0,0,8
MMRd,Tcd8-CXCL13-comb,IDO1,"(0,5]","(3.65,4.38]",2.5,4.01175364078438,7,0.00067150147730325,0,0.00141609502068607,8
MMRd,CD8-all,IDO1,"(0,5]","(3.65,4.38]",2.5,4.01175364078438,7,0.000529941706412295,0.000183891136447223,0.000959115946540238,8
MMRd,Tcd8-CXCL13-comb,IDO1,"(-5,0]","(2.92,3.65]",-2.5,3.2823438879145,7,0.000191131498470948,0,0.000384260425237188,8
MMRd,CD8-all,IDO1,"(-5,0]","(2.92,3.65]",-2.5,3.2823438879145,8,0.000363639485159917,0.000229644307232483,0.000642527592683605,8
MMRd,Tcd8-CXCL13-comb,IDO1,"(-5,0]","(4.38,5.11]",-2.5,4.74116339365427,4,0.000312956394742333,0,0.000733426144383826,8
MMRd,CD8-all,IDO1,"(-5,0]","(4.38,5.11]",-2.5,4.74116339365427,7,0.000494071146245059,0,0.00129841544726083,8
MMRd,Tcd8-CXCL13-comb,IDO1,"(-5,0]","(3.65,4.38]",-2.5,4.01175364078438,7,0.000692041522491349,0.000288850375505488,0.000915357749944974,8
MMRd,CD8-all,IDO1,"(-5,0]","(3.65,4.38]",-2.5,4.01175364078438,8,0.000493083672821497,0.000120931518208831,0.000840231347340458,8
MMRd,Tcd8-CXCL13-comb,IDO1,"(-10,-5]","(3.65,4.38]",-7.5,4.01175364078438,6,0.000810250976022027,0.000125733445096396,0.00125341801694059,8
MMRd,CD8-all,IDO1,"(-10,-5]","(3.65,4.38]",-7.5,4.01175364078438,8,0.000476455726420912,0.000214599097094169,0.000924690131810375,8
MMRd,CD8-all,IDO1,"(10,15]","(3.65,4.38]",12.5,4.01175364078438,4,0.000388980745032916,0.00018046198267565,0.000591262146921917,8
MMRd,CD8-all,IDO1,"(-10,-5]","(4.38,5.11]",-7.5,4.74116339365427,4,0.000544561790836468,0.000330250990752972,0.00123137819003996,8
MMRd,CD8-all,IDO1,"(5,10]","(3.65,4.38]",7.5,4.01175364078438,7,0,0,0,8
MMRd,CD8-all,IDO1,"(5,10]","(2.92,3.65]",7.5,3.2823438879145,7,0.000361925443358668,0.000101255569056298,0.000961500986054923,8
MMRd,CD8-all,IDO1,"(25,30]","(1.46,2.19]",27.5,1.82352438217472,5,0,0,0,8
MMRd,Tcd8-CXCL13-comb,IDO1,"(-10,-5]","(2.19,2.92]",-7.5,2.55293413504461,6,0.000278086763070078,0,0.000686488637009491,8
MMRd,CD8-all,IDO1,"(-10,-5]","(2.19,2.92]",-7.5,2.55293413504461,7,0.000283527076835838,0,0.000496317734912203,8
MMRd,CD8-all,IDO1,"(-10,-5]","[0,0.729]",-7.5,0.364704876434944,6,0,0,0,8
MMRd,CD8-all,IDO1,"(15,20]","(2.92,3.65]",17.5,3.2823438879145,7,0.000312891113892366,0,0.000442756739824848,8
MMRd,Tcd8-CXCL13-comb,IDO1,"(-5,0]","[0,0.729]",-2.5,0.364704876434944,4,0.000401123144805455,0,0.000992921023937447,8
MMRd,CD8-all,IDO1,"(-5,0]","[0,0.729]",-2.5,0.364704876434944,5,0,0,0.000326637269312429,8
MMRd,Tcd8-CXCL13-comb,IDO1,"(-5,0]","(1.46,2.19]",-2.5,1.82352438217472,6,0,0,0,8
MMRd,CD8-all,IDO1,"(-5,0]","(1.46,2.19]",-2.5,1.82352438217472,6,0.000296213906901447,4.12541254125413e-05,0.000473153194338548,8
MMRd,Tcd8-CXCL13-comb,IDO1,"(-10,-5]","(2.92,3.65]",-7.5,3.2823438879145,6,0.000102480016396803,0,0.000516982090583001,8
MMRd,CD8-all,IDO1,"(-10,-5]","(2.92,3.65]",-7.5,3.2823438879145,7,0.000345761539791391,0,0.000570224241983063,8
MMRd,Tcd8-CXCL13-comb,IDO1,"(-5,0]","(2.19,2.92]",-2.5,2.55293413504461,6,7.73993808049536e-05,0,0.000173543271848,8
MMRd,CD8-all,IDO1,"(-5,0]","(2.19,2.92]",-2.5,2.55293413504461,7,0.000177888463933114,0,0.0005173217075469,8
MMRd,Tcd8-CXCL13-comb,IDO1,"(0,5]","(1.46,2.19]",2.5,1.82352438217472,5,0,0,0,8
MMRd,CD8-all,IDO1,"(0,5]","(1.46,2.19]",2.5,1.82352438217472,6,0,0,0.000303889789303079,8
MMRd,Tcd8-CXCL13-comb,IDO1,"(15,20]","(2.19,2.92]",17.5,2.55293413504461,5,0,0,0,8
MMRd,CD8-all,IDO1,"(15,20]","(2.19,2.92]",17.5,2.55293413504461,6,0,0,0,8
MMRd,CD8-all,IDO1,"(15,20]","[0,0.729]",17.5,0.364704876434944,4,0,0,0,8
MMRd,Tcd8-CXCL13-comb,IDO1,"(-10,-5]","(1.46,2.19]",-7.5,1.82352438217472,4,0,0,0,8
MMRd,CD8-all,IDO1,"(-10,-5]","(1.46,2.19]",-7.5,1.82352438217472,7,0,0,0,8
MMRd,CD8-all,IDO1,"(15,20]","(1.46,2.19]",17.5,1.82352438217472,5,0,0,0,8
MMRd,CD8-all,IDO1,"(30,35]","(2.19,2.92]",32.5,2.55293413504461,5,0,0,0,8
MMRd,Tcd8-CXCL13-comb,IDO1,"(20,25]","(2.19,2.92]",22.5,2.55293413504461,5,0,0,0,8
MMRd,CD8-all,IDO1,"(20,25]","(2.19,2.92]",22.5,2.55293413504461,5,0,0,0,8
MMRd,Tcd8-CXCL13-comb,IDO1,"(5,10]","(2.19,2.92]",7.5,2.55293413504461,5,0,0,0.000536193029490617,8
MMRd,CD8-all,IDO1,"(5,10]","(2.19,2.92]",7.5,2.55293413504461,6,0.000154942671211652,0,0.000446929463684644,8
MMRd,CD8-all,IDO1,"(-15,-10]","(2.92,3.65]",-12.5,3.2823438879145,7,0,0,0.000175475538709904,8
MMRd,Tcd8-CXCL13-comb,IDO1,"(20,25]","(1.46,2.19]",22.5,1.82352438217472,5,0,0,0,8
MMRd,CD8-all,IDO1,"(20,25]","(1.46,2.19]",22.5,1.82352438217472,5,0,0,0.000659195781147001,8
MMRd,Tcd8-CXCL13-comb,IDO1,"(0,5]","(2.19,2.92]",2.5,2.55293413504461,6,0,0,0,8
MMRd,CD8-all,IDO1,"(0,5]","(2.19,2.92]",2.5,2.55293413504461,7,0.000374391613627855,0,0.000587653377558992,8
MMRd,Tcd8-CXCL13-comb,IDO1,"(0,5]","(2.92,3.65]",2.5,3.2823438879145,6,0.000140964195094446,0,0.00062317185436373,8
MMRd,CD8-all,IDO1,"(0,5]","(2.92,3.65]",2.5,3.2823438879145,7,0.000458505272810637,0.0001354096140826,0.000651667769272106,8
MMRd,Tcd8-CXCL13-comb,IDO1,"(5,10]","(1.46,2.19]",7.5,1.82352438217472,5,0,0,0,8
MMRd,CD8-all,IDO1,"(5,10]","(1.46,2.19]",7.5,1.82352438217472,5,0,0,0.000669792364367046,8
MMRd,Tcd8-CXCL13-comb,IDO1,"(10,15]","(2.92,3.65]",12.5,3.2823438879145,4,0,0,0,8
MMRd,CD8-all,IDO1,"(10,15]","(2.92,3.65]",12.5,3.2823438879145,6,0,0,0,8
MMRd,Tcd8-CXCL13-comb,IDO1,"(5,10]","(2.92,3.65]",7.5,3.2823438879145,6,0,0,0.000375563345017526,8
MMRd,CD8-all,IDO1,"(10,15]","(2.19,2.92]",12.5,2.55293413504461,6,0,0,0.000180028804608737,8
MMRd,CD8-all,IDO1,"(30,35]","(1.46,2.19]",32.5,1.82352438217472,5,0,0,0,8
MMRd,CD8-all,IDO1,"(25,30]","(2.19,2.92]",27.5,2.55293413504461,4,0.000232666356444858,0,0.00050587048216781,8
MMRd,CD8-all,IDO1,"(35,40]","(2.19,2.92]",37.5,2.55293413504461,4,0.00015600624024961,0,0.000337529029111475,8
MMRd,Tcd8-CXCL13-comb,IDO1,"(10,15]","(1.46,2.19]",12.5,1.82352438217472,5,0,0,0,8
MMRd,CD8-all,IDO1,"(10,15]","(1.46,2.19]",12.5,1.82352438217472,6,0,0,0.000477402928071292,8
MMRd,CD8-all,IDO1,"(-5,0]","(0.729,1.46]",-2.5,1.09411462930483,6,0,0,0,8
MMRd,Tcd8-CXCL13-comb,IDO1,"(0,5]","[0,0.729]",2.5,0.364704876434944,4,0,0,0,8
MMRd,CD8-all,IDO1,"(0,5]","[0,0.729]",2.5,0.364704876434944,5,0,0,0,8
MMRd,CD8-all,IDO1,"(-15,-10]","(3.65,4.38]",-12.5,4.01175364078438,6,0.000462544157731077,9.70078468569458e-05,0.000775107296662538,8
MMRd,Tcd8-CXCL13-comb,IDO1,"(-15,-10]","(2.19,2.92]",-12.5,2.55293413504461,5,0,0,0.001085776330076,8
MMRd,CD8-all,IDO1,"(-15,-10]","(2.19,2.92]",-12.5,2.55293413504461,7,0,0,0.000258397932816537,8
MMRd,Tcd8-CXCL13-comb,IDO1,"(-20,-15]","(2.92,3.65]",-17.5,3.2823438879145,4,0,0,0.000547045951859956,8
MMRd,CD8-all,IDO1,"(-20,-15]","(2.92,3.65]",-17.5,3.2823438879145,5,0,0,0.000579038795599305,8
MMRd,Tcd8-CXCL13-comb,IDO1,"(-15,-10]","(2.92,3.65]",-12.5,3.2823438879145,5,0,0,0.000535618639528656,8
MMRd,Tcd8-CXCL13-comb,IDO1,"(10,15]","(2.19,2.92]",12.5,2.55293413504461,4,0,0,0.000134698275862069,8
MMRd,CD8-all,IDO1,"(-25,-20]","(3.65,4.38]",-22.5,4.01175364078438,4,0.00019300548135567,0,0.000609610654811995,8
MMRd,CD8-all,IDO1,"(-25,-20]","(2.92,3.65]",-22.5,3.2823438879145,4,0.000184009568497562,0,0.000693376623197094,8
MMRd,CD8-all,IDO1,"(-15,-10]","[0,0.729]",-12.5,0.364704876434944,4,0,0,0.000374812593703148,8
MMRd,CD8-all,IDO1,"(5,10]","[0,0.729]",7.5,0.364704876434944,4,0,0,0,8
MMRd,Tcd8-CXCL13-comb,IDO1,"(-10,-5]","[0,0.729]",-7.5,0.364704876434944,4,0,0,0,8
MMRd,CD8-all,IDO1,"(-20,-15]","(2.19,2.92]",-17.5,2.55293413504461,4,0,0,0.000506072874493927,8
MMRd,CD8-all,IDO1,"(-25,-20]","(2.19,2.92]",-22.5,2.55293413504461,4,9.76944118796405e-05,0,0.000351627753996655,8
MMRd,CD8-all,IDO1,"(-20,-15]","(3.65,4.38]",-17.5,4.01175364078438,5,0.000716460684219953,0.000668002672010688,0.00119118522930316,8
MMRd,CD8-all,IDO1,"(35,40]","(3.65,4.38]",37.5,4.01175364078438,4,0,0,0.000173130193905817,8
MMRd,CD8-all,IDO1,"(20,25]","(2.92,3.65]",22.5,3.2823438879145,4,0,0,0,8
MMRd,CD8-all,IDO1,"(-25,-20]","[0,0.729]",-22.5,0.364704876434944,4,0,0,0,8
MMRd,Tcd8-CXCL13-LAG3,IDO1,"(-5,0]","(2.19,2.92]",-2.5,2.55293413504461,6,0,0,0.000508819538670285,8
MMRd,Tcd8-CXCL13-LAG3,IDO1,"(-5,0]","(2.92,3.65]",-2.5,3.2823438879145,6,0,0,0.000538793103448276,8
MMRd,Tcd8-CXCL13-LAG3,IDO1,"(-5,0]","(1.46,2.19]",-2.5,1.82352438217472,4,0,0,0.000271739130434783,8
MMRd,Tcd8-CXCL13-LAG3,IDO1,"(0,5]","(2.19,2.92]",2.5,2.55293413504461,4,0,0,0.00118483412322275,8
MMRd,Tcd8-GZMK,IDO1,"(-5,0]","(2.92,3.65]",-2.5,3.2823438879145,6,0,0,0.000319897632757518,8
MMRd,Tcd8-GZMK,IDO1,"(-5,0]","(2.19,2.92]",-2.5,2.55293413504461,6,0,0,0,8
MMRd,Tcd8-GZMK,IDO1,"(-15,-10]","(2.92,3.65]",-12.5,3.2823438879145,4,0,0,0,8
MMRd,Tcd8-GZMK,IDO1,"(-10,-5]","(2.92,3.65]",-7.5,3.2823438879145,4,0.000164095831965868,0,0.000589550341355395,8
MMRd,Tcd8-GZMK,IDO1,"(0,5]","(2.92,3.65]",2.5,3.2823438879145,4,0.000271591526344378,0,0.000622718900197015,8
MMRd,Tcd8-GZMK,IDO1,"(-10,-5]","(2.19,2.92]",-7.5,2.55293413504461,4,0,0,0.000252525252525253,8
MMRd,Tcd8-HOBIT,IDO1,"(-5,0]","[0,0.729]",-2.5,0.364704876434944,4,0,0,0,8
MMRd,Tcd8-HOBIT,IDO1,"(-5,0]","(3.65,4.38]",-2.5,4.01175364078438,5,0,0,0,8
MMRd,Tcd8-HOBIT,IDO1,"(-5,0]","(2.19,2.92]",-2.5,2.55293413504461,6,0.000368459837877671,0,0.0014171066312676,8
MMRd,Tcd8-HOBIT,IDO1,"(0,5]","(2.19,2.92]",2.5,2.55293413504461,5,0,0,0,8
MMRd,Tcd8-HOBIT,IDO1,"(-5,0]","(2.92,3.65]",-2.5,3.2823438879145,6,0.00028572432420491,6.87001923605386e-05,0.000590690895361751,8
MMRd,Tcd8-HOBIT,IDO1,"(-5,0]","(1.46,2.19]",-2.5,1.82352438217472,5,0,0,0,8
MMRd,Tcd8-HOBIT,IDO1,"(-10,-5]","(2.92,3.65]",-7.5,3.2823438879145,4,0.000369640216855594,0,0.000801252033082009,8
MMRd,Tcd8-HOBIT,IDO1,"(0,5]","(2.92,3.65]",2.5,3.2823438879145,5,0.000587199060481503,0,0.000742390497401633,8
MMRd,Tcd8-HOBIT,IDO1,"(-10,-5]","(2.19,2.92]",-7.5,2.55293413504461,5,0,0,0,8
MMRd,Tplzf-gdlike-comb,IDO1,"(-10,-5]","(3.65,4.38]",-7.5,4.01175364078438,4,0,0,0.000223413762287757,8
MMRd,Tplzf-gdlike-comb,IDO1,"(-5,0]","(3.65,4.38]",-2.5,4.01175364078438,7,0.000378979282465892,0,0.000979115613289009,8
MMRd,Tplzf-gdlike-comb,IDO1,"(-5,0]","[0,0.729]",-2.5,0.364704876434944,4,0,0,0.000116877045348294,8
MMRd,Tplzf-gdlike-comb,IDO1,"(-5,0]","(1.46,2.19]",-2.5,1.82352438217472,5,0,0,0,8
MMRd,Tplzf-gdlike-comb,IDO1,"(15,20]","(1.46,2.19]",17.5,1.82352438217472,5,0,0,0,8
MMRd,Tplzf-gdlike-comb,IDO1,"(20,25]","(2.19,2.92]",22.5,2.55293413504461,4,0.000301386377335744,0,0.000687041972018654,8
MMRd,Tplzf-gdlike-comb,IDO1,"(-5,0]","(2.92,3.65]",-2.5,3.2823438879145,6,0.000257611619345058,5.90318772136954e-05,0.000294863968473239,8
MMRd,Tplzf-gdlike-comb,IDO1,"(-5,0]","(2.19,2.92]",-2.5,2.55293413504461,6,0.000138312586445367,0,0.000700646610371154,8
MMRd,Tplzf-gdlike-comb,IDO1,"(0,5]","(1.46,2.19]",2.5,1.82352438217472,5,0,0,0,8
MMRd,Tplzf-gdlike-comb,IDO1,"(0,5]","(2.19,2.92]",2.5,2.55293413504461,6,0,0,0,8
MMRd,Tplzf-gdlike-comb,IDO1,"(-10,-5]","(2.92,3.65]",-7.5,3.2823438879145,5,0,0,0.000276701715550636,8
MMRd,Tplzf-gdlike-comb,IDO1,"(0,5]","(2.92,3.65]",2.5,3.2823438879145,6,0,0,0.000406945198046663,8
MMRd,Tplzf-gdlike-comb,IDO1,"(-10,-5]","(2.19,2.92]",-7.5,2.55293413504461,4,0,0,0.00031210986267166,8
MMRd,Tplzf-gdlike-comb,IDO1,"(-10,-5]","[0,0.729]",-7.5,0.364704876434944,4,0,0,0,8
MMRd,Tplzf-gdlike-comb,IDO1,"(5,10]","(2.19,2.92]",7.5,2.55293413504461,4,0,0,0.000732064421669107,8
MMRd,Tplzf-gdlike-comb,IDO1,"(5,10]","(2.92,3.65]",7.5,3.2823438879145,4,0,0,0,8
MMRd,Tplzf-gdlike-comb,IDO1,"(-10,-5]","(1.46,2.19]",-7.5,1.82352438217472,4,0,0,0,8
MMRd,Myeloid-mregDC,CXCL9,"(-15,-10]","(4.38,5.11]",-12.5,4.74116339365427,4,0.00328176761370086,0.00238594053965921,0.00437117928904592,8
MMRd,Myeloid-mregDC,CXCL9,"(-5,0]","(3.65,4.38]",-2.5,4.01175364078438,6,0.00278655463471196,0.00169114206321917,0.00363019406769756,8
MMRd,Myeloid-mregDC,CXCL9,"(-10,-5]","(3.65,4.38]",-7.5,4.01175364078438,5,0.001743679163034,0.00125470514429109,0.00181959968806863,8
MMRd,Myeloid-mregDC,CXCL9,"(-15,-10]","(2.92,3.65]",-12.5,3.2823438879145,7,0.00149476831091181,0.000301750150875075,0.00189785588101836,8
MMRd,Myeloid-mregDC,CXCL9,"(-5,0]","(2.92,3.65]",-2.5,3.2823438879145,7,0.00175438596491228,0.00120505796320171,0.00264279960487446,8
MMRd,Myeloid-mregDC,CXCL9,"(-10,-5]","(2.19,2.92]",-7.5,2.55293413504461,6,0.00177032411201221,0.000623051509212317,0.00336949943805654,8
MMRd,Myeloid-mregDC,CXCL9,"(-5,0]","(1.46,2.19]",-2.5,1.82352438217472,4,0.000906246284390234,0.000446960667461263,0.00169857228113667,8
MMRd,Myeloid-mregDC,CXCL9,"(-5,0]","(2.19,2.92]",-2.5,2.55293413504461,5,0.000544365813826892,0.000318979266347687,0.00135135135135135,8
MMRd,Myeloid-mregDC,CXCL9,"(-10,-5]","(2.92,3.65]",-7.5,3.2823438879145,7,0.00300042863266181,0.00241653167987928,0.0038279063913014,8
MMRd,Myeloid-mregDC,CXCL9,"(-15,-10]","(3.65,4.38]",-12.5,4.01175364078438,4,0.00358462004238571,0.00251888190134789,0.00464052287581699,8
MMRd,Myeloid-mregDC,CXCL9,"(-5,0]","[0,0.729]",-2.5,0.364704876434944,4,0,0,0.000788643533123028,8
MMRd,Myeloid-mregDC,CXCL9,"(-15,-10]","(2.19,2.92]",-12.5,2.55293413504461,4,0.000737463126843658,0,0.00149560278995396,8
MMRd,Myeloid-ISG,CXCL9,"(-10,-5]","(5.11,5.84]",-7.5,5.47057314652416,5,0.0106323447118075,0.00863464651915812,0.0152466367713004,8
MMRd,Myeloid-noDC-noGran,CXCL9,"(-10,-5]","(5.11,5.84]",-7.5,5.47057314652416,7,0.0119072487988302,0.00921780628653543,0.0206141887013597,8
MMRd,Myeloid-ISG,CXCL9,"(-40,-35]","(4.38,5.11]",-37.5,4.74116339365427,7,0.0128663330950679,0.00672809599738338,0.013615112267748,8
MMRd,Myeloid-noDC-noGran,CXCL9,"(-40,-35]","(4.38,5.11]",-37.5,4.74116339365427,7,0.00770218228498074,0.00570181970622142,0.0098745905152975,8
MMRd,Myeloid-noDC-noGran,CXCL9,"(20,25]","(3.65,4.38]",22.5,4.01175364078438,5,0.00499687695190506,0.0040045766590389,0.00581395348837209,8
MMRd,Myeloid-ISG,CXCL9,"(0,5]","(3.65,4.38]",2.5,4.01175364078438,8,0.00703362841841435,0.00651352260443333,0.00987782540326888,8
MMRd,Myeloid-noDC-noGran,CXCL9,"(0,5]","(3.65,4.38]",2.5,4.01175364078438,8,0.00488500897978985,0.00440213303575767,0.00566108212182336,8
MMRd,Myeloid-ISG,CXCL9,"(-10,-5]","(2.92,3.65]",-7.5,3.2823438879145,8,0.00542813431711253,0.00406763026161024,0.00698852031610848,8
MMRd,Myeloid-noDC-noGran,CXCL9,"(-10,-5]","(2.92,3.65]",-7.5,3.2823438879145,8,0.00292768360677768,0.00242631972314422,0.00350133438502734,8
MMRd,Myeloid-ISG,CXCL9,"(-5,0]","(5.11,5.84]",-2.5,5.47057314652416,6,0.0145363772651626,0.0106623459846885,0.0194506671819663,8
MMRd,Myeloid-noDC-noGran,CXCL9,"(-5,0]","(5.11,5.84]",-2.5,5.47057314652416,6,0.00986679543432389,0.00935321128600866,0.016004465468808,8
MMRd,Myeloid-ISG,CXCL9,"(-10,-5]","(3.65,4.38]",-7.5,4.01175364078438,8,0.00662344503139298,0.0052445034675582,0.0097490305767307,8
MMRd,Myeloid-noDC-noGran,CXCL9,"(-10,-5]","(3.65,4.38]",-7.5,4.01175364078438,8,0.00406491578967401,0.00335973025416289,0.00509469994184695,8
MMRd,Myeloid-noDC-noGran,CXCL9,"(45,50]","(2.92,3.65]",47.5,3.2823438879145,5,0.00211864406779661,0.00205338809034908,0.00264105642256903,8
MMRd,Myeloid-noDC-noGran,CXCL9,"(5,10]","(4.38,5.11]",7.5,4.74116339365427,7,0.004778972520908,0.00169986707342562,0.00735187347543032,8
MMRd,Myeloid-ISG,CXCL9,"(0,5]","(5.11,5.84]",2.5,5.47057314652416,4,0.0148294401318172,0.00922302175773701,0.0194940732655445,8
MMRd,Myeloid-noDC-noGran,CXCL9,"(0,5]","(5.11,5.84]",2.5,5.47057314652416,4,0.0101307407716487,0.00774439376935676,0.0118623556242183,8
MMRd,Myeloid-ISG,CXCL9,"(-15,-10]","(3.65,4.38]",-12.5,4.01175364078438,8,0.00828316330949697,0.00705866842083072,0.0093196634012435,8
MMRd,Myeloid-noDC-noGran,CXCL9,"(-15,-10]","(3.65,4.38]",-12.5,4.01175364078438,8,0.00399188011086641,0.00334093512857208,0.00566987291222408,8
MMRd,Myeloid-noDC-noGran,CXCL9,"(-95,-90]","(4.38,5.11]",-92.5,4.74116339365427,4,0.00520835900342542,0.00403791508378916,0.00600750029898686,8
MMRd,Myeloid-ISG,CXCL9,"(-15,-10]","(4.38,5.11]",-12.5,4.74116339365427,7,0.0127966496044672,0.00811983941394367,0.0150612919653317,8
MMRd,Myeloid-noDC-noGran,CXCL9,"(-15,-10]","(4.38,5.11]",-12.5,4.74116339365427,7,0.0079013528073746,0.00629132018840935,0.0091358728511977,8
MMRd,Myeloid-noDC-noGran,CXCL9,"(-95,-90]","[0,0.729]",-92.5,0.364704876434944,7,0,0,0.000716304524355919,8
MMRd,Myeloid-ISG,CXCL9,"(-15,-10]","(5.11,5.84]",-12.5,5.47057314652416,4,0.0127925368416599,0.0106482404822054,0.015564731424531,8
MMRd,Myeloid-noDC-noGran,CXCL9,"(-15,-10]","(5.11,5.84]",-12.5,5.47057314652416,6,0.0147072814211436,0.0118184412298247,0.0162298332211655,8
MMRd,Myeloid-noDC-noGran,CXCL9,"(-45,-40]","(4.38,5.11]",-42.5,4.74116339365427,6,0.00753560207720632,0.00510142679485979,0.00893823588061668,8
MMRd,Myeloid-ISG,CXCL9,"(-5,0]","(4.38,5.11]",-2.5,4.74116339365427,7,0.0133030052384891,0.00995015169009303,0.0159692423209256,8
MMRd,Myeloid-noDC-noGran,CXCL9,"(-5,0]","(4.38,5.11]",-2.5,4.74116339365427,8,0.00837967358039736,0.00621089156767591,0.00955821306950485,8
MMRd,Myeloid-ISG,CXCL9,"(-20,-15]","(3.65,4.38]",-17.5,4.01175364078438,8,0.00539406674026853,0.00486487895674833,0.00710557269642582,8
MMRd,Myeloid-noDC-noGran,CXCL9,"(-20,-15]","(3.65,4.38]",-17.5,4.01175364078438,8,0.00379719616280983,0.00334938678553539,0.00511962162973327,8
MMRd,Myeloid-ISG,CXCL9,"(-5,0]","(2.92,3.65]",-2.5,3.2823438879145,8,0.00626443907488805,0.00465897363115024,0.00750992469200055,8
MMRd,Myeloid-noDC-noGran,CXCL9,"(-5,0]","(2.92,3.65]",-2.5,3.2823438879145,8,0.0029825410777554,0.00261977120214289,0.00369811025336309,8
MMRd,Myeloid-ISG,CXCL9,"(-5,0]","(3.65,4.38]",-2.5,4.01175364078438,8,0.00861040613420104,0.00670267782109667,0.0110180157462762,8
MMRd,Myeloid-noDC-noGran,CXCL9,"(-5,0]","(3.65,4.38]",-2.5,4.01175364078438,8,0.00487416245620207,0.00386507853642764,0.0067332738261322,8
MMRd,Myeloid-noDC-noGran,CXCL9,"(-25,-20]","(5.11,5.84]",-22.5,5.47057314652416,4,0.0126313436172591,0.00866826978128936,0.0170920817894881,8
MMRd,Myeloid-noDC-noGran,CXCL9,"(-50,-45]","(3.65,4.38]",-47.5,4.01175364078438,7,0.00369328174463595,0.00308807445690635,0.00556586149758912,8
MMRd,Myeloid-noDC-noGran,CXCL9,"(-25,-20]","(3.65,4.38]",-22.5,4.01175364078438,8,0.00304496128710929,0.00234871205062215,0.00420319952372765,8
MMRd,Myeloid-noDC-noGran,CXCL9,"(-30,-25]","(3.65,4.38]",-27.5,4.01175364078438,7,0.00350385423966363,0.00317269076305221,0.00551811418322105,8
MMRd,Myeloid-ISG,CXCL9,"(-35,-30]","(3.65,4.38]",-32.5,4.01175364078438,7,0.00385356454720617,0.0033941304007689,0.00744885883024975,8
MMRd,Myeloid-noDC-noGran,CXCL9,"(-35,-30]","(3.65,4.38]",-32.5,4.01175364078438,7,0.00295433443065755,0.00232958017147926,0.00525247949760232,8
MMRd,Myeloid-ISG,CXCL9,"(-20,-15]","(5.11,5.84]",-17.5,5.47057314652416,5,0.0144927536231884,0.0102986611740474,0.0183171150543789,8
MMRd,Myeloid-noDC-noGran,CXCL9,"(-20,-15]","(5.11,5.84]",-17.5,5.47057314652416,6,0.0133892685399196,0.00763985409271901,0.0182094493810313,8
MMRd,Myeloid-ISG,CXCL9,"(0,5]","(4.38,5.11]",2.5,4.74116339365427,6,0.010638988087623,0.00758304744372856,0.0132351685487354,8
MMRd,Myeloid-noDC-noGran,CXCL9,"(0,5]","(4.38,5.11]",2.5,4.74116339365427,7,0.00692726373082632,0.00577670592804504,0.00953285237958544,8
MMRd,Myeloid-ISG,CXCL9,"(-10,-5]","(4.38,5.11]",-7.5,4.74116339365427,7,0.0145340939961967,0.00997893242973836,0.0165319792302333,8
MMRd,Myeloid-noDC-noGran,CXCL9,"(-10,-5]","(4.38,5.11]",-7.5,4.74116339365427,8,0.00990785256410257,0.00731378573524485,0.0105101841553232,8
MMRd,Myeloid-noDC-noGran,CXCL9,"(-20,-15]","(2.92,3.65]",-17.5,3.2823438879145,8,0.00250272258026017,0.0018077625958459,0.00297180893808023,8
MMRd,Myeloid-noDC-noGran,CXCL9,"(-85,-80]","(3.65,4.38]",-82.5,4.01175364078438,4,0.00352227256978648,0.00161684941860635,0.00575165127905704,8
MMRd,Myeloid-noDC-noGran,CXCL9,"(65,70]","(2.92,3.65]",67.5,3.2823438879145,4,0.00391443399659115,0.00367058473441452,0.00401778306322252,8
MMRd,Myeloid-ISG,CXCL9,"(-20,-15]","(4.38,5.11]",-17.5,4.74116339365427,7,0.00969251336898396,0.00757260809469147,0.0137544158461252,8
MMRd,Myeloid-noDC-noGran,CXCL9,"(-20,-15]","(4.38,5.11]",-17.5,4.74116339365427,7,0.00707758466224691,0.00634817385599983,0.00865688552101933,8
MMRd,Myeloid-ISG,CXCL9,"(-30,-25]","(4.38,5.11]",-27.5,4.74116339365427,7,0.0108459869848156,0.0076184365945979,0.0118534472691739,8
MMRd,Myeloid-noDC-noGran,CXCL9,"(-30,-25]","(4.38,5.11]",-27.5,4.74116339365427,7,0.00697211155378486,0.00581523193752723,0.00891380592472173,8
MMRd,Myeloid-noDC-noGran,CXCL9,"(-20,-15]","(2.19,2.92]",-17.5,2.55293413504461,8,0.00151277887014761,0.0010271765546084,0.00202301447189258,8
MMRd,Myeloid-noDC-noGran,CXCL9,"(-50,-45]","(4.38,5.11]",-47.5,4.74116339365427,7,0.0069284064665127,0.0040189886148771,0.00893844727341508,8
MMRd,Myeloid-noDC-noGran,CXCL9,"(25,30]","(3.65,4.38]",27.5,4.01175364078438,5,0.00321543408360129,0.00288739172281039,0.00485122897800776,8
MMRd,Myeloid-noDC-noGran,CXCL9,"(-55,-50]","[0,0.729]",-52.5,0.364704876434944,8,0.00079241734899125,0.000224973904956572,0.00125497456047554,8
MMRd,Myeloid-ISG,CXCL9,"(5,10]","(3.65,4.38]",7.5,4.01175364078438,6,0.0074644301819785,0.00453774799005148,0.00866182209520673,8
MMRd,Myeloid-noDC-noGran,CXCL9,"(5,10]","(3.65,4.38]",7.5,4.01175364078438,8,0.0052185601211823,0.00329181703128994,0.00608375481326314,8
MMRd,Myeloid-noDC-noGran,CXCL9,"(-15,-10]","(2.19,2.92]",-12.5,2.55293413504461,8,0.00137129459734432,0.00104778488858885,0.00205405149970024,8
MMRd,Myeloid-noDC-noGran,CXCL9,"(-30,-25]","[0,0.729]",-27.5,0.364704876434944,8,0.000431387129060719,0.000182551228657253,0.00188617079325137,8
MMRd,Myeloid-ISG,CXCL9,"(0,5]","(2.92,3.65]",2.5,3.2823438879145,8,0.00767646482407422,0.00494998232057871,0.00838051473193407,8
MMRd,Myeloid-noDC-noGran,CXCL9,"(0,5]","(2.92,3.65]",2.5,3.2823438879145,8,0.00352656747518564,0.00285911221526861,0.00399417238423744,8
MMRd,Myeloid-ISG,CXCL9,"(-5,0]","(2.19,2.92]",-2.5,2.55293413504461,8,0.00410052816983991,0.00247202951973197,0.00512047697316755,8
MMRd,Myeloid-noDC-noGran,CXCL9,"(-5,0]","(2.19,2.92]",-2.5,2.55293413504461,8,0.00175807956750915,0.00153862590324494,0.00220722852704629,8
MMRd,Myeloid-ISG,CXCL9,"(-10,-5]","(1.46,2.19]",-7.5,1.82352438217472,7,0.00181077410593029,0.00123478848152234,0.00230515383352934,8
MMRd,Myeloid-noDC-noGran,CXCL9,"(-10,-5]","(1.46,2.19]",-7.5,1.82352438217472,8,0.00097825681165949,0.000632997773198508,0.00155502213375156,8
MMRd,Myeloid-noDC-noGran,CXCL9,"(-20,-15]","(1.46,2.19]",-17.5,1.82352438217472,7,0.00113562621674238,0.000548925041185875,0.00160166321303762,8
MMRd,Myeloid-ISG,CXCL9,"(-5,0]","(1.46,2.19]",-2.5,1.82352438217472,6,0.00288061763049469,0.00205925760643658,0.00381924901836526,8
MMRd,Myeloid-noDC-noGran,CXCL9,"(-5,0]","(1.46,2.19]",-2.5,1.82352438217472,8,0.00143733734160505,0.00100145025485061,0.00180386736467629,8
MMRd,Myeloid-ISG,CXCL9,"(-30,-25]","(2.92,3.65]",-27.5,3.2823438879145,6,0.00399515532804691,0.00223909863693214,0.00497118014849551,8
MMRd,Myeloid-noDC-noGran,CXCL9,"(-30,-25]","(2.92,3.65]",-27.5,3.2823438879145,8,0.0020075963239931,0.00175305400196886,0.00292083061383972,8
MMRd,Myeloid-noDC-noGran,CXCL9,"(-45,-40]","(3.65,4.38]",-42.5,4.01175364078438,7,0.00533486539724229,0.00284639090734244,0.00586584178266598,8
MMRd,Myeloid-noDC-noGran,CXCL9,"(-35,-30]","(4.38,5.11]",-32.5,4.74116339365427,7,0.00910364145658263,0.00718310162214245,0.00959456733678478,8
MMRd,Myeloid-noDC-noGran,CXCL9,"(-55,-50]","(3.65,4.38]",-52.5,4.01175364078438,7,0.00403124212648022,0.00276542815408718,0.00576527031403241,8
MMRd,Myeloid-noDC-noGran,CXCL9,"(35,40]","(2.92,3.65]",37.5,3.2823438879145,7,0.00228050171037628,0.00131123697947106,0.00266639940932745,8
MMRd,Myeloid-noDC-noGran,CXCL9,"(-65,-60]","(3.65,4.38]",-62.5,4.01175364078438,7,0.00284090909090909,0.00198859566088601,0.0048654912031652,8
MMRd,Myeloid-ISG,CXCL9,"(-10,-5]","(2.19,2.92]",-7.5,2.55293413504461,8,0.00346491889197808,0.00107113230204892,0.00389665452332202,8
MMRd,Myeloid-noDC-noGran,CXCL9,"(-10,-5]","(2.19,2.92]",-7.5,2.55293413504461,8,0.00163638208785712,0.00105321885008269,0.00175797295466302,8
MMRd,Myeloid-ISG,CXCL9,"(-25,-20]","(2.92,3.65]",-22.5,3.2823438879145,6,0.00428931582277234,0.00256224382829373,0.00553190705858701,8
MMRd,Myeloid-noDC-noGran,CXCL9,"(-25,-20]","(2.92,3.65]",-22.5,3.2823438879145,8,0.00165423771509976,0.0011677042964767,0.00262856363600508,8
MMRd,Myeloid-ISG,CXCL9,"(10,15]","(3.65,4.38]",12.5,4.01175364078438,5,0.00598802395209581,0.00516129032258065,0.00822199383350463,8
MMRd,Myeloid-noDC-noGran,CXCL9,"(10,15]","(3.65,4.38]",12.5,4.01175364078438,7,0.00401606425702811,0.00334748932700793,0.00485644070831922,8
MMRd,Myeloid-noDC-noGran,CXCL9,"(30,35]","(1.46,2.19]",32.5,1.82352438217472,5,0.00109011627906977,0.000640204865556978,0.00130821559392988,8
MMRd,Myeloid-ISG,CXCL9,"(-5,0]","(0.729,1.46]",-2.5,1.09411462930483,4,0.00144727734524715,0.000591015150565471,0.00299891591251885,8
MMRd,Myeloid-noDC-noGran,CXCL9,"(-5,0]","(0.729,1.46]",-2.5,1.09411462930483,6,0.00114205303669606,0.000585177427292864,0.00170080967998911,8
MMRd,Myeloid-noDC-noGran,CXCL9,"(5,10]","(1.46,2.19]",7.5,1.82352438217472,7,0.00135709762055551,0.000964054969183948,0.00209758739580535,8
MMRd,Myeloid-ISG,CXCL9,"(-25,-20]","(4.38,5.11]",-22.5,4.74116339365427,7,0.00927033492822967,0.00712827095306164,0.0157881098504744,8
MMRd,Myeloid-noDC-noGran,CXCL9,"(-25,-20]","(4.38,5.11]",-22.5,4.74116339365427,7,0.00672771444589796,0.00558367847829422,0.010235736873106,8
MMRd,Myeloid-ISG,CXCL9,"(-5,0]","[0,0.729]",-2.5,0.364704876434944,8,0.00245083479127786,0.00136667042366407,0.00342853149492232,8
MMRd,Myeloid-noDC-noGran,CXCL9,"(-5,0]","[0,0.729]",-2.5,0.364704876434944,8,0.00100455227534231,0.000585214074387901,0.00129447338405078,8
MMRd,Myeloid-ISG,CXCL9,"(0,5]","(2.19,2.92]",2.5,2.55293413504461,7,0.00350749879051766,0.00245846227073085,0.00403929465211404,8
MMRd,Myeloid-noDC-noGran,CXCL9,"(0,5]","(2.19,2.92]",2.5,2.55293413504461,8,0.00178366162046956,0.00153558930160074,0.00263691035868997,8
MMRd,Myeloid-ISG,CXCL9,"(0,5]","(1.46,2.19]",2.5,1.82352438217472,5,0.00296515937731653,0.00105429625724829,0.00395897066762642,8
MMRd,Myeloid-noDC-noGran,CXCL9,"(0,5]","(1.46,2.19]",2.5,1.82352438217472,7,0.00113577697470315,0.000541814823973737,0.00176149781204345,8
MMRd,Myeloid-ISG,CXCL9,"(15,20]","(2.92,3.65]",17.5,3.2823438879145,5,0.00464684014869889,0.00295420974889217,0.00657501494321578,8
MMRd,Myeloid-noDC-noGran,CXCL9,"(15,20]","(2.92,3.65]",17.5,3.2823438879145,8,0.00256869457887748,0.000620732464307883,0.00394948997776609,8
MMRd,Myeloid-noDC-noGran,CXCL9,"(35,40]","(2.19,2.92]",37.5,2.55293413504461,7,0.00218102508178844,0.000834997401318489,0.00243478099633929,8
MMRd,Myeloid-ISG,CXCL9,"(5,10]","(2.92,3.65]",7.5,3.2823438879145,6,0.00423346261581556,0.00224493643611291,0.00552834333807785,8
MMRd,Myeloid-noDC-noGran,CXCL9,"(5,10]","(2.92,3.65]",7.5,3.2823438879145,8,0.00221138292671749,0.00164419287055342,0.00306290771165589,8
MMRd,Myeloid-ISG,CXCL9,"(-15,-10]","(2.19,2.92]",-12.5,2.55293413504461,7,0.00317028985507246,0.00217080059445476,0.00383315363629527,8
MMRd,Myeloid-ISG,CXCL9,"(-20,-15]","(2.92,3.65]",-17.5,3.2823438879145,7,0.00499168053244592,0.00190483436650188,0.00645507029999843,8
MMRd,Myeloid-noDC-noGran,CXCL9,"(20,25]","[0,0.729]",22.5,0.364704876434944,5,0.000502765208647562,0,0.000784313725490196,8
MMRd,Myeloid-noDC-noGran,CXCL9,"(30,35]","(2.19,2.92]",32.5,2.55293413504461,7,0.001806684733514,0.00136184142505995,0.0026338785489555,8
MMRd,Myeloid-noDC-noGran,CXCL9,"(20,25]","(2.19,2.92]",22.5,2.55293413504461,6,0.00172612772408021,0.00150996161922918,0.0021819730816016,8
MMRd,Myeloid-ISG,CXCL9,"(-15,-10]","(1.46,2.19]",-12.5,1.82352438217472,6,0.00180910925373862,0.0012018339267171,0.00295172863666014,8
MMRd,Myeloid-noDC-noGran,CXCL9,"(-15,-10]","(1.46,2.19]",-12.5,1.82352438217472,7,0.000826275562900227,0.000505071153182278,0.0011737171213303,8
MMRd,Myeloid-ISG,CXCL9,"(-25,-20]","(3.65,4.38]",-22.5,4.01175364078438,6,0.00513905894474814,0.00485934485530884,0.00856450300495752,8
MMRd,Myeloid-noDC-noGran,CXCL9,"(-10,-5]","(0.729,1.46]",-7.5,1.09411462930483,6,0.00125993421430869,0.000981728844783901,0.0017089620041232,8
MMRd,Myeloid-noDC-noGran,CXCL9,"(20,25]","(1.46,2.19]",22.5,1.82352438217472,5,0.00145067698259188,0.000500751126690035,0.0015377855887522,8
MMRd,Myeloid-ISG,CXCL9,"(0,5]","[0,0.729]",2.5,0.364704876434944,5,0.00215672178289001,0,0.00259067357512953,8
MMRd,Myeloid-noDC-noGran,CXCL9,"(0,5]","[0,0.729]",2.5,0.364704876434944,8,0.00102955952289571,0.000622598611010121,0.00126800619570155,8
MMRd,Myeloid-noDC-noGran,CXCL9,"(-70,-65]","(2.92,3.65]",-67.5,3.2823438879145,6,0.00262099963024763,0.000982275349647537,0.00391583533998395,8
MMRd,Myeloid-noDC-noGran,CXCL9,"(15,20]","(3.65,4.38]",17.5,4.01175364078438,6,0.00347942030078022,0.00169950683196091,0.00423250807391024,8
MMRd,Myeloid-noDC-noGran,CXCL9,"(10,15]","[0,0.729]",12.5,0.364704876434944,7,0.00127429117553361,0,0.0014795221803169,8
MMRd,Myeloid-ISG,CXCL9,"(-35,-30]","(2.92,3.65]",-32.5,3.2823438879145,5,0.00334634690462911,0.00256612712198974,0.00884629561371176,8
MMRd,Myeloid-noDC-noGran,CXCL9,"(-35,-30]","(2.92,3.65]",-32.5,3.2823438879145,7,0.00160324925181702,0.00133875659087995,0.00246242210715418,8
MMRd,Myeloid-ISG,CXCL9,"(5,10]","(2.19,2.92]",7.5,2.55293413504461,6,0.00469524669627882,0.0025071570842068,0.00703356426182513,8
MMRd,Myeloid-noDC-noGran,CXCL9,"(5,10]","(2.19,2.92]",7.5,2.55293413504461,8,0.00222436418871188,0.00161255262764372,0.00289880442204047,8
MMRd,Myeloid-noDC-noGran,CXCL9,"(-35,-30]","(2.19,2.92]",-32.5,2.55293413504461,7,0.000869828303456622,0.000373351032937858,0.0012077634157629,8
MMRd,Myeloid-noDC-noGran,CXCL9,"(25,30]","(2.92,3.65]",27.5,3.2823438879145,7,0.00207972270363951,0.000597847748106815,0.00309109633479139,8
MMRd,Myeloid-noDC-noGran,CXCL9,"(-35,-30]","[0,0.729]",-32.5,0.364704876434944,8,0.000115763034014946,0,0.000641351503677233,8
MMRd,Myeloid-ISG,CXCL9,"(-30,-25]","(3.65,4.38]",-27.5,4.01175364078438,6,0.00766954096587837,0.0051227785211883,0.0103669008905124,8
MMRd,Myeloid-noDC-noGran,CXCL9,"(-50,-45]","(2.92,3.65]",-47.5,3.2823438879145,6,0.00248246585455888,0.00193094602043845,0.00295076706631466,8
MMRd,Myeloid-ISG,CXCL9,"(-20,-15]","(2.19,2.92]",-17.5,2.55293413504461,7,0.00206692913385827,0.00106768527590132,0.00713075849232201,8
MMRd,Myeloid-ISG,CXCL9,"(-15,-10]","(2.92,3.65]",-12.5,3.2823438879145,8,0.0040912974197806,0.00271995525981379,0.00582493041055778,8
MMRd,Myeloid-noDC-noGran,CXCL9,"(-15,-10]","(2.92,3.65]",-12.5,3.2823438879145,8,0.00240158384890733,0.00198968031184457,0.00282498209171878,8
MMRd,Myeloid-noDC-noGran,CXCL9,"(0,5]","(0.729,1.46]",2.5,1.09411462930483,4,0.000625063274772912,0.000441369417082691,0.00106817906540772,8
MMRd,Myeloid-ISG,CXCL9,"(10,15]","(2.92,3.65]",12.5,3.2823438879145,6,0.0043083611808101,0.0030908741828535,0.00540031580037275,8
MMRd,Myeloid-noDC-noGran,CXCL9,"(10,15]","(2.92,3.65]",12.5,3.2823438879145,7,0.003483164703931,0.00208272057791869,0.0043620248368241,8
MMRd,Myeloid-noDC-noGran,CXCL9,"(-75,-70]","[0,0.729]",-72.5,0.364704876434944,7,0.000210216523018709,0,0.000558223395228045,8
MMRd,Myeloid-ISG,CXCL9,"(-40,-35]","(3.65,4.38]",-37.5,4.01175364078438,5,0.00337955949190071,0.00326797385620915,0.0083354382419803,8
MMRd,Myeloid-noDC-noGran,CXCL9,"(-40,-35]","(3.65,4.38]",-37.5,4.01175364078438,7,0.00300864986837157,0.00258524179757056,0.0040571689401258,8
MMRd,Myeloid-noDC-noGran,CXCL9,"(-45,-40]","(2.92,3.65]",-42.5,3.2823438879145,6,0.0015454990271182,0.00118430176976203,0.00304057555043765,8
MMRd,Myeloid-noDC-noGran,CXCL9,"(15,20]","(2.19,2.92]",17.5,2.55293413504461,7,0.00124455507156192,0.00101695278897763,0.00171524670183931,8
MMRd,Myeloid-noDC-noGran,CXCL9,"(45,50]","[0,0.729]",47.5,0.364704876434944,5,0,0,0.000772797527047913,8
MMRd,Myeloid-ISG,CXCL9,"(-35,-30]","(2.19,2.92]",-32.5,2.55293413504461,4,0.00220357871995032,0.00140412605235263,0.00271238166417539,8
MMRd,Myeloid-ISG,CXCL9,"(-40,-35]","(2.19,2.92]",-37.5,2.55293413504461,4,0.00114267670350002,0.000716674629718108,0.00186015319516091,8
MMRd,Myeloid-noDC-noGran,CXCL9,"(-40,-35]","(2.19,2.92]",-37.5,2.55293413504461,7,0.000896780557797507,0.000857346120767222,0.00132168757135842,8
MMRd,Myeloid-noDC-noGran,CXCL9,"(20,25]","(2.92,3.65]",22.5,3.2823438879145,5,0.002187386073642,0.00101132686084142,0.00375554796858996,8
MMRd,Myeloid-ISG,CXCL9,"(-35,-30]","[0,0.729]",-32.5,0.364704876434944,4,0.000209117524048515,0,0.00226462388919429,8
MMRd,Myeloid-ISG,CXCL9,"(-35,-30]","(4.38,5.11]",-32.5,4.74116339365427,6,0.0107931664811226,0.00710138183583871,0.0130122621056019,8
MMRd,Myeloid-ISG,CXCL9,"(-50,-45]","(2.92,3.65]",-47.5,3.2823438879145,4,0.00324237078739624,0.00294925543425168,0.00445339258015869,8
MMRd,Myeloid-ISG,CXCL9,"(-25,-20]","(2.19,2.92]",-22.5,2.55293413504461,6,0.00303002674446876,0.00269979203802733,0.00369780677945234,8
MMRd,Myeloid-noDC-noGran,CXCL9,"(-25,-20]","(2.19,2.92]",-22.5,2.55293413504461,8,0.00123140190704654,0.000961092208491602,0.00168248248571407,8
MMRd,Myeloid-ISG,CXCL9,"(-45,-40]","(3.65,4.38]",-42.5,4.01175364078438,4,0.00623470267357805,0.00394339549465551,0.00845325809800264,8
MMRd,Myeloid-noDC-noGran,CXCL9,"(30,35]","(0.729,1.46]",32.5,1.09411462930483,4,0.000256147540983607,0,0.000558680488028096,8
MMRd,Myeloid-ISG,CXCL9,"(-10,-5]","[0,0.729]",-7.5,0.364704876434944,8,0.00111159899843702,0.000601165188968713,0.00234159252047909,8
MMRd,Myeloid-noDC-noGran,CXCL9,"(-10,-5]","[0,0.729]",-7.5,0.364704876434944,8,0.000879072182265409,0.000639530364821498,0.00121027899129606,8
MMRd,Myeloid-ISG,CXCL9,"(10,15]","(2.19,2.92]",12.5,2.55293413504461,4,0.00429633796118258,0.00384671156797832,0.0059825748629983,8
MMRd,Myeloid-noDC-noGran,CXCL9,"(10,15]","(2.19,2.92]",12.5,2.55293413504461,7,0.00256163944924752,0.00191909801605809,0.0032355035641153,8
MMRd,Myeloid-noDC-noGran,CXCL9,"(-35,-30]","(1.46,2.19]",-32.5,1.82352438217472,6,0.000466917011495706,0.000452748782965187,0.000852871205242112,8
MMRd,Myeloid-noDC-noGran,CXCL9,"(50,55]","(1.46,2.19]",52.5,1.82352438217472,4,0.0010105688160551,0.000714285714285714,0.00110078953253781,8
MMRd,Myeloid-noDC-noGran,CXCL9,"(-75,-70]","(2.19,2.92]",-72.5,2.55293413504461,4,0.00218584156266038,0.00147519456861536,0.00271029823965634,8
MMRd,Myeloid-noDC-noGran,CXCL9,"(-60,-55]","(4.38,5.11]",-57.5,4.74116339365427,7,0.00804769001490313,0.0060870883006668,0.0112381467825773,8
MMRd,Myeloid-ISG,CXCL9,"(-45,-40]","(2.92,3.65]",-42.5,3.2823438879145,4,0.00227456221824525,0.00209558479727473,0.00384254445903364,8
MMRd,Myeloid-noDC-noGran,CXCL9,"(50,55]","(2.19,2.92]",52.5,2.55293413504461,6,0,0,0.000790305584826133,8
MMRd,Myeloid-noDC-noGran,CXCL9,"[-100,-95]","[0,0.729]",-97.5,0.364704876434944,7,0,0,0.000225691287096667,8
MMRd,Myeloid-noDC-noGran,CXCL9,"(-50,-45]","(2.19,2.92]",-47.5,2.55293413504461,7,0.00128949065119278,0.000900599091484069,0.0022694365690204,8
MMRd,Myeloid-noDC-noGran,CXCL9,"(-50,-45]","[0,0.729]",-47.5,0.364704876434944,8,0.000896160591978082,0.000298552529130076,0.00216810926428124,8
MMRd,Myeloid-noDC-noGran,CXCL9,"(-85,-80]","(2.92,3.65]",-82.5,3.2823438879145,4,0.00245012918938469,0.00180933659128514,0.00296295220712529,8
MMRd,Myeloid-noDC-noGran,CXCL9,"(-65,-60]","(2.19,2.92]",-62.5,2.55293413504461,5,0.000489436332490415,0.00040766408479413,0.0009765625,8
MMRd,Myeloid-noDC-noGran,CXCL9,"(60,65]","[0,0.729]",62.5,0.364704876434944,6,0.000685243438659092,0.000169491525423729,0.00109112284996457,8
MMRd,Myeloid-ISG,CXCL9,"(-15,-10]","[0,0.729]",-12.5,0.364704876434944,8,0.00134722541410628,0.00103280780431886,0.00180783339639091,8
MMRd,Myeloid-noDC-noGran,CXCL9,"(-15,-10]","[0,0.729]",-12.5,0.364704876434944,8,0.000652432881493884,0.000495018058095707,0.00119376245687415,8
MMRd,Myeloid-noDC-noGran,CXCL9,"(15,20]","[0,0.729]",17.5,0.364704876434944,5,0.000530222693531283,0.000489236790606654,0.000539665407447383,8
MMRd,Myeloid-noDC-noGran,CXCL9,"(30,35]","(2.92,3.65]",32.5,3.2823438879145,6,0.0018267797873061,0.00119038628813763,0.00294433226599529,8
MMRd,Myeloid-ISG,CXCL9,"(5,10]","[0,0.729]",7.5,0.364704876434944,4,0.00347000419776971,0.00200534759358289,0.00430341146245357,8
MMRd,Myeloid-noDC-noGran,CXCL9,"(5,10]","[0,0.729]",7.5,0.364704876434944,8,0.000953435016206372,0.000594853226432174,0.00118982895459221,8
MMRd,Myeloid-noDC-noGran,CXCL9,"(10,15]","(1.46,2.19]",12.5,1.82352438217472,6,0.00129435253933738,0.000300435631665916,0.00153040605524483,8
MMRd,Myeloid-ISG,CXCL9,"(-30,-25]","[0,0.729]",-27.5,0.364704876434944,4,0.000659728327049431,0.000466121512779055,0.00293567574196713,8
MMRd,Myeloid-ISG,CXCL9,"(-40,-35]","(2.92,3.65]",-37.5,3.2823438879145,4,0.00271095930001915,0.0022828352549577,0.00376672532676216,8
MMRd,Myeloid-noDC-noGran,CXCL9,"(-40,-35]","(2.92,3.65]",-37.5,3.2823438879145,7,0.00148588410104012,0.00136433947977562,0.00224802486626794,8
MMRd,Myeloid-ISG,CXCL9,"(-25,-20]","(1.46,2.19]",-22.5,1.82352438217472,4,0.00124164117124455,0.000898203592814371,0.00128977899738579,8
MMRd,Myeloid-noDC-noGran,CXCL9,"(-25,-20]","(1.46,2.19]",-22.5,1.82352438217472,7,0.000810591731964334,0.000733396369094477,0.00127213420714533,8
MMRd,Myeloid-noDC-noGran,CXCL9,"(85,90]","[0,0.729]",87.5,0.364704876434944,4,0.000909090909090909,0,0.00199815413013383,8
MMRd,Myeloid-noDC-noGran,CXCL9,"(15,20]","(1.46,2.19]",17.5,1.82352438217472,5,0.00119260584376863,0.00101988781234064,0.00152405834966253,8
MMRd,Myeloid-noDC-noGran,CXCL9,"(65,70]","[0,0.729]",67.5,0.364704876434944,5,0,0,0,8
MMRd,Myeloid-ISG,CXCL9,"(-25,-20]","[0,0.729]",-22.5,0.364704876434944,7,0.00180831826401447,0.00119639348052248,0.00335681778980748,8
MMRd,Myeloid-noDC-noGran,CXCL9,"(-25,-20]","[0,0.729]",-22.5,0.364704876434944,8,0.000931306596740062,0.000655248228875438,0.00154739824109024,8
MMRd,Myeloid-noDC-noGran,CXCL9,"(25,30]","(2.19,2.92]",27.5,2.55293413504461,6,0.00134117875753343,0.000264690312334569,0.0019782261104573,8
MMRd,Myeloid-ISG,CXCL9,"(-20,-15]","(1.46,2.19]",-17.5,1.82352438217472,4,0.00126633313288563,0.000335370397972872,0.00233732517764424,8
MMRd,Myeloid-noDC-noGran,CXCL9,"(35,40]","[0,0.729]",37.5,0.364704876434944,5,0.000831946755407654,0.000441501103752759,0.0010482180293501,8
MMRd,Myeloid-noDC-noGran,CXCL9,"(-55,-50]","(2.92,3.65]",-52.5,3.2823438879145,6,0.001451642356059,0.000912549698292868,0.00205857930921829,8
MMRd,Myeloid-noDC-noGran,CXCL9,"(-65,-60]","(2.92,3.65]",-62.5,3.2823438879145,5,0.00160814794961136,0.00143357757247531,0.00320855614973262,8
MMRd,Myeloid-noDC-noGran,CXCL9,"(-70,-65]","(2.19,2.92]",-67.5,2.55293413504461,5,0.00200601805416249,0.000638162093171666,0.00352112676056338,8
MMRd,Myeloid-noDC-noGran,CXCL9,"(75,80]","[0,0.729]",77.5,0.364704876434944,4,0,0,0.00029171528588098,8
MMRd,Myeloid-noDC-noGran,CXCL9,"(-75,-70]","(3.65,4.38]",-72.5,4.01175364078438,4,0.00280321627608444,0.00245849227545506,0.00338900090777535,8
MMRd,Myeloid-noDC-noGran,CXCL9,"(-65,-60]","[0,0.729]",-62.5,0.364704876434944,8,0.000614961679892671,0.000187813021702838,0.00148678812276478,8
MMRd,Myeloid-noDC-noGran,CXCL9,"(-70,-65]","(3.65,4.38]",-67.5,4.01175364078438,5,0.00566037735849057,0.00485329803662034,0.00657030223390276,8
MMRd,Myeloid-noDC-noGran,CXCL9,"(25,30]","[0,0.729]",27.5,0.364704876434944,5,0.000634517766497462,0.000386847195357834,0.000674308833445718,8
MMRd,Myeloid-ISG,CXCL9,"(-40,-35]","[0,0.729]",-37.5,0.364704876434944,4,0.00103482653833987,0.000622118811827269,0.00211751353934374,8
MMRd,Myeloid-noDC-noGran,CXCL9,"(-40,-35]","[0,0.729]",-37.5,0.364704876434944,8,0.000996275965220311,0.000294523048462177,0.00129411256289716,8
MMRd,Myeloid-noDC-noGran,CXCL9,"(-55,-50]","(2.19,2.92]",-52.5,2.55293413504461,6,0.00103706832822896,0.000892828481629821,0.00149539901385007,8
MMRd,Myeloid-noDC-noGran,CXCL9,"(40,45]","[0,0.729]",42.5,0.364704876434944,6,0.000639087305886384,0.000482144834149795,0.000763260858325297,8
MMRd,Myeloid-noDC-noGran,CXCL9,"(65,70]","(2.19,2.92]",67.5,2.55293413504461,4,0.0020528425832005,0.00160118913223452,0.00269505552804697,8
MMRd,Myeloid-noDC-noGran,CXCL9,"(-30,-25]","(1.46,2.19]",-27.5,1.82352438217472,5,0.00069557152793879,0.000308451573103023,0.000904431715405487,8
MMRd,Myeloid-ISG,CXCL9,"(-30,-25]","(2.19,2.92]",-27.5,2.55293413504461,4,0.00183875284445666,0.00156668752307899,0.00312231191689274,8
MMRd,Myeloid-noDC-noGran,CXCL9,"(-30,-25]","(2.19,2.92]",-27.5,2.55293413504461,8,0.000854475108842622,0.000702574604897909,0.00113717659182043,8
MMRd,Myeloid-noDC-noGran,CXCL9,"(35,40]","(1.46,2.19]",37.5,1.82352438217472,5,0.00100351229302559,0.000923076923076923,0.00141442715700141,8
MMRd,Myeloid-noDC-noGran,CXCL9,"(40,45]","(2.19,2.92]",42.5,2.55293413504461,7,0.000796019900497512,0,0.00157454513545432,8
MMRd,Myeloid-noDC-noGran,CXCL9,"(-70,-65]","[0,0.729]",-67.5,0.364704876434944,8,0.000777823000045222,0.000611770089528435,0.00186144348158311,8
MMRd,Myeloid-noDC-noGran,CXCL9,"(25,30]","(1.46,2.19]",27.5,1.82352438217472,5,0.00145348837209302,0.000740521327014218,0.00196656833824975,8
MMRd,Myeloid-noDC-noGran,CXCL9,"(40,45]","(1.46,2.19]",42.5,1.82352438217472,5,0.000699790062981106,0.000327546675401245,0.000724112961622013,8
MMRd,Myeloid-ISG,CXCL9,"(-20,-15]","[0,0.729]",-17.5,0.364704876434944,6,0.000602197531841602,0.000146156094709149,0.00146957895517309,8
MMRd,Myeloid-noDC-noGran,CXCL9,"(-20,-15]","[0,0.729]",-17.5,0.364704876434944,8,0.000659677335519752,0.000255204323739747,0.00106366199643788,8
MMRd,Myeloid-noDC-noGran,CXCL9,"(55,60]","(2.19,2.92]",57.5,2.55293413504461,5,0.00188442211055276,0.00122324159021407,0.00351493848857645,8
MMRd,Myeloid-noDC-noGran,CXCL9,"(-60,-55]","(2.19,2.92]",-57.5,2.55293413504461,5,0.000601503759398496,0.000456412596987677,0.000679305872908047,8
MMRd,Myeloid-noDC-noGran,CXCL9,"(55,60]","(1.46,2.19]",57.5,1.82352438217472,4,0.00104658521925602,0.000504032258064516,0.00202125958355837,8
MMRd,Myeloid-noDC-noGran,CXCL9,"(-65,-60]","(4.38,5.11]",-62.5,4.74116339365427,4,0.00486431131592422,0.00358142796083121,0.00698472078638888,8
MMRd,Myeloid-noDC-noGran,CXCL9,"(50,55]","[0,0.729]",52.5,0.364704876434944,7,0.000502933780385583,0,0.000635268802658888,8
MMRd,Myeloid-noDC-noGran,CXCL9,"(30,35]","[0,0.729]",32.5,0.364704876434944,5,0.000826446280991735,0.000386996904024768,0.00117986366019927,8
MMRd,Myeloid-ISG,CXCL9,"(-45,-40]","[0,0.729]",-42.5,0.364704876434944,4,0.000600763541117554,0.000209263392857143,0.0011938899509477,8
MMRd,Myeloid-noDC-noGran,CXCL9,"(-45,-40]","[0,0.729]",-42.5,0.364704876434944,7,0.000853242320819113,0.000191498697383789,0.00149216749230554,8
MMRd,Myeloid-noDC-noGran,CXCL9,"(-40,-35]","(1.46,2.19]",-37.5,1.82352438217472,6,0.000361725974919841,6.33472697326745e-05,0.000490650046085455,8
MMRd,Myeloid-noDC-noGran,CXCL9,"(40,45]","(2.92,3.65]",42.5,3.2823438879145,7,0.00384024577572965,0.00157529962556288,0.00440620930622349,8
MMRd,Myeloid-ISG,CXCL9,"(15,20]","(3.65,4.38]",17.5,4.01175364078438,4,0.0041383295143923,0.00207526286662977,0.00593079255603781,8
MMRd,Myeloid-noDC-noGran,CXCL9,"(-60,-55]","(3.65,4.38]",-57.5,4.01175364078438,5,0.00621807683766378,0.0050682261208577,0.00647948164146868,8
MMRd,Myeloid-ISG,CXCL9,"(-45,-40]","(4.38,5.11]",-42.5,4.74116339365427,4,0.0125277983691623,0.00813405277498924,0.0159309813552918,8
MMRd,Myeloid-noDC-noGran,CXCL9,"(-60,-55]","(2.92,3.65]",-57.5,3.2823438879145,6,0.00182047388384848,0.00135488410541649,0.00242053326625431,8
MMRd,Myeloid-noDC-noGran,CXCL9,"(-45,-40]","(2.19,2.92]",-42.5,2.55293413504461,6,0.00105783662331983,0.000678230527968537,0.00180023793059713,8
MMRd,Myeloid-noDC-noGran,CXCL9,"(45,50]","(1.46,2.19]",47.5,1.82352438217472,4,0.0018859015646198,0.00131777108433735,0.00203934328055325,8
MMRd,Myeloid-noDC-noGran,CXCL9,"(-55,-50]","(4.38,5.11]",-52.5,4.74116339365427,7,0.00505050505050505,0.00323081025390253,0.00760010342789598,8
MMRd,Myeloid-noDC-noGran,CXCL9,"(-80,-75]","[0,0.729]",-77.5,0.364704876434944,8,0.000247341083353945,0,0.00111443996130109,8
MMRd,Myeloid-noDC-noGran,CXCL9,"(-75,-70]","(2.92,3.65]",-72.5,3.2823438879145,5,0.00133422281521014,0.00123628496368413,0.00147275405007364,8
MMRd,Myeloid-noDC-noGran,CXCL9,"(-90,-85]","[0,0.729]",-87.5,0.364704876434944,8,0.000333276714782821,0,0.000716877192090683,8
MMRd,Myeloid-noDC-noGran,CXCL9,"(-85,-80]","(2.19,2.92]",-82.5,2.55293413504461,4,0.00214163938352611,0.000501307052780176,0.00376029035906419,8
MMRd,Myeloid-noDC-noGran,CXCL9,"(-90,-85]","(2.19,2.92]",-87.5,2.55293413504461,4,0.000693877949759256,0.000325679856700863,0.00154112825736533,8
MMRd,Myeloid-noDC-noGran,CXCL9,"(80,85]","[0,0.729]",82.5,0.364704876434944,4,0,0,0.00037397157816006,8
MMRd,Myeloid-noDC-noGran,CXCL9,"(-85,-80]","[0,0.729]",-82.5,0.364704876434944,8,4.38634967979647e-05,0,0.000528125028916176,8
MMRd,Myeloid-noDC-noGran,CXCL9,"(-80,-75]","(2.92,3.65]",-77.5,3.2823438879145,4,0.00172813934040295,0.000751718213058419,0.00269519165224687,8
MMRd,Myeloid-noDC-noGran,CXCL9,"(60,65]","(2.92,3.65]",62.5,3.2823438879145,4,0.0016937928345635,0.00155005025229762,0.00225207410532237,8
MMRd,Myeloid-noDC-noGran,CXCL9,"(60,65]","(2.19,2.92]",62.5,2.55293413504461,4,0.000170357751277683,0,0.00103289981099613,8
MMRd,Myeloid-noDC-noGran,CXCL9,"(70,75]","[0,0.729]",72.5,0.364704876434944,5,0,0,0.00180831826401447,8
MMRd,Myeloid-noDC-noGran,CXCL9,"(70,75]","(2.19,2.92]",72.5,2.55293413504461,4,0.00106382978723404,0,0.00214459210126819,8
MMRd,Myeloid-noDC-noGran,CXCL9,"(90,95]","[0,0.729]",92.5,0.364704876434944,4,0.000661993276913609,0.000462392108508015,0.000756944570103684,8
MMRd,Myeloid-noDC-noGran,CXCL9,"(45,50]","(2.19,2.92]",47.5,2.55293413504461,5,0.000901442307692308,0.000797448165869219,0.00128932439401754,8
MMRd,Myeloid-noDC-noGran,CXCL9,"(-60,-55]","[0,0.729]",-57.5,0.364704876434944,8,3.36315329252707e-05,0,0.00100234899044292,8
MMRd,Myeloid-noDC-noGran,CXCL9,"(55,60]","(2.92,3.65]",57.5,3.2823438879145,5,0.00199866755496336,0.00167056465085199,0.00438116100766703,8
MMRd,Myeloid-noDC-noGran,CXCL9,"(-80,-75]","(2.19,2.92]",-77.5,2.55293413504461,4,0.00135504704403574,0.00079335803002985,0.00209195997239476,8
MMRd,Myeloid-noDC-noGran,CXCL9,"(20,25]","(0.729,1.46]",22.5,1.09411462930483,4,0,0,0.000316455696202532,8
MMRd,Myeloid-noDC-noGran,CXCL9,"(55,60]","[0,0.729]",57.5,0.364704876434944,5,0.00130633572828217,0,0.00136216584369147,8
MMRd,Myeloid-noDC-noGran,CXCL9,"(-15,-10]","(0.729,1.46]",-12.5,1.09411462930483,4,0.000823151983340399,0.000218467812408972,0.00211516126150273,8
MMRd,Myeloid-noDC-noGran,CXCL9,"(-45,-40]","(1.46,2.19]",-42.5,1.82352438217472,4,0.000743024376830145,0.000438026469333136,0.00138305248116614,8
MMRd,Myeloid-noDC-noGran,CXCL9,"(-50,-45]","(1.46,2.19]",-47.5,1.82352438217472,4,0.000451209533255246,0.000241779497098646,0.000610383906909709,8
MMRd,Tcd4-CXCL13,CXCL9,"(-5,0]","(3.65,4.38]",-2.5,4.01175364078438,7,0.00113636363636364,0.00090317078712455,0.00201085016616673,8
MMRd,Tcd4-CXCL13,CXCL9,"(-10,-5]","(2.92,3.65]",-7.5,3.2823438879145,7,0.000491642084562439,0.00020116676725005,0.000869657508729065,8
MMRd,Tcd4-CXCL13,CXCL9,"(0,5]","(2.19,2.92]",2.5,2.55293413504461,5,0,0,0,8
MMRd,Tcd4-CXCL13,CXCL9,"(-10,-5]","(1.46,2.19]",-7.5,1.82352438217472,4,0,0,0.000524109014675052,8
MMRd,Tcd4-CXCL13,CXCL9,"(-5,0]","(2.19,2.92]",-2.5,2.55293413504461,6,0.000515993440521742,0.000363397122782131,0.000739511873716149,8
MMRd,Tcd4-CXCL13,CXCL9,"(-5,0]","(1.46,2.19]",-2.5,1.82352438217472,6,0,0,0.000649350649350649,8
MMRd,Tcd4-CXCL13,CXCL9,"(-10,-5]","(2.19,2.92]",-7.5,2.55293413504461,6,0,0,0,8
MMRd,Tcd4-CXCL13,CXCL9,"(-15,-10]","(2.92,3.65]",-12.5,3.2823438879145,6,0.00205324151830702,0.00136105092091008,0.00303341371743901,8
MMRd,Tcd4-CXCL13,CXCL9,"(-15,-10]","(3.65,4.38]",-12.5,4.01175364078438,4,0.00217022830708145,0.00167232534829225,0.00234265522073508,8
MMRd,Tcd4-CXCL13,CXCL9,"(0,5]","(2.92,3.65]",2.5,3.2823438879145,6,0.000834724540901503,0,0.00190251078530224,8
MMRd,Tcd4-CXCL13,CXCL9,"(-5,0]","(2.92,3.65]",-2.5,3.2823438879145,6,0.000758930503890503,0.000443698834387896,0.00098001237130391,8
MMRd,Tcd4-CXCL13,CXCL9,"(-5,0]","[0,0.729]",-2.5,0.364704876434944,4,0,0,0.000477099236641221,8
MMRd,Tcd4-CXCL13,CXCL9,"(0,5]","(1.46,2.19]",2.5,1.82352438217472,4,0.000786163522012579,0,0.0017397833996108,8
MMRd,Tcd4-CXCL13,CXCL9,"(-10,-5]","(3.65,4.38]",-7.5,4.01175364078438,4,0.00115265555644696,0.000713181980268632,0.00155575815785753,8
MMRd,Tcd4-Treg-comb,CXCL9,"(-10,-5]","(3.65,4.38]",-7.5,4.01175364078438,8,0.00114845261121857,0.000747606601432781,0.00230368704428125,8
MMRd,Tcd4-Treg-comb,CXCL9,"(-5,0]","(4.38,5.11]",-2.5,4.74116339365427,4,0.00413395399292442,0.00253213711255728,0.00557936345761284,8
MMRd,Tcd4-Treg-comb,CXCL9,"(-10,-5]","(2.92,3.65]",-7.5,3.2823438879145,8,0.000328855535163593,0.000303645129361127,0.00183276927082101,8
MMRd,Tcd4-Treg-comb,CXCL9,"(-5,0]","(2.92,3.65]",-2.5,3.2823438879145,8,0.00132334331661081,0.000726391670166811,0.00178966575823362,8
MMRd,Tcd4-Treg-comb,CXCL9,"(-5,0]","(3.65,4.38]",-2.5,4.01175364078438,7,0.00174249757986447,0.000615664570019484,0.00235527758307723,8
MMRd,Tcd4-Treg-comb,CXCL9,"(-10,-5]","(4.38,5.11]",-7.5,4.74116339365427,5,0.00424757281553398,0.00210084033613445,0.00437158469945355,8
MMRd,Tcd4-Treg-comb,CXCL9,"(0,5]","(2.92,3.65]",2.5,3.2823438879145,6,0.000728628341444035,0.000515510764478755,0.00108248360339921,8
MMRd,Tcd4-Treg-comb,CXCL9,"(-15,-10]","(1.46,2.19]",-12.5,1.82352438217472,4,0,0,0,8
MMRd,Tcd4-Treg-comb,CXCL9,"(-10,-5]","[0,0.729]",-7.5,0.364704876434944,6,0,0,0.00056390977443609,8
MMRd,Tcd4-Treg-comb,CXCL9,"(-5,0]","(2.19,2.92]",-2.5,2.55293413504461,7,0.000589523328280276,0.000361644493468098,0.000794344596514096,8
MMRd,Tcd4-Treg-comb,CXCL9,"(-15,-10]","(2.19,2.92]",-12.5,2.55293413504461,7,0.000865800865800866,0.000358680057388809,0.00213486570916867,8
MMRd,Tcd4-Treg-comb,CXCL9,"(0,5]","(3.65,4.38]",2.5,4.01175364078438,4,0.00103542336615824,0.000551064817751217,0.00152657002389963,8
MMRd,Tcd4-Treg-comb,CXCL9,"(-15,-10]","(3.65,4.38]",-12.5,4.01175364078438,7,0.00252100840336135,0.000924319831744979,0.00347357648867831,8
MMRd,Tcd4-Treg-comb,CXCL9,"(-5,0]","(1.46,2.19]",-2.5,1.82352438217472,7,0.000436014824504033,0,0.000585747859948879,8
MMRd,Tcd4-Treg-comb,CXCL9,"(0,5]","(2.19,2.92]",2.5,2.55293413504461,6,0.000633129072740925,6.53082549634274e-05,0.00135826735151774,8
MMRd,Tcd4-Treg-comb,CXCL9,"(-5,0]","[0,0.729]",-2.5,0.364704876434944,5,0.000699790062981106,0,0.000988142292490119,8
MMRd,Tcd4-Treg-comb,CXCL9,"(-25,-20]","(2.19,2.92]",-22.5,2.55293413504461,5,0,0,0,8
MMRd,Tcd4-Treg-comb,CXCL9,"(-20,-15]","(2.92,3.65]",-17.5,3.2823438879145,7,0.00110619469026549,0.000221287895552113,0.0015496251874063,8
MMRd,Tcd4-Treg-comb,CXCL9,"(-10,-5]","(2.19,2.92]",-7.5,2.55293413504461,7,0.000266595574513463,0.00013262599469496,0.000749252690536153,8
MMRd,Tcd4-Treg-comb,CXCL9,"(-20,-15]","(2.19,2.92]",-17.5,2.55293413504461,6,0,0,0.000515286843009275,8
MMRd,Tcd4-Treg-comb,CXCL9,"(-15,-10]","(2.92,3.65]",-12.5,3.2823438879145,7,0.00141322781232335,0.000134535180949818,0.00222868859192897,8
MMRd,Tcd4-Treg-comb,CXCL9,"(-15,-10]","[0,0.729]",-12.5,0.364704876434944,5,0,0,0,8
MMRd,Tcd4-Treg-comb,CXCL9,"(-20,-15]","(3.65,4.38]",-17.5,4.01175364078438,6,0.00162302418741867,0.00128800357235287,0.0032462211316938,8
MMRd,Tcd4-Treg-comb,CXCL9,"(5,10]","(2.19,2.92]",7.5,2.55293413504461,6,0,0,0.00146198830409357,8
MMRd,Tcd4-Treg-comb,CXCL9,"(5,10]","(2.92,3.65]",7.5,3.2823438879145,5,0,0,0.000480769230769231,8
MMRd,Tcd4-Treg-comb,CXCL9,"(-10,-5]","(1.46,2.19]",-7.5,1.82352438217472,7,0,0,0.000968659682080925,8
MMRd,Tcd4-Treg-comb,CXCL9,"(0,5]","(1.46,2.19]",2.5,1.82352438217472,5,0,0,0,8
MMRd,Tcd4-Treg-comb,CXCL9,"(-30,-25]","(2.92,3.65]",-27.5,3.2823438879145,4,0.000941269415182089,0.000776130046584811,0.00128660623318269,8
MMRd,Tcd4-Treg-comb,CXCL9,"(-25,-20]","(2.92,3.65]",-22.5,3.2823438879145,5,0.000985221674876847,0.000533760341606619,0.00148698884758364,8
MMRd,Tcd4-Treg-comb,CXCL9,"(-25,-20]","(3.65,4.38]",-22.5,4.01175364078438,4,0.00106019673661347,0.000760649087221095,0.00123814274972526,8
MMRd,Tcd4-Treg-comb,CXCL9,"(-35,-30]","(2.92,3.65]",-32.5,3.2823438879145,5,0.00121065375302663,0.000606060606060606,0.00189035916824197,8
MMRd,Tcd8-CXCL13-comb,CXCL9,"(0,5]","(3.65,4.38]",2.5,4.01175364078438,7,0.000289184499710816,0,0.00142904519929302,8
MMRd,CD8-all,CXCL9,"(0,5]","(3.65,4.38]",2.5,4.01175364078438,7,0.00070658894188306,0.000297441998810232,0.00133995186773501,8
MMRd,Tcd8-CXCL13-comb,CXCL9,"(-5,0]","(2.92,3.65]",-2.5,3.2823438879145,7,0.000964320154291225,0.000471564651513723,0.00112728059085948,8
MMRd,CD8-all,CXCL9,"(-5,0]","(2.92,3.65]",-2.5,3.2823438879145,8,0.000867699689069889,0.000701419384199821,0.001013084669962,8
MMRd,Tcd8-CXCL13-comb,CXCL9,"(-5,0]","(4.38,5.11]",-2.5,4.74116339365427,4,0.00341210287852142,0.00289751796167017,0.0042926179442484,8
MMRd,CD8-all,CXCL9,"(-5,0]","(4.38,5.11]",-2.5,4.74116339365427,7,0.00299572039942939,0.00148655415529348,0.00440269305771391,8
MMRd,Tcd8-CXCL13-comb,CXCL9,"(-5,0]","(3.65,4.38]",-2.5,4.01175364078438,7,0.00103806228373702,0.000793899443920773,0.00161095828465916,8
MMRd,CD8-all,CXCL9,"(-5,0]","(3.65,4.38]",-2.5,4.01175364078438,8,0.00118318898448712,0.000825558038608621,0.00146745803076202,8
MMRd,Tcd8-CXCL13-comb,CXCL9,"(-10,-5]","(3.65,4.38]",-7.5,4.01175364078438,6,0.00150110568704824,0.00121540456717231,0.0025986885055637,8
MMRd,CD8-all,CXCL9,"(-10,-5]","(3.65,4.38]",-7.5,4.01175364078438,8,0.00182907552651783,0.00159532423926712,0.00201079996003379,8
MMRd,CD8-all,CXCL9,"(10,15]","(3.65,4.38]",12.5,4.01175364078438,4,0.000268672756582483,0,0.00064362511177459,8
MMRd,CD8-all,CXCL9,"(-10,-5]","(4.38,5.11]",-7.5,4.74116339365427,4,0.00249248217125651,0.000933550834751321,0.00422265808887957,8
MMRd,CD8-all,CXCL9,"(5,10]","(3.65,4.38]",7.5,4.01175364078438,7,0.000303766707168894,0.000141222991102952,0.00190846277764555,8
MMRd,CD8-all,CXCL9,"(5,10]","(2.92,3.65]",7.5,3.2823438879145,7,0.000824175824175824,0.000405022276225192,0.00130457097963255,8
MMRd,CD8-all,CXCL9,"(25,30]","(1.46,2.19]",27.5,1.82352438217472,5,0,0,0,8
MMRd,Tcd8-CXCL13-comb,CXCL9,"(-10,-5]","(2.19,2.92]",-7.5,2.55293413504461,6,0.000525887664013133,8.73820342537574e-05,0.000996729680964488,8
MMRd,CD8-all,CXCL9,"(-10,-5]","(2.19,2.92]",-7.5,2.55293413504461,7,0.000407497962510187,0.000379347986250371,0.000607672176329584,8
MMRd,CD8-all,CXCL9,"(-10,-5]","[0,0.729]",-7.5,0.364704876434944,6,0,0,0,8
MMRd,CD8-all,CXCL9,"(15,20]","(2.92,3.65]",17.5,3.2823438879145,7,0,0,0,8
MMRd,Tcd8-CXCL13-comb,CXCL9,"(-5,0]","[0,0.729]",-2.5,0.364704876434944,4,0,0,0,8
MMRd,CD8-all,CXCL9,"(-5,0]","[0,0.729]",-2.5,0.364704876434944,5,0,0,0,8
MMRd,Tcd8-CXCL13-comb,CXCL9,"(-5,0]","(1.46,2.19]",-2.5,1.82352438217472,6,0.000402785256939019,0.000285024324122774,0.000533775075774084,8
MMRd,CD8-all,CXCL9,"(-5,0]","(1.46,2.19]",-2.5,1.82352438217472,6,0.000316132340301525,0.000142818876088822,0.000617149627050617,8
MMRd,Tcd8-CXCL13-comb,CXCL9,"(-10,-5]","(2.92,3.65]",-7.5,3.2823438879145,6,0.000783024925432348,0.000286486885986601,0.00121294407460722,8
MMRd,CD8-all,CXCL9,"(-10,-5]","(2.92,3.65]",-7.5,3.2823438879145,7,0.00092965602726991,0.000640583850194846,0.00172117326397291,8
MMRd,Tcd8-CXCL13-comb,CXCL9,"(-5,0]","(2.19,2.92]",-2.5,2.55293413504461,6,0.000670328188532072,0.000487452890331278,0.000809086746586747,8
MMRd,CD8-all,CXCL9,"(-5,0]","(2.19,2.92]",-2.5,2.55293413504461,7,0.000597847748106815,0.000491476074536086,0.000609155025143316,8
MMRd,Tcd8-CXCL13-comb,CXCL9,"(0,5]","(1.46,2.19]",2.5,1.82352438217472,5,0,0,0,8
MMRd,CD8-all,CXCL9,"(0,5]","(1.46,2.19]",2.5,1.82352438217472,6,0.000223613595706619,0,0.000811433663524951,8
MMRd,Tcd8-CXCL13-comb,CXCL9,"(15,20]","(2.19,2.92]",17.5,2.55293413504461,5,0,0,0,8
MMRd,CD8-all,CXCL9,"(15,20]","(2.19,2.92]",17.5,2.55293413504461,6,0,0,0.000322303394929093,8
MMRd,CD8-all,CXCL9,"(15,20]","[0,0.729]",17.5,0.364704876434944,4,0,0,0,8
MMRd,Tcd8-CXCL13-comb,CXCL9,"(-10,-5]","(1.46,2.19]",-7.5,1.82352438217472,4,0.00123802215177649,0.000557206537890045,0.00176799148378219,8
MMRd,CD8-all,CXCL9,"(-10,-5]","(1.46,2.19]",-7.5,1.82352438217472,7,0,0,0.00106661597263798,8
MMRd,CD8-all,CXCL9,"(15,20]","(1.46,2.19]",17.5,1.82352438217472,5,0,0,0,8
MMRd,CD8-all,CXCL9,"(30,35]","(2.19,2.92]",32.5,2.55293413504461,5,0.00042927666881305,0,0.000956022944550669,8
MMRd,Tcd8-CXCL13-comb,CXCL9,"(20,25]","(2.19,2.92]",22.5,2.55293413504461,5,0,0,0,8
MMRd,CD8-all,CXCL9,"(20,25]","(2.19,2.92]",22.5,2.55293413504461,5,0.000225479143179256,0,0.000452079566003617,8
MMRd,Tcd8-CXCL13-comb,CXCL9,"(5,10]","(2.19,2.92]",7.5,2.55293413504461,5,0,0,0,8
MMRd,CD8-all,CXCL9,"(5,10]","(2.19,2.92]",7.5,2.55293413504461,6,0,0,0.000184729064039409,8
MMRd,CD8-all,CXCL9,"(-15,-10]","(2.92,3.65]",-12.5,3.2823438879145,7,0.000732600732600733,0.000312304809494066,0.0010547816707264,8
MMRd,Tcd8-CXCL13-comb,CXCL9,"(20,25]","(1.46,2.19]",22.5,1.82352438217472,5,0,0,0,8
MMRd,CD8-all,CXCL9,"(20,25]","(1.46,2.19]",22.5,1.82352438217472,5,0,0,0,8
MMRd,Tcd8-CXCL13-comb,CXCL9,"(0,5]","(2.19,2.92]",2.5,2.55293413504461,6,0,0,0.000227135069654755,8
MMRd,CD8-all,CXCL9,"(0,5]","(2.19,2.92]",2.5,2.55293413504461,7,0.000247954376394743,0.000198812707838709,0.000850355440377022,8
MMRd,Tcd8-CXCL13-comb,CXCL9,"(0,5]","(2.92,3.65]",2.5,3.2823438879145,6,0.00113820016754371,0.000749273470841741,0.00150415060641681,8
MMRd,CD8-all,CXCL9,"(0,5]","(2.92,3.65]",2.5,3.2823438879145,7,0.000917010545621275,0.000662020163946324,0.00115778140149368,8
MMRd,Tcd8-CXCL13-comb,CXCL9,"(5,10]","(1.46,2.19]",7.5,1.82352438217472,5,0,0,0,8
MMRd,CD8-all,CXCL9,"(5,10]","(1.46,2.19]",7.5,1.82352438217472,5,0,0,0,8
MMRd,Tcd8-CXCL13-comb,CXCL9,"(10,15]","(2.92,3.65]",12.5,3.2823438879145,4,0.000360750360750361,0,0.0010351966873706,8
MMRd,CD8-all,CXCL9,"(10,15]","(2.92,3.65]",12.5,3.2823438879145,6,0.000274122807017544,0,0.00106413186086353,8
MMRd,Tcd8-CXCL13-comb,CXCL9,"(5,10]","(2.92,3.65]",7.5,3.2823438879145,6,0.000647949606888306,0.000414430360473526,0.00130078474257347,8
MMRd,CD8-all,CXCL9,"(10,15]","(2.19,2.92]",12.5,2.55293413504461,6,0.000143472022955524,0,0.000497388678901144,8
MMRd,CD8-all,CXCL9,"(30,35]","(1.46,2.19]",32.5,1.82352438217472,5,0.000469263256687001,0,0.000864304235090752,8
MMRd,CD8-all,CXCL9,"(25,30]","(2.19,2.92]",27.5,2.55293413504461,4,0,0,0.000104580631667015,8
MMRd,CD8-all,CXCL9,"(35,40]","(2.19,2.92]",37.5,2.55293413504461,4,0,0,0.00010351966873706,8
MMRd,Tcd8-CXCL13-comb,CXCL9,"(10,15]","(1.46,2.19]",12.5,1.82352438217472,5,0,0,0,8
MMRd,CD8-all,CXCL9,"(10,15]","(1.46,2.19]",12.5,1.82352438217472,6,0.000671375963346963,0.000159134309357097,0.000741525423728814,8
MMRd,CD8-all,CXCL9,"(-5,0]","(0.729,1.46]",-2.5,1.09411462930483,6,0,0,0.000348999534667287,8
MMRd,Tcd8-CXCL13-comb,CXCL9,"(0,5]","[0,0.729]",2.5,0.364704876434944,4,0,0,0,8
MMRd,CD8-all,CXCL9,"(0,5]","[0,0.729]",2.5,0.364704876434944,5,0,0,0,8
MMRd,CD8-all,CXCL9,"(-15,-10]","(3.65,4.38]",-12.5,4.01175364078438,6,0.00166919485895039,0.000931580180523873,0.00236354486103545,8
MMRd,Tcd8-CXCL13-comb,CXCL9,"(-15,-10]","(2.19,2.92]",-12.5,2.55293413504461,5,0,0,0.00118483412322275,8
MMRd,CD8-all,CXCL9,"(-15,-10]","(2.19,2.92]",-12.5,2.55293413504461,7,0.000748502994011976,0.000483281778373982,0.00202509319103243,8
MMRd,Tcd8-CXCL13-comb,CXCL9,"(-20,-15]","(2.92,3.65]",-17.5,3.2823438879145,4,0.0016048730904354,0.000956632653061224,0.00199533929196007,8
MMRd,CD8-all,CXCL9,"(-20,-15]","(2.92,3.65]",-17.5,3.2823438879145,5,0.00101936799184506,0.000889751678395212,0.00139664804469274,8
MMRd,Tcd8-CXCL13-comb,CXCL9,"(-15,-10]","(2.92,3.65]",-12.5,3.2823438879145,5,0.000876424189307625,0.000669344042838019,0.00134408602150538,8
MMRd,Tcd8-CXCL13-comb,CXCL9,"(10,15]","(2.19,2.92]",12.5,2.55293413504461,4,0,0,0.000203583061889251,8
MMRd,CD8-all,CXCL9,"(-25,-20]","(3.65,4.38]",-22.5,4.01175364078438,4,0.00158005448961713,0.00117261332782671,0.0022053193843798,8
MMRd,CD8-all,CXCL9,"(-25,-20]","(2.92,3.65]",-22.5,3.2823438879145,4,0.00209848658609121,0.00103505382279879,0.00295442689808887,8
MMRd,CD8-all,CXCL9,"(-15,-10]","[0,0.729]",-12.5,0.364704876434944,4,0,0,0,8
MMRd,CD8-all,CXCL9,"(5,10]","[0,0.729]",7.5,0.364704876434944,4,0,0,0.000118990956687292,8
MMRd,Tcd8-CXCL13-comb,CXCL9,"(-10,-5]","[0,0.729]",-7.5,0.364704876434944,4,0,0,0,8
MMRd,CD8-all,CXCL9,"(-20,-15]","(2.19,2.92]",-17.5,2.55293413504461,4,0,0,0,8
MMRd,CD8-all,CXCL9,"(-25,-20]","(2.19,2.92]",-22.5,2.55293413504461,4,0.000390777647518562,0,0.000791252607455037,8
MMRd,CD8-all,CXCL9,"(-20,-15]","(3.65,4.38]",-17.5,4.01175364078438,5,0.00178677784395473,0.00119410114036659,0.00201884253028264,8
MMRd,CD8-all,CXCL9,"(35,40]","(3.65,4.38]",37.5,4.01175364078438,4,0.000345303867403315,0,0.0010579126045607,8
MMRd,CD8-all,CXCL9,"(20,25]","(2.92,3.65]",22.5,3.2823438879145,4,0.000191204588910134,0,0.000508782466051105,8
MMRd,CD8-all,CXCL9,"(-25,-20]","[0,0.729]",-22.5,0.364704876434944,4,0,0,0,8
MMRd,Tcd8-CXCL13-LAG3,CXCL9,"(-5,0]","(2.19,2.92]",-2.5,2.55293413504461,6,0.000460829493087558,0,0.00124805382388435,8
MMRd,Tcd8-CXCL13-LAG3,CXCL9,"(-5,0]","(2.92,3.65]",-2.5,3.2823438879145,6,0.000202183582693085,0,0.000639884894794819,8
MMRd,Tcd8-CXCL13-LAG3,CXCL9,"(-5,0]","(1.46,2.19]",-2.5,1.82352438217472,4,0,0,0.000208159866777685,8
MMRd,Tcd8-CXCL13-LAG3,CXCL9,"(0,5]","(2.19,2.92]",2.5,2.55293413504461,4,0,0,0,8
MMRd,Tcd8-GZMK,CXCL9,"(-5,0]","(2.92,3.65]",-2.5,3.2823438879145,6,0.00131504039505943,0.000991853462457265,0.00159074637241624,8
MMRd,Tcd8-GZMK,CXCL9,"(-5,0]","(2.19,2.92]",-2.5,2.55293413504461,6,0,0,0.000580495356037152,8
MMRd,Tcd8-GZMK,CXCL9,"(-15,-10]","(2.92,3.65]",-12.5,3.2823438879145,4,0.000486854917234664,0,0.00153934386452514,8
MMRd,Tcd8-GZMK,CXCL9,"(-10,-5]","(2.92,3.65]",-7.5,3.2823438879145,4,0.000936834390651152,0.000492287495897604,0.00125637068348572,8
MMRd,Tcd8-GZMK,CXCL9,"(0,5]","(2.92,3.65]",2.5,3.2823438879145,4,0.000271591526344378,0,0.00133503107430321,8
MMRd,Tcd8-GZMK,CXCL9,"(-10,-5]","(2.19,2.92]",-7.5,2.55293413504461,4,0.000258933195235629,0,0.000640925045378696,8
MMRd,Tcd8-HOBIT,CXCL9,"(-5,0]","[0,0.729]",-2.5,0.364704876434944,4,0,0,0,8
MMRd,Tcd8-HOBIT,CXCL9,"(-5,0]","(3.65,4.38]",-2.5,4.01175364078438,5,0.000700770847932726,0.000642378636321924,0.00379746835443038,8
MMRd,Tcd8-HOBIT,CXCL9,"(-5,0]","(2.19,2.92]",-2.5,2.55293413504461,6,0,0,0.000821917808219178,8
MMRd,Tcd8-HOBIT,CXCL9,"(0,5]","(2.19,2.92]",2.5,2.55293413504461,5,0.00127551020408163,0,0.00170648464163823,8
MMRd,Tcd8-HOBIT,CXCL9,"(-5,0]","(2.92,3.65]",-2.5,3.2823438879145,6,0.000229568411386593,0,0.00108754685160769,8
MMRd,Tcd8-HOBIT,CXCL9,"(-5,0]","(1.46,2.19]",-2.5,1.82352438217472,5,0.0009765625,0,0.000985221674876847,8
MMRd,Tcd8-HOBIT,CXCL9,"(-10,-5]","(2.92,3.65]",-7.5,3.2823438879145,4,0,0,6.16067028092657e-05,8
MMRd,Tcd8-HOBIT,CXCL9,"(0,5]","(2.92,3.65]",2.5,3.2823438879145,5,0.000791139240506329,0,0.00117439812096301,8
MMRd,Tcd8-HOBIT,CXCL9,"(-10,-5]","(2.19,2.92]",-7.5,2.55293413504461,5,0,0,0,8
MMRd,Tplzf-gdlike-comb,CXCL9,"(-10,-5]","(3.65,4.38]",-7.5,4.01175364078438,4,0.00236395160445624,0.00187737884266262,0.00319447673189907,8
MMRd,Tplzf-gdlike-comb,CXCL9,"(-5,0]","(3.65,4.38]",-2.5,4.01175364078438,7,0.00101061141990905,0,0.00174713773192307,8
MMRd,Tplzf-gdlike-comb,CXCL9,"(-5,0]","[0,0.729]",-2.5,0.364704876434944,4,0,0,0.000233754090696587,8
MMRd,Tplzf-gdlike-comb,CXCL9,"(-5,0]","(1.46,2.19]",-2.5,1.82352438217472,5,0.000611246943765281,0.000412541254125413,0.000772797527047913,8
MMRd,Tplzf-gdlike-comb,CXCL9,"(15,20]","(1.46,2.19]",17.5,1.82352438217472,5,0,0,0,8
MMRd,Tplzf-gdlike-comb,CXCL9,"(20,25]","(2.19,2.92]",22.5,2.55293413504461,4,0.000469924812030075,0,0.00109188412206988,8
MMRd,Tplzf-gdlike-comb,CXCL9,"(-5,0]","(2.92,3.65]",-2.5,3.2823438879145,6,0.00154566971607035,0.000804371335310984,0.00181010927193296,8
MMRd,Tplzf-gdlike-comb,CXCL9,"(-5,0]","(2.19,2.92]",-2.5,2.55293413504461,6,0.000590259886396912,0.000140331181588549,0.000777205400614056,8
MMRd,Tplzf-gdlike-comb,CXCL9,"(0,5]","(1.46,2.19]",2.5,1.82352438217472,5,0.00100401606425703,0,0.00127064803049555,8
MMRd,Tplzf-gdlike-comb,CXCL9,"(0,5]","(2.19,2.92]",2.5,2.55293413504461,6,0.000494559841740851,0,0.00119424961784012,8
MMRd,Tplzf-gdlike-comb,CXCL9,"(-10,-5]","(2.92,3.65]",-7.5,3.2823438879145,5,0.000397298371076679,0.000276701715550636,0.00107353730542136,8
MMRd,Tplzf-gdlike-comb,CXCL9,"(0,5]","(2.92,3.65]",2.5,3.2823438879145,6,0.000204331834899877,0,0.000946760512044533,8
MMRd,Tplzf-gdlike-comb,CXCL9,"(-10,-5]","(2.19,2.92]",-7.5,2.55293413504461,4,0.00031210986267166,0,0.000725366440098026,8
MMRd,Tplzf-gdlike-comb,CXCL9,"(-10,-5]","[0,0.729]",-7.5,0.364704876434944,4,0,0,0,8
MMRd,Tplzf-gdlike-comb,CXCL9,"(5,10]","(2.19,2.92]",7.5,2.55293413504461,4,0.000459136822773186,0,0.00116040334736733,8
MMRd,Tplzf-gdlike-comb,CXCL9,"(5,10]","(2.92,3.65]",7.5,3.2823438879145,4,0.000370096225018505,0,0.00133154185305571,8
MMRd,Tplzf-gdlike-comb,CXCL9,"(-10,-5]","(1.46,2.19]",-7.5,1.82352438217472,4,0,0,0.000448833034111311,8
MMRd,Myeloid-mregDC,CXCL10,"(-15,-10]","(4.38,5.11]",-12.5,4.74116339365427,4,0.00229362532121075,0.00190992943531345,0.00276208306398126,8
MMRd,Myeloid-mregDC,CXCL10,"(-5,0]","(3.65,4.38]",-2.5,4.01175364078438,6,0.000431158378844496,0,0.00144207142163811,8
MMRd,Myeloid-mregDC,CXCL10,"(-10,-5]","(3.65,4.38]",-7.5,4.01175364078438,5,0.000519885625162464,0,0.000871839581517001,8
MMRd,Myeloid-mregDC,CXCL10,"(-15,-10]","(2.92,3.65]",-12.5,3.2823438879145,7,0.000562429696287964,0,0.000708584975936101,8
MMRd,Myeloid-mregDC,CXCL10,"(-5,0]","(2.92,3.65]",-2.5,3.2823438879145,7,0.000675219446320054,0,0.000892484968674212,8
MMRd,Myeloid-mregDC,CXCL10,"(-10,-5]","(2.19,2.92]",-7.5,2.55293413504461,6,0,0,0,8
MMRd,Myeloid-mregDC,CXCL10,"(-5,0]","(1.46,2.19]",-2.5,1.82352438217472,4,0,0,8.35282325425994e-05,8
MMRd,Myeloid-mregDC,CXCL10,"(-5,0]","(2.19,2.92]",-2.5,2.55293413504461,5,0,0,0.00135135135135135,8
MMRd,Myeloid-mregDC,CXCL10,"(-10,-5]","(2.92,3.65]",-7.5,3.2823438879145,7,0.000672043010752688,0,0.000988014555170112,8
MMRd,Myeloid-mregDC,CXCL10,"(-15,-10]","(3.65,4.38]",-12.5,4.01175364078438,4,0.000317460317460317,0,0.000713833061741807,8
MMRd,Myeloid-mregDC,CXCL10,"(-5,0]","[0,0.729]",-2.5,0.364704876434944,4,0,0,0.000250501002004008,8
MMRd,Myeloid-mregDC,CXCL10,"(-15,-10]","(2.19,2.92]",-12.5,2.55293413504461,4,0,0,0,8
MMRd,Myeloid-ISG,CXCL10,"(-10,-5]","(5.11,5.84]",-7.5,5.47057314652416,5,0.00829596412556054,0.00811415780637941,0.0145113102859582,8
MMRd,Myeloid-noDC-noGran,CXCL10,"(-10,-5]","(5.11,5.84]",-7.5,5.47057314652416,7,0.00609095831077423,0.00411622360961546,0.00734015431498613,8
MMRd,Myeloid-ISG,CXCL10,"(-40,-35]","(4.38,5.11]",-37.5,4.74116339365427,7,0.00705329153605016,0.00274852916918678,0.00923156482361492,8
MMRd,Myeloid-noDC-noGran,CXCL10,"(-40,-35]","(4.38,5.11]",-37.5,4.74116339365427,7,0.0044529262086514,0.00311330804748829,0.00545330904392313,8
MMRd,Myeloid-noDC-noGran,CXCL10,"(20,25]","(3.65,4.38]",22.5,4.01175364078438,5,0.00312304809494066,0.00105708245243129,0.00486270022883295,8
MMRd,Myeloid-ISG,CXCL10,"(0,5]","(3.65,4.38]",2.5,4.01175364078438,8,0.00411923168823561,0.00310171870712883,0.00471223461972573,8
MMRd,Myeloid-noDC-noGran,CXCL10,"(0,5]","(3.65,4.38]",2.5,4.01175364078438,8,0.00179059733743661,0.00145490856866817,0.00195747757217192,8
MMRd,Myeloid-ISG,CXCL10,"(-10,-5]","(2.92,3.65]",-7.5,3.2823438879145,8,0.0021959426073559,0.00165450904093673,0.00373740651384185,8
MMRd,Myeloid-noDC-noGran,CXCL10,"(-10,-5]","(2.92,3.65]",-7.5,3.2823438879145,8,0.000854124977950671,0.000721346967912542,0.0012388855995889,8
MMRd,Myeloid-ISG,CXCL10,"(-5,0]","(5.11,5.84]",-2.5,5.47057314652416,6,0.0114821722843376,0.00636110114583123,0.0146962846630068,8
MMRd,Myeloid-noDC-noGran,CXCL10,"(-5,0]","(5.11,5.84]",-2.5,5.47057314652416,6,0.0091673971653757,0.00631991508124439,0.00988362702918173,8
MMRd,Myeloid-ISG,CXCL10,"(-10,-5]","(3.65,4.38]",-7.5,4.01175364078438,8,0.00365534784193002,0.00275743233162412,0.00481288497247624,8
MMRd,Myeloid-noDC-noGran,CXCL10,"(-10,-5]","(3.65,4.38]",-7.5,4.01175364078438,8,0.00154025932869159,0.00134731801226613,0.00201480873395608,8
MMRd,Myeloid-noDC-noGran,CXCL10,"(45,50]","(2.92,3.65]",47.5,3.2823438879145,5,0,0,0.00192076830732293,8
MMRd,Myeloid-noDC-noGran,CXCL10,"(5,10]","(4.38,5.11]",7.5,4.74116339365427,7,0.00354866267989748,0.00216587064334719,0.00549092504875272,8
MMRd,Myeloid-ISG,CXCL10,"(0,5]","(5.11,5.84]",2.5,5.47057314652416,4,0.010783197632559,0.00920658647003099,0.01228427986228,8
MMRd,Myeloid-noDC-noGran,CXCL10,"(0,5]","(5.11,5.84]",2.5,5.47057314652416,4,0.00891652062644302,0.00642724612176974,0.0111184725456382,8
MMRd,Myeloid-ISG,CXCL10,"(-15,-10]","(3.65,4.38]",-12.5,4.01175364078438,8,0.00317124474751016,0.00244783625970219,0.00415191650716223,8
MMRd,Myeloid-noDC-noGran,CXCL10,"(-15,-10]","(3.65,4.38]",-12.5,4.01175364078438,8,0.00154468824571238,0.0012314095595533,0.00191039794183704,8
MMRd,Myeloid-noDC-noGran,CXCL10,"(-95,-90]","(4.38,5.11]",-92.5,4.74116339365427,4,0.00186594604944235,0.00138248847926267,0.00221515263962928,8
MMRd,Myeloid-ISG,CXCL10,"(-15,-10]","(4.38,5.11]",-12.5,4.74116339365427,7,0.00523560209424084,0.00407687958518795,0.00652001673469714,8
MMRd,Myeloid-noDC-noGran,CXCL10,"(-15,-10]","(4.38,5.11]",-12.5,4.74116339365427,7,0.00313650620482749,0.00191837171844751,0.0034768051176724,8
MMRd,Myeloid-noDC-noGran,CXCL10,"(-95,-90]","[0,0.729]",-92.5,0.364704876434944,7,0,0,0.000259976602105811,8
MMRd,Myeloid-ISG,CXCL10,"(-15,-10]","(5.11,5.84]",-12.5,5.47057314652416,4,0.0102260964508033,0.0092408996744599,0.0118382065621834,8
MMRd,Myeloid-noDC-noGran,CXCL10,"(-15,-10]","(5.11,5.84]",-12.5,5.47057314652416,6,0.0073114143773635,0.00702910772725273,0.00736224577708102,8
MMRd,Myeloid-noDC-noGran,CXCL10,"(-45,-40]","(4.38,5.11]",-42.5,4.74116339365427,6,0.00264368174944802,0.00213537177161795,0.00387270258935822,8
MMRd,Myeloid-ISG,CXCL10,"(-5,0]","(4.38,5.11]",-2.5,4.74116339365427,7,0.00670016750418761,0.00508642579573717,0.00970871248226914,8
MMRd,Myeloid-noDC-noGran,CXCL10,"(-5,0]","(4.38,5.11]",-2.5,4.74116339365427,8,0.00336395517463999,0.00253941247050292,0.00609946541598981,8
MMRd,Myeloid-ISG,CXCL10,"(-20,-15]","(3.65,4.38]",-17.5,4.01175364078438,8,0.00339101756659994,0.0024546318519207,0.00383853563511475,8
MMRd,Myeloid-noDC-noGran,CXCL10,"(-20,-15]","(3.65,4.38]",-17.5,4.01175364078438,8,0.00163560459303163,0.00111734893927892,0.0022830362932113,8
MMRd,Myeloid-ISG,CXCL10,"(-5,0]","(2.92,3.65]",-2.5,3.2823438879145,8,0.00225518477993229,0.00146702849202928,0.00370029082903206,8
MMRd,Myeloid-noDC-noGran,CXCL10,"(-5,0]","(2.92,3.65]",-2.5,3.2823438879145,8,0.000843104883368105,0.000649317078301057,0.00100293558700755,8
MMRd,Myeloid-ISG,CXCL10,"(-5,0]","(3.65,4.38]",-2.5,4.01175364078438,8,0.0035230061968795,0.00273599960414167,0.00639017347668232,8
MMRd,Myeloid-noDC-noGran,CXCL10,"(-5,0]","(3.65,4.38]",-2.5,4.01175364078438,8,0.00153952271216889,0.00123508145918511,0.00263657618865603,8
MMRd,Myeloid-noDC-noGran,CXCL10,"(-25,-20]","(5.11,5.84]",-22.5,5.47057314652416,4,0.00945052817875118,0.00696211428973079,0.0114037398997158,8
MMRd,Myeloid-noDC-noGran,CXCL10,"(-50,-45]","(3.65,4.38]",-47.5,4.01175364078438,7,0.00157977883096367,0.0014991192557327,0.00190759294306339,8
MMRd,Myeloid-noDC-noGran,CXCL10,"(-25,-20]","(3.65,4.38]",-22.5,4.01175364078438,8,0.00153727448195148,0.000801450033468533,0.00213660248328969,8
MMRd,Myeloid-noDC-noGran,CXCL10,"(-30,-25]","(3.65,4.38]",-27.5,4.01175364078438,7,0.00208096334729891,0.00129778593968238,0.00238536613733614,8
MMRd,Myeloid-ISG,CXCL10,"(-35,-30]","(3.65,4.38]",-32.5,4.01175364078438,7,0.00302506482281763,0.00219908772757658,0.00538347641546193,8
MMRd,Myeloid-noDC-noGran,CXCL10,"(-35,-30]","(3.65,4.38]",-32.5,4.01175364078438,7,0.00168819110323289,0.00110873468678502,0.00204898604493939,8
MMRd,Myeloid-ISG,CXCL10,"(-20,-15]","(5.11,5.84]",-17.5,5.47057314652416,5,0.00664961636828645,0.00613154960981048,0.00799418604651163,8
MMRd,Myeloid-noDC-noGran,CXCL10,"(-20,-15]","(5.11,5.84]",-17.5,5.47057314652416,6,0.00660288720873679,0.00403981349829962,0.00939183486542386,8
MMRd,Myeloid-ISG,CXCL10,"(0,5]","(4.38,5.11]",2.5,4.74116339365427,6,0.00912947519345294,0.00536818964797004,0.0126360126360126,8
MMRd,Myeloid-noDC-noGran,CXCL10,"(0,5]","(4.38,5.11]",2.5,4.74116339365427,7,0.00412343708433094,0.00321554182831921,0.00728876847743502,8
MMRd,Myeloid-ISG,CXCL10,"(-10,-5]","(4.38,5.11]",-7.5,4.74116339365427,7,0.00578034682080925,0.00393700717596676,0.0077142367000557,8
MMRd,Myeloid-noDC-noGran,CXCL10,"(-10,-5]","(4.38,5.11]",-7.5,4.74116339365427,8,0.0037121570026485,0.00291523057764888,0.00536184532884826,8
MMRd,Myeloid-noDC-noGran,CXCL10,"(-20,-15]","(2.92,3.65]",-17.5,3.2823438879145,8,0.000931408382066277,0.000564741196295613,0.0010506656288936,8
MMRd,Myeloid-noDC-noGran,CXCL10,"(-85,-80]","(3.65,4.38]",-82.5,4.01175364078438,4,0.00098163610288322,0.000341374601729631,0.00169078104513251,8
MMRd,Myeloid-noDC-noGran,CXCL10,"(65,70]","(2.92,3.65]",67.5,3.2823438879145,4,0.00223678556080791,0.00104748603351955,0.0032977913175933,8
MMRd,Myeloid-ISG,CXCL10,"(-20,-15]","(4.38,5.11]",-17.5,4.74116339365427,7,0.00384358288770054,0.00225964385379666,0.00613215226443734,8
MMRd,Myeloid-noDC-noGran,CXCL10,"(-20,-15]","(4.38,5.11]",-17.5,4.74116339365427,7,0.00250851101953055,0.00121225910761414,0.00344555015285937,8
MMRd,Myeloid-ISG,CXCL10,"(-30,-25]","(4.38,5.11]",-27.5,4.74116339365427,7,0.00638569604086846,0.00466044741359807,0.00701813641687315,8
MMRd,Myeloid-noDC-noGran,CXCL10,"(-30,-25]","(4.38,5.11]",-27.5,4.74116339365427,7,0.00490110274811833,0.00322096984176212,0.00537000698293159,8
MMRd,Myeloid-noDC-noGran,CXCL10,"(-20,-15]","(2.19,2.92]",-17.5,2.55293413504461,8,0.000408898150206913,0.000259838127770108,0.000553100530378023,8
MMRd,Myeloid-noDC-noGran,CXCL10,"(-50,-45]","(4.38,5.11]",-47.5,4.74116339365427,7,0.00153964588144727,0.00101666132122797,0.00337932976626303,8
MMRd,Myeloid-noDC-noGran,CXCL10,"(25,30]","(3.65,4.38]",27.5,4.01175364078438,5,0.00241157556270097,0.000556483027267668,0.00258732212160414,8
MMRd,Myeloid-noDC-noGran,CXCL10,"(-55,-50]","[0,0.729]",-52.5,0.364704876434944,8,0,0,2.89134331810559e-05,8
MMRd,Myeloid-ISG,CXCL10,"(5,10]","(3.65,4.38]",7.5,4.01175364078438,6,0.00305985225948787,0.00264858508671685,0.00368860408631411,8
MMRd,Myeloid-noDC-noGran,CXCL10,"(5,10]","(3.65,4.38]",7.5,4.01175364078438,8,0.00160002666779366,0.00119016174879883,0.00286685480460375,8
MMRd,Myeloid-noDC-noGran,CXCL10,"(-15,-10]","(2.19,2.92]",-12.5,2.55293413504461,8,0.000488918216218042,0.000396549693256109,0.000605908277240486,8
MMRd,Myeloid-noDC-noGran,CXCL10,"(-30,-25]","[0,0.729]",-27.5,0.364704876434944,8,0.0001992463287371,0,0.000418381809445927,8
MMRd,Myeloid-ISG,CXCL10,"(0,5]","(2.92,3.65]",2.5,3.2823438879145,8,0.0030604884605626,0.00145013527267829,0.00532790523687436,8
MMRd,Myeloid-noDC-noGran,CXCL10,"(0,5]","(2.92,3.65]",2.5,3.2823438879145,8,0.00106378906964088,0.000788201057015022,0.00156385263595023,8
MMRd,Myeloid-ISG,CXCL10,"(-5,0]","(2.19,2.92]",-2.5,2.55293413504461,8,0.00144107119689234,0.00092679949263715,0.00243063872608025,8
MMRd,Myeloid-noDC-noGran,CXCL10,"(-5,0]","(2.19,2.92]",-2.5,2.55293413504461,8,0.000504490197915508,0.000412074985373123,0.000771883708731687,8
MMRd,Myeloid-ISG,CXCL10,"(-10,-5]","(1.46,2.19]",-7.5,1.82352438217472,7,0.000906266183324702,0.000580979219402561,0.00152750778899156,8
MMRd,Myeloid-noDC-noGran,CXCL10,"(-10,-5]","(1.46,2.19]",-7.5,1.82352438217472,8,0.000344018780317293,0.000302734905120212,0.000529912826452713,8
MMRd,Myeloid-noDC-noGran,CXCL10,"(-20,-15]","(1.46,2.19]",-17.5,1.82352438217472,7,0.000310927695177794,0.000223175104691692,0.000516529174787798,8
MMRd,Myeloid-ISG,CXCL10,"(-5,0]","(1.46,2.19]",-2.5,1.82352438217472,6,0.000911001736964446,0.000534329197912358,0.00119243278572169,8
MMRd,Myeloid-noDC-noGran,CXCL10,"(-5,0]","(1.46,2.19]",-2.5,1.82352438217472,8,0.000305952723389025,0.000135539404394189,0.000379442584168916,8
MMRd,Myeloid-ISG,CXCL10,"(-30,-25]","(2.92,3.65]",-27.5,3.2823438879145,6,0.00147706271581023,0.00109838336944835,0.00190521959504344,8
MMRd,Myeloid-noDC-noGran,CXCL10,"(-30,-25]","(2.92,3.65]",-27.5,3.2823438879145,8,0.00104373334120768,0.000387697079348669,0.001645679537568,8
MMRd,Myeloid-noDC-noGran,CXCL10,"(-45,-40]","(3.65,4.38]",-42.5,4.01175364078438,7,0.00133645172068159,0.00104711375791735,0.00180897034143497,8
MMRd,Myeloid-noDC-noGran,CXCL10,"(-35,-30]","(4.38,5.11]",-32.5,4.74116339365427,7,0.00239520958083832,0.00210839731576084,0.00276952039594587,8
MMRd,Myeloid-noDC-noGran,CXCL10,"(-55,-50]","(3.65,4.38]",-52.5,4.01175364078438,7,0.00146412884333821,0.00101508959458919,0.00165587851132284,8
MMRd,Myeloid-noDC-noGran,CXCL10,"(35,40]","(2.92,3.65]",37.5,3.2823438879145,7,0.00100959111559818,0.000272182906913446,0.00248117992423762,8
MMRd,Myeloid-noDC-noGran,CXCL10,"(-65,-60]","(3.65,4.38]",-62.5,4.01175364078438,7,0.00129004515158031,0.0005175983436853,0.00213735880496387,8
MMRd,Myeloid-ISG,CXCL10,"(-10,-5]","(2.19,2.92]",-7.5,2.55293413504461,8,0.0014522575594447,0.00104366683257186,0.00233176530082051,8
MMRd,Myeloid-noDC-noGran,CXCL10,"(-10,-5]","(2.19,2.92]",-7.5,2.55293413504461,8,0.000492968118225593,0.000385389243205703,0.000591548256286063,8
MMRd,Myeloid-ISG,CXCL10,"(-25,-20]","(2.92,3.65]",-22.5,3.2823438879145,6,0.00119284350675487,0.000400356311673968,0.00163342369779986,8
MMRd,Myeloid-noDC-noGran,CXCL10,"(-25,-20]","(2.92,3.65]",-22.5,3.2823438879145,8,0.000622393549415582,0.000373001396317712,0.000915744858402681,8
MMRd,Myeloid-ISG,CXCL10,"(10,15]","(3.65,4.38]",12.5,4.01175364078438,5,0.00513874614594039,0.00268610897927859,0.00671140939597315,8
MMRd,Myeloid-noDC-noGran,CXCL10,"(10,15]","(3.65,4.38]",12.5,4.01175364078438,7,0.00245441795231417,0.00108649267568409,0.00288900700842586,8
MMRd,Myeloid-noDC-noGran,CXCL10,"(30,35]","(1.46,2.19]",32.5,1.82352438217472,5,0,0,0.000213401621852326,8
MMRd,Myeloid-ISG,CXCL10,"(-5,0]","(0.729,1.46]",-2.5,1.09411462930483,4,0.000316055625790139,0,0.000636843855351875,8
MMRd,Myeloid-noDC-noGran,CXCL10,"(-5,0]","(0.729,1.46]",-2.5,1.09411462930483,6,0.000152657205505211,2.45651960302643e-05,0.000312713652208868,8
MMRd,Myeloid-noDC-noGran,CXCL10,"(5,10]","(1.46,2.19]",7.5,1.82352438217472,7,0.000122414004162076,0,0.000558281575484268,8
MMRd,Myeloid-ISG,CXCL10,"(-25,-20]","(4.38,5.11]",-22.5,4.74116339365427,7,0.00481927710843374,0.00306754235502994,0.00956764142541692,8
MMRd,Myeloid-noDC-noGran,CXCL10,"(-25,-20]","(4.38,5.11]",-22.5,4.74116339365427,7,0.00336775931746744,0.00201372402550602,0.00460397190404347,8
MMRd,Myeloid-ISG,CXCL10,"(-5,0]","[0,0.729]",-2.5,0.364704876434944,8,0.000727781345703901,0,0.00141420699632605,8
MMRd,Myeloid-noDC-noGran,CXCL10,"(-5,0]","[0,0.729]",-2.5,0.364704876434944,8,0.000306247850200469,5.28578476284446e-05,0.000355721962808846,8
MMRd,Myeloid-ISG,CXCL10,"(0,5]","(2.19,2.92]",2.5,2.55293413504461,7,0.00164396430248943,0.00047380638517907,0.00286313252769841,8
MMRd,Myeloid-noDC-noGran,CXCL10,"(0,5]","(2.19,2.92]",2.5,2.55293413504461,8,0.000463581460744432,0.00024312180849364,0.000830053474897503,8
MMRd,Myeloid-ISG,CXCL10,"(0,5]","(1.46,2.19]",2.5,1.82352438217472,5,0.000359906424329674,0,0.000927643784786642,8
MMRd,Myeloid-noDC-noGran,CXCL10,"(0,5]","(1.46,2.19]",2.5,1.82352438217472,7,0.000269034167339252,0.000175254563390436,0.000841826275535279,8
MMRd,Myeloid-ISG,CXCL10,"(15,20]","(2.92,3.65]",17.5,3.2823438879145,5,0.0017931858936043,0.00147710487444609,0.00278810408921933,8
MMRd,Myeloid-noDC-noGran,CXCL10,"(15,20]","(2.92,3.65]",17.5,3.2823438879145,8,0.000865353325675975,0.000618565300827871,0.00162944984734221,8
MMRd,Myeloid-noDC-noGran,CXCL10,"(35,40]","(2.19,2.92]",37.5,2.55293413504461,7,0.000633713561470215,0.000170270730461434,0.00088108866400102,8
MMRd,Myeloid-ISG,CXCL10,"(5,10]","(2.92,3.65]",7.5,3.2823438879145,6,0.00180883930883931,0.000982767232767233,0.00286202087672676,8
MMRd,Myeloid-noDC-noGran,CXCL10,"(5,10]","(2.92,3.65]",7.5,3.2823438879145,8,0.00090809940268689,0.000490252712203292,0.00131981392991526,8
MMRd,Myeloid-ISG,CXCL10,"(-15,-10]","(2.19,2.92]",-12.5,2.55293413504461,7,0.00144050705848459,0.00105100568895613,0.00228052271781208,8
MMRd,Myeloid-ISG,CXCL10,"(-20,-15]","(2.92,3.65]",-17.5,3.2823438879145,7,0.00193548387096774,0.00108016125222741,0.00259975605750368,8
MMRd,Myeloid-noDC-noGran,CXCL10,"(20,25]","[0,0.729]",22.5,0.364704876434944,5,0.000251382604323781,0,0.0003933910306845,8
MMRd,Myeloid-noDC-noGran,CXCL10,"(30,35]","(2.19,2.92]",32.5,2.55293413504461,7,0.000304878048780488,0,0.00100194433678535,8
MMRd,Myeloid-noDC-noGran,CXCL10,"(20,25]","(2.19,2.92]",22.5,2.55293413504461,6,0.000366556361834067,0.000214062136479906,0.00078189748436205,8
MMRd,Myeloid-ISG,CXCL10,"(-15,-10]","(1.46,2.19]",-12.5,1.82352438217472,6,0.0012056968906284,0.000476959009079935,0.00141427225077415,8
MMRd,Myeloid-noDC-noGran,CXCL10,"(-15,-10]","(1.46,2.19]",-12.5,1.82352438217472,7,0.000324254215304799,0.000308473523097656,0.000416774969860355,8
MMRd,Myeloid-ISG,CXCL10,"(-25,-20]","(3.65,4.38]",-22.5,4.01175364078438,6,0.00212209040463992,0.00171325572974345,0.00228342383351933,8
MMRd,Myeloid-noDC-noGran,CXCL10,"(-10,-5]","(0.729,1.46]",-7.5,1.09411462930483,6,9.88579450676838e-05,1.46584579302257e-05,0.000239561379689877,8
MMRd,Myeloid-noDC-noGran,CXCL10,"(20,25]","(1.46,2.19]",22.5,1.82352438217472,5,0.000219683655536028,0.000125187781672509,0.000497017892644135,8
MMRd,Myeloid-ISG,CXCL10,"(0,5]","[0,0.729]",2.5,0.364704876434944,5,0.000687285223367698,0.000428724544480172,0.000718907260963336,8
MMRd,Myeloid-noDC-noGran,CXCL10,"(0,5]","[0,0.729]",2.5,0.364704876434944,8,0.000252834047791401,8.31209132217666e-05,0.000604626306022763,8
MMRd,Myeloid-noDC-noGran,CXCL10,"(-70,-65]","(2.92,3.65]",-67.5,3.2823438879145,6,0.00110439323590131,0.000634169832605874,0.0015909032919318,8
MMRd,Myeloid-noDC-noGran,CXCL10,"(15,20]","(3.65,4.38]",17.5,4.01175364078438,6,0.00177108952530313,0.00146462261163139,0.00233437716590842,8
MMRd,Myeloid-noDC-noGran,CXCL10,"(10,15]","[0,0.729]",12.5,0.364704876434944,7,0.000770119368502118,0,0.00117808622876894,8
MMRd,Myeloid-ISG,CXCL10,"(-35,-30]","(2.92,3.65]",-32.5,3.2823438879145,5,0.0011154489682097,0.00110578695171397,0.00157915515199368,8
MMRd,Myeloid-noDC-noGran,CXCL10,"(-35,-30]","(2.92,3.65]",-32.5,3.2823438879145,7,0.000859057327759006,0.000744772551146847,0.00122399633548622,8
MMRd,Myeloid-ISG,CXCL10,"(5,10]","(2.19,2.92]",7.5,2.55293413504461,6,0.0012609073806215,0.00108881608714686,0.00139695897059151,8
MMRd,Myeloid-noDC-noGran,CXCL10,"(5,10]","(2.19,2.92]",7.5,2.55293413504461,8,0.000755864284400472,0.000352894521849976,0.00106401324411947,8
MMRd,Myeloid-noDC-noGran,CXCL10,"(-35,-30]","(2.19,2.92]",-32.5,2.55293413504461,7,0.000534473543559594,0.000113455865668255,0.000740653145137596,8
MMRd,Myeloid-noDC-noGran,CXCL10,"(25,30]","(2.92,3.65]",27.5,3.2823438879145,7,0.000338409475465313,0,0.000940209686855102,8
MMRd,Myeloid-noDC-noGran,CXCL10,"(-35,-30]","[0,0.729]",-32.5,0.364704876434944,8,9.01627063307514e-05,0,0.000425756023807848,8
MMRd,Myeloid-ISG,CXCL10,"(-30,-25]","(3.65,4.38]",-27.5,4.01175364078438,6,0.00356818533149258,0.00170133149004697,0.00521669747802824,8
MMRd,Myeloid-noDC-noGran,CXCL10,"(-50,-45]","(2.92,3.65]",-47.5,3.2823438879145,6,0.000943197360786644,0.000588045904997738,0.00126130551653986,8
MMRd,Myeloid-ISG,CXCL10,"(-20,-15]","(2.19,2.92]",-17.5,2.55293413504461,7,0.0012699564586357,0.000613043200334325,0.00227291176231837,8
MMRd,Myeloid-ISG,CXCL10,"(-15,-10]","(2.92,3.65]",-12.5,3.2823438879145,8,0.00148889389034123,0.001212842365257,0.00194884488145403,8
MMRd,Myeloid-noDC-noGran,CXCL10,"(-15,-10]","(2.92,3.65]",-12.5,3.2823438879145,8,0.000687673060417167,0.000584238110401887,0.000972407741763793,8
MMRd,Myeloid-noDC-noGran,CXCL10,"(0,5]","(0.729,1.46]",2.5,1.09411462930483,4,7.79423226812159e-05,0,0.000207542449039043,8
MMRd,Myeloid-ISG,CXCL10,"(10,15]","(2.92,3.65]",12.5,3.2823438879145,6,0.00224678081984368,0.00193767816555566,0.00559740904289841,8
MMRd,Myeloid-noDC-noGran,CXCL10,"(10,15]","(2.92,3.65]",12.5,3.2823438879145,7,0.000745712155108128,0.000706372316806831,0.00173306960879478,8
MMRd,Myeloid-noDC-noGran,CXCL10,"(-75,-70]","[0,0.729]",-72.5,0.364704876434944,7,0,0,0.000420433046037419,8
MMRd,Myeloid-ISG,CXCL10,"(-40,-35]","(3.65,4.38]",-37.5,4.01175364078438,5,0.00326797385620915,0.00101035615054307,0.00349609602610418,8
MMRd,Myeloid-noDC-noGran,CXCL10,"(-40,-35]","(3.65,4.38]",-37.5,4.01175364078438,7,0.000752162467092892,0.000591715369789428,0.00207320689917289,8
MMRd,Myeloid-noDC-noGran,CXCL10,"(-45,-40]","(2.92,3.65]",-42.5,3.2823438879145,6,0.00105118630749216,0.000546883406654052,0.00165772264429222,8
MMRd,Myeloid-noDC-noGran,CXCL10,"(15,20]","(2.19,2.92]",17.5,2.55293413504461,7,0,0,0.000323880249798808,8
MMRd,Myeloid-noDC-noGran,CXCL10,"(45,50]","[0,0.729]",47.5,0.364704876434944,5,0,0,0.000581057524694945,8
MMRd,Myeloid-ISG,CXCL10,"(-35,-30]","(2.19,2.92]",-32.5,2.55293413504461,4,0.00109167762444586,0.000350085576474249,0.00173586135346809,8
MMRd,Myeloid-ISG,CXCL10,"(-40,-35]","(2.19,2.92]",-37.5,2.55293413504461,4,0.000885538991535658,0.00082627823465127,0.00101364571859238,8
MMRd,Myeloid-noDC-noGran,CXCL10,"(-40,-35]","(2.19,2.92]",-37.5,2.55293413504461,7,0.000230786983614124,8.64154856550294e-05,0.000320635226875216,8
MMRd,Myeloid-noDC-noGran,CXCL10,"(20,25]","(2.92,3.65]",22.5,3.2823438879145,5,0.00040453074433657,0.000377216144851,0.00181908384322805,8
MMRd,Myeloid-ISG,CXCL10,"(-35,-30]","[0,0.729]",-32.5,0.364704876434944,4,0.000337837837837838,0,0.00134287715809455,8
MMRd,Myeloid-ISG,CXCL10,"(-35,-30]","(4.38,5.11]",-32.5,4.74116339365427,6,0.00295926479195604,0.00258923655689601,0.00333612447798529,8
MMRd,Myeloid-ISG,CXCL10,"(-50,-45]","(2.92,3.65]",-47.5,3.2823438879145,4,0.0021055453544199,0.00140717765436445,0.00265216038193427,8
MMRd,Myeloid-ISG,CXCL10,"(-25,-20]","(2.19,2.92]",-22.5,2.55293413504461,6,0.00115929112092795,0.000931651544647511,0.00170858198351805,8
MMRd,Myeloid-noDC-noGran,CXCL10,"(-25,-20]","(2.19,2.92]",-22.5,2.55293413504461,8,0.000268383386869207,0.000149561286891784,0.000526872270711041,8
MMRd,Myeloid-ISG,CXCL10,"(-45,-40]","(3.65,4.38]",-42.5,4.01175364078438,4,0.00193800872617431,0.00166769491572835,0.00223797572847776,8
MMRd,Myeloid-noDC-noGran,CXCL10,"(30,35]","(0.729,1.46]",32.5,1.09411462930483,4,0,0,0,8
MMRd,Myeloid-ISG,CXCL10,"(-10,-5]","[0,0.729]",-7.5,0.364704876434944,8,0.000723621818311398,0.0003314820927134,0.00102363110752555,8
MMRd,Myeloid-noDC-noGran,CXCL10,"(-10,-5]","[0,0.729]",-7.5,0.364704876434944,8,0.000314286708859419,0.00015289410266832,0.000822838469790425,8
MMRd,Myeloid-ISG,CXCL10,"(10,15]","(2.19,2.92]",12.5,2.55293413504461,4,0.00222205076155053,0.00154834402601259,0.00461970750360226,8
MMRd,Myeloid-noDC-noGran,CXCL10,"(10,15]","(2.19,2.92]",12.5,2.55293413504461,7,0.000414593698175788,0.00016010246557797,0.000648895812621824,8
MMRd,Myeloid-noDC-noGran,CXCL10,"(-35,-30]","(1.46,2.19]",-32.5,1.82352438217472,6,0.000199930024491428,0,0.000446065612153421,8
MMRd,Myeloid-noDC-noGran,CXCL10,"(50,55]","(1.46,2.19]",52.5,1.82352438217472,4,0.000551540271820598,0.000224416517055655,0.000840989128770479,8
MMRd,Myeloid-noDC-noGran,CXCL10,"(-75,-70]","(2.19,2.92]",-72.5,2.55293413504461,4,0.000748625425517739,0.000418807236989055,0.00129549695687596,8
MMRd,Myeloid-noDC-noGran,CXCL10,"(-60,-55]","(4.38,5.11]",-57.5,4.74116339365427,7,0.00208643815201192,0.000353606789250354,0.00345921749723773,8
MMRd,Myeloid-ISG,CXCL10,"(-45,-40]","(2.92,3.65]",-42.5,3.2823438879145,4,0.00124008698243645,0.00100841627145815,0.00212373921182432,8
MMRd,Myeloid-noDC-noGran,CXCL10,"(50,55]","(2.19,2.92]",52.5,2.55293413504461,6,0.000397772474144789,0,0.00110380901699517,8
MMRd,Myeloid-noDC-noGran,CXCL10,"[-100,-95]","[0,0.729]",-97.5,0.364704876434944,7,0,0,0,8
MMRd,Myeloid-noDC-noGran,CXCL10,"(-50,-45]","(2.19,2.92]",-47.5,2.55293413504461,7,0.000502891626854413,0.000211890059329217,0.000661667681530546,8
MMRd,Myeloid-noDC-noGran,CXCL10,"(-50,-45]","[0,0.729]",-47.5,0.364704876434944,8,0,0,9.34610079591661e-05,8
MMRd,Myeloid-noDC-noGran,CXCL10,"(-85,-80]","(2.92,3.65]",-82.5,3.2823438879145,4,0.000206298996011553,0,0.000489617853214975,8
MMRd,Myeloid-noDC-noGran,CXCL10,"(-65,-60]","(2.19,2.92]",-62.5,2.55293413504461,5,0.000407863610408679,0,0.000815328169588259,8
MMRd,Myeloid-noDC-noGran,CXCL10,"(60,65]","[0,0.729]",62.5,0.364704876434944,6,0,0,0.000165489849955869,8
MMRd,Myeloid-ISG,CXCL10,"(-15,-10]","[0,0.729]",-12.5,0.364704876434944,8,3.96762418663704e-05,0,0.000436577440027365,8
MMRd,Myeloid-noDC-noGran,CXCL10,"(-15,-10]","[0,0.729]",-12.5,0.364704876434944,8,0.000202052622990657,8.10168515051131e-05,0.000448117176682014,8
MMRd,Myeloid-noDC-noGran,CXCL10,"(15,20]","[0,0.729]",17.5,0.364704876434944,5,0,0,0.000265111346765642,8
MMRd,Myeloid-noDC-noGran,CXCL10,"(30,35]","(2.92,3.65]",32.5,3.2823438879145,6,0.000351153512199999,8.44024307900068e-05,0.00197087357343029,8
MMRd,Myeloid-ISG,CXCL10,"(5,10]","[0,0.729]",7.5,0.364704876434944,4,0.000267379679144385,0,0.000827690679126134,8
MMRd,Myeloid-noDC-noGran,CXCL10,"(5,10]","[0,0.729]",7.5,0.364704876434944,8,0.000344164669944392,0.000184275184275184,0.00083575387477224,8
MMRd,Myeloid-noDC-noGran,CXCL10,"(10,15]","(1.46,2.19]",12.5,1.82352438217472,6,0.000269964714619519,3.75544539582394e-05,0.000393344257662035,8
MMRd,Myeloid-ISG,CXCL10,"(-30,-25]","[0,0.729]",-27.5,0.364704876434944,4,0.0012291052114061,0,0.00246451874426146,8
MMRd,Myeloid-ISG,CXCL10,"(-40,-35]","(2.92,3.65]",-37.5,3.2823438879145,4,0.00203421263804646,0.00174266056207428,0.00211549087082563,8
MMRd,Myeloid-noDC-noGran,CXCL10,"(-40,-35]","(2.92,3.65]",-37.5,3.2823438879145,7,0.000742942050520059,0.000543855431631219,0.00130274240228621,8
MMRd,Myeloid-ISG,CXCL10,"(-25,-20]","(1.46,2.19]",-22.5,1.82352438217472,4,0.000791654028020072,0.000289277449215737,0.00176250782790512,8
MMRd,Myeloid-noDC-noGran,CXCL10,"(-25,-20]","(1.46,2.19]",-22.5,1.82352438217472,7,0.00021508019418669,9.88533017002768e-05,0.000229294108505663,8
MMRd,Myeloid-noDC-noGran,CXCL10,"(85,90]","[0,0.729]",87.5,0.364704876434944,4,0,0,0.000113636363636364,8
MMRd,Myeloid-noDC-noGran,CXCL10,"(15,20]","(1.46,2.19]",17.5,1.82352438217472,5,0.000154320987654321,0,0.000217722621380361,8
MMRd,Myeloid-noDC-noGran,CXCL10,"(65,70]","[0,0.729]",67.5,0.364704876434944,5,0,0,0.00130165961601041,8
MMRd,Myeloid-ISG,CXCL10,"(-25,-20]","[0,0.729]",-22.5,0.364704876434944,7,0.000361663652802893,0,0.00146739619054958,8
MMRd,Myeloid-noDC-noGran,CXCL10,"(-25,-20]","[0,0.729]",-22.5,0.364704876434944,8,0.000181533573121092,0.00012217339555877,0.000434685053456316,8
MMRd,Myeloid-noDC-noGran,CXCL10,"(25,30]","(2.19,2.92]",27.5,2.55293413504461,6,0.000194005040246702,3.0829942039709e-05,0.000563630017836019,8
MMRd,Myeloid-ISG,CXCL10,"(-20,-15]","(1.46,2.19]",-17.5,1.82352438217472,4,0.000589990672630856,0.000111790132657624,0.00110966963133577,8
MMRd,Myeloid-noDC-noGran,CXCL10,"(35,40]","[0,0.729]",37.5,0.364704876434944,5,0.000358037952022914,0,0.000655136268343816,8
MMRd,Myeloid-noDC-noGran,CXCL10,"(-55,-50]","(2.92,3.65]",-52.5,3.2823438879145,6,0.000527841601440503,0.000197339731922634,0.000857439649286562,8
MMRd,Myeloid-noDC-noGran,CXCL10,"(-65,-60]","(2.92,3.65]",-62.5,3.2823438879145,5,0.000842282585807539,0.000804073974805682,0.00106951871657754,8
MMRd,Myeloid-noDC-noGran,CXCL10,"(-70,-65]","(2.19,2.92]",-67.5,2.55293413504461,5,0,0,0.000127632418634333,8
MMRd,Myeloid-noDC-noGran,CXCL10,"(75,80]","[0,0.729]",77.5,0.364704876434944,4,0.000192159877017679,0,0.000434097458467008,8
MMRd,Myeloid-noDC-noGran,CXCL10,"(-75,-70]","(3.65,4.38]",-72.5,4.01175364078438,4,0.00134042346693634,0.000805008944543828,0.00184129643384833,8
MMRd,Myeloid-noDC-noGran,CXCL10,"(-65,-60]","[0,0.729]",-62.5,0.364704876434944,8,0,0,0.000396930545751353,8
MMRd,Myeloid-noDC-noGran,CXCL10,"(-70,-65]","(3.65,4.38]",-67.5,4.01175364078438,5,0.00220967345936656,0.00188679245283019,0.00308846238694022,8
MMRd,Myeloid-noDC-noGran,CXCL10,"(25,30]","[0,0.729]",27.5,0.364704876434944,5,0,0,0.000129249062944294,8
MMRd,Myeloid-ISG,CXCL10,"(-40,-35]","[0,0.729]",-37.5,0.364704876434944,4,0.000342465753424658,0,0.000863593661627539,8
MMRd,Myeloid-noDC-noGran,CXCL10,"(-40,-35]","[0,0.729]",-37.5,0.364704876434944,8,8.05715206531665e-05,0,0.000353533157210004,8
MMRd,Myeloid-noDC-noGran,CXCL10,"(-55,-50]","(2.19,2.92]",-52.5,2.55293413504461,6,0.000447682010883506,9.46611132146914e-05,0.000930034136754557,8
MMRd,Myeloid-noDC-noGran,CXCL10,"(40,45]","[0,0.729]",42.5,0.364704876434944,6,0.000257310255653987,3.81737669873263e-05,0.00067277949748563,8
MMRd,Myeloid-noDC-noGran,CXCL10,"(65,70]","(2.19,2.92]",67.5,2.55293413504461,4,0.0004739336492891,0,0.00111543121827022,8
MMRd,Myeloid-noDC-noGran,CXCL10,"(-30,-25]","(1.46,2.19]",-27.5,1.82352438217472,5,0,0,0.000270500038642863,8
MMRd,Myeloid-ISG,CXCL10,"(-30,-25]","(2.19,2.92]",-27.5,2.55293413504461,4,0.000842847978765807,0.000525210084033613,0.00125131322877488,8
MMRd,Myeloid-noDC-noGran,CXCL10,"(-30,-25]","(2.19,2.92]",-27.5,2.55293413504461,8,0.000318168813799522,7.31136673815559e-05,0.000558730399210206,8
MMRd,Myeloid-noDC-noGran,CXCL10,"(35,40]","(1.46,2.19]",37.5,1.82352438217472,5,0,0,0.000307692307692308,8
MMRd,Myeloid-noDC-noGran,CXCL10,"(40,45]","(2.19,2.92]",42.5,2.55293413504461,7,0,0,0.000614602207214627,8
MMRd,Myeloid-noDC-noGran,CXCL10,"(-70,-65]","[0,0.729]",-67.5,0.364704876434944,8,0.000514320320900842,0,0.000742649931212528,8
MMRd,Myeloid-noDC-noGran,CXCL10,"(25,30]","(1.46,2.19]",27.5,1.82352438217472,5,0.000572901747350329,0,0.000740521327014218,8
MMRd,Myeloid-noDC-noGran,CXCL10,"(40,45]","(1.46,2.19]",42.5,1.82352438217472,5,0,0,0.000524842547235829,8
MMRd,Myeloid-ISG,CXCL10,"(-20,-15]","[0,0.729]",-17.5,0.364704876434944,6,0.00044725486062995,7.74713356058259e-05,0.00119461835006796,8
MMRd,Myeloid-noDC-noGran,CXCL10,"(-20,-15]","[0,0.729]",-17.5,0.364704876434944,8,0.000138511662944211,0,0.000264086591066063,8
MMRd,Myeloid-noDC-noGran,CXCL10,"(55,60]","(2.19,2.92]",57.5,2.55293413504461,5,0.000611620795107034,0,0.000628140703517588,8
MMRd,Myeloid-noDC-noGran,CXCL10,"(-60,-55]","(2.19,2.92]",-57.5,2.55293413504461,5,0.000300751879699248,0.000228206298493838,0.000494040634842216,8
MMRd,Myeloid-noDC-noGran,CXCL10,"(55,60]","(1.46,2.19]",57.5,1.82352438217472,4,0,0,0,8
MMRd,Myeloid-noDC-noGran,CXCL10,"(-65,-60]","(4.38,5.11]",-62.5,4.74116339365427,4,0.00290868459261607,0.00167485484591335,0.00422427035330261,8
MMRd,Myeloid-noDC-noGran,CXCL10,"(50,55]","[0,0.729]",52.5,0.364704876434944,7,0,0,0.000434453558243078,8
MMRd,Myeloid-noDC-noGran,CXCL10,"(30,35]","[0,0.729]",32.5,0.364704876434944,5,0,0,0.000393287886733089,8
MMRd,Myeloid-ISG,CXCL10,"(-45,-40]","[0,0.729]",-42.5,0.364704876434944,4,0.00123405213959404,0.000691881918819188,0.00166120432270038,8
MMRd,Myeloid-noDC-noGran,CXCL10,"(-45,-40]","[0,0.729]",-42.5,0.364704876434944,7,4.46608012147738e-05,0,0.00067337185311863,8
MMRd,Myeloid-noDC-noGran,CXCL10,"(-40,-35]","(1.46,2.19]",-37.5,1.82352438217472,6,0,0,8.81367882954345e-05,8
MMRd,Myeloid-noDC-noGran,CXCL10,"(40,45]","(2.92,3.65]",42.5,3.2823438879145,7,0.000957854406130268,0,0.00174183389429559,8
MMRd,Myeloid-ISG,CXCL10,"(15,20]","(3.65,4.38]",17.5,4.01175364078438,4,0.00303762076162338,0.00206611570247934,0.00364653332279232,8
MMRd,Myeloid-noDC-noGran,CXCL10,"(-60,-55]","(3.65,4.38]",-57.5,4.01175364078438,5,0.00169505206231334,0.0011001100110011,0.00215982721382289,8
MMRd,Myeloid-ISG,CXCL10,"(-45,-40]","(4.38,5.11]",-42.5,4.74116339365427,4,0.0036085615947225,0.00314611811144691,0.00428094885100074,8
MMRd,Myeloid-noDC-noGran,CXCL10,"(-60,-55]","(2.92,3.65]",-57.5,3.2823438879145,6,0.000833345936404594,0.000207526286662977,0.000933359531144451,8
MMRd,Myeloid-noDC-noGran,CXCL10,"(-45,-40]","(2.19,2.92]",-42.5,2.55293413504461,6,0.000711531436309147,0.000341734701444143,0.000951506519020309,8
MMRd,Myeloid-noDC-noGran,CXCL10,"(45,50]","(1.46,2.19]",47.5,1.82352438217472,4,0,0,0.00041974479516454,8
MMRd,Myeloid-noDC-noGran,CXCL10,"(-55,-50]","(4.38,5.11]",-52.5,4.74116339365427,7,0.00226244343891403,0.000938802550098757,0.00469686623429445,8
MMRd,Myeloid-noDC-noGran,CXCL10,"(-80,-75]","[0,0.729]",-77.5,0.364704876434944,8,0,0,0.000543901794426976,8
MMRd,Myeloid-noDC-noGran,CXCL10,"(-75,-70]","(2.92,3.65]",-72.5,3.2823438879145,5,0.000763358778625954,0.00066711140760507,0.00119644747135429,8
MMRd,Myeloid-noDC-noGran,CXCL10,"(-90,-85]","[0,0.729]",-87.5,0.364704876434944,8,0,0,0.000781941945019547,8
MMRd,Myeloid-noDC-noGran,CXCL10,"(-85,-80]","(2.19,2.92]",-82.5,2.55293413504461,4,0.000268336314847943,0,0.000692333015807212,8
MMRd,Myeloid-noDC-noGran,CXCL10,"(-90,-85]","(2.19,2.92]",-87.5,2.55293413504461,4,0.000119189511323004,0,0.000300914213247329,8
MMRd,Myeloid-noDC-noGran,CXCL10,"(80,85]","[0,0.729]",82.5,0.364704876434944,4,0.000491642084562439,0,0.0010179418104637,8
MMRd,Myeloid-noDC-noGran,CXCL10,"(-85,-80]","[0,0.729]",-82.5,0.364704876434944,8,8.77269935959295e-05,0,0.000644440874107496,8
MMRd,Myeloid-noDC-noGran,CXCL10,"(-80,-75]","(2.92,3.65]",-77.5,3.2823438879145,4,0.000881502041295856,0.000427350427350427,0.00120165110085103,8
MMRd,Myeloid-noDC-noGran,CXCL10,"(60,65]","(2.92,3.65]",62.5,3.2823438879145,4,0.00145265404660512,0.000943396226415094,0.00167061964627681,8
MMRd,Myeloid-noDC-noGran,CXCL10,"(60,65]","(2.19,2.92]",62.5,2.55293413504461,4,0,0,0.000255536626916525,8
MMRd,Myeloid-noDC-noGran,CXCL10,"(70,75]","[0,0.729]",72.5,0.364704876434944,5,0,0,0.000301386377335744,8
MMRd,Myeloid-noDC-noGran,CXCL10,"(70,75]","(2.19,2.92]",72.5,2.55293413504461,4,0.000548847420417124,0,0.00133037052210642,8
MMRd,Myeloid-noDC-noGran,CXCL10,"(90,95]","[0,0.729]",92.5,0.364704876434944,4,0,0,8.84329678103997e-05,8
MMRd,Myeloid-noDC-noGran,CXCL10,"(45,50]","(2.19,2.92]",47.5,2.55293413504461,5,0,0,0.000300480769230769,8
MMRd,Myeloid-noDC-noGran,CXCL10,"(-60,-55]","[0,0.729]",-57.5,0.364704876434944,8,3.36315329252707e-05,0,0.00084761137793401,8
MMRd,Myeloid-noDC-noGran,CXCL10,"(55,60]","(2.92,3.65]",57.5,3.2823438879145,5,0.000666222518321119,0,0.00109529025191676,8
MMRd,Myeloid-noDC-noGran,CXCL10,"(-80,-75]","(2.19,2.92]",-77.5,2.55293413504461,4,0.000158302991926547,0,0.000432856038075453,8
MMRd,Myeloid-noDC-noGran,CXCL10,"(20,25]","(0.729,1.46]",22.5,1.09411462930483,4,0,0,0.000263435194942044,8
MMRd,Myeloid-noDC-noGran,CXCL10,"(55,60]","[0,0.729]",57.5,0.364704876434944,5,0,0,0,8
MMRd,Myeloid-noDC-noGran,CXCL10,"(-15,-10]","(0.729,1.46]",-12.5,1.09411462930483,4,0.000181520506401735,8.19254296533644e-05,0.000465080604674513,8
MMRd,Myeloid-noDC-noGran,CXCL10,"(-45,-40]","(1.46,2.19]",-42.5,1.82352438217472,4,0.00024797487187965,0,0.000517303463149531,8
MMRd,Myeloid-noDC-noGran,CXCL10,"(-50,-45]","(1.46,2.19]",-47.5,1.82352438217472,4,9.56449658866288e-05,0,0.000264357197379266,8
MMRd,Tcd4-CXCL13,CXCL10,"(-5,0]","(3.65,4.38]",-2.5,4.01175364078438,7,0.000967519004837595,0,0.00142734042291101,8
MMRd,Tcd4-CXCL13,CXCL10,"(-10,-5]","(2.92,3.65]",-7.5,3.2823438879145,7,0.000603500301750151,0.000245821042281219,0.000955098962280651,8
MMRd,Tcd4-CXCL13,CXCL10,"(0,5]","(2.19,2.92]",2.5,2.55293413504461,5,0,0,0,8
MMRd,Tcd4-CXCL13,CXCL10,"(-10,-5]","(1.46,2.19]",-7.5,1.82352438217472,4,0,0,0.000524109014675052,8
MMRd,Tcd4-CXCL13,CXCL10,"(-5,0]","(2.19,2.92]",-2.5,2.55293413504461,6,0,0,0.000197941409342835,8
MMRd,Tcd4-CXCL13,CXCL10,"(-5,0]","(1.46,2.19]",-2.5,1.82352438217472,6,0,0,0,8
MMRd,Tcd4-CXCL13,CXCL10,"(-10,-5]","(2.19,2.92]",-7.5,2.55293413504461,6,0,0,0,8
MMRd,Tcd4-CXCL13,CXCL10,"(-15,-10]","(2.92,3.65]",-12.5,3.2823438879145,6,0.00107465933814268,0.00024390243902439,0.00127317902625858,8
MMRd,Tcd4-CXCL13,CXCL10,"(-15,-10]","(3.65,4.38]",-12.5,4.01175364078438,4,0.000507958008804606,0,0.00134604916273962,8
MMRd,Tcd4-CXCL13,CXCL10,"(0,5]","(2.92,3.65]",2.5,3.2823438879145,6,0.0012006065471412,0.00027027027027027,0.00157836855589687,8
MMRd,Tcd4-CXCL13,CXCL10,"(-5,0]","(2.92,3.65]",-2.5,3.2823438879145,6,0.000357983380730146,8.4545147108556e-05,0.000391241161380775,8
MMRd,Tcd4-CXCL13,CXCL10,"(-5,0]","[0,0.729]",-2.5,0.364704876434944,4,0,0,0,8
MMRd,Tcd4-CXCL13,CXCL10,"(0,5]","(1.46,2.19]",2.5,1.82352438217472,4,0,0,0.00051975051975052,8
MMRd,Tcd4-CXCL13,CXCL10,"(-10,-5]","(3.65,4.38]",-7.5,4.01175364078438,4,0.000416022821823369,0,0.000962634684202322,8
MMRd,Tcd4-Treg-comb,CXCL10,"(-10,-5]","(3.65,4.38]",-7.5,4.01175364078438,8,0,0,0.00105782621586897,8
MMRd,Tcd4-Treg-comb,CXCL10,"(-5,0]","(4.38,5.11]",-2.5,4.74116339365427,4,0.00187202550935785,0.00175022657106329,0.00225191882249667,8
MMRd,Tcd4-Treg-comb,CXCL10,"(-10,-5]","(2.92,3.65]",-7.5,3.2823438879145,8,0.000301179054854889,0,0.000576315117543671,8
MMRd,Tcd4-Treg-comb,CXCL10,"(-5,0]","(2.92,3.65]",-2.5,3.2823438879145,8,0.000414021345795624,0.000303643724696356,0.000676306629676476,8
MMRd,Tcd4-Treg-comb,CXCL10,"(-5,0]","(3.65,4.38]",-2.5,4.01175364078438,7,0.000491642084562439,0.000199146514935989,0.00134731229641802,8
MMRd,Tcd4-Treg-comb,CXCL10,"(-10,-5]","(4.38,5.11]",-7.5,4.74116339365427,5,0.00183729713177503,0.00105042016806723,0.00228310502283105,8
MMRd,Tcd4-Treg-comb,CXCL10,"(0,5]","(2.92,3.65]",2.5,3.2823438879145,6,0.000130718954248366,0,0.00059777783964193,8
MMRd,Tcd4-Treg-comb,CXCL10,"(-15,-10]","(1.46,2.19]",-12.5,1.82352438217472,4,0,0,0,8
MMRd,Tcd4-Treg-comb,CXCL10,"(-10,-5]","[0,0.729]",-7.5,0.364704876434944,6,0,0,0,8
MMRd,Tcd4-Treg-comb,CXCL10,"(-5,0]","(2.19,2.92]",-2.5,2.55293413504461,7,0.000465224470807164,0.000308475789965862,0.000759382282636006,8
MMRd,Tcd4-Treg-comb,CXCL10,"(-15,-10]","(2.19,2.92]",-12.5,2.55293413504461,7,0,0,0.000135427952329361,8
MMRd,Tcd4-Treg-comb,CXCL10,"(0,5]","(3.65,4.38]",2.5,4.01175364078438,4,0.00109375989038199,0.000547345374931582,0.001706415245436,8
MMRd,Tcd4-Treg-comb,CXCL10,"(-15,-10]","(3.65,4.38]",-12.5,4.01175364078438,7,0.00119904076738609,0.000891421601628399,0.00155692422325246,8
MMRd,Tcd4-Treg-comb,CXCL10,"(-5,0]","(1.46,2.19]",-2.5,1.82352438217472,7,0,0,0,8
MMRd,Tcd4-Treg-comb,CXCL10,"(0,5]","(2.19,2.92]",2.5,2.55293413504461,6,0,0,0.000391849529780564,8
MMRd,Tcd4-Treg-comb,CXCL10,"(-5,0]","[0,0.729]",-2.5,0.364704876434944,5,0,0,0,8
MMRd,Tcd4-Treg-comb,CXCL10,"(-25,-20]","(2.19,2.92]",-22.5,2.55293413504461,5,0,0,0,8
MMRd,Tcd4-Treg-comb,CXCL10,"(-20,-15]","(2.92,3.65]",-17.5,3.2823438879145,7,0,0,0.00048795456221878,8
MMRd,Tcd4-Treg-comb,CXCL10,"(-10,-5]","(2.19,2.92]",-7.5,2.55293413504461,7,0.000440140845070423,0,0.000531847563903383,8
MMRd,Tcd4-Treg-comb,CXCL10,"(-20,-15]","(2.19,2.92]",-17.5,2.55293413504461,6,0,0,0.000502176096417811,8
MMRd,Tcd4-Treg-comb,CXCL10,"(-15,-10]","(2.92,3.65]",-12.5,3.2823438879145,7,0,0,0.000201802771424728,8
MMRd,Tcd4-Treg-comb,CXCL10,"(-15,-10]","[0,0.729]",-12.5,0.364704876434944,5,0,0,0,8
MMRd,Tcd4-Treg-comb,CXCL10,"(-20,-15]","(3.65,4.38]",-17.5,4.01175364078438,6,0.000597904975255163,0.000145011600928074,0.000704130396419522,8
MMRd,Tcd4-Treg-comb,CXCL10,"(5,10]","(2.19,2.92]",7.5,2.55293413504461,6,0,0,0.000960307298335467,8
MMRd,Tcd4-Treg-comb,CXCL10,"(5,10]","(2.92,3.65]",7.5,3.2823438879145,5,0,0,0,8
MMRd,Tcd4-Treg-comb,CXCL10,"(-10,-5]","(1.46,2.19]",-7.5,1.82352438217472,7,0,0,0,8
MMRd,Tcd4-Treg-comb,CXCL10,"(0,5]","(1.46,2.19]",2.5,1.82352438217472,5,0,0,0,8
MMRd,Tcd4-Treg-comb,CXCL10,"(-30,-25]","(2.92,3.65]",-27.5,3.2823438879145,4,0,0,0.000218095712861416,8
MMRd,Tcd4-Treg-comb,CXCL10,"(-25,-20]","(2.92,3.65]",-22.5,3.2823438879145,5,0.000743494423791822,0,0.00106752068321324,8
MMRd,Tcd4-Treg-comb,CXCL10,"(-25,-20]","(3.65,4.38]",-22.5,4.01175364078438,4,0.00100659989098123,0.000818387917392342,0.00116914581924724,8
MMRd,Tcd4-Treg-comb,CXCL10,"(-35,-30]","(2.92,3.65]",-32.5,3.2823438879145,5,0,0,0,8
MMRd,Tcd8-CXCL13-comb,CXCL10,"(0,5]","(3.65,4.38]",2.5,4.01175364078438,7,0.0010744023636852,0.000873530487472996,0.00132766536897051,8
MMRd,CD8-all,CXCL10,"(0,5]","(3.65,4.38]",2.5,4.01175364078438,7,0.00118976799524093,0.000920813450628044,0.00153772100638379,8
MMRd,Tcd8-CXCL13-comb,CXCL10,"(-5,0]","(2.92,3.65]",-2.5,3.2823438879145,7,0.000241080038572806,6.07607242678333e-05,0.000937072830517284,8
MMRd,CD8-all,CXCL10,"(-5,0]","(2.92,3.65]",-2.5,3.2823438879145,8,0.000293470045538259,8.21018062397373e-05,0.000582924263674614,8
MMRd,Tcd8-CXCL13-comb,CXCL10,"(-5,0]","(4.38,5.11]",-2.5,4.74116339365427,4,0.00157405566312554,0.0012768450161942,0.0021463089721242,8
MMRd,CD8-all,CXCL10,"(-5,0]","(4.38,5.11]",-2.5,4.74116339365427,7,0.00191938579654511,0.000705815923207228,0.00214286151604391,8
MMRd,Tcd8-CXCL13-comb,CXCL10,"(-5,0]","(3.65,4.38]",-2.5,4.01175364078438,7,0.000641613198900092,0.000511468363038881,0.000932987380780399,8
MMRd,CD8-all,CXCL10,"(-5,0]","(3.65,4.38]",-2.5,4.01175364078438,8,0.000845308769123348,0.000523129292589009,0.00115074337696822,8
MMRd,Tcd8-CXCL13-comb,CXCL10,"(-10,-5]","(3.65,4.38]",-7.5,4.01175364078438,6,0,0,0.000670540902995083,8
MMRd,CD8-all,CXCL10,"(-10,-5]","(3.65,4.38]",-7.5,4.01175364078438,8,0.000199600798403194,0,0.000726677430011742,8
MMRd,CD8-all,CXCL10,"(10,15]","(3.65,4.38]",12.5,4.01175364078438,4,0.0012342440019945,0.000721847930702599,0.00220420909861909,8
MMRd,CD8-all,CXCL10,"(-10,-5]","(4.38,5.11]",-7.5,4.74116339365427,4,0.00123655166352431,0.00104216185269663,0.00178862783065514,8
MMRd,CD8-all,CXCL10,"(5,10]","(3.65,4.38]",7.5,4.01175364078438,7,0.000282445982205903,0,0.000519260282313323,8
MMRd,CD8-all,CXCL10,"(5,10]","(2.92,3.65]",7.5,3.2823438879145,7,0,0,0.000202511138112596,8
MMRd,CD8-all,CXCL10,"(25,30]","(1.46,2.19]",27.5,1.82352438217472,5,0,0,0,8
MMRd,Tcd8-CXCL13-comb,CXCL10,"(-10,-5]","(2.19,2.92]",-7.5,2.55293413504461,6,0,0,0.000273722627737226,8
MMRd,CD8-all,CXCL10,"(-10,-5]","(2.19,2.92]",-7.5,2.55293413504461,7,0.000188253012048193,0,0.000239286456303622,8
MMRd,CD8-all,CXCL10,"(-10,-5]","[0,0.729]",-7.5,0.364704876434944,6,0,0,0,8
MMRd,CD8-all,CXCL10,"(15,20]","(2.92,3.65]",17.5,3.2823438879145,7,0.000312891113892366,0,0.00055705644999344,8
MMRd,Tcd8-CXCL13-comb,CXCL10,"(-5,0]","[0,0.729]",-2.5,0.364704876434944,4,0,0,0.000200561572402728,8
MMRd,CD8-all,CXCL10,"(-5,0]","[0,0.729]",-2.5,0.364704876434944,5,0,0,0,8
MMRd,Tcd8-CXCL13-comb,CXCL10,"(-5,0]","(1.46,2.19]",-2.5,1.82352438217472,6,0,0,0,8
MMRd,CD8-all,CXCL10,"(-5,0]","(1.46,2.19]",-2.5,1.82352438217472,6,0,0,0.000154352747478905,8
MMRd,Tcd8-CXCL13-comb,CXCL10,"(-10,-5]","(2.92,3.65]",-7.5,3.2823438879145,6,0.000255885363357216,0,0.00058910275546422,8
MMRd,CD8-all,CXCL10,"(-10,-5]","(2.92,3.65]",-7.5,3.2823438879145,7,0.000309885342423303,9.86193293885601e-05,0.000697255388649036,8
MMRd,Tcd8-CXCL13-comb,CXCL10,"(-5,0]","(2.19,2.92]",-2.5,2.55293413504461,6,0,0,0.000102375102375102,8
MMRd,CD8-all,CXCL10,"(-5,0]","(2.19,2.92]",-2.5,2.55293413504461,7,0.000151699029126214,0,0.000373012351877586,8
MMRd,Tcd8-CXCL13-comb,CXCL10,"(0,5]","(1.46,2.19]",2.5,1.82352438217472,5,0,0,0,8
MMRd,CD8-all,CXCL10,"(0,5]","(1.46,2.19]",2.5,1.82352438217472,6,0,0,0.000237868696479543,8
MMRd,Tcd8-CXCL13-comb,CXCL10,"(15,20]","(2.19,2.92]",17.5,2.55293413504461,5,0,0,0,8
MMRd,CD8-all,CXCL10,"(15,20]","(2.19,2.92]",17.5,2.55293413504461,6,0,0,0.000294117647058824,8
MMRd,CD8-all,CXCL10,"(15,20]","[0,0.729]",17.5,0.364704876434944,4,0,0,0.000280898876404494,8
MMRd,Tcd8-CXCL13-comb,CXCL10,"(-10,-5]","(1.46,2.19]",-7.5,1.82352438217472,4,0,0,0.000185735512630015,8
MMRd,CD8-all,CXCL10,"(-10,-5]","(1.46,2.19]",-7.5,1.82352438217472,7,0.00032071840923669,0,0.000777106338579254,8
MMRd,CD8-all,CXCL10,"(15,20]","(1.46,2.19]",17.5,1.82352438217472,5,0,0,0,8
MMRd,CD8-all,CXCL10,"(30,35]","(2.19,2.92]",32.5,2.55293413504461,5,0,0,0,8
MMRd,Tcd8-CXCL13-comb,CXCL10,"(20,25]","(2.19,2.92]",22.5,2.55293413504461,5,0,0,0,8
MMRd,CD8-all,CXCL10,"(20,25]","(2.19,2.92]",22.5,2.55293413504461,5,0,0,0,8
MMRd,Tcd8-CXCL13-comb,CXCL10,"(5,10]","(2.19,2.92]",7.5,2.55293413504461,5,0,0,0,8
MMRd,CD8-all,CXCL10,"(5,10]","(2.19,2.92]",7.5,2.55293413504461,6,0.000123152709359606,0,0.00050510089637111,8
MMRd,CD8-all,CXCL10,"(-15,-10]","(2.92,3.65]",-12.5,3.2823438879145,7,0.000350951077419808,0,0.000598211312497027,8
MMRd,Tcd8-CXCL13-comb,CXCL10,"(20,25]","(1.46,2.19]",22.5,1.82352438217472,5,0,0,0,8
MMRd,CD8-all,CXCL10,"(20,25]","(1.46,2.19]",22.5,1.82352438217472,5,0,0,0,8
MMRd,Tcd8-CXCL13-comb,CXCL10,"(0,5]","(2.19,2.92]",2.5,2.55293413504461,6,0,0,0.000165161858621449,8
MMRd,CD8-all,CXCL10,"(0,5]","(2.19,2.92]",2.5,2.55293413504461,7,0,0,0.000123977188197372,8
MMRd,Tcd8-CXCL13-comb,CXCL10,"(0,5]","(2.92,3.65]",2.5,3.2823438879145,6,0.000483378833379867,0.000100725221595488,0.000570148744450669,8
MMRd,CD8-all,CXCL10,"(0,5]","(2.92,3.65]",2.5,3.2823438879145,7,0.000205380981721093,6.77048070412999e-05,0.000639184627183078,8
MMRd,Tcd8-CXCL13-comb,CXCL10,"(5,10]","(1.46,2.19]",7.5,1.82352438217472,5,0,0,0,8
MMRd,CD8-all,CXCL10,"(5,10]","(1.46,2.19]",7.5,1.82352438217472,5,0,0,0,8
MMRd,Tcd8-CXCL13-comb,CXCL10,"(10,15]","(2.92,3.65]",12.5,3.2823438879145,4,0,0,0.000494071146245059,8
MMRd,CD8-all,CXCL10,"(10,15]","(2.92,3.65]",12.5,3.2823438879145,6,0,0,0.000519390581717452,8
MMRd,Tcd8-CXCL13-comb,CXCL10,"(5,10]","(2.92,3.65]",7.5,3.2823438879145,6,0,0,0,8
MMRd,CD8-all,CXCL10,"(10,15]","(2.19,2.92]",12.5,2.55293413504461,6,0.000192975685063682,0,0.000526903911398412,8
MMRd,CD8-all,CXCL10,"(30,35]","(1.46,2.19]",32.5,1.82352438217472,5,0,0,0,8
MMRd,CD8-all,CXCL10,"(25,30]","(2.19,2.92]",27.5,2.55293413504461,4,0,0,0,8
MMRd,CD8-all,CXCL10,"(35,40]","(2.19,2.92]",37.5,2.55293413504461,4,0,0,0.00020703933747412,8
MMRd,Tcd8-CXCL13-comb,CXCL10,"(10,15]","(1.46,2.19]",12.5,1.82352438217472,5,0,0,0,8
MMRd,CD8-all,CXCL10,"(10,15]","(1.46,2.19]",12.5,1.82352438217472,6,0,0,0,8
MMRd,CD8-all,CXCL10,"(-5,0]","(0.729,1.46]",-2.5,1.09411462930483,6,0,0,0,8
MMRd,Tcd8-CXCL13-comb,CXCL10,"(0,5]","[0,0.729]",2.5,0.364704876434944,4,0,0,0.000244618395303327,8
MMRd,CD8-all,CXCL10,"(0,5]","[0,0.729]",2.5,0.364704876434944,5,0,0,0,8
MMRd,CD8-all,CXCL10,"(-15,-10]","(3.65,4.38]",-12.5,4.01175364078438,6,0.000268528464017186,0,0.000683975364197952,8
MMRd,Tcd8-CXCL13-comb,CXCL10,"(-15,-10]","(2.19,2.92]",-12.5,2.55293413504461,5,0,0,0,8
MMRd,CD8-all,CXCL10,"(-15,-10]","(2.19,2.92]",-12.5,2.55293413504461,7,0,0,0.000632649429822526,8
MMRd,Tcd8-CXCL13-comb,CXCL10,"(-20,-15]","(2.92,3.65]",-17.5,3.2823438879145,4,0,0,0.000106292517006803,8
MMRd,CD8-all,CXCL10,"(-20,-15]","(2.92,3.65]",-17.5,3.2823438879145,5,0,0,0,8
MMRd,Tcd8-CXCL13-comb,CXCL10,"(-15,-10]","(2.92,3.65]",-12.5,3.2823438879145,5,0.000334672021419009,0,0.00134408602150538,8
MMRd,Tcd8-CXCL13-comb,CXCL10,"(10,15]","(2.19,2.92]",12.5,2.55293413504461,4,0.000511176048822784,0.000362669245647969,0.000607677889475458,8
MMRd,CD8-all,CXCL10,"(-25,-20]","(3.65,4.38]",-22.5,4.01175364078438,4,0.000899586725669533,0.000756709927606428,0.00122264618931719,8
MMRd,CD8-all,CXCL10,"(-25,-20]","(2.92,3.65]",-22.5,3.2823438879145,4,0,0,0.000115005980310976,8
MMRd,CD8-all,CXCL10,"(-15,-10]","[0,0.729]",-12.5,0.364704876434944,4,0,0,0,8
MMRd,CD8-all,CXCL10,"(5,10]","[0,0.729]",7.5,0.364704876434944,4,0,0,0,8
MMRd,Tcd8-CXCL13-comb,CXCL10,"(-10,-5]","[0,0.729]",-7.5,0.364704876434944,4,0,0,0,8
MMRd,CD8-all,CXCL10,"(-20,-15]","(2.19,2.92]",-17.5,2.55293413504461,4,0.00029603315571344,0,0.000950122608064087,8
MMRd,CD8-all,CXCL10,"(-25,-20]","(2.19,2.92]",-22.5,2.55293413504461,4,0,0,9.76944118796405e-05,8
MMRd,CD8-all,CXCL10,"(-20,-15]","(3.65,4.38]",-17.5,4.01175364078438,5,0.000672947510094213,0.000595592614651578,0.000776165741238283,8
MMRd,CD8-all,CXCL10,"(35,40]","(3.65,4.38]",37.5,4.01175364078438,4,0.00107991360691145,0,0.00402371656421332,8
MMRd,CD8-all,CXCL10,"(20,25]","(2.92,3.65]",22.5,3.2823438879145,4,0.000110987791342952,0,0.000357686275924562,8
MMRd,CD8-all,CXCL10,"(-25,-20]","[0,0.729]",-22.5,0.364704876434944,4,0,0,0,8
MMRd,Tcd8-CXCL13-LAG3,CXCL10,"(-5,0]","(2.19,2.92]",-2.5,2.55293413504461,6,0,0,0.000508819538670285,8
MMRd,Tcd8-CXCL13-LAG3,CXCL10,"(-5,0]","(2.92,3.65]",-2.5,3.2823438879145,6,0,0,0.000303275374039628,8
MMRd,Tcd8-CXCL13-LAG3,CXCL10,"(-5,0]","(1.46,2.19]",-2.5,1.82352438217472,4,0,0,0,8
MMRd,Tcd8-CXCL13-LAG3,CXCL10,"(0,5]","(2.19,2.92]",2.5,2.55293413504461,4,0,0,0,8
MMRd,Tcd8-GZMK,CXCL10,"(-5,0]","(2.92,3.65]",-2.5,3.2823438879145,6,0.000284306292645944,0,0.000805283119797773,8
MMRd,Tcd8-GZMK,CXCL10,"(-5,0]","(2.19,2.92]",-2.5,2.55293413504461,6,0,0,0,8
MMRd,Tcd8-GZMK,CXCL10,"(-15,-10]","(2.92,3.65]",-12.5,3.2823438879145,4,0,0,0.000121713729308666,8
MMRd,Tcd8-GZMK,CXCL10,"(-10,-5]","(2.92,3.65]",-7.5,3.2823438879145,4,0,0,0.000205119789957335,8
MMRd,Tcd8-GZMK,CXCL10,"(0,5]","(2.92,3.65]",2.5,3.2823438879145,4,0,0,0,8
MMRd,Tcd8-GZMK,CXCL10,"(-10,-5]","(2.19,2.92]",-7.5,2.55293413504461,4,0,0,0.0006265664160401,8
MMRd,Tcd8-HOBIT,CXCL10,"(-5,0]","[0,0.729]",-2.5,0.364704876434944,4,0,0,0,8
MMRd,Tcd8-HOBIT,CXCL10,"(-5,0]","(3.65,4.38]",-2.5,4.01175364078438,5,0.000550610259704506,0,0.000700770847932726,8
MMRd,Tcd8-HOBIT,CXCL10,"(-5,0]","(2.19,2.92]",-2.5,2.55293413504461,6,0,0,0,8
MMRd,Tcd8-HOBIT,CXCL10,"(0,5]","(2.19,2.92]",2.5,2.55293413504461,5,0,0,0.000719942404607631,8
MMRd,Tcd8-HOBIT,CXCL10,"(-5,0]","(2.92,3.65]",-2.5,3.2823438879145,6,0.000114784205693297,0,0.000263492679928264,8
MMRd,Tcd8-HOBIT,CXCL10,"(-5,0]","(1.46,2.19]",-2.5,1.82352438217472,5,0,0,0,8
MMRd,Tcd8-HOBIT,CXCL10,"(-10,-5]","(2.92,3.65]",-7.5,3.2823438879145,4,0.000800674699614215,0.000554460325283391,0.000893343431936549,8
MMRd,Tcd8-HOBIT,CXCL10,"(0,5]","(2.92,3.65]",2.5,3.2823438879145,5,0,0,0.000587199060481503,8
MMRd,Tcd8-HOBIT,CXCL10,"(-10,-5]","(2.19,2.92]",-7.5,2.55293413504461,5,0,0,0,8
MMRd,Tplzf-gdlike-comb,CXCL10,"(-10,-5]","(3.65,4.38]",-7.5,4.01175364078438,4,0.00107379253787215,0.000605326876513317,0.00162880332680363,8
MMRd,Tplzf-gdlike-comb,CXCL10,"(-5,0]","(3.65,4.38]",-2.5,4.01175364078438,7,0,0,0.000505305709954523,8
MMRd,Tplzf-gdlike-comb,CXCL10,"(-5,0]","[0,0.729]",-2.5,0.364704876434944,4,0,0,0,8
MMRd,Tplzf-gdlike-comb,CXCL10,"(-5,0]","(1.46,2.19]",-2.5,1.82352438217472,5,0,0,0.000412541254125413,8
MMRd,Tplzf-gdlike-comb,CXCL10,"(15,20]","(1.46,2.19]",17.5,1.82352438217472,5,0,0,0,8
MMRd,Tplzf-gdlike-comb,CXCL10,"(20,25]","(2.19,2.92]",22.5,2.55293413504461,4,0,0,0,8
MMRd,Tplzf-gdlike-comb,CXCL10,"(-5,0]","(2.92,3.65]",-2.5,3.2823438879145,6,0.000383104835795003,5.90318772136954e-05,0.000582700612712618,8
MMRd,Tplzf-gdlike-comb,CXCL10,"(-5,0]","(2.19,2.92]",-2.5,2.55293413504461,6,0,0,0,8
MMRd,Tplzf-gdlike-comb,CXCL10,"(0,5]","(1.46,2.19]",2.5,1.82352438217472,5,0,0,0,8
MMRd,Tplzf-gdlike-comb,CXCL10,"(0,5]","(2.19,2.92]",2.5,2.55293413504461,6,0,0,0,8
MMRd,Tplzf-gdlike-comb,CXCL10,"(-10,-5]","(2.92,3.65]",-7.5,3.2823438879145,5,0,0,0.000794596742153357,8
MMRd,Tplzf-gdlike-comb,CXCL10,"(0,5]","(2.92,3.65]",2.5,3.2823438879145,6,0,0,0.000406945198046663,8
MMRd,Tplzf-gdlike-comb,CXCL10,"(-10,-5]","(2.19,2.92]",-7.5,2.55293413504461,4,0,0,0.00016655562958028,8
MMRd,Tplzf-gdlike-comb,CXCL10,"(-10,-5]","[0,0.729]",-7.5,0.364704876434944,4,0,0,0.000277161862527716,8
MMRd,Tplzf-gdlike-comb,CXCL10,"(5,10]","(2.19,2.92]",7.5,2.55293413504461,4,0.000471698113207547,0,0.00107357938064587,8
MMRd,Tplzf-gdlike-comb,CXCL10,"(5,10]","(2.92,3.65]",7.5,3.2823438879145,4,0,0,0,8
MMRd,Tplzf-gdlike-comb,CXCL10,"(-10,-5]","(1.46,2.19]",-7.5,1.82352438217472,4,0,0,0,8
MMRp,Myeloid-mregDC,ITGAE,"(-5,0]","(2.19,2.92]",-2.5,2.55293413504461,5,0.000944584382871536,0,0.00714285714285714,6
MMRp,Myeloid-mregDC,ITGAE,"(-20,-15]","(2.92,3.65]",-17.5,3.2823438879145,3,0.00157232704402516,0.00154202142072762,0.00661706731210004,6
MMRp,Myeloid-mregDC,ITGAE,"(-15,-10]","(2.92,3.65]",-12.5,3.2823438879145,3,0,0,0.00101419878296146,6
MMRp,Myeloid-mregDC,ITGAE,"(-10,-5]","(2.92,3.65]",-7.5,3.2823438879145,3,0.00348432055749129,0.00235440517670483,0.00412595050520572,6
MMRp,Myeloid-mregDC,ITGAE,"(-10,-5]","(2.19,2.92]",-7.5,2.55293413504461,4,0.00202344307571255,0.00144876753603991,0.00543933785010826,6
MMRp,Myeloid-mregDC,ITGAE,"(-5,0]","(3.65,4.38]",-2.5,4.01175364078438,3,0.00233644859813084,0.00179794722097978,0.00407858518381513,6
MMRp,Myeloid-mregDC,ITGAE,"(-30,-25]","(2.19,2.92]",-27.5,2.55293413504461,3,0.000832986255726781,0.00041649312786339,0.00177703734555047,6
MMRp,Myeloid-mregDC,ITGAE,"(-15,-10]","[0,0.729]",-12.5,0.364704876434944,5,0.00178890876565295,0.00149352804513774,0.00401358443964187,6
MMRp,Myeloid-mregDC,ITGAE,"(-5,0]","[0,0.729]",-2.5,0.364704876434944,5,0.00142959256611866,0.00113415424497732,0.00179694519317161,6
MMRp,Myeloid-mregDC,ITGAE,"(-10,-5]","[0,0.729]",-7.5,0.364704876434944,5,0.00293542074363992,0.00193423597678917,0.0038015206082433,6
MMRp,Myeloid-mregDC,ITGAE,"(-5,0]","(1.46,2.19]",-2.5,1.82352438217472,4,0.00501571680237652,0.00212789175032737,0.00857634503084555,6
MMRp,Myeloid-mregDC,ITGAE,"(-10,-5]","(1.46,2.19]",-7.5,1.82352438217472,3,0,0,0.000864902266043937,6
MMRp,Myeloid-mregDC,ITGAE,"(-5,0]","(0.729,1.46]",-2.5,1.09411462930483,3,0,0,0.00159108989657916,6
MMRp,Myeloid-mregDC,ITGAE,"(-15,-10]","(1.46,2.19]",-12.5,1.82352438217472,3,0.00428724544480172,0.00319159663949448,0.00829116370600742,6
MMRp,Myeloid-mregDC,ITGAE,"(-15,-10]","(2.19,2.92]",-12.5,2.55293413504461,3,0.00303030303030303,0.00292758089368259,0.00500082153838932,6
MMRp,Myeloid-mregDC,ITGAE,"(-40,-35]","[0,0.729]",-37.5,0.364704876434944,4,0.00349936054420141,0.00139794967381174,0.00543003851091142,6
MMRp,Myeloid-mregDC,ITGAE,"(0,5]","[0,0.729]",2.5,0.364704876434944,3,0.00326086956521739,0.0016304347826087,0.00431319802875222,6
MMRp,Myeloid-mregDC,ITGAE,"(-25,-20]","[0,0.729]",-22.5,0.364704876434944,4,0.00104947526236882,0,0.00388902770836804,6
MMRp,Myeloid-mregDC,ITGAE,"(-35,-30]","[0,0.729]",-32.5,0.364704876434944,3,0.0019047619047619,0.00184258866751448,0.00310755336617406,6
MMRp,Myeloid-mregDC,ITGAE,"(-20,-15]","[0,0.729]",-17.5,0.364704876434944,3,0.00100563153660499,0.000502815768302494,0.00126617454692845,6
MMRp,Myeloid-mregDC,ITGAE,"(-30,-25]","[0,0.729]",-27.5,0.364704876434944,3,0.00213827512473272,0.00195487715492615,0.00366429327170892,6
MMRp,Myeloid-ISG,ITGAE,"(-5,0]","(3.65,4.38]",-2.5,4.01175364078438,3,0.000315059861373661,0.000265661418576104,0.000778097306573355,6
MMRp,Myeloid-noDC-noGran,ITGAE,"(-5,0]","(3.65,4.38]",-2.5,4.01175364078438,4,0.000416881840857707,0.000174764068507515,0.000730458587404968,6
MMRp,Myeloid-noDC-noGran,ITGAE,"(-20,-15]","(1.46,2.19]",-17.5,1.82352438217472,6,0.000741904393765899,0.000115197721179625,0.00103246661942884,6
MMRp,Myeloid-ISG,ITGAE,"(-10,-5]","(3.65,4.38]",-7.5,4.01175364078438,3,0.000697714983429269,0.00049986927063339,0.000834687451228805,6
MMRp,Myeloid-noDC-noGran,ITGAE,"(-10,-5]","(3.65,4.38]",-7.5,4.01175364078438,4,0.000524516527277531,0.000258680156357783,0.000850398029487606,6
MMRp,Myeloid-ISG,ITGAE,"(-10,-5]","[0,0.729]",-7.5,0.364704876434944,6,0.00123092458523324,0.000796292303278381,0.00203143620497444,6
MMRp,Myeloid-noDC-noGran,ITGAE,"(-10,-5]","[0,0.729]",-7.5,0.364704876434944,6,0.000810473552958287,0.000733378048159655,0.000991249599401008,6
MMRp,Myeloid-ISG,ITGAE,"(-15,-10]","(4.38,5.11]",-12.5,4.74116339365427,3,0.00170068027210884,0.000850340136054422,0.00188696764123756,6
MMRp,Myeloid-noDC-noGran,ITGAE,"(-15,-10]","(4.38,5.11]",-12.5,4.74116339365427,4,0.00102201838762606,0.0001434034416826,0.00187642638986466,6
MMRp,Myeloid-ISG,ITGAE,"(-10,-5]","(2.19,2.92]",-7.5,2.55293413504461,6,0.000129087779690189,0,0.000593831116380028,6
MMRp,Myeloid-noDC-noGran,ITGAE,"(-10,-5]","(2.19,2.92]",-7.5,2.55293413504461,6,0.000405383161251574,0.000254149217961474,0.000991460179892456,6
MMRp,Myeloid-ISG,ITGAE,"(-10,-5]","(4.38,5.11]",-7.5,4.74116339365427,3,0.000661084178052005,0.000330542089026003,0.00089060929709097,6
MMRp,Myeloid-noDC-noGran,ITGAE,"(-10,-5]","(4.38,5.11]",-7.5,4.74116339365427,4,0.00058614936220246,0.000233136462542742,0.000867849851606601,6
MMRp,Myeloid-ISG,ITGAE,"(-20,-15]","(2.92,3.65]",-17.5,3.2823438879145,3,0.000384689363339104,0.000192344681669552,0.000396760053705529,6
MMRp,Myeloid-noDC-noGran,ITGAE,"(-20,-15]","(2.92,3.65]",-17.5,3.2823438879145,5,0.000478036861953577,0.000250062515628907,0.00193953223046207,6
MMRp,Myeloid-ISG,ITGAE,"(-5,0]","(2.19,2.92]",-2.5,2.55293413504461,5,0.000966183574879227,0.000401002506265664,0.00131061598951507,6
MMRp,Myeloid-noDC-noGran,ITGAE,"(-5,0]","(2.19,2.92]",-2.5,2.55293413504461,6,0.000661497021020454,0.00037683646595224,0.000995854482120745,6
MMRp,Myeloid-noDC-noGran,ITGAE,"(0,5]","(3.65,4.38]",2.5,4.01175364078438,3,0.00103605470368835,0.000977586175373589,0.00363977553082441,6
MMRp,Myeloid-ISG,ITGAE,"(-25,-20]","[0,0.729]",-22.5,0.364704876434944,6,0.000907468747593908,0.000406241881294841,0.00121694809869756,6
MMRp,Myeloid-noDC-noGran,ITGAE,"(-25,-20]","[0,0.729]",-22.5,0.364704876434944,6,0.000765275718602702,0.000485312627960713,0.00122757393001039,6
MMRp,Myeloid-noDC-noGran,ITGAE,"(-85,-80]","(2.92,3.65]",-82.5,3.2823438879145,3,0.00139178844815588,0.00107311036892894,0.00149461626880637,6
MMRp,Myeloid-ISG,ITGAE,"(-25,-20]","(3.65,4.38]",-22.5,4.01175364078438,3,0.00105300105300105,0.000526500526500527,0.00181649020658309,6
MMRp,Myeloid-noDC-noGran,ITGAE,"(-25,-20]","(3.65,4.38]",-22.5,4.01175364078438,4,0.000804400062260443,0.000511390714940001,0.00120162904130191,6
MMRp,Myeloid-ISG,ITGAE,"(-5,0]","(5.11,5.84]",-2.5,5.47057314652416,3,0.00122850122850123,0.000993038493038493,0.00156844908753306,6
MMRp,Myeloid-noDC-noGran,ITGAE,"(-5,0]","(5.11,5.84]",-2.5,5.47057314652416,3,0.000625,0.000589969478357381,0.00103140726096334,6
MMRp,Myeloid-ISG,ITGAE,"(-5,0]","(4.38,5.11]",-2.5,4.74116339365427,3,0.00104931794333683,0.000834832668938887,0.00178463377217241,6
MMRp,Myeloid-noDC-noGran,ITGAE,"(-5,0]","(4.38,5.11]",-2.5,4.74116339365427,3,0.000954849270222343,0.000889354112784594,0.00118677026376874,6
MMRp,Myeloid-ISG,ITGAE,"(-35,-30]","(3.65,4.38]",-32.5,4.01175364078438,3,0,0,0.000351123595505618,6
MMRp,Myeloid-noDC-noGran,ITGAE,"(-35,-30]","(3.65,4.38]",-32.5,4.01175364078438,3,0.000815261699005381,0.000555297713058508,0.00198602439562686,6
MMRp,Myeloid-ISG,ITGAE,"(-10,-5]","(5.11,5.84]",-7.5,5.47057314652416,3,0,0,0.0010482180293501,6
MMRp,Myeloid-noDC-noGran,ITGAE,"(-10,-5]","(5.11,5.84]",-7.5,5.47057314652416,3,0.0005824111822947,0.00029120559114735,0.00120751591491033,6
MMRp,Myeloid-ISG,ITGAE,"(-20,-15]","(4.38,5.11]",-17.5,4.74116339365427,3,0.000704721634954193,0.000352360817477097,0.000877791670776802,6
MMRp,Myeloid-noDC-noGran,ITGAE,"(-20,-15]","(4.38,5.11]",-17.5,4.74116339365427,3,0.000829990316779638,0.000660153285381729,0.000954224061059002,6
MMRp,Myeloid-ISG,ITGAE,"(-10,-5]","(2.92,3.65]",-7.5,3.2823438879145,3,0.000728226041363239,0.000626442506515827,0.00123832879770517,6
MMRp,Myeloid-noDC-noGran,ITGAE,"(-10,-5]","(2.92,3.65]",-7.5,3.2823438879145,6,0.000764933166248956,0.000547516103633011,0.00121951606972553,6
MMRp,Myeloid-noDC-noGran,ITGAE,"(5,10]","(2.19,2.92]",7.5,2.55293413504461,4,0.000169548999660902,0,0.000423585517094603,6
MMRp,Myeloid-ISG,ITGAE,"(-5,0]","(2.92,3.65]",-2.5,3.2823438879145,3,0.00276306700437486,0.00179912815697585,0.00317341882152699,6
MMRp,Myeloid-noDC-noGran,ITGAE,"(-5,0]","(2.92,3.65]",-2.5,3.2823438879145,6,0.00092349547445939,0.000645721555114861,0.00103873152894546,6
MMRp,Myeloid-ISG,ITGAE,"(-15,-10]","(2.92,3.65]",-12.5,3.2823438879145,4,0.000374181478016838,0,0.000809206101322778,6
MMRp,Myeloid-noDC-noGran,ITGAE,"(-15,-10]","(2.92,3.65]",-12.5,3.2823438879145,6,0.000575337728018385,0.000520510790352583,0.00131260033283184,6
MMRp,Myeloid-noDC-noGran,ITGAE,"(-55,-50]","(2.92,3.65]",-52.5,3.2823438879145,3,0.00116890707188779,0.000766271717762074,0.00152896357136302,6
MMRp,Myeloid-ISG,ITGAE,"(-15,-10]","(3.65,4.38]",-12.5,4.01175364078438,3,0.000522739153162572,0.000363765644572275,0.000860315431875967,6
MMRp,Myeloid-noDC-noGran,ITGAE,"(-15,-10]","(3.65,4.38]",-12.5,4.01175364078438,4,0.000738488000071296,0.000454314941865601,0.00107870632840272,6
MMRp,Myeloid-noDC-noGran,ITGAE,"(-80,-75]","(2.19,2.92]",-77.5,2.55293413504461,4,0.000953109731562913,0.000387997930677703,0.00160568245910886,6
MMRp,Myeloid-ISG,ITGAE,"(0,5]","(2.92,3.65]",2.5,3.2823438879145,3,0,0,0,6
MMRp,Myeloid-noDC-noGran,ITGAE,"(0,5]","(2.92,3.65]",2.5,3.2823438879145,3,0.000358937544867193,0.000179468772433597,0.00200695415255056,6
MMRp,Myeloid-ISG,ITGAE,"(0,5]","[0,0.729]",2.5,0.364704876434944,6,0.00102284475191646,0.000134916351861846,0.0015492972672551,6
MMRp,Myeloid-noDC-noGran,ITGAE,"(0,5]","[0,0.729]",2.5,0.364704876434944,6,0.00071523126622942,0.000472896378181523,0.000852984713427907,6
MMRp,Myeloid-noDC-noGran,ITGAE,"(-60,-55]","(3.65,4.38]",-57.5,4.01175364078438,3,0.00131578947368421,0.000657894736842105,0.00308950567909135,6
MMRp,Myeloid-noDC-noGran,ITGAE,"(-70,-65]","[0,0.729]",-67.5,0.364704876434944,5,0.000234192037470726,0.000182759671032592,0.000522242795423254,6
MMRp,Myeloid-noDC-noGran,ITGAE,"(-50,-45]","(3.65,4.38]",-47.5,4.01175364078438,3,0.00187353629976581,0.00149919784617087,0.00307482557199653,6
MMRp,Myeloid-noDC-noGran,ITGAE,"(5,10]","[0,0.729]",7.5,0.364704876434944,6,0.00108896414580573,0.000833597825835913,0.00138498168892553,6
MMRp,Myeloid-noDC-noGran,ITGAE,"(-35,-30]","(2.19,2.92]",-32.5,2.55293413504461,4,0.000419512731672441,0.000403830183997925,0.000627218934911243,6
MMRp,Myeloid-ISG,ITGAE,"(-30,-25]","(4.38,5.11]",-27.5,4.74116339365427,3,0.000336247478143914,0.000168123739071957,0.000929158746682307,6
MMRp,Myeloid-noDC-noGran,ITGAE,"(-30,-25]","(4.38,5.11]",-27.5,4.74116339365427,3,0.000649350649350649,0.000604004933613872,0.000812004759373181,6
MMRp,Myeloid-ISG,ITGAE,"(-25,-20]","(2.92,3.65]",-22.5,3.2823438879145,3,0.000764818355640535,0.000382409177820268,0.00106037527951518,6
MMRp,Myeloid-noDC-noGran,ITGAE,"(-25,-20]","(2.92,3.65]",-22.5,3.2823438879145,4,0.000879429238785852,0.000571284135198178,0.00117335177190748,6
MMRp,Myeloid-noDC-noGran,ITGAE,"(-65,-60]","(3.65,4.38]",-62.5,4.01175364078438,3,0,0,0.000487804878048781,6
MMRp,Myeloid-ISG,ITGAE,"(-95,-90]","[0,0.729]",-92.5,0.364704876434944,3,0,0,0,6
MMRp,Myeloid-noDC-noGran,ITGAE,"(-95,-90]","[0,0.729]",-92.5,0.364704876434944,4,0.000701366892450137,0.00057816108395234,0.000717102328486038,6
MMRp,Myeloid-ISG,ITGAE,"(-35,-30]","(2.92,3.65]",-32.5,3.2823438879145,3,0.000547645125958379,0.00027382256297919,0.000714351197340423,6
MMRp,Myeloid-noDC-noGran,ITGAE,"(-35,-30]","(2.92,3.65]",-32.5,3.2823438879145,4,0.000593377752708018,0.000166407810073219,0.00117683102442687,6
MMRp,Myeloid-ISG,ITGAE,"(-45,-40]","[0,0.729]",-42.5,0.364704876434944,4,0.000866396641904463,0.000345368234034483,0.001644302450741,6
MMRp,Myeloid-noDC-noGran,ITGAE,"(-45,-40]","[0,0.729]",-42.5,0.364704876434944,6,0.000593577874135708,0.000437958288733531,0.00131779984721161,6
MMRp,Myeloid-ISG,ITGAE,"(-25,-20]","(2.19,2.92]",-22.5,2.55293413504461,3,0.00123304562268804,0.00061652281134402,0.00145404374936747,6
MMRp,Myeloid-noDC-noGran,ITGAE,"(-25,-20]","(2.19,2.92]",-22.5,2.55293413504461,6,0.00034407256803253,0,0.000901253590773679,6
MMRp,Myeloid-noDC-noGran,ITGAE,"(-30,-25]","(2.19,2.92]",-27.5,2.55293413504461,6,0.000677300442628178,0.00051102308686955,0.00184557215636122,6
MMRp,Myeloid-ISG,ITGAE,"(-55,-50]","[0,0.729]",-52.5,0.364704876434944,4,0.00102336833489606,0.000803921401909685,0.00234998511987272,6
MMRp,Myeloid-noDC-noGran,ITGAE,"(-55,-50]","[0,0.729]",-52.5,0.364704876434944,6,0.00138650613718832,0.000824704734073427,0.00204822449425867,6
MMRp,Myeloid-noDC-noGran,ITGAE,"(-40,-35]","(3.65,4.38]",-37.5,4.01175364078438,3,0.0016309412861137,0.00161771693266776,0.00166101742997906,6
MMRp,Myeloid-ISG,ITGAE,"(-20,-15]","(3.65,4.38]",-17.5,4.01175364078438,3,0.000832986255726781,0.00041649312786339,0.00125541930236003,6
MMRp,Myeloid-noDC-noGran,ITGAE,"(-20,-15]","(3.65,4.38]",-17.5,4.01175364078438,4,0.000507848536193387,0.000335070737155622,0.000740924246386126,6
MMRp,Myeloid-ISG,ITGAE,"(-30,-25]","(2.92,3.65]",-27.5,3.2823438879145,3,0,0,0.00021978021978022,6
MMRp,Myeloid-noDC-noGran,ITGAE,"(-30,-25]","(2.92,3.65]",-27.5,3.2823438879145,4,0.00124494721602933,0.000528767739883786,0.00218445239296257,6
MMRp,Myeloid-noDC-noGran,ITGAE,"(-50,-45]","(2.92,3.65]",-47.5,3.2823438879145,4,0.00106015647869708,0.000528913963328632,0.0015140370525037,6
MMRp,Myeloid-noDC-noGran,ITGAE,"(-50,-45]","(1.46,2.19]",-47.5,1.82352438217472,4,0.000199487033342833,0,0.000710715553671894,6
MMRp,Myeloid-ISG,ITGAE,"(-40,-35]","[0,0.729]",-37.5,0.364704876434944,4,0.00107332310350302,0.000728541326095938,0.00157071471042611,6
MMRp,Myeloid-noDC-noGran,ITGAE,"(-40,-35]","[0,0.729]",-37.5,0.364704876434944,6,0.000484535684168128,0.00032502914627142,0.000881836513867014,6
MMRp,Myeloid-noDC-noGran,ITGAE,"(-80,-75]","(3.65,4.38]",-77.5,4.01175364078438,3,0.00289855072463768,0.00144927536231884,0.00345462295590173,6
MMRp,Myeloid-ISG,ITGAE,"(-75,-70]","[0,0.729]",-72.5,0.364704876434944,4,0.000637213254035684,0,0.00137865286202604,6
MMRp,Myeloid-noDC-noGran,ITGAE,"(-75,-70]","[0,0.729]",-72.5,0.364704876434944,5,0.000473568933877938,0.000221598463583986,0.00128287363694676,6
MMRp,Myeloid-ISG,ITGAE,"(-30,-25]","[0,0.729]",-27.5,0.364704876434944,5,0.00070118032020568,0,0.000911577028258888,6
MMRp,Myeloid-noDC-noGran,ITGAE,"(-30,-25]","[0,0.729]",-27.5,0.364704876434944,6,0.000892316914941117,0.00048517568435229,0.00105996262419255,6
MMRp,Myeloid-noDC-noGran,ITGAE,"(-85,-80]","(1.46,2.19]",-82.5,1.82352438217472,4,0,0,0.000154035736290819,6
MMRp,Myeloid-noDC-noGran,ITGAE,"(-15,-10]","(1.46,2.19]",-12.5,1.82352438217472,6,0.000485424944339104,0.000265425609744708,0.00076237168628473,6
MMRp,Myeloid-ISG,ITGAE,"(-85,-80]","[0,0.729]",-82.5,0.364704876434944,4,0.000426257459505541,0,0.00270407992635398,6
MMRp,Myeloid-noDC-noGran,ITGAE,"(-85,-80]","[0,0.729]",-82.5,0.364704876434944,4,0.000682929289146279,0.000442482762990509,0.00136611857523202,6
MMRp,Myeloid-ISG,ITGAE,"(-10,-5]","(1.46,2.19]",-7.5,1.82352438217472,5,0.000889679715302491,0.000737851797196163,0.00146412884333821,6
MMRp,Myeloid-noDC-noGran,ITGAE,"(-10,-5]","(1.46,2.19]",-7.5,1.82352438217472,6,0.000784615495373562,0.00051693757557297,0.000922698551504217,6
MMRp,Myeloid-ISG,ITGAE,"(-20,-15]","[0,0.729]",-17.5,0.364704876434944,6,0.000661890550952443,0.00014172335600907,0.00172768345792869,6
MMRp,Myeloid-noDC-noGran,ITGAE,"(-20,-15]","[0,0.729]",-17.5,0.364704876434944,6,0.000442232415268867,0.000200347993335968,0.000677739264274521,6
MMRp,Myeloid-ISG,ITGAE,"(-15,-10]","[0,0.729]",-12.5,0.364704876434944,6,0.00089300332987446,0.000552852720035383,0.00142012874997581,6
MMRp,Myeloid-noDC-noGran,ITGAE,"(-15,-10]","[0,0.729]",-12.5,0.364704876434944,6,0.000926619809387975,0.000666223369424923,0.00118219227117251,6
MMRp,Myeloid-ISG,ITGAE,"(-5,0]","[0,0.729]",-2.5,0.364704876434944,6,0.0012155627960146,0.00063233643400512,0.0014414388891025,6
MMRp,Myeloid-noDC-noGran,ITGAE,"(-5,0]","[0,0.729]",-2.5,0.364704876434944,6,0.000667402839704211,0.000551752359088433,0.00106541562818085,6
MMRp,Myeloid-ISG,ITGAE,"(-5,0]","(1.46,2.19]",-2.5,1.82352438217472,5,0.000537887447051704,0,0.000693000693000693,6
MMRp,Myeloid-noDC-noGran,ITGAE,"(-5,0]","(1.46,2.19]",-2.5,1.82352438217472,6,0.000735920344318554,0.00030254026009029,0.000815172814497931,6
MMRp,Myeloid-noDC-noGran,ITGAE,"(-60,-55]","[0,0.729]",-57.5,0.364704876434944,5,0.000878348704435661,0.000447011897393577,0.00196001568012544,6
MMRp,Myeloid-noDC-noGran,ITGAE,"(0,5]","(1.46,2.19]",2.5,1.82352438217472,5,0.000551495932717496,0.000390625,0.000593824228028504,6
MMRp,Myeloid-ISG,ITGAE,"(-5,0]","(0.729,1.46]",-2.5,1.09411462930483,4,0.00045208934956802,0.000127877237851662,0.000733810384150881,6
MMRp,Myeloid-noDC-noGran,ITGAE,"(-5,0]","(0.729,1.46]",-2.5,1.09411462930483,5,0.000388251509327743,0.000356696985910469,0.00091691215201233,6
MMRp,Myeloid-ISG,ITGAE,"(-15,-10]","(2.19,2.92]",-12.5,2.55293413504461,4,0,0,0.000157662392264032,6
MMRp,Myeloid-noDC-noGran,ITGAE,"(-15,-10]","(2.19,2.92]",-12.5,2.55293413504461,6,0.000551506702647323,0.000494552506091468,0.000939368513598267,6
MMRp,Myeloid-ISG,ITGAE,"(-15,-10]","(0.729,1.46]",-12.5,1.09411462930483,3,0.000353107344632768,0.000176553672316384,0.000674561640443874,6
MMRp,Myeloid-noDC-noGran,ITGAE,"(-15,-10]","(0.729,1.46]",-12.5,1.09411462930483,5,0.000720357297219421,0.000138555329761685,0.000922912517608199,6
MMRp,Myeloid-noDC-noGran,ITGAE,"(20,25]","[0,0.729]",22.5,0.364704876434944,5,0.000566411781365052,0.000416146483562214,0.000768049155145929,6
MMRp,Myeloid-ISG,ITGAE,"(-10,-5]","(0.729,1.46]",-7.5,1.09411462930483,3,0.000841396718552798,0.000420698359276399,0.000876736301633203,6
MMRp,Myeloid-noDC-noGran,ITGAE,"(-10,-5]","(0.729,1.46]",-7.5,1.09411462930483,5,0.000826104915324246,0.00069233935855694,0.00109499041883384,6
MMRp,Myeloid-ISG,ITGAE,"(-20,-15]","(0.729,1.46]",-17.5,1.09411462930483,3,0.000964320154291225,0.000482160077145612,0.00157426055038915,6
MMRp,Myeloid-noDC-noGran,ITGAE,"(-20,-15]","(0.729,1.46]",-17.5,1.09411462930483,3,0.000623941527765398,0.000498230143372881,0.000928442899342176,6
MMRp,Myeloid-ISG,ITGAE,"(-20,-15]","(2.19,2.92]",-17.5,2.55293413504461,3,0.0004739336492891,0.00023696682464455,0.00152812240889245,6
MMRp,Myeloid-noDC-noGran,ITGAE,"(-20,-15]","(2.19,2.92]",-17.5,2.55293413504461,6,0.000380804316831766,0.00019213133864093,0.00128625906876949,6
MMRp,Myeloid-ISG,ITGAE,"(-15,-10]","(1.46,2.19]",-12.5,1.82352438217472,3,0.000546075085324232,0.000273037542662116,0.000698690210085499,6
MMRp,Myeloid-noDC-noGran,ITGAE,"(-45,-40]","(3.65,4.38]",-42.5,4.01175364078438,3,0.000650829808005207,0.000616112578421208,0.000935171001563579,6
MMRp,Myeloid-ISG,ITGAE,"(-25,-20]","(1.46,2.19]",-22.5,1.82352438217472,3,0.000757346258709482,0.000378673129354741,0.00101928811974552,6
MMRp,Myeloid-noDC-noGran,ITGAE,"(-25,-20]","(1.46,2.19]",-22.5,1.82352438217472,6,0.000476838819627603,0.000197464269620377,0.000805115064496827,6
MMRp,Myeloid-noDC-noGran,ITGAE,"(-40,-35]","(1.46,2.19]",-37.5,1.82352438217472,4,0.000355366027007818,0,0.00100430257491323,6
MMRp,Myeloid-noDC-noGran,ITGAE,"[-100,-95]","[0,0.729]",-97.5,0.364704876434944,4,0.000441478457574331,0.00033028911457711,0.000745013499456082,6
MMRp,Myeloid-ISG,ITGAE,"(-65,-60]","[0,0.729]",-62.5,0.364704876434944,4,0.000915285338329014,0.00028333962976955,0.00164700197861583,6
MMRp,Myeloid-noDC-noGran,ITGAE,"(-65,-60]","[0,0.729]",-62.5,0.364704876434944,5,0.000459875833524948,0.00027733096677575,0.000512073108283767,6
MMRp,Myeloid-noDC-noGran,ITGAE,"(-70,-65]","(1.46,2.19]",-67.5,1.82352438217472,4,0.000570175661547794,0.000363137508069722,0.000955260478509101,6
MMRp,Myeloid-ISG,ITGAE,"(-70,-65]","[0,0.729]",-67.5,0.364704876434944,3,0.00078003120124805,0.000553307566659296,0.000780335663075235,6
MMRp,Myeloid-ISG,ITGAE,"(-80,-75]","[0,0.729]",-77.5,0.364704876434944,4,0.00200868818141116,0.00172259894326149,0.00224195762873877,6
MMRp,Myeloid-noDC-noGran,ITGAE,"(-80,-75]","[0,0.729]",-77.5,0.364704876434944,5,0.000423011844331641,0.000240862286987415,0.000666311300639659,6
MMRp,Myeloid-noDC-noGran,ITGAE,"(-70,-65]","(3.65,4.38]",-67.5,4.01175364078438,3,0.000904977375565611,0.000861653990565129,0.00201498868778281,6
MMRp,Myeloid-noDC-noGran,ITGAE,"(-25,-20]","(4.38,5.11]",-22.5,4.74116339365427,3,0.000197433366238894,9.87166831194472e-05,0.000928821829771356,6
MMRp,Myeloid-ISG,ITGAE,"(-35,-30]","[0,0.729]",-32.5,0.364704876434944,4,0.000978820858881978,0.000363665750767739,0.00154222358073749,6
MMRp,Myeloid-noDC-noGran,ITGAE,"(-35,-30]","[0,0.729]",-32.5,0.364704876434944,6,0.000865358295930112,0.000533515988161748,0.00135725075302743,6
MMRp,Myeloid-noDC-noGran,ITGAE,"(-55,-50]","(2.19,2.92]",-52.5,2.55293413504461,4,0.00019168839135102,0,0.00112107965037611,6
MMRp,Myeloid-noDC-noGran,ITGAE,"(-90,-85]","[0,0.729]",-87.5,0.364704876434944,5,0.000795053003533569,0.000156543519098309,0.000955292319449752,6
MMRp,Myeloid-noDC-noGran,ITGAE,"(-45,-40]","(2.92,3.65]",-42.5,3.2823438879145,3,0.00208496221005994,0.00159435748472092,0.00220302269110347,6
MMRp,Myeloid-noDC-noGran,ITGAE,"(-45,-40]","(2.19,2.92]",-42.5,2.55293413504461,4,0.000216436831364789,0,0.0007115922537025,6
MMRp,Myeloid-ISG,ITGAE,"(-30,-25]","(3.65,4.38]",-27.5,4.01175364078438,3,0.00168067226890756,0.000840336134453782,0.00179211278419997,6
MMRp,Myeloid-noDC-noGran,ITGAE,"(-30,-25]","(3.65,4.38]",-27.5,4.01175364078438,3,0.00154998708344097,0.00113862990535685,0.00209933738954134,6
MMRp,Myeloid-ISG,ITGAE,"(0,5]","(2.19,2.92]",2.5,2.55293413504461,3,0.000575705238917674,0.000287852619458837,0.000818638182091534,6
MMRp,Myeloid-noDC-noGran,ITGAE,"(0,5]","(2.19,2.92]",2.5,2.55293413504461,6,0.000896376678528839,0.00033832998953998,0.00128583552496596,6
MMRp,Myeloid-noDC-noGran,ITGAE,"(-70,-65]","(2.19,2.92]",-67.5,2.55293413504461,4,0.000299850074962519,0,0.00067906279205246,6
MMRp,Myeloid-noDC-noGran,ITGAE,"(5,10]","(3.65,4.38]",7.5,4.01175364078438,3,0.00046882325363338,0.00023441162681669,0.00188276327516834,6
MMRp,Myeloid-ISG,ITGAE,"(-60,-55]","[0,0.729]",-57.5,0.364704876434944,4,0.00115183306168362,0.0005466472303207,0.00158174338784575,6
MMRp,Myeloid-noDC-noGran,ITGAE,"(-50,-45]","(2.19,2.92]",-47.5,2.55293413504461,4,0.000559335969539814,0.000278884462151394,0.000937477982724365,6
MMRp,Myeloid-noDC-noGran,ITGAE,"(-80,-75]","(2.92,3.65]",-77.5,3.2823438879145,3,0.00133689839572193,0.000668449197860963,0.00180095202911804,6
MMRp,Myeloid-noDC-noGran,ITGAE,"(-25,-20]","(0.729,1.46]",-22.5,1.09411462930483,3,0.000373378138709979,0.00029610624055639,0.000760939672318122,6
MMRp,Myeloid-noDC-noGran,ITGAE,"(-55,-50]","(1.46,2.19]",-52.5,1.82352438217472,4,0.000160709694008743,0,0.000388644234047352,6
MMRp,Myeloid-noDC-noGran,ITGAE,"(-35,-30]","(4.38,5.11]",-32.5,4.74116339365427,3,0,0,0.00103092783505155,6
MMRp,Myeloid-ISG,ITGAE,"(-40,-35]","(2.92,3.65]",-37.5,3.2823438879145,3,0.000685400959561344,0.000342700479780672,0.000729099243304628,6
MMRp,Myeloid-noDC-noGran,ITGAE,"(-40,-35]","(2.92,3.65]",-37.5,3.2823438879145,3,0.000716845878136201,0.000470292275682934,0.00144947630149619,6
MMRp,Myeloid-noDC-noGran,ITGAE,"(-65,-60]","(1.46,2.19]",-62.5,1.82352438217472,4,0.000578240578240578,7.37100737100737e-05,0.00144575382592989,6
MMRp,Myeloid-noDC-noGran,ITGAE,"(-70,-65]","(2.92,3.65]",-67.5,3.2823438879145,3,0.00100351229302559,0.000501756146512795,0.00235704371608608,6
MMRp,Myeloid-noDC-noGran,ITGAE,"(-30,-25]","(0.729,1.46]",-27.5,1.09411462930483,3,0.00089126559714795,0.00068342607695064,0.000931777669745584,6
MMRp,Myeloid-noDC-noGran,ITGAE,"[-100,-95]","(2.19,2.92]",-97.5,2.55293413504461,3,0,0,0.000739644970414201,6
MMRp,Myeloid-noDC-noGran,ITGAE,"(-95,-90]","(2.92,3.65]",-92.5,3.2823438879145,3,0.000927643784786642,0.000868680191988463,0.00232949353418437,6
MMRp,Myeloid-noDC-noGran,ITGAE,"(-75,-70]","(2.92,3.65]",-72.5,3.2823438879145,3,0.000639795265515035,0.000623479903552903,0.00146668662358321,6
MMRp,Myeloid-noDC-noGran,ITGAE,"(-40,-35]","(4.38,5.11]",-37.5,4.74116339365427,3,0.00136116152450091,0.000680580762250454,0.00230395738562708,6
MMRp,Myeloid-noDC-noGran,ITGAE,"(-35,-30]","(1.46,2.19]",-32.5,1.82352438217472,5,0.000477147162230035,0.000247005063603804,0.00127551020408163,6
MMRp,Myeloid-noDC-noGran,ITGAE,"(65,70]","[0,0.729]",67.5,0.364704876434944,4,0.00165963098854565,0.00108011293867367,0.00214599700111497,6
MMRp,Myeloid-ISG,ITGAE,"(5,10]","[0,0.729]",7.5,0.364704876434944,4,0,0,0.000442869796279894,6
MMRp,Myeloid-ISG,ITGAE,"(-50,-45]","[0,0.729]",-47.5,0.364704876434944,4,0.000868050329610788,0.000627615062761506,0.00106273455318448,6
MMRp,Myeloid-noDC-noGran,ITGAE,"(-50,-45]","[0,0.729]",-47.5,0.364704876434944,6,0.00043403792002601,8.28520026512641e-05,0.000843588069734045,6
MMRp,Myeloid-noDC-noGran,ITGAE,"(-90,-85]","(1.46,2.19]",-87.5,1.82352438217472,4,0,0,0,6
MMRp,Myeloid-ISG,ITGAE,"[-100,-95]","[0,0.729]",-97.5,0.364704876434944,3,0,0,0.000460829493087558,6
MMRp,Myeloid-noDC-noGran,ITGAE,"(55,60]","[0,0.729]",57.5,0.364704876434944,5,0.000988467874794069,0.000525762355415352,0.00177935943060498,6
MMRp,Myeloid-noDC-noGran,ITGAE,"(10,15]","[0,0.729]",12.5,0.364704876434944,6,0.000750271673841501,0.000329889041869701,0.00121433238530107,6
MMRp,Myeloid-noDC-noGran,ITGAE,"(35,40]","[0,0.729]",37.5,0.364704876434944,5,0.000846740050804403,0,0.00110071546505228,6
MMRp,Myeloid-ISG,ITGAE,"(-90,-85]","[0,0.729]",-87.5,0.364704876434944,3,0.0011037527593819,0.000551876379690949,0.00130945213726671,6
MMRp,Myeloid-noDC-noGran,ITGAE,"(-40,-35]","(2.19,2.92]",-37.5,2.55293413504461,4,0.000905766706666594,0.000242993682164264,0.00164481912477824,6
MMRp,Myeloid-noDC-noGran,ITGAE,"(-30,-25]","(1.46,2.19]",-27.5,1.82352438217472,5,0.000661375661375661,0.000524680993955675,0.00131926121372032,6
MMRp,Myeloid-noDC-noGran,ITGAE,"(-65,-60]","(2.92,3.65]",-62.5,3.2823438879145,3,0.000243605359317905,0.000121802679658953,0.000715274489747973,6
MMRp,Myeloid-noDC-noGran,ITGAE,"(-90,-85]","(2.92,3.65]",-87.5,3.2823438879145,3,0.00109649122807018,0.00075841795535497,0.00340772273821809,6
MMRp,Myeloid-noDC-noGran,ITGAE,"(-60,-55]","(1.46,2.19]",-57.5,1.82352438217472,4,0.000248529533592909,0,0.000638093203820562,6
MMRp,Myeloid-noDC-noGran,ITGAE,"(-65,-60]","(2.19,2.92]",-62.5,2.55293413504461,4,0.000163559044815178,0,0.000615161052429868,6
MMRp,Myeloid-noDC-noGran,ITGAE,"(-75,-70]","(2.19,2.92]",-72.5,2.55293413504461,4,0.000407763823193606,0,0.00130834801068451,6
MMRp,Myeloid-noDC-noGran,ITGAE,"(-55,-50]","(3.65,4.38]",-52.5,4.01175364078438,3,0.00159172304019101,0.000795861520095503,0.00165595326321477,6
MMRp,Myeloid-noDC-noGran,ITGAE,"(-60,-55]","(2.19,2.92]",-57.5,2.55293413504461,4,0.000551415424087491,0.000381679389312977,0.00144912390740708,6
MMRp,Myeloid-noDC-noGran,ITGAE,"(-60,-55]","(2.92,3.65]",-57.5,3.2823438879145,3,0.000844594594594595,0.000659657847973775,0.00177988621937169,6
MMRp,Myeloid-noDC-noGran,ITGAE,"(-45,-40]","(1.46,2.19]",-42.5,1.82352438217472,4,0.000739867683362614,0.000586978918471121,0.00121661581926832,6
MMRp,Myeloid-noDC-noGran,ITGAE,"(-80,-75]","(1.46,2.19]",-77.5,1.82352438217472,3,0.000361598264328331,0.000180799132164166,0.000526580598277582,6
MMRp,Myeloid-noDC-noGran,ITGAE,"(-75,-70]","(1.46,2.19]",-72.5,1.82352438217472,4,0.000274882592720583,0.000110391521931116,0.000797964113181505,6
MMRp,Myeloid-noDC-noGran,ITGAE,"(-90,-85]","(2.19,2.92]",-87.5,2.55293413504461,3,0.000358294518093873,0.000179147259046937,0.00507577402727327,6
MMRp,Myeloid-noDC-noGran,ITGAE,"(-85,-80]","(2.19,2.92]",-82.5,2.55293413504461,3,0.000504286434694907,0.000252143217347453,0.000661643626847863,6
MMRp,Myeloid-noDC-noGran,ITGAE,"(5,10]","(2.92,3.65]",7.5,3.2823438879145,3,0.00140449438202247,0.000702247191011236,0.00147337612376879,6
MMRp,Myeloid-noDC-noGran,ITGAE,"(-95,-90]","(2.19,2.92]",-92.5,2.55293413504461,3,0,0,0.000515995872033024,6
MMRp,Myeloid-noDC-noGran,ITGAE,"(60,65]","[0,0.729]",62.5,0.364704876434944,5,0.000502765208647562,0,0.00103092783505155,6
MMRp,Myeloid-noDC-noGran,ITGAE,"(75,80]","[0,0.729]",77.5,0.364704876434944,4,0.000846023688663283,0,0.00204785173237187,6
MMRp,Myeloid-noDC-noGran,ITGAE,"(95,100]","[0,0.729]",97.5,0.364704876434944,3,0,0,0,6
MMRp,Myeloid-noDC-noGran,ITGAE,"(25,30]","[0,0.729]",27.5,0.364704876434944,5,0.00160771704180064,0.000530222693531283,0.00201816347124117,6
MMRp,Myeloid-noDC-noGran,ITGAE,"(50,55]","[0,0.729]",52.5,0.364704876434944,5,0,0,0.000503778337531486,6
MMRp,Myeloid-noDC-noGran,ITGAE,"(30,35]","[0,0.729]",32.5,0.364704876434944,5,0.000650618087182824,0,0.000987166831194472,6
MMRp,Myeloid-noDC-noGran,ITGAE,"(80,85]","[0,0.729]",82.5,0.364704876434944,4,0.00245050523602056,0.000928505106778087,0.00455720749838397,6
MMRp,Myeloid-noDC-noGran,ITGAE,"(40,45]","[0,0.729]",42.5,0.364704876434944,5,0.000838222967309304,0,0.0028169014084507,6
MMRp,Myeloid-noDC-noGran,ITGAE,"(45,50]","[0,0.729]",47.5,0.364704876434944,5,0.000887705281846427,0,0.0012070006035003,6
MMRp,Myeloid-noDC-noGran,ITGAE,"(0,5]","(0.729,1.46]",2.5,1.09411462930483,4,0.000990266815640823,0.000721963741376544,0.00102705686872792,6
MMRp,Myeloid-noDC-noGran,ITGAE,"(-40,-35]","(0.729,1.46]",-37.5,1.09411462930483,3,0,0,0.000792393026941363,6
MMRp,Myeloid-noDC-noGran,ITGAE,"(-50,-45]","(0.729,1.46]",-47.5,1.09411462930483,3,0.000235017626321974,0.000229265630326834,0.000771103584402817,6
MMRp,Myeloid-noDC-noGran,ITGAE,"(5,10]","(1.46,2.19]",7.5,1.82352438217472,3,0.000941619585687382,0.000752182893575261,0.00155247555812222,6
MMRp,Myeloid-noDC-noGran,ITGAE,"(-65,-60]","(0.729,1.46]",-62.5,1.09411462930483,3,0.000901713255184851,0.000450856627592426,0.00129759667839683,6
MMRp,Myeloid-noDC-noGran,ITGAE,"(-35,-30]","(0.729,1.46]",-32.5,1.09411462930483,3,0.000427533133817871,0.000213766566908935,0.000632410161661936,6
MMRp,Myeloid-noDC-noGran,ITGAE,"(-45,-40]","(0.729,1.46]",-42.5,1.09411462930483,3,0.000509554140127389,0.000377899453713042,0.00100908741489128,6
MMRp,Myeloid-noDC-noGran,ITGAE,"(-55,-50]","(0.729,1.46]",-52.5,1.09411462930483,3,0.00195694716242661,0.00139101483533872,0.00210561515019437,6
MMRp,Myeloid-noDC-noGran,ITGAE,"(15,20]","[0,0.729]",17.5,0.364704876434944,5,0.000636739891754218,0,0.000778210116731518,6
MMRp,Myeloid-noDC-noGran,ITGAE,"(-80,-75]","(0.729,1.46]",-77.5,1.09411462930483,3,0.000550660792951542,0.000275330396475771,0.000821778483907465,6
MMRp,Myeloid-noDC-noGran,ITGAE,"(5,10]","(0.729,1.46]",7.5,1.09411462930483,3,0.000567536889897843,0.000283768444948922,0.000656902773307131,6
MMRp,Myeloid-noDC-noGran,ITGAE,"(90,95]","[0,0.729]",92.5,0.364704876434944,3,0,0,0.000704225352112676,6
MMRp,Myeloid-noDC-noGran,ITGAE,"(10,15]","(1.46,2.19]",12.5,1.82352438217472,3,0,0,0,6
MMRp,Tcd4-CXCL13,ITGAE,"(-5,0]","[0,0.729]",-2.5,0.364704876434944,4,0.0226067904639333,0.018078331746556,0.0295029375386518,6
MMRp,Tcd4-CXCL13,ITGAE,"(-10,-5]","[0,0.729]",-7.5,0.364704876434944,4,0.0239655761997036,0.0151455546813533,0.0329095611204998,6
MMRp,Tcd4-CXCL13,ITGAE,"(-15,-10]","[0,0.729]",-12.5,0.364704876434944,3,0.0108932461873638,0.00961081107702516,0.0170745300704261,6
MMRp,Tcd4-Treg-comb,ITGAE,"(-15,-10]","[0,0.729]",-12.5,0.364704876434944,5,0.0045684058667949,0.00314575323313527,0.00470251482314455,6
MMRp,Tcd4-Treg-comb,ITGAE,"(-5,0]","[0,0.729]",-2.5,0.364704876434944,5,0.00396673064619322,0.00333796940194715,0.00421530479896239,6
MMRp,Tcd4-Treg-comb,ITGAE,"(-10,-5]","[0,0.729]",-7.5,0.364704876434944,5,0.00274402195217562,0.00224159402241594,0.00486809045226131,6
MMRp,Tcd4-Treg-comb,ITGAE,"(-15,-10]","(1.46,2.19]",-12.5,1.82352438217472,4,0.00498926360995327,0.00152764953510789,0.00853858784893268,6
MMRp,Tcd4-Treg-comb,ITGAE,"(0,5]","[0,0.729]",2.5,0.364704876434944,5,0,0,0.00166574125485841,6
MMRp,Tcd4-Treg-comb,ITGAE,"(-10,-5]","(1.46,2.19]",-7.5,1.82352438217472,5,0.0029806259314456,0.00126657726121293,0.00396301188903567,6
MMRp,Tcd4-Treg-comb,ITGAE,"(-5,0]","(1.46,2.19]",-2.5,1.82352438217472,5,0.002,0.00178108808290155,0.00693069306930693,6
MMRp,Tcd4-Treg-comb,ITGAE,"(-25,-20]","[0,0.729]",-22.5,0.364704876434944,5,0.00207382828701784,0.00165425971877585,0.00284819139846198,6
MMRp,Tcd4-Treg-comb,ITGAE,"(-5,0]","(0.729,1.46]",-2.5,1.09411462930483,4,0.00314027330057059,0.00284867926853549,0.00397279129554509,6
MMRp,Tcd4-Treg-comb,ITGAE,"(-30,-25]","(1.46,2.19]",-27.5,1.82352438217472,3,0.00141643059490085,0.00109635378526288,0.00357149375128006,6
MMRp,Tcd4-Treg-comb,ITGAE,"(-20,-15]","[0,0.729]",-17.5,0.364704876434944,4,0.00324676174212926,0.00245577154737579,0.00379900036461674,6
MMRp,Tcd4-Treg-comb,ITGAE,"(-50,-45]","[0,0.729]",-47.5,0.364704876434944,3,0.000141362736782584,7.06813683912921e-05,0.000544166216876141,6
MMRp,Tcd4-Treg-comb,ITGAE,"(-55,-50]","[0,0.729]",-52.5,0.364704876434944,3,0.00038001140034201,0.000190005700171005,0.00129783435600557,6
MMRp,Tcd4-Treg-comb,ITGAE,"(-25,-20]","(1.46,2.19]",-22.5,1.82352438217472,3,0.00125,0.000841169476869866,0.00222171532846715,6
MMRp,Tcd4-Treg-comb,ITGAE,"(-35,-30]","[0,0.729]",-32.5,0.364704876434944,3,0.00128814902893381,0.000958144866225699,0.00186716649098354,6
MMRp,Tcd4-Treg-comb,ITGAE,"(-40,-35]","[0,0.729]",-37.5,0.364704876434944,4,0.00214477905902515,0.000423872499152255,0.00414708670310389,6
MMRp,Tcd4-Treg-comb,ITGAE,"(-30,-25]","[0,0.729]",-27.5,0.364704876434944,4,0.00255164638075395,0.00206209896140954,0.00371609100369204,6
MMRp,Tcd4-Treg-comb,ITGAE,"(-65,-60]","[0,0.729]",-62.5,0.364704876434944,3,0.000728332119446468,0.000364166059723234,0.00178462060517778,6
MMRp,Tcd4-Treg-comb,ITGAE,"(-90,-85]","[0,0.729]",-87.5,0.364704876434944,3,0,0,0,6
MMRp,Tcd4-Treg-comb,ITGAE,"(-80,-75]","[0,0.729]",-77.5,0.364704876434944,3,0.00098135426889107,0.000490677134445535,0.00286034538089103,6
MMRp,Tcd4-Treg-comb,ITGAE,"(-45,-40]","[0,0.729]",-42.5,0.364704876434944,3,0.00405885337392187,0.00234290631078538,0.00422964670896313,6
MMRp,Tcd4-Treg-comb,ITGAE,"(-60,-55]","[0,0.729]",-57.5,0.364704876434944,3,0.00179251624467847,0.000896258122339234,0.00310864750287021,6
MMRp,CD8-all,ITGAE,"(-5,0]","(2.92,3.65]",-2.5,3.2823438879145,3,0.0404907975460123,0.0344904130180204,0.0441571093799957,6
MMRp,Tcd8-CXCL13-comb,ITGAE,"(-5,0]","[0,0.729]",-2.5,0.364704876434944,5,0.0310021629416006,0.0193050193050193,0.0515021459227468,6
MMRp,CD8-all,ITGAE,"(-5,0]","[0,0.729]",-2.5,0.364704876434944,5,0.037199124726477,0.0311594202898551,0.0604288499025341,6
MMRp,CD8-all,ITGAE,"(-20,-15]","[0,0.729]",-17.5,0.364704876434944,3,0.0345135376376079,0.0301168511233307,0.0670535167862836,6
MMRp,CD8-all,ITGAE,"(5,10]","[0,0.729]",7.5,0.364704876434944,3,0.078003120124805,0.0637949484921546,0.0868836963423289,6
MMRp,CD8-all,ITGAE,"(-15,-10]","[0,0.729]",-12.5,0.364704876434944,4,0.0304590030876336,0.0218133172190487,0.0424418963510902,6
MMRp,Tcd8-CXCL13-comb,ITGAE,"(-10,-5]","[0,0.729]",-7.5,0.364704876434944,3,0.020460358056266,0.0202774603520101,0.0307942213313057,6
MMRp,CD8-all,ITGAE,"(-10,-5]","[0,0.729]",-7.5,0.364704876434944,5,0.0352941176470588,0.02776492364646,0.0498687664041995,6
MMRp,CD8-all,ITGAE,"(-25,-20]","[0,0.729]",-22.5,0.364704876434944,4,0.0246567927504176,0.0193634638606176,0.0365674083769634,6
MMRp,CD8-all,ITGAE,"(0,5]","[0,0.729]",2.5,0.364704876434944,4,0.039838953484207,0.0257223672515666,0.0525025378090535,6
MMRp,Tcd8-HOBIT,ITGAE,"(-10,-5]","[0,0.729]",-7.5,0.364704876434944,3,0.0592255125284738,0.0545737547041745,0.0645289573815553,6
MMRp,Tcd8-HOBIT,ITGAE,"(-5,0]","[0,0.729]",-2.5,0.364704876434944,3,0.0624169986719788,0.0568242628827874,0.0671797223575721,6
MMRp,Tplzf-gdlike-comb,ITGAE,"(-5,0]","[0,0.729]",-2.5,0.364704876434944,3,0.0629370629370629,0.051553098064726,0.0695234997560579,6
MMRp,Myeloid-mregDC,CCR7,"(-5,0]","(2.19,2.92]",-2.5,2.55293413504461,5,0.000908265213442325,0,0.00125944584382872,6
MMRp,Myeloid-mregDC,CCR7,"(-20,-15]","(2.92,3.65]",-17.5,3.2823438879145,3,0.00151171579743008,0.000755857898715042,0.00154202142072762,6
MMRp,Myeloid-mregDC,CCR7,"(-15,-10]","(2.92,3.65]",-12.5,3.2823438879145,3,0.00339847068819031,0.00190207510068745,0.00471128353686624,6
MMRp,Myeloid-mregDC,CCR7,"(-10,-5]","(2.92,3.65]",-7.5,3.2823438879145,3,0.000816326530612245,0.000408163265306122,0.00517574371822627,6
MMRp,Myeloid-mregDC,CCR7,"(-10,-5]","(2.19,2.92]",-7.5,2.55293413504461,4,0.00395395140747374,0.00295210654029718,0.00804696048986054,6
MMRp,Myeloid-mregDC,CCR7,"(-5,0]","(3.65,4.38]",-2.5,4.01175364078438,3,0.00116822429906542,0.00058411214953271,0.00233032868038254,6
MMRp,Myeloid-mregDC,CCR7,"(-30,-25]","(2.19,2.92]",-27.5,2.55293413504461,3,0.00124947938359017,0.000624739691795085,0.00167295772114519,6
MMRp,Myeloid-mregDC,CCR7,"(-15,-10]","[0,0.729]",-12.5,0.364704876434944,5,0.00199137072685032,0.000495294700346706,0.00449775112443778,6
MMRp,Myeloid-mregDC,CCR7,"(-5,0]","[0,0.729]",-2.5,0.364704876434944,5,0.00179694519317161,0.00145819831497084,0.00285918513223731,6
MMRp,Myeloid-mregDC,CCR7,"(-10,-5]","[0,0.729]",-7.5,0.364704876434944,5,0.00303490136570562,0.00257898130238556,0.0078031212484994,6
MMRp,Myeloid-mregDC,CCR7,"(-5,0]","(1.46,2.19]",-2.5,1.82352438217472,4,0.000218245307725884,0,0.000926888345281871,6
MMRp,Myeloid-mregDC,CCR7,"(-10,-5]","(1.46,2.19]",-7.5,1.82352438217472,3,0,0,0.00112437294585712,6
MMRp,Myeloid-mregDC,CCR7,"(-5,0]","(0.729,1.46]",-2.5,1.09411462930483,3,0,0,0.00105263157894737,6
MMRp,Myeloid-mregDC,CCR7,"(-15,-10]","(1.46,2.19]",-12.5,1.82352438217472,3,0.00136612021857924,0.000915943201977088,0.00818573963769262,6
MMRp,Myeloid-mregDC,CCR7,"(-15,-10]","(2.19,2.92]",-12.5,2.55293413504461,3,0.000774593338497289,0.000766084548036523,0.0053307994941074,6
MMRp,Myeloid-mregDC,CCR7,"(-40,-35]","[0,0.729]",-37.5,0.364704876434944,4,0.00310655483069276,0,0.00947369617415211,6
MMRp,Myeloid-mregDC,CCR7,"(0,5]","[0,0.729]",2.5,0.364704876434944,3,0.00229885057471264,0.0018201160988922,0.00277986006996502,6
MMRp,Myeloid-mregDC,CCR7,"(-25,-20]","[0,0.729]",-22.5,0.364704876434944,4,0.00214101988553746,0.00141242937853107,0.00444460309527776,6
MMRp,Myeloid-mregDC,CCR7,"(-35,-30]","[0,0.729]",-32.5,0.364704876434944,3,0.00356083086053412,0.00178041543026706,0.0104011050854395,6
MMRp,Myeloid-mregDC,CCR7,"(-20,-15]","[0,0.729]",-17.5,0.364704876434944,3,0.00181013676588898,0.00136632299549061,0.00548522105470021,6
MMRp,Myeloid-mregDC,CCR7,"(-30,-25]","[0,0.729]",-27.5,0.364704876434944,3,0.00332620574958422,0.00166310287479211,0.0116111997606053,6
MMRp,Myeloid-ISG,CCR7,"(-5,0]","(3.65,4.38]",-2.5,4.01175364078438,3,0,0,0.000108131487889273,6
MMRp,Myeloid-noDC-noGran,CCR7,"(-5,0]","(3.65,4.38]",-2.5,4.01175364078438,4,0.000125933291106051,9.01117385558092e-05,0.000157042887605772,6
MMRp,Myeloid-noDC-noGran,CCR7,"(-20,-15]","(1.46,2.19]",-17.5,1.82352438217472,6,0.000163715352155981,2.25133954703048e-05,0.000394016302026695,6
MMRp,Myeloid-ISG,CCR7,"(-10,-5]","(3.65,4.38]",-7.5,4.01175364078438,3,0,0,0.000161943319838057,6
MMRp,Myeloid-noDC-noGran,CCR7,"(-10,-5]","(3.65,4.38]",-7.5,4.01175364078438,4,0,0,3.52063089705675e-05,6
MMRp,Myeloid-ISG,CCR7,"(-10,-5]","[0,0.729]",-7.5,0.364704876434944,6,0,0,6.98909700866648e-05,6
MMRp,Myeloid-noDC-noGran,CCR7,"(-10,-5]","[0,0.729]",-7.5,0.364704876434944,6,8.90173967974038e-05,8.24998581336112e-05,9.38423778526203e-05,6
MMRp,Myeloid-ISG,CCR7,"(-15,-10]","(4.38,5.11]",-12.5,4.74116339365427,3,0.000313774709758393,0.000156887354879197,0.000329658605743053,6
MMRp,Myeloid-noDC-noGran,CCR7,"(-15,-10]","(4.38,5.11]",-12.5,4.74116339365427,4,9.56022944550669e-05,0,0.000197492580583509,6
MMRp,Myeloid-ISG,CCR7,"(-10,-5]","(2.19,2.92]",-7.5,2.55293413504461,6,0,0,0,6
MMRp,Myeloid-noDC-noGran,CCR7,"(-10,-5]","(2.19,2.92]",-7.5,2.55293413504461,6,3.79506641366224e-05,0,0.000112898082842056,6
MMRp,Myeloid-ISG,CCR7,"(-10,-5]","(4.38,5.11]",-7.5,4.74116339365427,3,0,0,0.000280033604032484,6
MMRp,Myeloid-noDC-noGran,CCR7,"(-10,-5]","(4.38,5.11]",-7.5,4.74116339365427,4,0,0,0.000110881135422827,6
MMRp,Myeloid-ISG,CCR7,"(-20,-15]","(2.92,3.65]",-17.5,3.2823438879145,3,0,0,0.000306623058053966,6
MMRp,Myeloid-noDC-noGran,CCR7,"(-20,-15]","(2.92,3.65]",-17.5,3.2823438879145,5,0.000125031257814454,0,0.000171135196805476,6
MMRp,Myeloid-ISG,CCR7,"(-5,0]","(2.19,2.92]",-2.5,2.55293413504461,5,0,0,0,6
MMRp,Myeloid-noDC-noGran,CCR7,"(-5,0]","(2.19,2.92]",-2.5,2.55293413504461,6,0.000115509169639358,1.51751208951298e-05,0.000174877929262351,6
MMRp,Myeloid-noDC-noGran,CCR7,"(0,5]","(3.65,4.38]",2.5,4.01175364078438,3,0,0,0,6
MMRp,Myeloid-ISG,CCR7,"(-25,-20]","[0,0.729]",-22.5,0.364704876434944,6,0,0,0,6
MMRp,Myeloid-noDC-noGran,CCR7,"(-25,-20]","[0,0.729]",-22.5,0.364704876434944,6,0.000121572135300402,9.48773299578429e-05,0.000154544598544919,6
MMRp,Myeloid-noDC-noGran,CCR7,"(-85,-80]","(2.92,3.65]",-82.5,3.2823438879145,3,0,0,0.00034794711203897,6
MMRp,Myeloid-ISG,CCR7,"(-25,-20]","(3.65,4.38]",-22.5,4.01175364078438,3,0,0,0.000257997936016512,6
MMRp,Myeloid-noDC-noGran,CCR7,"(-25,-20]","(3.65,4.38]",-22.5,4.01175364078438,4,9.00252070579762e-05,0,0.000247625065709684,6
MMRp,Myeloid-ISG,CCR7,"(-5,0]","(5.11,5.84]",-2.5,5.47057314652416,3,0,0,0,6
MMRp,Myeloid-noDC-noGran,CCR7,"(-5,0]","(5.11,5.84]",-2.5,5.47057314652416,3,0,0,0,6
MMRp,Myeloid-ISG,CCR7,"(-5,0]","(4.38,5.11]",-2.5,4.74116339365427,3,0,0,0.000209995800083998,6
MMRp,Myeloid-noDC-noGran,CCR7,"(-5,0]","(4.38,5.11]",-2.5,4.74116339365427,3,0.000136407038603192,6.8203519301596e-05,0.000156871722883791,6
MMRp,Myeloid-ISG,CCR7,"(-35,-30]","(3.65,4.38]",-32.5,4.01175364078438,3,0,0,0.000351123595505618,6
MMRp,Myeloid-noDC-noGran,CCR7,"(-35,-30]","(3.65,4.38]",-32.5,4.01175364078438,3,0.000326104679602152,0.000163052339801076,0.000458386066912712,6
MMRp,Myeloid-ISG,CCR7,"(-10,-5]","(5.11,5.84]",-7.5,5.47057314652416,3,0,0,0.00033311125916056,6
MMRp,Myeloid-noDC-noGran,CCR7,"(-10,-5]","(5.11,5.84]",-7.5,5.47057314652416,3,0,0,0.000279642058165548,6
MMRp,Myeloid-ISG,CCR7,"(-20,-15]","(4.38,5.11]",-17.5,4.74116339365427,3,0.000210172341319882,0.000105086170659941,0.000457446988137038,6
MMRp,Myeloid-noDC-noGran,CCR7,"(-20,-15]","(4.38,5.11]",-17.5,4.74116339365427,3,0.000269614451334592,0.000134807225667296,0.000273138945130569,6
MMRp,Myeloid-ISG,CCR7,"(-10,-5]","(2.92,3.65]",-7.5,3.2823438879145,3,0,0,0.000154273372415921,6
MMRp,Myeloid-noDC-noGran,CCR7,"(-10,-5]","(2.92,3.65]",-7.5,3.2823438879145,6,6.61258500908679e-05,8.90249982195e-06,0.000113996922797899,6
MMRp,Myeloid-noDC-noGran,CCR7,"(5,10]","(2.19,2.92]",7.5,2.55293413504461,4,0,0,8.4774499830451e-05,6
MMRp,Myeloid-ISG,CCR7,"(-5,0]","(2.92,3.65]",-2.5,3.2823438879145,3,0.000230255583697905,0.00017912369611108,0.000393524228374565,6
MMRp,Myeloid-noDC-noGran,CCR7,"(-5,0]","(2.92,3.65]",-2.5,3.2823438879145,6,0.000175984399070832,0.00013225269864842,0.000370013460699599,6
MMRp,Myeloid-ISG,CCR7,"(-15,-10]","(2.92,3.65]",-12.5,3.2823438879145,4,8.26446280991736e-05,0,0.00021751231165297,6
MMRp,Myeloid-noDC-noGran,CCR7,"(-15,-10]","(2.92,3.65]",-12.5,3.2823438879145,6,7.61691971766618e-05,0,0.000180500928994217,6
MMRp,Myeloid-noDC-noGran,CCR7,"(-55,-50]","(2.92,3.65]",-52.5,3.2823438879145,3,0,0,0,6
MMRp,Myeloid-ISG,CCR7,"(-15,-10]","(3.65,4.38]",-12.5,4.01175364078438,3,0.000239578342117873,0.000222185239049925,0.000642528324221508,6
MMRp,Myeloid-noDC-noGran,CCR7,"(-15,-10]","(3.65,4.38]",-12.5,4.01175364078438,4,0.000129509437906827,6.15207940283816e-05,0.000209414800165737,6
MMRp,Myeloid-noDC-noGran,CCR7,"(-80,-75]","(2.19,2.92]",-77.5,2.55293413504461,4,0.000540673183339563,0.000387997930677703,0.000770234066553864,6
MMRp,Myeloid-ISG,CCR7,"(0,5]","(2.92,3.65]",2.5,3.2823438879145,3,0,0,0,6
MMRp,Myeloid-noDC-noGran,CCR7,"(0,5]","(2.92,3.65]",2.5,3.2823438879145,3,0,0,0.000249128051818635,6
MMRp,Myeloid-ISG,CCR7,"(0,5]","[0,0.729]",2.5,0.364704876434944,6,0,0,0,6
MMRp,Myeloid-noDC-noGran,CCR7,"(0,5]","[0,0.729]",2.5,0.364704876434944,6,0.000107180565992303,8.176775535883e-05,0.000146584500368019,6
MMRp,Myeloid-noDC-noGran,CCR7,"(-60,-55]","(3.65,4.38]",-57.5,4.01175364078438,3,0,0,0,6
MMRp,Myeloid-noDC-noGran,CCR7,"(-70,-65]","[0,0.729]",-67.5,0.364704876434944,5,0,0,0.000189906471063001,6
MMRp,Myeloid-noDC-noGran,CCR7,"(-50,-45]","(3.65,4.38]",-47.5,4.01175364078438,3,0,0,0,6
MMRp,Myeloid-noDC-noGran,CCR7,"(5,10]","[0,0.729]",7.5,0.364704876434944,6,0,0,0,6
MMRp,Myeloid-noDC-noGran,CCR7,"(-35,-30]","(2.19,2.92]",-32.5,2.55293413504461,4,0.000260207938555,0.000156739811912226,0.000323922656093747,6
MMRp,Myeloid-ISG,CCR7,"(-30,-25]","(4.38,5.11]",-27.5,4.74116339365427,3,0,0,0.000573394495412844,6
MMRp,Myeloid-noDC-noGran,CCR7,"(-30,-25]","(4.38,5.11]",-27.5,4.74116339365427,3,0,0,0.000324675324675325,6
MMRp,Myeloid-ISG,CCR7,"(-25,-20]","(2.92,3.65]",-22.5,3.2823438879145,3,0.000338983050847458,0.000169491525423729,0.000360696114333863,6
MMRp,Myeloid-noDC-noGran,CCR7,"(-25,-20]","(2.92,3.65]",-22.5,3.2823438879145,4,0.000120918984280532,0,0.000248193621186945,6
MMRp,Myeloid-noDC-noGran,CCR7,"(-65,-60]","(3.65,4.38]",-62.5,4.01175364078438,3,0,0,0,6
MMRp,Myeloid-ISG,CCR7,"(-95,-90]","[0,0.729]",-92.5,0.364704876434944,3,0,0,0.000431778929188256,6
MMRp,Myeloid-noDC-noGran,CCR7,"(-95,-90]","[0,0.729]",-92.5,0.364704876434944,4,0.000126466868148975,6.6910518333482e-05,0.000180208249668575,6
MMRp,Myeloid-ISG,CCR7,"(-35,-30]","(2.92,3.65]",-32.5,3.2823438879145,3,0,0,0,6
MMRp,Myeloid-noDC-noGran,CCR7,"(-35,-30]","(2.92,3.65]",-32.5,3.2823438879145,4,0,0,2.41219606329602e-05,6
MMRp,Myeloid-ISG,CCR7,"(-45,-40]","[0,0.729]",-42.5,0.364704876434944,4,0,0,5.11352014726938e-05,6
MMRp,Myeloid-noDC-noGran,CCR7,"(-45,-40]","[0,0.729]",-42.5,0.364704876434944,6,0.000313499815713026,0.000236788336830907,0.000500403510026458,6
MMRp,Myeloid-ISG,CCR7,"(-25,-20]","(2.19,2.92]",-22.5,2.55293413504461,3,0,0,9.65810314854163e-05,6
MMRp,Myeloid-noDC-noGran,CCR7,"(-25,-20]","(2.19,2.92]",-22.5,2.55293413504461,6,0.000199734528709386,0.000116763026225561,0.000421345031973374,6
MMRp,Myeloid-noDC-noGran,CCR7,"(-30,-25]","(2.19,2.92]",-27.5,2.55293413504461,6,7.71436283525365e-05,1.71033727851132e-05,0.00027289318158559,6
MMRp,Myeloid-ISG,CCR7,"(-55,-50]","[0,0.729]",-52.5,0.364704876434944,4,0.000115848007414272,0,0.000288450910203978,6
MMRp,Myeloid-noDC-noGran,CCR7,"(-55,-50]","[0,0.729]",-52.5,0.364704876434944,6,0,0,6.48873123675217e-05,6
MMRp,Myeloid-noDC-noGran,CCR7,"(-40,-35]","(3.65,4.38]",-37.5,4.01175364078438,3,0.000465983224603914,0.000232991612301957,0.00083467632951014,6
MMRp,Myeloid-ISG,CCR7,"(-20,-15]","(3.65,4.38]",-17.5,4.01175364078438,3,0,0,0.000208246563931695,6
MMRp,Myeloid-noDC-noGran,CCR7,"(-20,-15]","(3.65,4.38]",-17.5,4.01175364078438,4,7.44601638123604e-05,0,0.000159101586511258,6
MMRp,Myeloid-ISG,CCR7,"(-30,-25]","(2.92,3.65]",-27.5,3.2823438879145,3,0,0,0.000177367860943597,6
MMRp,Myeloid-noDC-noGran,CCR7,"(-30,-25]","(2.92,3.65]",-27.5,3.2823438879145,4,0,0,5.60119492158327e-05,6
MMRp,Myeloid-noDC-noGran,CCR7,"(-50,-45]","(2.92,3.65]",-47.5,3.2823438879145,4,0.000157232704402516,0,0.000336452678334156,6
MMRp,Myeloid-noDC-noGran,CCR7,"(-50,-45]","(1.46,2.19]",-47.5,1.82352438217472,4,8.5494442861214e-05,0,0.000173962220253782,6
MMRp,Myeloid-ISG,CCR7,"(-40,-35]","[0,0.729]",-37.5,0.364704876434944,4,0,0,3.99872040946897e-05,6
MMRp,Myeloid-noDC-noGran,CCR7,"(-40,-35]","[0,0.729]",-37.5,0.364704876434944,6,5.27509627050694e-05,0,0.000150943645051711,6
MMRp,Myeloid-noDC-noGran,CCR7,"(-80,-75]","(3.65,4.38]",-77.5,4.01175364078438,3,0,0,0,6
MMRp,Myeloid-ISG,CCR7,"(-75,-70]","[0,0.729]",-72.5,0.364704876434944,4,0,0,0.000106202209005947,6
MMRp,Myeloid-noDC-noGran,CCR7,"(-75,-70]","[0,0.729]",-72.5,0.364704876434944,5,0,0,0.000147732309055991,6
MMRp,Myeloid-ISG,CCR7,"(-30,-25]","[0,0.729]",-27.5,0.364704876434944,5,0,0,0,6
MMRp,Myeloid-noDC-noGran,CCR7,"(-30,-25]","[0,0.729]",-27.5,0.364704876434944,6,0.00014656183003031,1.0527423939362e-05,0.000327906494179065,6
MMRp,Myeloid-noDC-noGran,CCR7,"(-85,-80]","(1.46,2.19]",-82.5,1.82352438217472,4,0,0,0,6
MMRp,Myeloid-noDC-noGran,CCR7,"(-15,-10]","(1.46,2.19]",-12.5,1.82352438217472,6,0.000119364426997004,4.14992994501113e-05,0.000295975039666603,6
MMRp,Myeloid-ISG,CCR7,"(-85,-80]","[0,0.729]",-82.5,0.364704876434944,4,0,0,0.000213128729752771,6
MMRp,Myeloid-noDC-noGran,CCR7,"(-85,-80]","[0,0.729]",-82.5,0.364704876434944,4,3.91358797745773e-05,0,0.000154648555494027,6
MMRp,Myeloid-ISG,CCR7,"(-10,-5]","(1.46,2.19]",-7.5,1.82352438217472,5,0,0,0,6
MMRp,Myeloid-noDC-noGran,CCR7,"(-10,-5]","(1.46,2.19]",-7.5,1.82352438217472,6,8.58326077530134e-05,2.01185654121623e-05,0.000103562744602485,6
MMRp,Myeloid-ISG,CCR7,"(-20,-15]","[0,0.729]",-17.5,0.364704876434944,6,0,0,0.000113533151680291,6
MMRp,Myeloid-noDC-noGran,CCR7,"(-20,-15]","[0,0.729]",-17.5,0.364704876434944,6,0.000186948902653083,0.000112647406132939,0.00023145548530759,6
MMRp,Myeloid-ISG,CCR7,"(-15,-10]","[0,0.729]",-12.5,0.364704876434944,6,0,0,0.000112680288461538,6
MMRp,Myeloid-noDC-noGran,CCR7,"(-15,-10]","[0,0.729]",-12.5,0.364704876434944,6,9.87785107904837e-05,7.53615233669433e-05,0.000155281829569001,6
MMRp,Myeloid-ISG,CCR7,"(-5,0]","[0,0.729]",-2.5,0.364704876434944,6,2.81246484418945e-05,0,9.24322301770601e-05,6
MMRp,Myeloid-noDC-noGran,CCR7,"(-5,0]","[0,0.729]",-2.5,0.364704876434944,6,5.72414771153335e-05,4.67740732689129e-05,8.45698031442075e-05,6
MMRp,Myeloid-ISG,CCR7,"(-5,0]","(1.46,2.19]",-2.5,1.82352438217472,5,0,0,0,6
MMRp,Myeloid-noDC-noGran,CCR7,"(-5,0]","(1.46,2.19]",-2.5,1.82352438217472,6,8.02749540051426e-05,3.59464236616799e-05,0.000111989546619533,6
MMRp,Myeloid-noDC-noGran,CCR7,"(-60,-55]","[0,0.729]",-57.5,0.364704876434944,5,0.000294002352018816,0.000137542122274947,0.000439174352217831,6
MMRp,Myeloid-noDC-noGran,CCR7,"(0,5]","(1.46,2.19]",2.5,1.82352438217472,5,0,0,0,6
MMRp,Myeloid-ISG,CCR7,"(-5,0]","(0.729,1.46]",-2.5,1.09411462930483,4,0,0,7.33675715333822e-05,6
MMRp,Myeloid-noDC-noGran,CCR7,"(-5,0]","(0.729,1.46]",-2.5,1.09411462930483,5,8.61994655633135e-05,3.90175383835034e-05,0.000155300603731097,6
MMRp,Myeloid-ISG,CCR7,"(-15,-10]","(2.19,2.92]",-12.5,2.55293413504461,4,0,0,6.47500647500648e-05,6
MMRp,Myeloid-noDC-noGran,CCR7,"(-15,-10]","(2.19,2.92]",-12.5,2.55293413504461,6,0.00011293509231234,2.34075091289286e-05,0.000140411846799835,6
MMRp,Myeloid-ISG,CCR7,"(-15,-10]","(0.729,1.46]",-12.5,1.09411462930483,3,0,0,0.000166002656042497,6
MMRp,Myeloid-noDC-noGran,CCR7,"(-15,-10]","(0.729,1.46]",-12.5,1.09411462930483,5,4.61851099205616e-05,0,4.85743430320105e-05,6
MMRp,Myeloid-noDC-noGran,CCR7,"(20,25]","[0,0.729]",22.5,0.364704876434944,5,0,0,0.000768049155145929,6
MMRp,Myeloid-ISG,CCR7,"(-10,-5]","(0.729,1.46]",-7.5,1.09411462930483,3,0,0,0.0001051745898191,6
MMRp,Myeloid-noDC-noGran,CCR7,"(-10,-5]","(0.729,1.46]",-7.5,1.09411462930483,5,2.64110081081795e-05,2.29473587590068e-05,0.000224542494667116,6
MMRp,Myeloid-ISG,CCR7,"(-20,-15]","(0.729,1.46]",-17.5,1.09411462930483,3,0,0,0.00018201674554059,6
MMRp,Myeloid-noDC-noGran,CCR7,"(-20,-15]","(0.729,1.46]",-17.5,1.09411462930483,3,0.000106433931137247,9.43151079325884e-05,0.000120067843543487,6
MMRp,Myeloid-ISG,CCR7,"(-20,-15]","(2.19,2.92]",-17.5,2.55293413504461,3,0,0,0.000157977883096367,6
MMRp,Myeloid-noDC-noGran,CCR7,"(-20,-15]","(2.19,2.92]",-17.5,2.55293413504461,6,0,0,3.47190074993056e-05,6
MMRp,Myeloid-ISG,CCR7,"(-15,-10]","(1.46,2.19]",-12.5,1.82352438217472,3,0.000136518771331058,6.8259385665529e-05,0.00016284886731517,6
MMRp,Myeloid-noDC-noGran,CCR7,"(-45,-40]","(3.65,4.38]",-42.5,4.01175364078438,3,0,0,0,6
MMRp,Myeloid-ISG,CCR7,"(-25,-20]","(1.46,2.19]",-22.5,1.82352438217472,3,0,0,0.000151469251741896,6
MMRp,Myeloid-noDC-noGran,CCR7,"(-25,-20]","(1.46,2.19]",-22.5,1.82352438217472,6,0,0,4.00469884664673e-05,6
MMRp,Myeloid-noDC-noGran,CCR7,"(-40,-35]","(1.46,2.19]",-37.5,1.82352438217472,4,0,0,5.40774388924941e-05,6
MMRp,Myeloid-noDC-noGran,CCR7,"[-100,-95]","[0,0.729]",-97.5,0.364704876434944,4,0,0,0.000104014978156855,6
MMRp,Myeloid-ISG,CCR7,"(-65,-60]","[0,0.729]",-62.5,0.364704876434944,4,0,0,0,6
MMRp,Myeloid-noDC-noGran,CCR7,"(-65,-60]","[0,0.729]",-62.5,0.364704876434944,5,5.546619335515e-05,0,0.000118170717296254,6
MMRp,Myeloid-noDC-noGran,CCR7,"(-70,-65]","(1.46,2.19]",-67.5,1.82352438217472,4,0,0,9.26268988514265e-05,6
MMRp,Myeloid-ISG,CCR7,"(-70,-65]","[0,0.729]",-67.5,0.364704876434944,3,0,0,0.000326583932070542,6
MMRp,Myeloid-ISG,CCR7,"(-80,-75]","[0,0.729]",-77.5,0.364704876434944,4,0,0,0.000121654501216545,6
MMRp,Myeloid-noDC-noGran,CCR7,"(-80,-75]","[0,0.729]",-77.5,0.364704876434944,5,0.000180646715240561,0,0.000266524520255864,6
MMRp,Myeloid-noDC-noGran,CCR7,"(-70,-65]","(3.65,4.38]",-67.5,4.01175364078438,3,0,0,0.000452488687782805,6
MMRp,Myeloid-noDC-noGran,CCR7,"(-25,-20]","(4.38,5.11]",-22.5,4.74116339365427,3,0,0,0.000276701715550636,6
MMRp,Myeloid-ISG,CCR7,"(-35,-30]","[0,0.729]",-32.5,0.364704876434944,4,0,0,0,6
MMRp,Myeloid-noDC-noGran,CCR7,"(-35,-30]","[0,0.729]",-32.5,0.364704876434944,6,0.000130568854814224,3.16953192352553e-05,0.000139821402789421,6
MMRp,Myeloid-noDC-noGran,CCR7,"(-55,-50]","(2.19,2.92]",-52.5,2.55293413504461,4,0.000319926401097109,0.000192357014619133,0.000497264130650691,6
MMRp,Myeloid-noDC-noGran,CCR7,"(-90,-85]","[0,0.729]",-87.5,0.364704876434944,5,0.000176678445229682,0,0.000382116927779901,6
MMRp,Myeloid-noDC-noGran,CCR7,"(-45,-40]","(2.92,3.65]",-42.5,3.2823438879145,3,0.000245278390973755,0.000122639195486878,0.000316062793165794,6
MMRp,Myeloid-noDC-noGran,CCR7,"(-45,-40]","(2.19,2.92]",-42.5,2.55293413504461,4,7.73874013310633e-05,0,0.000208839744010076,6
MMRp,Myeloid-ISG,CCR7,"(-30,-25]","(3.65,4.38]",-27.5,4.01175364078438,3,0,0,0.000420168067226891,6
MMRp,Myeloid-noDC-noGran,CCR7,"(-30,-25]","(3.65,4.38]",-27.5,4.01175364078438,3,0.000722369371538647,0.000490350276056071,0.000724821049405687,6
MMRp,Myeloid-ISG,CCR7,"(0,5]","(2.19,2.92]",2.5,2.55293413504461,3,0,0,0,6
MMRp,Myeloid-noDC-noGran,CCR7,"(0,5]","(2.19,2.92]",2.5,2.55293413504461,6,6.13045610593428e-05,0,0.000156702700697739,6
MMRp,Myeloid-noDC-noGran,CCR7,"(-70,-65]","(2.19,2.92]",-67.5,2.55293413504461,4,0,0,3.74812593703148e-05,6
MMRp,Myeloid-noDC-noGran,CCR7,"(5,10]","(3.65,4.38]",7.5,4.01175364078438,3,0,0,0,6
MMRp,Myeloid-ISG,CCR7,"(-60,-55]","[0,0.729]",-57.5,0.364704876434944,4,0,0,0.000182215743440233,6
MMRp,Myeloid-noDC-noGran,CCR7,"(-50,-45]","(2.19,2.92]",-47.5,2.55293413504461,4,7.96812749003984e-05,0,0.000166691723671352,6
MMRp,Myeloid-noDC-noGran,CCR7,"(-80,-75]","(2.92,3.65]",-77.5,3.2823438879145,3,0,0,0,6
MMRp,Myeloid-noDC-noGran,CCR7,"(-25,-20]","(0.729,1.46]",-22.5,1.09411462930483,3,0,0,9.33445346774946e-05,6
MMRp,Myeloid-noDC-noGran,CCR7,"(-55,-50]","(1.46,2.19]",-52.5,1.82352438217472,4,9.83864620228256e-05,0,0.000211863570637736,6
MMRp,Myeloid-noDC-noGran,CCR7,"(-35,-30]","(4.38,5.11]",-32.5,4.74116339365427,3,0,0,0.000171703296703297,6
MMRp,Myeloid-ISG,CCR7,"(-40,-35]","(2.92,3.65]",-37.5,3.2823438879145,3,0.00115919629057187,0.000579598145285935,0.00145679112774208,6
MMRp,Myeloid-noDC-noGran,CCR7,"(-40,-35]","(2.92,3.65]",-37.5,3.2823438879145,3,0.000595120015869867,0.000476771477468984,0.000633168017779435,6
MMRp,Myeloid-noDC-noGran,CCR7,"(-65,-60]","(1.46,2.19]",-62.5,1.82352438217472,4,0.000147420147420147,0,0.000384155979199996,6
MMRp,Myeloid-noDC-noGran,CCR7,"(-70,-65]","(2.92,3.65]",-67.5,3.2823438879145,3,0,0,0.000309214594928881,6
MMRp,Myeloid-noDC-noGran,CCR7,"(-30,-25]","(0.729,1.46]",-27.5,1.09411462930483,3,0.00017825311942959,8.9126559714795e-05,0.000271430886404148,6
MMRp,Myeloid-noDC-noGran,CCR7,"[-100,-95]","(2.19,2.92]",-97.5,2.55293413504461,3,0,0,0.000324464633354964,6
MMRp,Myeloid-noDC-noGran,CCR7,"(-95,-90]","(2.92,3.65]",-92.5,3.2823438879145,3,0,0,0,6
MMRp,Myeloid-noDC-noGran,CCR7,"(-75,-70]","(2.92,3.65]",-72.5,3.2823438879145,3,0.000319897632757518,0.000159948816378759,0.000463531087174144,6
MMRp,Myeloid-noDC-noGran,CCR7,"(-40,-35]","(4.38,5.11]",-37.5,4.74116339365427,3,0,0,0,6
MMRp,Myeloid-noDC-noGran,CCR7,"(-35,-30]","(1.46,2.19]",-32.5,1.82352438217472,5,0,0,8.97827258035554e-05,6
MMRp,Myeloid-noDC-noGran,CCR7,"(65,70]","[0,0.729]",67.5,0.364704876434944,4,0,0,0,6
MMRp,Myeloid-ISG,CCR7,"(5,10]","[0,0.729]",7.5,0.364704876434944,4,0,0,0,6
MMRp,Myeloid-ISG,CCR7,"(-50,-45]","[0,0.729]",-47.5,0.364704876434944,4,0,0,7.49400479616307e-05,6
MMRp,Myeloid-noDC-noGran,CCR7,"(-50,-45]","[0,0.729]",-47.5,0.364704876434944,6,0.000125021069220093,5.1060100669693e-05,0.000330726880025531,6
MMRp,Myeloid-noDC-noGran,CCR7,"(-90,-85]","(1.46,2.19]",-87.5,1.82352438217472,4,0.000283848992336077,0,0.001185651907957,6
MMRp,Myeloid-ISG,CCR7,"[-100,-95]","[0,0.729]",-97.5,0.364704876434944,3,0,0,0.000554938956714761,6
MMRp,Myeloid-noDC-noGran,CCR7,"(55,60]","[0,0.729]",57.5,0.364704876434944,5,0,0,0,6
MMRp,Myeloid-noDC-noGran,CCR7,"(10,15]","[0,0.729]",12.5,0.364704876434944,6,0.000113019891500904,0,0.000700839842657669,6
MMRp,Myeloid-noDC-noGran,CCR7,"(35,40]","[0,0.729]",37.5,0.364704876434944,5,0,0,0,6
MMRp,Myeloid-ISG,CCR7,"(-90,-85]","[0,0.729]",-87.5,0.364704876434944,3,0,0,0.000551876379690949,6
MMRp,Myeloid-noDC-noGran,CCR7,"(-40,-35]","(2.19,2.92]",-37.5,2.55293413504461,4,0.000161995788109509,0,0.000503954016193491,6
MMRp,Myeloid-noDC-noGran,CCR7,"(-30,-25]","(1.46,2.19]",-27.5,1.82352438217472,5,0,0,0.000125923438549362,6
MMRp,Myeloid-noDC-noGran,CCR7,"(-65,-60]","(2.92,3.65]",-62.5,3.2823438879145,3,0.00048721071863581,0.000243605359317905,0.000540341264362415,6
MMRp,Myeloid-noDC-noGran,CCR7,"(-90,-85]","(2.92,3.65]",-87.5,3.2823438879145,3,0,0,0.000210172341319882,6
MMRp,Myeloid-noDC-noGran,CCR7,"(-60,-55]","(1.46,2.19]",-57.5,1.82352438217472,4,4.14215889321514e-05,0,0.000158620225930068,6
MMRp,Myeloid-noDC-noGran,CCR7,"(-65,-60]","(2.19,2.92]",-62.5,2.55293413504461,4,0.0002465483234714,0,0.000651037333351083,6
MMRp,Myeloid-noDC-noGran,CCR7,"(-75,-70]","(2.19,2.92]",-72.5,2.55293413504461,4,0,0,0,6
MMRp,Myeloid-noDC-noGran,CCR7,"(-55,-50]","(3.65,4.38]",-52.5,4.01175364078438,3,0,0,0.000198965380023876,6
MMRp,Myeloid-noDC-noGran,CCR7,"(-60,-55]","(2.19,2.92]",-57.5,2.55293413504461,4,4.24232139826913e-05,0,0.000468821206711476,6
MMRp,Myeloid-noDC-noGran,CCR7,"(-60,-55]","(2.92,3.65]",-57.5,3.2823438879145,3,0.000271517784414879,0.00013575889220744,0.000346907540856088,6
MMRp,Myeloid-noDC-noGran,CCR7,"(-45,-40]","(1.46,2.19]",-42.5,1.82352438217472,4,6.38325035107877e-05,0,0.000128285304656664,6
MMRp,Myeloid-noDC-noGran,CCR7,"(-80,-75]","(1.46,2.19]",-77.5,1.82352438217472,3,0,0,0,6
MMRp,Myeloid-noDC-noGran,CCR7,"(-75,-70]","(1.46,2.19]",-72.5,1.82352438217472,4,0,0,0.000496031746031746,6
MMRp,Myeloid-noDC-noGran,CCR7,"(-90,-85]","(2.19,2.92]",-87.5,2.55293413504461,3,0,0,0.000716589036187746,6
MMRp,Myeloid-noDC-noGran,CCR7,"(-85,-80]","(2.19,2.92]",-82.5,2.55293413504461,3,0,0,0.000252143217347453,6
MMRp,Myeloid-noDC-noGran,CCR7,"(5,10]","(2.92,3.65]",7.5,3.2823438879145,3,0,0,0.000154225786551511,6
MMRp,Myeloid-noDC-noGran,CCR7,"(-95,-90]","(2.19,2.92]",-92.5,2.55293413504461,3,0,0,0.000932835820895522,6
MMRp,Myeloid-noDC-noGran,CCR7,"(60,65]","[0,0.729]",62.5,0.364704876434944,5,0,0,0,6
MMRp,Myeloid-noDC-noGran,CCR7,"(75,80]","[0,0.729]",77.5,0.364704876434944,4,0,0,0,6
MMRp,Myeloid-noDC-noGran,CCR7,"(95,100]","[0,0.729]",97.5,0.364704876434944,3,0,0,0.00030750307503075,6
MMRp,Myeloid-noDC-noGran,CCR7,"(25,30]","[0,0.729]",27.5,0.364704876434944,5,0,0,0,6
MMRp,Myeloid-noDC-noGran,CCR7,"(50,55]","[0,0.729]",52.5,0.364704876434944,5,0,0,0,6
MMRp,Myeloid-noDC-noGran,CCR7,"(30,35]","[0,0.729]",32.5,0.364704876434944,5,0,0,0,6
MMRp,Myeloid-noDC-noGran,CCR7,"(80,85]","[0,0.729]",82.5,0.364704876434944,4,0,0,0,6
MMRp,Myeloid-noDC-noGran,CCR7,"(40,45]","[0,0.729]",42.5,0.364704876434944,5,0,0,0,6
MMRp,Myeloid-noDC-noGran,CCR7,"(45,50]","[0,0.729]",47.5,0.364704876434944,5,0,0,0,6
MMRp,Myeloid-noDC-noGran,CCR7,"(0,5]","(0.729,1.46]",2.5,1.09411462930483,4,0,0,0,6
MMRp,Myeloid-noDC-noGran,CCR7,"(-40,-35]","(0.729,1.46]",-37.5,1.09411462930483,3,0.000253292806484296,0.000225695531609818,0.000368933594325979,6
MMRp,Myeloid-noDC-noGran,CCR7,"(-50,-45]","(0.729,1.46]",-47.5,1.09411462930483,3,0,0,0,6
MMRp,Myeloid-noDC-noGran,CCR7,"(5,10]","(1.46,2.19]",7.5,1.82352438217472,3,0,0,0,6
MMRp,Myeloid-noDC-noGran,CCR7,"(-65,-60]","(0.729,1.46]",-62.5,1.09411462930483,3,0,0,0.000484027105517909,6
MMRp,Myeloid-noDC-noGran,CCR7,"(-35,-30]","(0.729,1.46]",-32.5,1.09411462930483,3,0,0,0.000139547864917667,6
MMRp,Myeloid-noDC-noGran,CCR7,"(-45,-40]","(0.729,1.46]",-42.5,1.09411462930483,3,0,0,0,6
MMRp,Myeloid-noDC-noGran,CCR7,"(-55,-50]","(0.729,1.46]",-52.5,1.09411462930483,3,0,0,0,6
MMRp,Myeloid-noDC-noGran,CCR7,"(15,20]","[0,0.729]",17.5,0.364704876434944,5,0,0,0,6
MMRp,Myeloid-noDC-noGran,CCR7,"(-80,-75]","(0.729,1.46]",-77.5,1.09411462930483,3,0,0,0,6
MMRp,Myeloid-noDC-noGran,CCR7,"(5,10]","(0.729,1.46]",7.5,1.09411462930483,3,0,0,0.000393700787401575,6
MMRp,Myeloid-noDC-noGran,CCR7,"(90,95]","[0,0.729]",92.5,0.364704876434944,3,0,0,0,6
MMRp,Myeloid-noDC-noGran,CCR7,"(10,15]","(1.46,2.19]",12.5,1.82352438217472,3,0,0,0,6
MMRp,Tcd4-CXCL13,CCR7,"(-5,0]","[0,0.729]",-2.5,0.364704876434944,4,0,0,0.000568181818181818,6
MMRp,Tcd4-CXCL13,CCR7,"(-10,-5]","[0,0.729]",-7.5,0.364704876434944,4,0.00088339222614841,0,0.00208728346117383,6
MMRp,Tcd4-CXCL13,CCR7,"(-15,-10]","[0,0.729]",-12.5,0.364704876434944,3,0.00178890876565295,0.00148933838044694,0.00198377900156286,6
MMRp,Tcd4-Treg-comb,CCR7,"(-15,-10]","[0,0.729]",-12.5,0.364704876434944,5,0.00072134458630888,0.000240442414041837,0.000817828664894705,6
MMRp,Tcd4-Treg-comb,CCR7,"(-5,0]","[0,0.729]",-2.5,0.364704876434944,5,0.000383877159309021,0,0.00116936269732996,6
MMRp,Tcd4-Treg-comb,CCR7,"(-10,-5]","[0,0.729]",-7.5,0.364704876434944,5,0.000471105527638191,0,0.000627982918864607,6
MMRp,Tcd4-Treg-comb,CCR7,"(-15,-10]","(1.46,2.19]",-12.5,1.82352438217472,4,0.000352431779277011,0,0.00100483814510599,6
MMRp,Tcd4-Treg-comb,CCR7,"(0,5]","[0,0.729]",2.5,0.364704876434944,5,0,0,0.00147058823529412,6
MMRp,Tcd4-Treg-comb,CCR7,"(-10,-5]","(1.46,2.19]",-7.5,1.82352438217472,5,0,0,0.000378071833648393,6
MMRp,Tcd4-Treg-comb,CCR7,"(-5,0]","(1.46,2.19]",-2.5,1.82352438217472,5,0.000485751295336788,0,0.000625,6
MMRp,Tcd4-Treg-comb,CCR7,"(-25,-20]","[0,0.729]",-22.5,0.364704876434944,5,0.000284819139846198,0,0.00102197240674502,6
MMRp,Tcd4-Treg-comb,CCR7,"(-5,0]","(0.729,1.46]",-2.5,1.09411462930483,4,0,0,6.03427468018344e-05,6
MMRp,Tcd4-Treg-comb,CCR7,"(-30,-25]","(1.46,2.19]",-27.5,1.82352438217472,3,0.000621021580499922,0.000310510790249961,0.000668420596978666,6
MMRp,Tcd4-Treg-comb,CCR7,"(-20,-15]","[0,0.729]",-17.5,0.364704876434944,4,0.000744948236644045,0.000427872860635697,0.000938926052933862,6
MMRp,Tcd4-Treg-comb,CCR7,"(-50,-45]","[0,0.729]",-47.5,0.364704876434944,3,0,0,0.00113090189426067,6
MMRp,Tcd4-Treg-comb,CCR7,"(-55,-50]","[0,0.729]",-52.5,0.364704876434944,3,0,0,0.00104503135094053,6
MMRp,Tcd4-Treg-comb,CCR7,"(-25,-20]","(1.46,2.19]",-22.5,1.82352438217472,3,0.000456204379562044,0.000228102189781022,0.00087661062039062,6
MMRp,Tcd4-Treg-comb,CCR7,"(-35,-30]","[0,0.729]",-32.5,0.364704876434944,3,0.000489236790606654,0.000244618395303327,0.00108686968345236,6
MMRp,Tcd4-Treg-comb,CCR7,"(-40,-35]","[0,0.729]",-37.5,0.364704876434944,4,0.000866005690807098,0.000451263537906137,0.00131329434653542,6
MMRp,Tcd4-Treg-comb,CCR7,"(-30,-25]","[0,0.729]",-27.5,0.364704876434944,4,0.00105338635174792,0.00076219512195122,0.00111631551071841,6
MMRp,Tcd4-Treg-comb,CCR7,"(-65,-60]","[0,0.729]",-62.5,0.364704876434944,3,0.000946969696969697,0.000473484848484849,0.0010804282813569,6
MMRp,Tcd4-Treg-comb,CCR7,"(-90,-85]","[0,0.729]",-87.5,0.364704876434944,3,0,0,0,6
MMRp,Tcd4-Treg-comb,CCR7,"(-80,-75]","[0,0.729]",-77.5,0.364704876434944,3,0,0,0.000490677134445535,6
MMRp,Tcd4-Treg-comb,CCR7,"(-45,-40]","[0,0.729]",-42.5,0.364704876434944,3,0.00150470219435737,0.000752351097178683,0.00185246110817978,6
MMRp,Tcd4-Treg-comb,CCR7,"(-60,-55]","[0,0.729]",-57.5,0.364704876434944,3,0.00112032265292404,0.000560161326462021,0.00136016132646202,6
MMRp,CD8-all,CCR7,"(-5,0]","(2.92,3.65]",-2.5,3.2823438879145,3,0.00122699386503067,0.00092005732491264,0.00203799835701676,6
MMRp,Tcd8-CXCL13-comb,CCR7,"(-5,0]","[0,0.729]",-2.5,0.364704876434944,5,0,0,0.00101936799184506,6
MMRp,CD8-all,CCR7,"(-5,0]","[0,0.729]",-2.5,0.364704876434944,5,0.00072463768115942,0,0.000809061488673139,6
MMRp,CD8-all,CCR7,"(-20,-15]","[0,0.729]",-17.5,0.364704876434944,3,0.00102880658436214,0.00051440329218107,0.00125822953437089,6
MMRp,CD8-all,CCR7,"(5,10]","[0,0.729]",7.5,0.364704876434944,3,0,0,0.000826446280991735,6
MMRp,CD8-all,CCR7,"(-15,-10]","[0,0.729]",-12.5,0.364704876434944,4,0,0,0.00024265954865324,6
MMRp,Tcd8-CXCL13-comb,CCR7,"(-10,-5]","[0,0.729]",-7.5,0.364704876434944,3,0.00118203309692671,0.000591016548463357,0.00150442539026095,6
MMRp,CD8-all,CCR7,"(-10,-5]","[0,0.729]",-7.5,0.364704876434944,5,0.000437445319335083,0,0.000462748727441,6
MMRp,CD8-all,CCR7,"(-25,-20]","[0,0.729]",-22.5,0.364704876434944,4,0,0,0.000261780104712042,6
MMRp,CD8-all,CCR7,"(0,5]","[0,0.729]",2.5,0.364704876434944,4,0,0,0.00115340253748558,6
MMRp,Tcd8-HOBIT,CCR7,"(-10,-5]","[0,0.729]",-7.5,0.364704876434944,3,0,0,0.00113895216400911,6
MMRp,Tcd8-HOBIT,CCR7,"(-5,0]","[0,0.729]",-2.5,0.364704876434944,3,0,0,0.000492610837438424,6
MMRp,Tplzf-gdlike-comb,CCR7,"(-5,0]","[0,0.729]",-2.5,0.364704876434944,3,0,0,0,6
MMRp,Myeloid-mregDC,CXCL13,"(-5,0]","(2.19,2.92]",-2.5,2.55293413504461,5,0,0,0,6
MMRp,Myeloid-mregDC,CXCL13,"(-20,-15]","(2.92,3.65]",-17.5,3.2823438879145,3,0.00157232704402516,0.000786163522012579,0.00229787931944266,6
MMRp,Myeloid-mregDC,CXCL13,"(-15,-10]","(2.92,3.65]",-12.5,3.2823438879145,3,0,0,0.000608519269776876,6
MMRp,Myeloid-mregDC,CXCL13,"(-10,-5]","(2.92,3.65]",-7.5,3.2823438879145,3,0,0,0.000612244897959184,6
MMRp,Myeloid-mregDC,CXCL13,"(-10,-5]","(2.19,2.92]",-7.5,2.55293413504461,4,0.000836529301263656,0.000618301731244848,0.00183553298803673,6
MMRp,Myeloid-mregDC,CXCL13,"(-5,0]","(3.65,4.38]",-2.5,4.01175364078438,3,0.00233644859813084,0.00179794722097978,0.00407858518381513,6
MMRp,Myeloid-mregDC,CXCL13,"(-30,-25]","(2.19,2.92]",-27.5,2.55293413504461,3,0,0,0.000624739691795085,6
MMRp,Myeloid-mregDC,CXCL13,"(-15,-10]","[0,0.729]",-12.5,0.364704876434944,5,0.000749625187406297,0.000495294700346706,0.000995685363425158,6
MMRp,Myeloid-mregDC,CXCL13,"(-5,0]","[0,0.729]",-2.5,0.364704876434944,5,0.00072202166064982,0,0.00145819831497084,6
MMRp,Myeloid-mregDC,CXCL13,"(-10,-5]","[0,0.729]",-7.5,0.364704876434944,5,0.0013986013986014,0.00100040016006403,0.00151745068285281,6
MMRp,Myeloid-mregDC,CXCL13,"(-5,0]","(1.46,2.19]",-2.5,1.82352438217472,4,0,0,0.000436490615451768,6
MMRp,Myeloid-mregDC,CXCL13,"(-10,-5]","(1.46,2.19]",-7.5,1.82352438217472,3,0.000172980453208787,8.64902266043937e-05,0.00104342802564746,6
MMRp,Myeloid-mregDC,CXCL13,"(-5,0]","(0.729,1.46]",-2.5,1.09411462930483,3,0,0,0,6
MMRp,Myeloid-mregDC,CXCL13,"(-15,-10]","(1.46,2.19]",-12.5,1.82352438217472,3,0.0016301816488123,0.000815090824406148,0.002864271152275,6
MMRp,Myeloid-mregDC,CXCL13,"(-15,-10]","(2.19,2.92]",-12.5,2.55293413504461,3,0.00101010101010101,0.000505050505050505,0.00399072052828831,6
MMRp,Myeloid-mregDC,CXCL13,"(-40,-35]","[0,0.729]",-37.5,0.364704876434944,4,0,0,0.000310655483069276,6
MMRp,Myeloid-mregDC,CXCL13,"(0,5]","[0,0.729]",2.5,0.364704876434944,3,0,0,0.00108695652173913,6
MMRp,Myeloid-mregDC,CXCL13,"(-25,-20]","[0,0.729]",-22.5,0.364704876434944,4,0.00104192538403065,0.000496031746031746,0.00166655647993926,6
MMRp,Myeloid-mregDC,CXCL13,"(-35,-30]","[0,0.729]",-32.5,0.364704876434944,3,0.000890207715133531,0.000445103857566766,0.00139748480994772,6
MMRp,Myeloid-mregDC,CXCL13,"(-20,-15]","[0,0.729]",-17.5,0.364704876434944,3,0.000922509225092251,0.000461254612546126,0.00126575984183012,6
MMRp,Myeloid-mregDC,CXCL13,"(-30,-25]","[0,0.729]",-27.5,0.364704876434944,3,0.000237586124970302,0.000118793062485151,0.000983844965599338,6
MMRp,Myeloid-ISG,CXCL13,"(-5,0]","(3.65,4.38]",-2.5,4.01175364078438,3,0.000945179584120983,0.000827199721138506,0.00187829913462105,6
MMRp,Myeloid-noDC-noGran,CXCL13,"(-5,0]","(3.65,4.38]",-2.5,4.01175364078438,4,0.00134076819006886,0.00111026245444054,0.00172487215149932,6
MMRp,Myeloid-noDC-noGran,CXCL13,"(-20,-15]","(1.46,2.19]",-17.5,1.82352438217472,6,0.000626596852831217,0.00013319126265317,0.000793391853660539,6
MMRp,Myeloid-ISG,CXCL13,"(-10,-5]","(3.65,4.38]",-7.5,4.01175364078438,3,0.00120809423135005,0.000952904607389657,0.00165667869462239,6
MMRp,Myeloid-noDC-noGran,CXCL13,"(-10,-5]","(3.65,4.38]",-7.5,4.01175364078438,4,0.00113837478686556,0.000732110456272468,0.00149701896710955,6
MMRp,Myeloid-ISG,CXCL13,"(-10,-5]","[0,0.729]",-7.5,0.364704876434944,6,0.000573601259853991,8.15461143276523e-05,0.00104394615663932,6
MMRp,Myeloid-noDC-noGran,CXCL13,"(-10,-5]","[0,0.729]",-7.5,0.364704876434944,6,0.000746782741489435,0.000519091206725342,0.00102000444085649,6
MMRp,Myeloid-ISG,CXCL13,"(-15,-10]","(4.38,5.11]",-12.5,4.74116339365427,3,0.00255102040816327,0.00213936645840091,0.0028443837528736,6
MMRp,Myeloid-noDC-noGran,CXCL13,"(-15,-10]","(4.38,5.11]",-12.5,4.74116339365427,4,0.00155131888161643,0.00113587191691908,0.00171691902500843,6
MMRp,Myeloid-ISG,CXCL13,"(-10,-5]","(2.19,2.92]",-7.5,2.55293413504461,6,0.000838490935850197,0.000203728226545788,0.00124821947890083,6
MMRp,Myeloid-noDC-noGran,CXCL13,"(-10,-5]","(2.19,2.92]",-7.5,2.55293413504461,6,0.000726192004207794,0.000293206979799913,0.00112455994163825,6
MMRp,Myeloid-ISG,CXCL13,"(-10,-5]","(4.38,5.11]",-7.5,4.74116339365427,3,0.00246305418719212,0.00189261127164806,0.00249167831174224,6
MMRp,Myeloid-noDC-noGran,CXCL13,"(-10,-5]","(4.38,5.11]",-7.5,4.74116339365427,4,0.00146134915517012,0.00113344264731446,0.00418145081805638,6
MMRp,Myeloid-ISG,CXCL13,"(-20,-15]","(2.92,3.65]",-17.5,3.2823438879145,3,0.00183973834832379,0.00140073087833578,0.00188326031096344,6
MMRp,Myeloid-noDC-noGran,CXCL13,"(-20,-15]","(2.92,3.65]",-17.5,3.2823438879145,5,0.00102564102564103,0.000875218804701175,0.00108385624643468,6
MMRp,Myeloid-ISG,CXCL13,"(-5,0]","(2.19,2.92]",-2.5,2.55293413504461,5,0.000802005012531328,0,0.00144700349692512,6
MMRp,Myeloid-noDC-noGran,CXCL13,"(-5,0]","(2.19,2.92]",-2.5,2.55293413504461,6,0.000764962951721922,0.00057618842215235,0.00140118296042304,6
MMRp,Myeloid-noDC-noGran,CXCL13,"(0,5]","(3.65,4.38]",2.5,4.01175364078438,3,0.00208116545265349,0.00155861007817092,0.00241925919691498,6
MMRp,Myeloid-ISG,CXCL13,"(-25,-20]","[0,0.729]",-22.5,0.364704876434944,6,0.000273370832068552,6.25234462923596e-05,0.000547646818226765,6
MMRp,Myeloid-noDC-noGran,CXCL13,"(-25,-20]","[0,0.729]",-22.5,0.364704876434944,6,0.000725101714884636,0.000601401354475778,0.000920272647473486,6
MMRp,Myeloid-noDC-noGran,CXCL13,"(-85,-80]","(2.92,3.65]",-82.5,3.2823438879145,3,0.00208768267223382,0.00184256338084534,0.00236409784309541,6
MMRp,Myeloid-ISG,CXCL13,"(-25,-20]","(3.65,4.38]",-22.5,4.01175364078438,3,0.00106382978723404,0.000531914893617021,0.00207990250971609,6
MMRp,Myeloid-noDC-noGran,CXCL13,"(-25,-20]","(3.65,4.38]",-22.5,4.01175364078438,4,0.00108427932636672,0.000714997387538449,0.00158130448870373,6
MMRp,Myeloid-ISG,CXCL13,"(-5,0]","(5.11,5.84]",-2.5,5.47057314652416,3,0,0,0.000378787878787879,6
MMRp,Myeloid-noDC-noGran,CXCL13,"(-5,0]","(5.11,5.84]",-2.5,5.47057314652416,3,0.000554938956714761,0.000277469478357381,0.000902469478357381,6
MMRp,Myeloid-ISG,CXCL13,"(-5,0]","(4.38,5.11]",-2.5,4.74116339365427,3,0.000699545295557887,0.000659946345049415,0.00076976424794694,6
MMRp,Myeloid-noDC-noGran,CXCL13,"(-5,0]","(4.38,5.11]",-2.5,4.74116339365427,3,0.000988630746416213,0.000835332969716087,0.00102632459470128,6
MMRp,Myeloid-ISG,CXCL13,"(-35,-30]","(3.65,4.38]",-32.5,4.01175364078438,3,0.00155763239875389,0.00128488907387087,0.00270999597465785,6
MMRp,Myeloid-noDC-noGran,CXCL13,"(-35,-30]","(3.65,4.38]",-32.5,4.01175364078438,3,0.00236266981689309,0.00170746609048793,0.00256727979675569,6
MMRp,Myeloid-ISG,CXCL13,"(-10,-5]","(5.11,5.84]",-7.5,5.47057314652416,3,0,0,0.00033311125916056,6
MMRp,Myeloid-noDC-noGran,CXCL13,"(-10,-5]","(5.11,5.84]",-7.5,5.47057314652416,3,0.000559284116331096,0.000279642058165548,0.000570847649312898,6
MMRp,Myeloid-ISG,CXCL13,"(-20,-15]","(4.38,5.11]",-17.5,4.74116339365427,3,0.00168137873055906,0.000840689365279529,0.00316147327451109,6
MMRp,Myeloid-noDC-noGran,CXCL13,"(-20,-15]","(4.38,5.11]",-17.5,4.74116339365427,3,0.00207497579194909,0.00130710234730914,0.00263101572142196,6
MMRp,Myeloid-ISG,CXCL13,"(-10,-5]","(2.92,3.65]",-7.5,3.2823438879145,3,0.00164558263910316,0.000953956062468682,0.00184230777746011,6
MMRp,Myeloid-noDC-noGran,CXCL13,"(-10,-5]","(2.92,3.65]",-7.5,3.2823438879145,6,0.00101508250914023,0.000752465039541755,0.00133180550466252,6
MMRp,Myeloid-noDC-noGran,CXCL13,"(5,10]","(2.19,2.92]",7.5,2.55293413504461,4,0.000678195998643608,0,0.00191819489886631,6
MMRp,Myeloid-ISG,CXCL13,"(-5,0]","(2.92,3.65]",-2.5,3.2823438879145,3,0.00167037861915368,0.00115516883088747,0.00175621164436846,6
MMRp,Myeloid-noDC-noGran,CXCL13,"(-5,0]","(2.92,3.65]",-2.5,3.2823438879145,6,0.00109300176816513,0.000844776261245811,0.00130641150506662,6
MMRp,Myeloid-ISG,CXCL13,"(-15,-10]","(2.92,3.65]",-12.5,3.2823438879145,4,0.00161633569647357,0.00141869754698327,0.00178079496261314,6
MMRp,Myeloid-noDC-noGran,CXCL13,"(-15,-10]","(2.92,3.65]",-12.5,3.2823438879145,6,0.0010444672775403,0.000672891737330027,0.00112283429728326,6
MMRp,Myeloid-noDC-noGran,CXCL13,"(-55,-50]","(2.92,3.65]",-52.5,3.2823438879145,3,0.000472255017709563,0.000417945690672963,0.00111280781277062,6
MMRp,Myeloid-ISG,CXCL13,"(-15,-10]","(3.65,4.38]",-12.5,4.01175364078438,3,0.00215620507906085,0.00189727108345834,0.00238495042243686,6
MMRp,Myeloid-noDC-noGran,CXCL13,"(-15,-10]","(3.65,4.38]",-12.5,4.01175364078438,4,0.00144944805503552,0.00117173466665973,0.00166501864540795,6
MMRp,Myeloid-noDC-noGran,CXCL13,"(-80,-75]","(2.19,2.92]",-77.5,2.55293413504461,4,0.00121877330350485,0.00104515857570907,0.00160568245910886,6
MMRp,Myeloid-ISG,CXCL13,"(0,5]","(2.92,3.65]",2.5,3.2823438879145,3,0.00172413793103448,0.000862068965517241,0.0031008749356665,6
MMRp,Myeloid-noDC-noGran,CXCL13,"(0,5]","(2.92,3.65]",2.5,3.2823438879145,3,0.000897343862167983,0.000814169007107383,0.00144518413835853,6
MMRp,Myeloid-ISG,CXCL13,"(0,5]","[0,0.729]",2.5,0.364704876434944,6,0.00106551217369547,0.000437088918533326,0.00151283946899631,6
MMRp,Myeloid-noDC-noGran,CXCL13,"(0,5]","[0,0.729]",2.5,0.364704876434944,6,0.000653997331675264,0.000450105189606489,0.000906426355155141,6
MMRp,Myeloid-noDC-noGran,CXCL13,"(-60,-55]","(3.65,4.38]",-57.5,4.01175364078438,3,0.00263157894736842,0.00161974084146537,0.00358439201451906,6
MMRp,Myeloid-noDC-noGran,CXCL13,"(-70,-65]","[0,0.729]",-67.5,0.364704876434944,5,0.000702576112412178,0.000670118793786171,0.000949532355315007,6
MMRp,Myeloid-noDC-noGran,CXCL13,"(-50,-45]","(3.65,4.38]",-47.5,4.01175364078438,3,0.00374707259953162,0.00187353629976581,0.00492790404564241,6
MMRp,Myeloid-noDC-noGran,CXCL13,"(5,10]","[0,0.729]",7.5,0.364704876434944,6,0.000396952489404715,0.000282880480649243,0.00074230298969214,6
MMRp,Myeloid-noDC-noGran,CXCL13,"(-35,-30]","(2.19,2.92]",-32.5,2.55293413504461,4,0.000888196823419496,0.000631578947368421,0.000951499986820383,6
MMRp,Myeloid-ISG,CXCL13,"(-30,-25]","(4.38,5.11]",-27.5,4.74116339365427,3,0.00344036697247706,0.00248121849384888,0.00373766835510202,6
MMRp,Myeloid-noDC-noGran,CXCL13,"(-30,-25]","(4.38,5.11]",-27.5,4.74116339365427,3,0.0025974025974026,0.00178603073339915,0.0034402283005635,6
MMRp,Myeloid-ISG,CXCL13,"(-25,-20]","(2.92,3.65]",-22.5,3.2823438879145,3,0.00219298245614035,0.00143547427891763,0.00224371876153098,6
MMRp,Myeloid-noDC-noGran,CXCL13,"(-25,-20]","(2.92,3.65]",-22.5,3.2823438879145,4,0.00104842684132144,0.000923390556515054,0.00118074187058773,6
MMRp,Myeloid-noDC-noGran,CXCL13,"(-65,-60]","(3.65,4.38]",-62.5,4.01175364078438,3,0.00195121951219512,0.00166526492851135,0.00196964554138583,6
MMRp,Myeloid-ISG,CXCL13,"(-95,-90]","[0,0.729]",-92.5,0.364704876434944,3,0,0,0,6
MMRp,Myeloid-noDC-noGran,CXCL13,"(-95,-90]","[0,0.729]",-92.5,0.364704876434944,4,0.000721548365189517,0.000525792094112969,0.000916979222480205,6
MMRp,Myeloid-ISG,CXCL13,"(-35,-30]","(2.92,3.65]",-32.5,3.2823438879145,3,0.000650618087182824,0.000599131606570601,0.00164689494667511,6
MMRp,Myeloid-noDC-noGran,CXCL13,"(-35,-30]","(2.92,3.65]",-32.5,3.2823438879145,4,0.00132170361178379,0.000764585988449443,0.00189306023339474,6
MMRp,Myeloid-ISG,CXCL13,"(-45,-40]","[0,0.729]",-42.5,0.364704876434944,4,0.000707507369768131,0.000294233032561789,0.00110214866552204,6
MMRp,Myeloid-noDC-noGran,CXCL13,"(-45,-40]","[0,0.729]",-42.5,0.364704876434944,6,0.00047557266563954,0.000102158959340734,0.000701665109328092,6
MMRp,Myeloid-ISG,CXCL13,"(-25,-20]","(2.19,2.92]",-22.5,2.55293413504461,3,0.00123304562268804,0.0010994279687711,0.00312908562541437,6
MMRp,Myeloid-noDC-noGran,CXCL13,"(-25,-20]","(2.19,2.92]",-22.5,2.55293413504461,6,0.000993691059959582,0.000395620072218909,0.00129114423927449,6
MMRp,Myeloid-noDC-noGran,CXCL13,"(-30,-25]","(2.19,2.92]",-27.5,2.55293413504461,6,0.000725795969632987,8.38082467314784e-05,0.00120267186848113,6
MMRp,Myeloid-ISG,CXCL13,"(-55,-50]","[0,0.729]",-52.5,0.364704876434944,4,0.00115614185747932,0.000414618289568429,0.00189117809297929,6
MMRp,Myeloid-noDC-noGran,CXCL13,"(-55,-50]","[0,0.729]",-52.5,0.364704876434944,6,0.000609526365125644,0.000142544901644018,0.000960848378481184,6
MMRp,Myeloid-noDC-noGran,CXCL13,"(-40,-35]","(3.65,4.38]",-37.5,4.01175364078438,3,0.00450958286358512,0.00272077465639647,0.00486209187302802,6
MMRp,Myeloid-ISG,CXCL13,"(-20,-15]","(3.65,4.38]",-17.5,4.01175364078438,3,0.00166597251145356,0.00120063331455031,0.00167191243022343,6
MMRp,Myeloid-noDC-noGran,CXCL13,"(-20,-15]","(3.65,4.38]",-17.5,4.01175364078438,4,0.00130975360313939,0.00128321442731368,0.00136793897570887,6
MMRp,Myeloid-ISG,CXCL13,"(-30,-25]","(2.92,3.65]",-27.5,3.2823438879145,3,0.00106420716566158,0.000532103582830791,0.00141122446195167,6
MMRp,Myeloid-noDC-noGran,CXCL13,"(-30,-25]","(2.92,3.65]",-27.5,3.2823438879145,4,0.00149076583234158,0.00130167731207854,0.00159299477498461,6
MMRp,Myeloid-noDC-noGran,CXCL13,"(-50,-45]","(2.92,3.65]",-47.5,3.2823438879145,4,0.00113253569371093,0.000950603649395464,0.00148615268848866,6
MMRp,Myeloid-noDC-noGran,CXCL13,"(-50,-45]","(1.46,2.19]",-47.5,1.82352438217472,4,0.000821734809622159,0.000548646671543526,0.000922505161210323,6
MMRp,Myeloid-ISG,CXCL13,"(-40,-35]","[0,0.729]",-37.5,0.364704876434944,4,0.00055677811270946,0.000386199794026777,0.000728877803700242,6
MMRp,Myeloid-noDC-noGran,CXCL13,"(-40,-35]","[0,0.729]",-37.5,0.364704876434944,6,0.000603691265310249,0.000511364813890327,0.000910413749959877,6
MMRp,Myeloid-noDC-noGran,CXCL13,"(-80,-75]","(3.65,4.38]",-77.5,4.01175364078438,3,0.0012531328320802,0.0006265664160401,0.00196346481176203,6
MMRp,Myeloid-ISG,CXCL13,"(-75,-70]","[0,0.729]",-72.5,0.364704876434944,4,0.000636225326510047,0.000317124735729387,0.000906319820235899,6
MMRp,Myeloid-noDC-noGran,CXCL13,"(-75,-70]","[0,0.729]",-72.5,0.364704876434944,5,0.000513149454778704,0.000326583932070542,0.000960260008863939,6
MMRp,Myeloid-ISG,CXCL13,"(-30,-25]","[0,0.729]",-27.5,0.364704876434944,5,0.000225428313796213,0,0.000818043706906626,6
MMRp,Myeloid-noDC-noGran,CXCL13,"(-30,-25]","[0,0.729]",-27.5,0.364704876434944,6,0.000636911932873091,0.000293880644063621,0.000706641749461702,6
MMRp,Myeloid-noDC-noGran,CXCL13,"(-85,-80]","(1.46,2.19]",-82.5,1.82352438217472,4,0.00167056162624544,0.0013007735579532,0.00218290522991844,6
MMRp,Myeloid-noDC-noGran,CXCL13,"(-15,-10]","(1.46,2.19]",-12.5,1.82352438217472,6,0.000667660348267547,0.000525094275094275,0.000825639089855733,6
MMRp,Myeloid-ISG,CXCL13,"(-85,-80]","[0,0.729]",-82.5,0.364704876434944,4,0.000958366237099892,0.000516173434273916,0.00126667978877924,6
MMRp,Myeloid-noDC-noGran,CXCL13,"(-85,-80]","[0,0.729]",-82.5,0.364704876434944,4,0.000964340502845997,0.000816448742125524,0.00116855689201175,6
MMRp,Myeloid-ISG,CXCL13,"(-10,-5]","(1.46,2.19]",-7.5,1.82352438217472,5,0.000258131130614352,0,0.000737851797196163,6
MMRp,Myeloid-noDC-noGran,CXCL13,"(-10,-5]","(1.46,2.19]",-7.5,1.82352438217472,6,0.000761605984605769,0.00042971854010587,0.00103282057907527,6
MMRp,Myeloid-ISG,CXCL13,"(-20,-15]","[0,0.729]",-17.5,0.364704876434944,6,0.000434961863533292,7.57575757575758e-05,0.000575349627979468,6
MMRp,Myeloid-noDC-noGran,CXCL13,"(-20,-15]","[0,0.729]",-17.5,0.364704876434944,6,0.000542363471607581,0.000368839975857992,0.00082466026143158,6
MMRp,Myeloid-ISG,CXCL13,"(-15,-10]","[0,0.729]",-12.5,0.364704876434944,6,0.000764862821189596,0.000475702999699787,0.00100990310724492,6
MMRp,Myeloid-noDC-noGran,CXCL13,"(-15,-10]","[0,0.729]",-12.5,0.364704876434944,6,0.000664521211764736,0.000463285685078507,0.000872668343369266,6
MMRp,Myeloid-ISG,CXCL13,"(-5,0]","[0,0.729]",-2.5,0.364704876434944,6,0.00102832981418362,0.000837074465075346,0.00113292487017596,6
MMRp,Myeloid-noDC-noGran,CXCL13,"(-5,0]","[0,0.729]",-2.5,0.364704876434944,6,0.000525387096303753,0.000511115698408806,0.000748120455537476,6
MMRp,Myeloid-ISG,CXCL13,"(-5,0]","(1.46,2.19]",-2.5,1.82352438217472,5,0.000848896434634975,0,0.000947169017049042,6
MMRp,Myeloid-noDC-noGran,CXCL13,"(-5,0]","(1.46,2.19]",-2.5,1.82352438217472,6,0.000705670663656357,0.00039064949801686,0.000868963727592918,6
MMRp,Myeloid-noDC-noGran,CXCL13,"(-60,-55]","[0,0.729]",-57.5,0.364704876434944,5,0.000392003136025088,0.000244510734021224,0.000658761528326746,6
MMRp,Myeloid-noDC-noGran,CXCL13,"(0,5]","(1.46,2.19]",2.5,1.82352438217472,5,0.00068936991589687,0.000593824228028504,0.000859375,6
MMRp,Myeloid-ISG,CXCL13,"(-5,0]","(0.729,1.46]",-2.5,1.09411462930483,4,0.000487741110671198,0.000220102714600147,0.00071000041627366,6
MMRp,Myeloid-noDC-noGran,CXCL13,"(-5,0]","(0.729,1.46]",-2.5,1.09411462930483,5,0.000520020800832033,0.00048846363819211,0.000679440141323549,6
MMRp,Myeloid-ISG,CXCL13,"(-15,-10]","(2.19,2.92]",-12.5,2.55293413504461,4,0.00155585155585156,0.00118424249704468,0.00189565704035157,6
MMRp,Myeloid-noDC-noGran,CXCL13,"(-15,-10]","(2.19,2.92]",-12.5,2.55293413504461,6,0.000730235005658472,0.0003202802100379,0.00110287810237738,6
MMRp,Myeloid-ISG,CXCL13,"(-15,-10]","(0.729,1.46]",-12.5,1.09411462930483,3,0.000664010624169987,0.000508558984401378,0.000762297911052291,6
MMRp,Myeloid-noDC-noGran,CXCL13,"(-15,-10]","(0.729,1.46]",-12.5,1.09411462930483,5,0.000576285837775537,0.000534317773352115,0.000785146868649547,6
MMRp,Myeloid-noDC-noGran,CXCL13,"(20,25]","[0,0.729]",22.5,0.364704876434944,5,0.000793021411578113,0,0.0011328235627301,6
MMRp,Myeloid-ISG,CXCL13,"(-10,-5]","(0.729,1.46]",-7.5,1.09411462930483,3,0.00145932141554177,0.00118711724939943,0.00146588283650458,6
MMRp,Myeloid-noDC-noGran,CXCL13,"(-10,-5]","(0.729,1.46]",-7.5,1.09411462930483,5,0.000597371565113501,0.000581042178379949,0.000823322480446091,6
MMRp,Myeloid-ISG,CXCL13,"(-20,-15]","(0.729,1.46]",-17.5,1.09411462930483,3,0.000910746812386157,0.000696453444765885,0.00100142364281485,6
MMRp,Myeloid-noDC-noGran,CXCL13,"(-20,-15]","(0.729,1.46]",-17.5,1.09411462930483,3,0.000798254483529349,0.000686814238312431,0.00102306876953007,6
MMRp,Myeloid-ISG,CXCL13,"(-20,-15]","(2.19,2.92]",-17.5,2.55293413504461,3,0.000789889415481833,0.000394944707740916,0.00128462442304341,6
MMRp,Myeloid-noDC-noGran,CXCL13,"(-20,-15]","(2.19,2.92]",-17.5,2.55293413504461,6,0.000571262166457859,0.000426525050238328,0.000818216607887112,6
MMRp,Myeloid-ISG,CXCL13,"(-15,-10]","(1.46,2.19]",-12.5,1.82352438217472,3,0.000851305334846765,0.000425652667423383,0.000903468367082086,6
MMRp,Myeloid-noDC-noGran,CXCL13,"(-45,-40]","(3.65,4.38]",-42.5,4.01175364078438,3,0.00195248942401562,0.00178925284208911,0.00242973308410083,6
MMRp,Myeloid-ISG,CXCL13,"(-25,-20]","(1.46,2.19]",-22.5,1.82352438217472,3,0.000908815510451378,0.000454407755225689,0.00109502274561646,6
MMRp,Myeloid-noDC-noGran,CXCL13,"(-25,-20]","(1.46,2.19]",-22.5,1.82352438217472,6,0.000635177438520832,5.55740802489719e-05,0.00106295440834079,6
MMRp,Myeloid-noDC-noGran,CXCL13,"(-40,-35]","(1.46,2.19]",-37.5,1.82352438217472,4,0.00125468123731102,0.00101927544328573,0.00159388090814471,6
MMRp,Myeloid-noDC-noGran,CXCL13,"[-100,-95]","[0,0.729]",-97.5,0.364704876434944,4,0.000768358349582144,0.000633253123451677,0.00085229856673986,6
MMRp,Myeloid-ISG,CXCL13,"(-65,-60]","[0,0.729]",-62.5,0.364704876434944,4,0.000278706800445931,0,0.000781256326576887,6
MMRp,Myeloid-noDC-noGran,CXCL13,"(-65,-60]","[0,0.729]",-62.5,0.364704876434944,5,0.000504337300786766,0.000459875833524948,0.000512073108283767,6
MMRp,Myeloid-noDC-noGran,CXCL13,"(-70,-65]","(1.46,2.19]",-67.5,1.82352438217472,4,8.06972240154939e-05,0,0.000203066833398569,6
MMRp,Myeloid-ISG,CXCL13,"(-70,-65]","[0,0.729]",-67.5,0.364704876434944,3,0.0015600624024961,0.00143319906538913,0.00156067132615047,6
MMRp,Myeloid-ISG,CXCL13,"(-80,-75]","[0,0.729]",-77.5,0.364704876434944,4,0.000354107648725213,0,0.000896124976737454,6
MMRp,Myeloid-noDC-noGran,CXCL13,"(-80,-75]","[0,0.729]",-77.5,0.364704876434944,5,0.00048172457397483,0.000423011844331641,0.000999466950959488,6
MMRp,Myeloid-noDC-noGran,CXCL13,"(-70,-65]","(3.65,4.38]",-67.5,4.01175364078438,3,0.0016366612111293,0.000818330605564648,0.00185999727223131,6
MMRp,Myeloid-noDC-noGran,CXCL13,"(-25,-20]","(4.38,5.11]",-22.5,4.74116339365427,3,0.00221361372440509,0.00207881308304236,0.00248884042587481,6
MMRp,Myeloid-ISG,CXCL13,"(-35,-30]","[0,0.729]",-32.5,0.364704876434944,4,0.0017529725271765,0.0012368832666973,0.00209074430723915,6
MMRp,Myeloid-noDC-noGran,CXCL13,"(-35,-30]","[0,0.729]",-32.5,0.364704876434944,6,0.000599054531244082,0.000327632416566737,0.000884346817629906,6
MMRp,Myeloid-noDC-noGran,CXCL13,"(-55,-50]","(2.19,2.92]",-52.5,2.55293413504461,4,0.0018872702580614,0.001649857412155,0.00209009086323577,6
MMRp,Myeloid-noDC-noGran,CXCL13,"(-90,-85]","[0,0.729]",-87.5,0.364704876434944,5,0.000782717595491547,0.000546597430992074,0.00088339222614841,6
MMRp,Myeloid-noDC-noGran,CXCL13,"(-45,-40]","(2.92,3.65]",-42.5,3.2823438879145,3,0.00159430954132941,0.00118808518505094,0.00176427275905929,6
MMRp,Myeloid-noDC-noGran,CXCL13,"(-45,-40]","(2.19,2.92]",-42.5,2.55293413504461,4,0.00135990987602203,0.000995134896063689,0.00141576448602328,6
MMRp,Myeloid-ISG,CXCL13,"(-30,-25]","(3.65,4.38]",-27.5,4.01175364078438,3,0.000840336134453782,0.000420168067226891,0.00105468583372435,6
MMRp,Myeloid-noDC-noGran,CXCL13,"(-30,-25]","(3.65,4.38]",-27.5,4.01175364078438,3,0.000774993541720486,0.000507891666116684,0.00120567858904206,6
MMRp,Myeloid-ISG,CXCL13,"(0,5]","(2.19,2.92]",2.5,2.55293413504461,3,0.00106157112526539,0.000530785562632696,0.00110649080155037,6
MMRp,Myeloid-noDC-noGran,CXCL13,"(0,5]","(2.19,2.92]",2.5,2.55293413504461,6,0.000797973713574737,0.000146886016451234,0.00108174685803525,6
MMRp,Myeloid-noDC-noGran,CXCL13,"(-70,-65]","(2.19,2.92]",-67.5,2.55293413504461,4,0.00152765132893534,0.00110315721260249,0.00242262725018141,6
MMRp,Myeloid-noDC-noGran,CXCL13,"(5,10]","(3.65,4.38]",7.5,4.01175364078438,3,0.0010989010989011,0.00078386217626724,0.00111957597704462,6
MMRp,Myeloid-ISG,CXCL13,"(-60,-55]","[0,0.729]",-57.5,0.364704876434944,4,0.000393700787401575,0,0.000954982667982829,6
MMRp,Myeloid-noDC-noGran,CXCL13,"(-50,-45]","(2.19,2.92]",-47.5,2.55293413504461,4,0.00077827129436736,0.000607289303479082,0.000912732336510906,6
MMRp,Myeloid-noDC-noGran,CXCL13,"(-80,-75]","(2.92,3.65]",-77.5,3.2823438879145,3,0.00169875424688562,0.00151782632130377,0.00183169539456265,6
MMRp,Myeloid-noDC-noGran,CXCL13,"(-25,-20]","(0.729,1.46]",-22.5,1.09411462930483,3,0.000653411742742462,0.000509067823373565,0.000900956474334364,6
MMRp,Myeloid-noDC-noGran,CXCL13,"(-55,-50]","(1.46,2.19]",-52.5,1.82352438217472,4,0.000737977535806572,0.000516647531572905,0.000847454282550942,6
MMRp,Myeloid-noDC-noGran,CXCL13,"(-35,-30]","(4.38,5.11]",-32.5,4.74116339365427,3,0.0018034265103697,0.000901713255184851,0.00210363633210793,6
MMRp,Myeloid-ISG,CXCL13,"(-40,-35]","(2.92,3.65]",-37.5,3.2823438879145,3,0.00231839258114374,0.00150189677035254,0.00291358225548415,6
MMRp,Myeloid-noDC-noGran,CXCL13,"(-40,-35]","(2.92,3.65]",-37.5,3.2823438879145,3,0.00158698670898631,0.00133112776309531,0.00174438271571924,6
MMRp,Myeloid-noDC-noGran,CXCL13,"(-65,-60]","(1.46,2.19]",-62.5,1.82352438217472,4,0.00121469784391133,0.00105534944791547,0.00154033648415671,6
MMRp,Myeloid-noDC-noGran,CXCL13,"(-70,-65]","(2.92,3.65]",-67.5,3.2823438879145,3,0.00123685837971552,0.000869307263114159,0.00134289188002922,6
MMRp,Myeloid-noDC-noGran,CXCL13,"(-30,-25]","(0.729,1.46]",-27.5,1.09411462930483,3,0.00035650623885918,0.000257517545555145,0.000542861772808297,6
MMRp,Myeloid-noDC-noGran,CXCL13,"[-100,-95]","(2.19,2.92]",-97.5,2.55293413504461,3,0.00129785853341986,0.000648929266709929,0.00138857423712413,6
MMRp,Myeloid-noDC-noGran,CXCL13,"(-95,-90]","(2.92,3.65]",-92.5,3.2823438879145,3,0.000927643784786642,0.000463821892393321,0.0012735384915836,6
MMRp,Myeloid-noDC-noGran,CXCL13,"(-75,-70]","(2.92,3.65]",-72.5,3.2823438879145,3,0.00121432908318154,0.000989427538532667,0.00140690862348457,6
MMRp,Myeloid-noDC-noGran,CXCL13,"(-40,-35]","(4.38,5.11]",-37.5,4.74116339365427,3,0.00293685756240822,0.00228011709289242,0.00351017106795547,6
MMRp,Myeloid-noDC-noGran,CXCL13,"(-35,-30]","(1.46,2.19]",-32.5,1.82352438217472,5,0.000552486187845304,0.000370507595405706,0.00107739270964266,6
MMRp,Myeloid-noDC-noGran,CXCL13,"(65,70]","[0,0.729]",67.5,0.364704876434944,4,0,0,0,6
MMRp,Myeloid-ISG,CXCL13,"(5,10]","[0,0.729]",7.5,0.364704876434944,4,0,0,0,6
MMRp,Myeloid-ISG,CXCL13,"(-50,-45]","[0,0.729]",-47.5,0.364704876434944,4,0.000801264705387145,0.000595243083343459,0.00117066681215194,6
MMRp,Myeloid-noDC-noGran,CXCL13,"(-50,-45]","[0,0.729]",-47.5,0.364704876434944,6,0.000670868205988106,0.000388524903754725,0.000879716689737998,6
MMRp,Myeloid-noDC-noGran,CXCL13,"(-90,-85]","(1.46,2.19]",-87.5,1.82352438217472,4,0.000588727041116565,0.000425773488504116,0.000699096570269378,6
MMRp,Myeloid-ISG,CXCL13,"[-100,-95]","[0,0.729]",-97.5,0.364704876434944,3,0.000921658986175115,0.00088491770343531,0.00157070740651708,6
MMRp,Myeloid-noDC-noGran,CXCL13,"(55,60]","[0,0.729]",57.5,0.364704876434944,5,0,0,0,6
MMRp,Myeloid-noDC-noGran,CXCL13,"(10,15]","[0,0.729]",12.5,0.364704876434944,6,0.00032071840923669,0,0.000668948716372414,6
MMRp,Myeloid-noDC-noGran,CXCL13,"(35,40]","[0,0.729]",37.5,0.364704876434944,5,0,0,0.000504795557799091,6
MMRp,Myeloid-ISG,CXCL13,"(-90,-85]","[0,0.729]",-87.5,0.364704876434944,3,0,0,0.0003584229390681,6
MMRp,Myeloid-noDC-noGran,CXCL13,"(-40,-35]","(2.19,2.92]",-37.5,2.55293413504461,4,0.00107974885697627,0.000959268584401888,0.00122823210464137,6
MMRp,Myeloid-noDC-noGran,CXCL13,"(-30,-25]","(1.46,2.19]",-27.5,1.82352438217472,5,0.000661375661375661,0.000126103404791929,0.000860476830087307,6
MMRp,Myeloid-noDC-noGran,CXCL13,"(-65,-60]","(2.92,3.65]",-62.5,3.2823438879145,3,0.00120336943441637,0.0011951565272972,0.0013325007951619,6
MMRp,Myeloid-noDC-noGran,CXCL13,"(-90,-85]","(2.92,3.65]",-87.5,3.2823438879145,3,0.00163398692810458,0.00144751048801193,0.00191348469212246,6
MMRp,Myeloid-noDC-noGran,CXCL13,"(-60,-55]","(1.46,2.19]",-57.5,1.82352438217472,4,0.000822379154627637,0.000708732740491025,0.00106348867303427,6
MMRp,Myeloid-noDC-noGran,CXCL13,"(-65,-60]","(2.19,2.92]",-62.5,2.55293413504461,4,0.00155240040529772,0.00130968211477006,0.00173101616487883,6
MMRp,Myeloid-noDC-noGran,CXCL13,"(-75,-70]","(2.19,2.92]",-72.5,2.55293413504461,4,0,0,0.000203881911596803,6
MMRp,Myeloid-noDC-noGran,CXCL13,"(-55,-50]","(3.65,4.38]",-52.5,4.01175364078438,3,0.00229357798165138,0.00156660427210193,0.00234058127096894,6
MMRp,Myeloid-noDC-noGran,CXCL13,"(-60,-55]","(2.19,2.92]",-57.5,2.55293413504461,4,0.000841225792155944,0.000509078567792296,0.00126166597285892,6
MMRp,Myeloid-noDC-noGran,CXCL13,"(-60,-55]","(2.92,3.65]",-57.5,3.2823438879145,3,0.00168918918918919,0.00108195514527107,0.00179490684004667,6
MMRp,Myeloid-noDC-noGran,CXCL13,"(-45,-40]","(1.46,2.19]",-42.5,1.82352438217472,4,0.000758613016157306,0.000467678237372688,0.000908842649060139,6
MMRp,Myeloid-noDC-noGran,CXCL13,"(-80,-75]","(1.46,2.19]",-77.5,1.82352438217472,3,0.00108479479298499,0.000542397396492497,0.00157974179483275,6
MMRp,Myeloid-noDC-noGran,CXCL13,"(-75,-70]","(1.46,2.19]",-72.5,1.82352438217472,4,0,0,0.000147188695908154,6
MMRp,Myeloid-noDC-noGran,CXCL13,"(-90,-85]","(2.19,2.92]",-87.5,2.55293413504461,3,0.00250806162665711,0.00179810045424259,0.00267954756315037,6
MMRp,Myeloid-noDC-noGran,CXCL13,"(-85,-80]","(2.19,2.92]",-82.5,2.55293413504461,3,0.00151285930408472,0.00115900614157537,0.00157543047104318,6
MMRp,Myeloid-noDC-noGran,CXCL13,"(5,10]","(2.92,3.65]",7.5,3.2823438879145,3,0.00126103404791929,0.00093896859706267,0.00133276421497088,6
MMRp,Myeloid-noDC-noGran,CXCL13,"(-95,-90]","(2.19,2.92]",-92.5,2.55293413504461,3,0.00103199174406605,0.000749204827256904,0.00146837682441398,6
MMRp,Myeloid-noDC-noGran,CXCL13,"(60,65]","[0,0.729]",62.5,0.364704876434944,5,0,0,0,6
MMRp,Myeloid-noDC-noGran,CXCL13,"(75,80]","[0,0.729]",77.5,0.364704876434944,4,0,0,0,6
MMRp,Myeloid-noDC-noGran,CXCL13,"(95,100]","[0,0.729]",97.5,0.364704876434944,3,0,0,0,6
MMRp,Myeloid-noDC-noGran,CXCL13,"(25,30]","[0,0.729]",27.5,0.364704876434944,5,0.000803858520900322,0.000504540867810293,0.00116822429906542,6
MMRp,Myeloid-noDC-noGran,CXCL13,"(50,55]","[0,0.729]",52.5,0.364704876434944,5,0,0,0,6
MMRp,Myeloid-noDC-noGran,CXCL13,"(30,35]","[0,0.729]",32.5,0.364704876434944,5,0.000987166831194472,0,0.00130123617436565,6
MMRp,Myeloid-noDC-noGran,CXCL13,"(80,85]","[0,0.729]",82.5,0.364704876434944,4,0,0,0.000154750851129681,6
MMRp,Myeloid-noDC-noGran,CXCL13,"(40,45]","[0,0.729]",42.5,0.364704876434944,5,0.000938967136150235,0.000838222967309304,0.00139275766016713,6
MMRp,Myeloid-noDC-noGran,CXCL13,"(45,50]","[0,0.729]",47.5,0.364704876434944,5,0.000443852640923214,0,0.000603500301750151,6
MMRp,Myeloid-noDC-noGran,CXCL13,"(0,5]","(0.729,1.46]",2.5,1.09411462930483,4,0.000379329986318073,0.000303729483386375,0.00046380298320143,6
MMRp,Myeloid-noDC-noGran,CXCL13,"(-40,-35]","(0.729,1.46]",-37.5,1.09411462930483,3,0.000484574382167663,0.000242287191083831,0.000622226400810275,6
MMRp,Myeloid-noDC-noGran,CXCL13,"(-50,-45]","(0.729,1.46]",-47.5,1.09411462930483,3,0.000705052878965923,0.000576040073814655,0.000744683302228059,6
MMRp,Myeloid-noDC-noGran,CXCL13,"(5,10]","(1.46,2.19]",7.5,1.82352438217472,3,0,0,0.00028137310073157,6
MMRp,Myeloid-noDC-noGran,CXCL13,"(-65,-60]","(0.729,1.46]",-62.5,1.09411462930483,3,0.000423370025402202,0.000211685012701101,0.00069571211821901,6
MMRp,Myeloid-noDC-noGran,CXCL13,"(-35,-30]","(0.729,1.46]",-32.5,1.09411462930483,3,0.000412711514651259,0.000345903622243296,0.000794213816325202,6
MMRp,Myeloid-noDC-noGran,CXCL13,"(-45,-40]","(0.729,1.46]",-42.5,1.09411462930483,3,0.00098497906919478,0.000815765396666355,0.00100204367472478,6
MMRp,Myeloid-noDC-noGran,CXCL13,"(-55,-50]","(0.729,1.46]",-52.5,1.09411462930483,3,0.000412541254125413,0.000314989913864185,0.000657127254655132,6
MMRp,Myeloid-noDC-noGran,CXCL13,"(15,20]","[0,0.729]",17.5,0.364704876434944,5,0,0,0.000389105058365759,6
MMRp,Myeloid-noDC-noGran,CXCL13,"(-80,-75]","(0.729,1.46]",-77.5,1.09411462930483,3,0.00118764845605701,0.00114448502098005,0.00168672040289189,6
MMRp,Myeloid-noDC-noGran,CXCL13,"(5,10]","(0.729,1.46]",7.5,1.09411462930483,3,0,0,0.000373134328358209,6
MMRp,Myeloid-noDC-noGran,CXCL13,"(90,95]","[0,0.729]",92.5,0.364704876434944,3,0,0,0.000489236790606654,6
MMRp,Myeloid-noDC-noGran,CXCL13,"(10,15]","(1.46,2.19]",12.5,1.82352438217472,3,0,0,0.000561167227833895,6
MMRp,Tcd4-CXCL13,CXCL13,"(-5,0]","[0,0.729]",-2.5,0.364704876434944,4,0.00323508267433501,0,0.00721748887636738,6
MMRp,Tcd4-CXCL13,CXCL13,"(-10,-5]","[0,0.729]",-7.5,0.364704876434944,4,0.00417456692234767,0.00228658536585366,0.0057868592205664,6
MMRp,Tcd4-CXCL13,CXCL13,"(-15,-10]","[0,0.729]",-12.5,0.364704876434944,3,0.00178890876565295,0.000894454382826476,0.00862794635189251,6
MMRp,Tcd4-Treg-comb,CXCL13,"(-15,-10]","[0,0.729]",-12.5,0.364704876434944,5,0,0,0,6
MMRp,Tcd4-Treg-comb,CXCL13,"(-5,0]","[0,0.729]",-2.5,0.364704876434944,5,0.000462920099990742,0.000324254215304799,0.000639795265515035,6
MMRp,Tcd4-Treg-comb,CXCL13,"(-10,-5]","[0,0.729]",-7.5,0.364704876434944,5,0.000157035175879397,0,0.000226963231956423,6
MMRp,Tcd4-Treg-comb,CXCL13,"(-15,-10]","(1.46,2.19]",-12.5,1.82352438217472,4,0.000201389588158292,0,0.000449446598565172,6
MMRp,Tcd4-Treg-comb,CXCL13,"(0,5]","[0,0.729]",2.5,0.364704876434944,5,0,0,0.00323101777059774,6
MMRp,Tcd4-Treg-comb,CXCL13,"(-10,-5]","(1.46,2.19]",-7.5,1.82352438217472,5,0.000223513634331694,0,0.00056710775047259,6
MMRp,Tcd4-Treg-comb,CXCL13,"(-5,0]","(1.46,2.19]",-2.5,1.82352438217472,5,0,0,0,6
MMRp,Tcd4-Treg-comb,CXCL13,"(-25,-20]","[0,0.729]",-22.5,0.364704876434944,5,0,0,0.00065698226147894,6
MMRp,Tcd4-Treg-comb,CXCL13,"(-5,0]","(0.729,1.46]",-2.5,1.09411462930483,4,0.000120685493603669,0,0.000242513729829999,6
MMRp,Tcd4-Treg-comb,CXCL13,"(-30,-25]","(1.46,2.19]",-27.5,1.82352438217472,3,0,0,0.000310510790249961,6
MMRp,Tcd4-Treg-comb,CXCL13,"(-20,-15]","[0,0.729]",-17.5,0.364704876434944,4,0.000286637703352913,0.000200106723585913,0.000331724322071004,6
MMRp,Tcd4-Treg-comb,CXCL13,"(-50,-45]","[0,0.729]",-47.5,0.364704876434944,3,0,0,7.06813683912921e-05,6
MMRp,Tcd4-Treg-comb,CXCL13,"(-55,-50]","[0,0.729]",-52.5,0.364704876434944,3,0.000844594594594595,0.000422297297297297,0.00089731154772481,6
MMRp,Tcd4-Treg-comb,CXCL13,"(-25,-20]","(1.46,2.19]",-22.5,1.82352438217472,3,0.000216169476869866,0.000108084738434933,0.000564289117996977,6
MMRp,Tcd4-Treg-comb,CXCL13,"(-35,-30]","[0,0.729]",-32.5,0.364704876434944,3,0,0,9.90883868410622e-05,6
MMRp,Tcd4-Treg-comb,CXCL13,"(-40,-35]","[0,0.729]",-37.5,0.364704876434944,4,0.000332909535393987,0.000169548999660902,0.000630657662034171,6
MMRp,Tcd4-Treg-comb,CXCL13,"(-30,-25]","[0,0.729]",-27.5,0.364704876434944,4,0.000255798090040928,0,0.000637762175711798,6
MMRp,Tcd4-Treg-comb,CXCL13,"(-65,-60]","[0,0.729]",-62.5,0.364704876434944,3,0,0,0.000242777373148823,6
MMRp,Tcd4-Treg-comb,CXCL13,"(-90,-85]","[0,0.729]",-87.5,0.364704876434944,3,0,0,0.00074794315632012,6
MMRp,Tcd4-Treg-comb,CXCL13,"(-80,-75]","[0,0.729]",-77.5,0.364704876434944,3,0,0,0,6
MMRp,Tcd4-Treg-comb,CXCL13,"(-45,-40]","[0,0.729]",-42.5,0.364704876434944,3,0,0,0.000125391849529781,6
MMRp,Tcd4-Treg-comb,CXCL13,"(-60,-55]","[0,0.729]",-57.5,0.364704876434944,3,0,0,0.000112032265292404,6
MMRp,CD8-all,CXCL13,"(-5,0]","(2.92,3.65]",-2.5,3.2823438879145,3,0.00858369098712446,0.00490534242607757,0.00998985119156793,6
MMRp,Tcd8-CXCL13-comb,CXCL13,"(-5,0]","[0,0.729]",-2.5,0.364704876434944,5,0.000720980533525595,0,0.00152905198776758,6
MMRp,CD8-all,CXCL13,"(-5,0]","[0,0.729]",-2.5,0.364704876434944,5,0.000966183574879227,0.000312597686777118,0.00164068908941756,6
MMRp,CD8-all,CXCL13,"(-20,-15]","[0,0.729]",-17.5,0.364704876434944,3,0.00178518298125558,0.000892591490627789,0.00292511181583104,6
MMRp,CD8-all,CXCL13,"(5,10]","[0,0.729]",7.5,0.364704876434944,3,0.00165289256198347,0.000826446280991735,0.00472660228723199,6
MMRp,CD8-all,CXCL13,"(-15,-10]","[0,0.729]",-12.5,0.364704876434944,4,0.00117547708551251,0.000853242320819112,0.00184513540221274,6
MMRp,Tcd8-CXCL13-comb,CXCL13,"(-10,-5]","[0,0.729]",-7.5,0.364704876434944,3,0.00182681768359518,0.000913408841797589,0.00385112917082227,6
MMRp,CD8-all,CXCL13,"(-10,-5]","[0,0.729]",-7.5,0.364704876434944,5,0.000980392156862745,0,0.00116959064327485,6
MMRp,CD8-all,CXCL13,"(-25,-20]","[0,0.729]",-22.5,0.364704876434944,4,0.000842969267668991,0.000261780104712042,0.00389619231530996,6
MMRp,CD8-all,CXCL13,"(0,5]","[0,0.729]",2.5,0.364704876434944,4,0,0,0.00138504155124654,6
MMRp,Tcd8-HOBIT,CXCL13,"(-10,-5]","[0,0.729]",-7.5,0.364704876434944,3,0,0,0.0015600624024961,6
MMRp,Tcd8-HOBIT,CXCL13,"(-5,0]","[0,0.729]",-2.5,0.364704876434944,3,0,0,0.000719424460431655,6
MMRp,Tplzf-gdlike-comb,CXCL13,"(-5,0]","[0,0.729]",-2.5,0.364704876434944,3,0.00211416490486258,0.00105708245243129,0.00222258361793246,6
MMRp,Myeloid-mregDC,ISG15,"(-5,0]","(2.19,2.92]",-2.5,2.55293413504461,5,0,0,0.000944584382871536,6
MMRp,Myeloid-mregDC,ISG15,"(-20,-15]","(2.92,3.65]",-17.5,3.2823438879145,3,0.00226757369614512,0.00113378684807256,0.00259151279559443,6
MMRp,Myeloid-mregDC,ISG15,"(-15,-10]","(2.92,3.65]",-12.5,3.2823438879145,3,0.00243407707910751,0.00206665621160133,0.00347607468413207,6
MMRp,Myeloid-mregDC,ISG15,"(-10,-5]","(2.92,3.65]",-7.5,3.2823438879145,3,0.00232288037166086,0.00177368508378961,0.00294928285567548,6
MMRp,Myeloid-mregDC,ISG15,"(-10,-5]","(2.19,2.92]",-7.5,2.55293413504461,4,0.000553643869863373,0.000212164073550212,0.00121782211493789,6
MMRp,Myeloid-mregDC,ISG15,"(-5,0]","(3.65,4.38]",-2.5,4.01175364078438,3,0.00349243306169965,0.00174621653084983,0.00525088942804609,6
MMRp,Myeloid-mregDC,ISG15,"(-30,-25]","(2.19,2.92]",-27.5,2.55293413504461,3,0,0,0.000624739691795085,6
MMRp,Myeloid-mregDC,ISG15,"(-15,-10]","[0,0.729]",-12.5,0.364704876434944,5,0.000749625187406297,0.00016594756057086,0.00123494905835134,6
MMRp,Myeloid-mregDC,ISG15,"(-5,0]","[0,0.729]",-2.5,0.364704876434944,5,0.000481347773766546,0.00047192071731949,0.000648088139987038,6
MMRp,Myeloid-mregDC,ISG15,"(-10,-5]","[0,0.729]",-7.5,0.364704876434944,5,0.00040016006402561,0.000322372662798195,0.000505816894284269,6
MMRp,Myeloid-mregDC,ISG15,"(-5,0]","(1.46,2.19]",-2.5,1.82352438217472,4,0.000299760191846523,0,0.000831569576290081,6
MMRp,Myeloid-mregDC,ISG15,"(-10,-5]","(1.46,2.19]",-7.5,1.82352438217472,3,0.00121086317246151,0.00108390048575229,0.00166251403866205,6
MMRp,Myeloid-mregDC,ISG15,"(-5,0]","(0.729,1.46]",-2.5,1.09411462930483,3,0.00106951871657754,0.00053475935828877,0.00133030430657835,6
MMRp,Myeloid-mregDC,ISG15,"(-15,-10]","(1.46,2.19]",-12.5,1.82352438217472,3,0.00136612021857924,0.000683060109289618,0.0016145924800395,6
MMRp,Myeloid-mregDC,ISG15,"(-15,-10]","(2.19,2.92]",-12.5,2.55293413504461,3,0.00141242937853107,0.00108500256805342,0.00264269803550876,6
MMRp,Myeloid-mregDC,ISG15,"(-40,-35]","[0,0.729]",-37.5,0.364704876434944,4,0.000155327741534638,0,0.00067313245737238,6
MMRp,Myeloid-mregDC,ISG15,"(0,5]","[0,0.729]",2.5,0.364704876434944,3,0,0,0.00100603621730382,6
MMRp,Myeloid-mregDC,ISG15,"(-25,-20]","[0,0.729]",-22.5,0.364704876434944,4,0,0,0.000374812593703148,6
MMRp,Myeloid-mregDC,ISG15,"(-35,-30]","[0,0.729]",-32.5,0.364704876434944,3,0.0019047619047619,0.000952380952380952,0.00213932457255899,6
MMRp,Myeloid-mregDC,ISG15,"(-20,-15]","[0,0.729]",-17.5,0.364704876434944,3,0,0,0,6
MMRp,Myeloid-mregDC,ISG15,"(-30,-25]","[0,0.729]",-27.5,0.364704876434944,3,0.000237586124970302,0.000118793062485151,0.000551319014042244,6
MMRp,Myeloid-ISG,ISG15,"(-5,0]","(3.65,4.38]",-2.5,4.01175364078438,3,0.00372340425531915,0.00294301700655231,0.00422465108796203,6
MMRp,Myeloid-noDC-noGran,ISG15,"(-5,0]","(3.65,4.38]",-2.5,4.01175364078438,4,0.00272798377880062,0.00170815800184902,0.00340519781409876,6
MMRp,Myeloid-noDC-noGran,ISG15,"(-20,-15]","(1.46,2.19]",-17.5,1.82352438217472,6,0.000739163830182741,0.000274718498783501,0.00112655486155348,6
MMRp,Myeloid-ISG,ISG15,"(-10,-5]","(3.65,4.38]",-7.5,4.01175364078438,3,0.00191871620443049,0.00160713138156747,0.00292251122815907,6
MMRp,Myeloid-noDC-noGran,ISG15,"(-10,-5]","(3.65,4.38]",-7.5,4.01175364078438,4,0.00143993998211557,0.000686523024926067,0.0022925407767136,6
MMRp,Myeloid-ISG,ISG15,"(-10,-5]","[0,0.729]",-7.5,0.364704876434944,6,0.00125108756204581,0.000865295374290877,0.00192515431961718,6
MMRp,Myeloid-noDC-noGran,ISG15,"(-10,-5]","[0,0.729]",-7.5,0.364704876434944,6,0.000831262505543573,0.000534517739269732,0.000941047935708569,6
MMRp,Myeloid-ISG,ISG15,"(-15,-10]","(4.38,5.11]",-12.5,4.74116339365427,3,0.00207325501036628,0.00182106427957912,0.00231213770926477,6
MMRp,Myeloid-noDC-noGran,ISG15,"(-15,-10]","(4.38,5.11]",-12.5,4.74116339365427,4,0.00225416227817248,0.00172073166453243,0.0028736250936037,6
MMRp,Myeloid-ISG,ISG15,"(-10,-5]","(2.19,2.92]",-7.5,2.55293413504461,6,0.00173433295749391,0.00105532969315686,0.00252166223737589,6
MMRp,Myeloid-noDC-noGran,ISG15,"(-10,-5]","(2.19,2.92]",-7.5,2.55293413504461,6,0.000971633141926176,0.000659456288281323,0.00116853496446312,6
MMRp,Myeloid-ISG,ISG15,"(-10,-5]","(4.38,5.11]",-7.5,4.74116339365427,3,0.00176289114147201,0.00172154638283346,0.00309819433920891,6
MMRp,Myeloid-noDC-noGran,ISG15,"(-10,-5]","(4.38,5.11]",-7.5,4.74116339365427,4,0.00160065767716677,0.00110881135422827,0.00238014532005469,6
MMRp,Myeloid-ISG,ISG15,"(-20,-15]","(2.92,3.65]",-17.5,3.2823438879145,3,0.0048086170417388,0.00393742381113923,0.00481278636287325,6
MMRp,Myeloid-noDC-noGran,ISG15,"(-20,-15]","(2.92,3.65]",-17.5,3.2823438879145,5,0.00185528756957328,0.00169968662027939,0.00245293782087849,6
MMRp,Myeloid-ISG,ISG15,"(-5,0]","(2.19,2.92]",-2.5,2.55293413504461,5,0.00132641987218136,0.00110275689223058,0.00193236714975845,6
MMRp,Myeloid-noDC-noGran,ISG15,"(-5,0]","(2.19,2.92]",-2.5,2.55293413504461,6,0.00122134285082243,0.0010250536819339,0.00126125902216626,6
MMRp,Myeloid-noDC-noGran,ISG15,"(0,5]","(3.65,4.38]",2.5,4.01175364078438,3,0.00275735294117647,0.00189896783375161,0.00365799681870262,6
MMRp,Myeloid-ISG,ISG15,"(-25,-20]","[0,0.729]",-22.5,0.364704876434944,6,0.00142151034188966,0.000535103140687547,0.0025657679972865,6
MMRp,Myeloid-noDC-noGran,ISG15,"(-25,-20]","[0,0.729]",-22.5,0.364704876434944,6,0.000756180945562347,0.00050788027761712,0.001073922123055,6
MMRp,Myeloid-noDC-noGran,ISG15,"(-85,-80]","(2.92,3.65]",-82.5,3.2823438879145,3,0.000798722044728434,0.000587969094789717,0.00144320235848113,6
MMRp,Myeloid-ISG,ISG15,"(-25,-20]","(3.65,4.38]",-22.5,4.01175364078438,3,0.00425531914893617,0.00282966027646879,0.00444964099861669,6
MMRp,Myeloid-noDC-noGran,ISG15,"(-25,-20]","(3.65,4.38]",-22.5,4.01175364078438,4,0.00269081283485683,0.00174572445862599,0.00379356613907287,6
MMRp,Myeloid-ISG,ISG15,"(-5,0]","(5.11,5.84]",-2.5,5.47057314652416,3,0.00606060606060606,0.00541579921350914,0.00794430794430794,6
MMRp,Myeloid-noDC-noGran,ISG15,"(-5,0]","(5.11,5.84]",-2.5,5.47057314652416,3,0.00443951165371809,0.00401702397926738,0.00596975582685905,6
MMRp,Myeloid-ISG,ISG15,"(-5,0]","(4.38,5.11]",-2.5,4.74116339365427,3,0.00314795383001049,0.0031248454013576,0.00325394331567723,6
MMRp,Myeloid-noDC-noGran,ISG15,"(-5,0]","(4.38,5.11]",-2.5,4.74116339365427,3,0.00248270970030147,0.00222998559656695,0.00321925690989702,6
MMRp,Myeloid-ISG,ISG15,"(-35,-30]","(3.65,4.38]",-32.5,4.01175364078438,3,0.00506072874493927,0.00323261156348087,0.00720326156873132,6
MMRp,Myeloid-noDC-noGran,ISG15,"(-35,-30]","(3.65,4.38]",-32.5,4.01175364078438,3,0.00385829533497019,0.00274440936649047,0.00414415062082236,6
MMRp,Myeloid-ISG,ISG15,"(-10,-5]","(5.11,5.84]",-7.5,5.47057314652416,3,0.0033311125916056,0.0027137743251529,0.00519912520039644,6
MMRp,Myeloid-noDC-noGran,ISG15,"(-10,-5]","(5.11,5.84]",-7.5,5.47057314652416,3,0.00335570469798658,0.00259416267275627,0.00488111385161414,6
MMRp,Myeloid-ISG,ISG15,"(-20,-15]","(4.38,5.11]",-17.5,4.74116339365427,3,0.00211416490486258,0.00137234096441111,0.00312000148285935,6
MMRp,Myeloid-noDC-noGran,ISG15,"(-20,-15]","(4.38,5.11]",-17.5,4.74116339365427,3,0.00294189752390292,0.00167844634114637,0.0034930571469609,6
MMRp,Myeloid-ISG,ISG15,"(-10,-5]","(2.92,3.65]",-7.5,3.2823438879145,3,0.00287976961843053,0.00187682043403321,0.00393201492464024,6
MMRp,Myeloid-noDC-noGran,ISG15,"(-10,-5]","(2.92,3.65]",-7.5,3.2823438879145,6,0.00135198671698614,0.000697298668849726,0.0036883807686488,6
MMRp,Myeloid-noDC-noGran,ISG15,"(5,10]","(2.19,2.92]",7.5,2.55293413504461,4,0.00140954789988361,0.000762970498474059,0.0018591374041611,6
MMRp,Myeloid-ISG,ISG15,"(-5,0]","(2.92,3.65]",-2.5,3.2823438879145,3,0.00253281142067695,0.00241833198705677,0.00418956829385741,6
MMRp,Myeloid-noDC-noGran,ISG15,"(-5,0]","(2.92,3.65]",-2.5,3.2823438879145,6,0.00138637135674978,0.000597158159051268,0.0016998049883854,6
MMRp,Myeloid-ISG,ISG15,"(-15,-10]","(2.92,3.65]",-12.5,3.2823438879145,4,0.00337575087553827,0.0019644527595884,0.00431670602125148,6
MMRp,Myeloid-noDC-noGran,ISG15,"(-15,-10]","(2.92,3.65]",-12.5,3.2823438879145,6,0.00171581761404011,0.00122618758457962,0.00224991417932966,6
MMRp,Myeloid-noDC-noGran,ISG15,"(-55,-50]","(2.92,3.65]",-52.5,3.2823438879145,3,0.00127272727272727,0.0011086186540732,0.00268195101216726,6
MMRp,Myeloid-ISG,ISG15,"(-15,-10]","(3.65,4.38]",-12.5,4.01175364078438,3,0.0026353617632966,0.00244403762954918,0.00445411580062373,6
MMRp,Myeloid-noDC-noGran,ISG15,"(-15,-10]","(3.65,4.38]",-12.5,4.01175364078438,4,0.00214771088203034,0.00148217821692211,0.00316677914826401,6
MMRp,Myeloid-noDC-noGran,ISG15,"(-80,-75]","(2.19,2.92]",-77.5,2.55293413504461,4,0.0010580037575765,0.000423011844331641,0.00174075553699955,6
MMRp,Myeloid-ISG,ISG15,"(0,5]","(2.92,3.65]",2.5,3.2823438879145,3,0.00298507462686567,0.00296529136350647,0.00321667524446732,6
MMRp,Myeloid-noDC-noGran,ISG15,"(0,5]","(2.92,3.65]",2.5,3.2823438879145,3,0.00197415649676956,0.00173446240384069,0.00208356947645496,6
MMRp,Myeloid-ISG,ISG15,"(0,5]","[0,0.729]",2.5,0.364704876434944,6,0.000931514937227947,0.000437548476230488,0.00144262394688241,6
MMRp,Myeloid-noDC-noGran,ISG15,"(0,5]","[0,0.729]",2.5,0.364704876434944,6,0.000704794153731541,0.000374400721628215,0.00112109751589296,6
MMRp,Myeloid-noDC-noGran,ISG15,"(-60,-55]","(3.65,4.38]",-57.5,4.01175364078438,3,0.00181488203266788,0.000907441016333938,0.0018192951196774,6
MMRp,Myeloid-noDC-noGran,ISG15,"(-70,-65]","[0,0.729]",-67.5,0.364704876434944,5,0.000759625884252006,0.000365519342065184,0.00117802974525107,6
MMRp,Myeloid-noDC-noGran,ISG15,"(-50,-45]","(3.65,4.38]",-47.5,4.01175364078438,3,0.00234192037470726,0.00173338988364159,0.00300358083487959,6
MMRp,Myeloid-noDC-noGran,ISG15,"(5,10]","[0,0.729]",7.5,0.364704876434944,6,0.000857080437233109,0.000518572468038368,0.00108741575071724,6
MMRp,Myeloid-noDC-noGran,ISG15,"(-35,-30]","(2.19,2.92]",-32.5,2.55293413504461,4,0.00120253295961798,0.00112748269889476,0.00136534125281857,6
MMRp,Myeloid-ISG,ISG15,"(-30,-25]","(4.38,5.11]",-27.5,4.74116339365427,3,0.0030441400304414,0.00202644123243657,0.00553583148311061,6
MMRp,Myeloid-noDC-noGran,ISG15,"(-30,-25]","(4.38,5.11]",-27.5,4.74116339365427,3,0.00292397660818713,0.00192753765232448,0.00535809220019746,6
MMRp,Myeloid-ISG,ISG15,"(-25,-20]","(2.92,3.65]",-22.5,3.2823438879145,3,0.00535372848948375,0.00488025407525035,0.0059663379289524,6
MMRp,Myeloid-noDC-noGran,ISG15,"(-25,-20]","(2.92,3.65]",-22.5,3.2823438879145,4,0.00224479765594913,0.00164890446219825,0.00266664033357945,6
MMRp,Myeloid-noDC-noGran,ISG15,"(-65,-60]","(3.65,4.38]",-62.5,4.01175364078438,3,0.00195121951219512,0.00172113659506376,0.00373423044575273,6
MMRp,Myeloid-ISG,ISG15,"(-95,-90]","[0,0.729]",-92.5,0.364704876434944,3,0,0,0.00707964601769912,6
MMRp,Myeloid-noDC-noGran,ISG15,"(-95,-90]","[0,0.729]",-92.5,0.364704876434944,4,0.00120534094626342,0.00055574911064952,0.00265077045141354,6
MMRp,Myeloid-ISG,ISG15,"(-35,-30]","(2.92,3.65]",-32.5,3.2823438879145,3,0.00130123617436565,0.000924440650162013,0.00197220399026652,6
MMRp,Myeloid-noDC-noGran,ISG15,"(-35,-30]","(2.92,3.65]",-32.5,3.2823438879145,4,0.00146814216368512,0.00108391623554309,0.00191420931655826,6
MMRp,Myeloid-ISG,ISG15,"(-45,-40]","[0,0.729]",-42.5,0.364704876434944,4,0.00204044186136696,0.00131787321655405,0.00251110853988025,6
MMRp,Myeloid-noDC-noGran,ISG15,"(-45,-40]","[0,0.729]",-42.5,0.364704876434944,6,0.00114120372254739,0.000666106742447463,0.0013568273159066,6
MMRp,Myeloid-ISG,ISG15,"(-25,-20]","(2.19,2.92]",-22.5,2.55293413504461,3,0.00173845856673749,0.00163988279754877,0.005056833973486,6
MMRp,Myeloid-noDC-noGran,ISG15,"(-25,-20]","(2.19,2.92]",-22.5,2.55293413504461,6,0.000578667500781983,0,0.00122130019959882,6
MMRp,Myeloid-noDC-noGran,ISG15,"(-30,-25]","(2.19,2.92]",-27.5,2.55293413504461,6,0.00150830891984145,0.000619147255074369,0.0019139268533911,6
MMRp,Myeloid-ISG,ISG15,"(-55,-50]","[0,0.729]",-52.5,0.364704876434944,4,0.00187502387607154,0.000695088044485635,0.00311945177763771,6
MMRp,Myeloid-noDC-noGran,ISG15,"(-55,-50]","[0,0.729]",-52.5,0.364704876434944,6,0.000854244941422046,0.00052851819449067,0.00107831024792207,6
MMRp,Myeloid-noDC-noGran,ISG15,"(-40,-35]","(3.65,4.38]",-37.5,4.01175364078438,3,0.0016309412861137,0.00101603221545958,0.00250656421690127,6
MMRp,Myeloid-ISG,ISG15,"(-20,-15]","(3.65,4.38]",-17.5,4.01175364078438,3,0.00279642058165548,0.00243944311048622,0.00433938676141598,6
MMRp,Myeloid-noDC-noGran,ISG15,"(-20,-15]","(3.65,4.38]",-17.5,4.01175364078438,4,0.00201267857087523,0.00135122321259245,0.00252408652756254,6
MMRp,Myeloid-ISG,ISG15,"(-30,-25]","(2.92,3.65]",-27.5,3.2823438879145,3,0.00131868131868132,0.00119144424217145,0.0045224753171773,6
MMRp,Myeloid-noDC-noGran,ISG15,"(-30,-25]","(2.92,3.65]",-27.5,3.2823438879145,4,0.0026464591328256,0.0019990503724753,0.0032873323844268,6
MMRp,Myeloid-noDC-noGran,ISG15,"(-50,-45]","(2.92,3.65]",-47.5,3.2823438879145,4,0.00127652708705061,0.000707547169811321,0.00182430975131466,6
MMRp,Myeloid-noDC-noGran,ISG15,"(-50,-45]","(1.46,2.19]",-47.5,1.82352438217472,4,0.00115900110969744,0.000641208321459105,0.00157439257972827,6
MMRp,Myeloid-ISG,ISG15,"(-40,-35]","[0,0.729]",-37.5,0.364704876434944,4,0.00157214366994735,0.00138308306959904,0.00176015423943262,6
MMRp,Myeloid-noDC-noGran,ISG15,"(-40,-35]","[0,0.729]",-37.5,0.364704876434944,6,0.000668799409439173,0.000322704915817991,0.00103147991555301,6
MMRp,Myeloid-noDC-noGran,ISG15,"(-80,-75]","(3.65,4.38]",-77.5,4.01175364078438,3,0.00401069518716578,0.00272998527474231,0.00451161325774329,6
MMRp,Myeloid-ISG,ISG15,"(-75,-70]","[0,0.729]",-72.5,0.364704876434944,4,0.000846653889470668,0.000318606627017842,0.00206744563575959,6
MMRp,Myeloid-noDC-noGran,ISG15,"(-75,-70]","[0,0.729]",-72.5,0.364704876434944,5,0.000769724182168056,0.000221598463583986,0.00147990291836856,6
MMRp,Myeloid-ISG,ISG15,"(-30,-25]","[0,0.729]",-27.5,0.364704876434944,5,0.000901713255184851,0.000730460189919649,0.00128549725371041,6
MMRp,Myeloid-noDC-noGran,ISG15,"(-30,-25]","[0,0.729]",-27.5,0.364704876434944,6,0.000758231793156987,0.000366262299644032,0.000816670877321794,6
MMRp,Myeloid-noDC-noGran,ISG15,"(-85,-80]","(1.46,2.19]",-82.5,1.82352438217472,4,0.000686121062622507,0.000154035736290819,0.00127450688000716,6
MMRp,Myeloid-noDC-noGran,ISG15,"(-15,-10]","(1.46,2.19]",-12.5,1.82352438217472,6,0.00111774250821748,0.000578769743276388,0.00120565396610884,6
MMRp,Myeloid-ISG,ISG15,"(-85,-80]","[0,0.729]",-82.5,0.364704876434944,4,0.00137883898050518,0.0012454755983006,0.00165016221646056,6
MMRp,Myeloid-noDC-noGran,ISG15,"(-85,-80]","[0,0.729]",-82.5,0.364704876434944,4,0.00090680033942132,0.000738454689827218,0.0011463523333537,6
MMRp,Myeloid-ISG,ISG15,"(-10,-5]","(1.46,2.19]",-7.5,1.82352438217472,5,0.00168651839359123,0.000889679715302491,0.00270855904658722,6
MMRp,Myeloid-noDC-noGran,ISG15,"(-10,-5]","(1.46,2.19]",-7.5,1.82352438217472,6,0.00102999129303616,0.000836713374945066,0.00113683816769458,6
MMRp,Myeloid-ISG,ISG15,"(-20,-15]","[0,0.729]",-17.5,0.364704876434944,6,0.000971611277875319,0.000202358926919519,0.00153231138050134,6
MMRp,Myeloid-noDC-noGran,ISG15,"(-20,-15]","[0,0.729]",-17.5,0.364704876434944,6,0.000766099756867955,0.000527909899646727,0.00106694330621601,6
MMRp,Myeloid-ISG,ISG15,"(-15,-10]","[0,0.729]",-12.5,0.364704876434944,6,0.000941445989841984,0.000846605184593464,0.00123528859443064,6
MMRp,Myeloid-noDC-noGran,ISG15,"(-15,-10]","[0,0.729]",-12.5,0.364704876434944,6,0.000777721299058477,0.000729030035470059,0.000808986539574485,6
MMRp,Myeloid-ISG,ISG15,"(-5,0]","[0,0.729]",-2.5,0.364704876434944,6,0.00107396467763131,0.000668979889761359,0.00114592946835585,6
MMRp,Myeloid-noDC-noGran,ISG15,"(-5,0]","[0,0.729]",-2.5,0.364704876434944,6,0.000795287279177145,0.0005392857841022,0.000895543071443011,6
MMRp,Myeloid-ISG,ISG15,"(-5,0]","(1.46,2.19]",-2.5,1.82352438217472,5,0.00105241001894338,0.000693000693000693,0.00127334465195246,6
MMRp,Myeloid-noDC-noGran,ISG15,"(-5,0]","(1.46,2.19]",-2.5,1.82352438217472,6,0.000721910425295886,0.000629337645711205,0.000892698634760991,6
MMRp,Myeloid-noDC-noGran,ISG15,"(-60,-55]","[0,0.729]",-57.5,0.364704876434944,5,0.000784006272050176,0.000146706440412734,0.000997180386493364,6
MMRp,Myeloid-noDC-noGran,ISG15,"(0,5]","(1.46,2.19]",2.5,1.82352438217472,5,0.00068936991589687,0.000593824228028504,0.00109375,6
MMRp,Myeloid-ISG,ISG15,"(-5,0]","(0.729,1.46]",-2.5,1.09411462930483,4,0.00152677103250628,0.000639386189258312,0.00220143115245264,6
MMRp,Myeloid-noDC-noGran,ISG15,"(-5,0]","(0.729,1.46]",-2.5,1.09411462930483,5,0.000594309486665181,0.000287331551877712,0.000858385844437074,6
MMRp,Myeloid-ISG,ISG15,"(-15,-10]","(2.19,2.92]",-12.5,2.55293413504461,4,0.0022006174518262,0.00152925197841236,0.00333832833832834,6
MMRp,Myeloid-noDC-noGran,ISG15,"(-15,-10]","(2.19,2.92]",-12.5,2.55293413504461,6,0.00142684998983286,0.000781652246578016,0.00163818420374377,6
MMRp,Myeloid-ISG,ISG15,"(-15,-10]","(0.729,1.46]",-12.5,1.09411462930483,3,0.000860585197934596,0.000596295255009795,0.00113650728823283,6
MMRp,Myeloid-noDC-noGran,ISG15,"(-15,-10]","(0.729,1.46]",-12.5,1.09411462930483,5,0.00103731450799597,0.000680040802448147,0.00180831826401447,6
MMRp,Myeloid-noDC-noGran,ISG15,"(20,25]","[0,0.729]",22.5,0.364704876434944,5,0.000849617672047579,0.000768639508070715,0.00158604282315623,6
MMRp,Myeloid-ISG,ISG15,"(-10,-5]","(0.729,1.46]",-7.5,1.09411462930483,3,0.000547245530828165,0.000273622765414082,0.00132536866360508,6
MMRp,Myeloid-noDC-noGran,ISG15,"(-10,-5]","(0.729,1.46]",-7.5,1.09411462930483,5,0.000398247710075667,0.000273747604708459,0.000573683968975171,6
MMRp,Myeloid-ISG,ISG15,"(-20,-15]","(0.729,1.46]",-17.5,1.09411462930483,3,0.00109210047324354,0.00100142364281485,0.00126929035234019,6
MMRp,Myeloid-noDC-noGran,ISG15,"(-20,-15]","(0.729,1.46]",-17.5,1.09411462930483,3,0.000821962847279303,0.000570632320345521,0.00107949020338829,6
MMRp,Myeloid-ISG,ISG15,"(-20,-15]","(2.19,2.92]",-17.5,2.55293413504461,3,0.00177935943060498,0.00144260230613977,0.00185804640348842,6
MMRp,Myeloid-noDC-noGran,ISG15,"(-20,-15]","(2.19,2.92]",-17.5,2.55293413504461,6,0.00113114587527873,0.000415790068865113,0.00219933054892239,6
MMRp,Myeloid-ISG,ISG15,"(-15,-10]","(1.46,2.19]",-12.5,1.82352438217472,3,0.00104048429814605,0.000520242149073023,0.00161239231972149,6
MMRp,Myeloid-noDC-noGran,ISG15,"(-45,-40]","(3.65,4.38]",-42.5,4.01175364078438,3,0.00284552845528455,0.00191088658364618,0.00345764794857251,6
MMRp,Myeloid-ISG,ISG15,"(-25,-20]","(1.46,2.19]",-22.5,1.82352438217472,3,0.00113378684807256,0.000945566553391022,0.00131427757949219,6
MMRp,Myeloid-noDC-noGran,ISG15,"(-25,-20]","(1.46,2.19]",-22.5,1.82352438217472,6,0.00130135619247956,0.000733758794219843,0.00145257124898917,6
MMRp,Myeloid-noDC-noGran,ISG15,"(-40,-35]","(1.46,2.19]",-37.5,1.82352438217472,4,0.000978352925882238,0.000747131468886113,0.00105421232692321,6
MMRp,Myeloid-noDC-noGran,ISG15,"[-100,-95]","[0,0.729]",-97.5,0.364704876434944,4,0.00152826118092963,0.000946937515129517,0.00247409988712499,6
MMRp,Myeloid-ISG,ISG15,"(-65,-60]","[0,0.729]",-62.5,0.364704876434944,4,0.0015514187197471,0.000627090301003345,0.00386688501588708,6
MMRp,Myeloid-noDC-noGran,ISG15,"(-65,-60]","[0,0.729]",-62.5,0.364704876434944,5,0.000504337300786766,0.00016639858006545,0.00126048765116004,6
MMRp,Myeloid-noDC-noGran,ISG15,"(-70,-65]","(1.46,2.19]",-67.5,1.82352438217472,4,0.00114450131088888,0.000687250177491532,0.00212230445737615,6
MMRp,Myeloid-ISG,ISG15,"(-70,-65]","[0,0.729]",-67.5,0.364704876434944,3,0.00163291966035271,0.00120647543080038,0.00198742001752999,6
MMRp,Myeloid-ISG,ISG15,"(-80,-75]","[0,0.729]",-77.5,0.364704876434944,4,0.00220273830605105,0.00183339758955362,0.00259168868389235,6
MMRp,Myeloid-noDC-noGran,ISG15,"(-80,-75]","[0,0.729]",-77.5,0.364704876434944,5,0.00139925373134328,0.00130597014925373,0.00224719101123596,6
MMRp,Myeloid-noDC-noGran,ISG15,"(-70,-65]","(3.65,4.38]",-67.5,4.01175364078438,3,0.00208333333333333,0.00185999727223131,0.00285162141779789,6
MMRp,Myeloid-noDC-noGran,ISG15,"(-25,-20]","(4.38,5.11]",-22.5,4.74116339365427,3,0.00194401244167963,0.0015643063195565,0.00263221651414363,6
MMRp,Myeloid-ISG,ISG15,"(-35,-30]","[0,0.729]",-32.5,0.364704876434944,4,0.0017492331257724,0.000727331501535478,0.0046579320310112,6
MMRp,Myeloid-noDC-noGran,ISG15,"(-35,-30]","[0,0.729]",-32.5,0.364704876434944,6,0.00110456941517883,0.000642733868351471,0.00123422598404061,6
MMRp,Myeloid-noDC-noGran,ISG15,"(-55,-50]","(2.19,2.92]",-52.5,2.55293413504461,4,0.00189957931047541,0.000961785073095666,0.00255849326234602,6
MMRp,Myeloid-noDC-noGran,ISG15,"(-90,-85]","[0,0.729]",-87.5,0.364704876434944,5,0.00106007067137809,0.000234815278647464,0.00109319486198415,6
MMRp,Myeloid-noDC-noGran,ISG15,"(-45,-40]","(2.92,3.65]",-42.5,3.2823438879145,3,0.00208496221005994,0.00134907909374717,0.00258986988646131,6
MMRp,Myeloid-noDC-noGran,ISG15,"(-45,-40]","(2.19,2.92]",-42.5,2.55293413504461,4,0.00210359161481018,0.00139297322395914,0.0024258374622986,6
MMRp,Myeloid-ISG,ISG15,"(-30,-25]","(3.65,4.38]",-27.5,4.01175364078438,3,0.00537634408602151,0.00363994869275695,0.00562934851359899,6
MMRp,Myeloid-noDC-noGran,ISG15,"(-30,-25]","(3.65,4.38]",-27.5,4.01175364078438,3,0.00240789790512882,0.00211303986165532,0.00288310162629213,6
MMRp,Myeloid-ISG,ISG15,"(0,5]","(2.19,2.92]",2.5,2.55293413504461,3,0.00318471337579618,0.00245294188583268,0.00331947240465111,6
MMRp,Myeloid-noDC-noGran,ISG15,"(0,5]","(2.19,2.92]",2.5,2.55293413504461,6,0.00185978462007657,0.00137021475256769,0.00221103308493232,6
MMRp,Myeloid-noDC-noGran,ISG15,"(-70,-65]","(2.19,2.92]",-67.5,2.55293413504461,4,0.00121020076042565,0.00112883790449624,0.0015438916192685,6
MMRp,Myeloid-noDC-noGran,ISG15,"(5,10]","(3.65,4.38]",7.5,4.01175364078438,3,0.00421940928270042,0.00375805628970186,0.00496033177932057,6
MMRp,Myeloid-ISG,ISG15,"(-60,-55]","[0,0.729]",-57.5,0.364704876434944,4,0.00153014502504298,0.00129014485434219,0.00290957335014712,6
MMRp,Myeloid-noDC-noGran,ISG15,"(-50,-45]","(2.19,2.92]",-47.5,2.55293413504461,4,0.00116502543285976,0.000756972111553785,0.00139542433733099,6
MMRp,Myeloid-noDC-noGran,ISG15,"(-80,-75]","(2.92,3.65]",-77.5,3.2823438879145,3,0.00113250283125708,0.00105741055118846,0.00190314981135046,6
MMRp,Myeloid-noDC-noGran,ISG15,"(-25,-20]","(0.729,1.46]",-22.5,1.09411462930483,3,0.00131300605441681,0.000703175294547151,0.00140302881106048,6
MMRp,Myeloid-noDC-noGran,ISG15,"(-55,-50]","(1.46,2.19]",-52.5,1.82352438217472,4,0.00146207241101932,0.00101247107225508,0.00180799011641945,6
MMRp,Myeloid-noDC-noGran,ISG15,"(-35,-30]","(4.38,5.11]",-32.5,4.74116339365427,3,0.00309278350515464,0.0024049082360938,0.00334981826294702,6
MMRp,Myeloid-ISG,ISG15,"(-40,-35]","(2.92,3.65]",-37.5,3.2823438879145,3,0.00205620287868403,0.00190529442179816,0.0029600952569618,6
MMRp,Myeloid-noDC-noGran,ISG15,"(-40,-35]","(2.92,3.65]",-37.5,3.2823438879145,3,0.00198373338623289,0.00171901738111287,0.00278398138845695,6
MMRp,Myeloid-noDC-noGran,ISG15,"(-65,-60]","(1.46,2.19]",-62.5,1.82352438217472,4,0.000912679789084283,0.000418591530720281,0.00182559182559183,6
MMRp,Myeloid-noDC-noGran,ISG15,"(-70,-65]","(2.92,3.65]",-67.5,3.2823438879145,3,0.00247371675943105,0.00232355241497271,0.00274212681925391,6
MMRp,Myeloid-noDC-noGran,ISG15,"(-30,-25]","(0.729,1.46]",-27.5,1.09411462930483,3,0.00124777183600713,0.00070315034412912,0.00141387133365743,6
MMRp,Myeloid-noDC-noGran,ISG15,"[-100,-95]","(2.19,2.92]",-97.5,2.55293413504461,3,0,0,0.00129785853341986,6
MMRp,Myeloid-noDC-noGran,ISG15,"(-95,-90]","(2.92,3.65]",-92.5,3.2823438879145,3,0.00186567164179104,0.000932835820895522,0.00214741071968095,6
MMRp,Myeloid-noDC-noGran,ISG15,"(-75,-70]","(2.92,3.65]",-72.5,3.2823438879145,3,0.00305810397553517,0.00216884725328262,0.00395771015413067,6
MMRp,Myeloid-noDC-noGran,ISG15,"(-40,-35]","(4.38,5.11]",-37.5,4.74116339365427,3,0.00272232304900182,0.00217284983618922,0.00576644786811324,6
MMRp,Myeloid-noDC-noGran,ISG15,"(-35,-30]","(1.46,2.19]",-32.5,1.82352438217472,5,0.000494010127207608,0.000448913629017777,0.00143144148669011,6
MMRp,Myeloid-noDC-noGran,ISG15,"(65,70]","[0,0.729]",67.5,0.364704876434944,4,0.00258107489280213,0.00191082802547771,0.00296682053102931,6
MMRp,Myeloid-ISG,ISG15,"(5,10]","[0,0.729]",7.5,0.364704876434944,4,0,0,0.000464684014869888,6
MMRp,Myeloid-ISG,ISG15,"(-50,-45]","[0,0.729]",-47.5,0.364704876434944,4,0.00133181166191101,0.000998992901827206,0.00196092080310647,6
MMRp,Myeloid-noDC-noGran,ISG15,"(-50,-45]","[0,0.729]",-47.5,0.364704876434944,6,0.000958709920647026,0.00046628540142191,0.00143441681001411,6
MMRp,Myeloid-noDC-noGran,ISG15,"(-90,-85]","(1.46,2.19]",-87.5,1.82352438217472,4,0.000283848992336077,0,0.000667552985602762,6
MMRp,Myeloid-ISG,ISG15,"[-100,-95]","[0,0.729]",-97.5,0.364704876434944,3,0.00276497695852535,0.00180657668961043,0.00304730534940696,6
MMRp,Myeloid-noDC-noGran,ISG15,"(55,60]","[0,0.729]",57.5,0.364704876434944,5,0.00147710487444609,0,0.00157728706624606,6
MMRp,Myeloid-noDC-noGran,ISG15,"(10,15]","[0,0.729]",12.5,0.364704876434944,6,0.000238663484486874,0,0.00108148696995351,6
MMRp,Myeloid-noDC-noGran,ISG15,"(35,40]","[0,0.729]",37.5,0.364704876434944,5,0,0,0.000504795557799091,6
MMRp,Myeloid-ISG,ISG15,"(-90,-85]","[0,0.729]",-87.5,0.364704876434944,3,0.00151515151515152,0.00147442163571196,0.0035169576560305,6
MMRp,Myeloid-noDC-noGran,ISG15,"(-40,-35]","(2.19,2.92]",-37.5,2.55293413504461,4,0.00160612169332892,0.00143542979782317,0.00169956990029761,6
MMRp,Myeloid-noDC-noGran,ISG15,"(-30,-25]","(1.46,2.19]",-27.5,1.82352438217472,5,0.00140614506380121,0.000842400842400842,0.00198412698412698,6
MMRp,Myeloid-noDC-noGran,ISG15,"(-65,-60]","(2.92,3.65]",-62.5,3.2823438879145,3,0.00415430267062315,0.00317337545224214,0.0044838902041443,6
MMRp,Myeloid-noDC-noGran,ISG15,"(-90,-85]","(2.92,3.65]",-87.5,3.2823438879145,3,0.000840689365279529,0.000828841414665908,0.00151683591070994,6
MMRp,Myeloid-noDC-noGran,ISG15,"(-60,-55]","(1.46,2.19]",-57.5,1.82352438217472,4,0.000938761072168521,0.000612244897959184,0.00112726942175081,6
MMRp,Myeloid-noDC-noGran,ISG15,"(-65,-60]","(2.19,2.92]",-62.5,2.55293413504461,4,0.00237765493106325,0.00171736997055937,0.00283336439453944,6
MMRp,Myeloid-noDC-noGran,ISG15,"(-75,-70]","(2.19,2.92]",-72.5,2.55293413504461,4,0.00183695313108224,0.00137126447239604,0.00343006673850018,6
MMRp,Myeloid-noDC-noGran,ISG15,"(-55,-50]","(3.65,4.38]",-52.5,4.01175364078438,3,0.00119379228014326,0.00117029063548447,0.00227615726517658,6
MMRp,Myeloid-noDC-noGran,ISG15,"(-60,-55]","(2.19,2.92]",-57.5,2.55293413504461,4,0.000508905852417303,0,0.00123001413243556,6
MMRp,Myeloid-noDC-noGran,ISG15,"(-60,-55]","(2.92,3.65]",-57.5,3.2823438879145,3,0.00142416330405887,0.00125511722085919,0.00282356813851592,6
MMRp,Myeloid-noDC-noGran,ISG15,"(-45,-40]","(1.46,2.19]",-42.5,1.82352438217472,4,0.00107881317959046,0.000694087536268198,0.00142292400628997,6
MMRp,Myeloid-noDC-noGran,ISG15,"(-80,-75]","(1.46,2.19]",-77.5,1.82352438217472,3,0.000691562932226833,0.000345781466113416,0.00106897799477008,6
MMRp,Myeloid-noDC-noGran,ISG15,"(-75,-70]","(1.46,2.19]",-72.5,1.82352438217472,4,0.00136003523183388,0.000551957609655579,0.00209195997239476,6
MMRp,Myeloid-noDC-noGran,ISG15,"(-90,-85]","(2.19,2.92]",-87.5,2.55293413504461,3,0.00179147259046937,0.000895736295234683,0.00232125304505649,6
MMRp,Myeloid-noDC-noGran,ISG15,"(-85,-80]","(2.19,2.92]",-82.5,2.55293413504461,3,0.00163800163800164,0.00107114403634827,0.00202673028759985,6
MMRp,Myeloid-noDC-noGran,ISG15,"(5,10]","(2.92,3.65]",7.5,3.2823438879145,3,0.0040098704503393,0.00200493522516965,0.00452700332100824,6
MMRp,Myeloid-noDC-noGran,ISG15,"(-95,-90]","(2.19,2.92]",-92.5,2.55293413504461,3,0.0019047619047619,0.00141879886282871,0.00353236031254607,6
MMRp,Myeloid-noDC-noGran,ISG15,"(60,65]","[0,0.729]",62.5,0.364704876434944,5,0,0,0,6
MMRp,Myeloid-noDC-noGran,ISG15,"(75,80]","[0,0.729]",77.5,0.364704876434944,4,0,0,0.000227894257064722,6
MMRp,Myeloid-noDC-noGran,ISG15,"(95,100]","[0,0.729]",97.5,0.364704876434944,3,0,0,0,6
MMRp,Myeloid-noDC-noGran,ISG15,"(25,30]","[0,0.729]",27.5,0.364704876434944,5,0,0,0,6
MMRp,Myeloid-noDC-noGran,ISG15,"(50,55]","[0,0.729]",52.5,0.364704876434944,5,0,0,0,6
MMRp,Myeloid-noDC-noGran,ISG15,"(30,35]","[0,0.729]",32.5,0.364704876434944,5,0.000650618087182824,0,0.000987166831194472,6
MMRp,Myeloid-noDC-noGran,ISG15,"(80,85]","[0,0.729]",82.5,0.364704876434944,4,0.00152398078008434,0.000928505106778087,0.00202770735021169,6
MMRp,Myeloid-noDC-noGran,ISG15,"(40,45]","[0,0.729]",42.5,0.364704876434944,5,0.000469483568075117,0,0.00088339222614841,6
MMRp,Myeloid-noDC-noGran,ISG15,"(45,50]","[0,0.729]",47.5,0.364704876434944,5,0.000603500301750151,0.000443852640923214,0.000829187396351576,6
MMRp,Myeloid-noDC-noGran,ISG15,"(0,5]","(0.729,1.46]",2.5,1.09411462930483,4,0.000622231373568984,0.000458061889250814,0.000796157945047792,6
MMRp,Myeloid-noDC-noGran,ISG15,"(-40,-35]","(0.729,1.46]",-37.5,1.09411462930483,3,0.000594294770206022,0.000550440191587307,0.00110477135538245,6
MMRp,Myeloid-noDC-noGran,ISG15,"(-50,-45]","(0.729,1.46]",-47.5,1.09411462930483,3,0.000940070505287897,0.000693548886975643,0.00112363002388578,6
MMRp,Myeloid-noDC-noGran,ISG15,"(5,10]","(1.46,2.19]",7.5,1.82352438217472,3,0.00108166576527853,0.000540832882639265,0.00152563873519976,6
MMRp,Myeloid-noDC-noGran,ISG15,"(-65,-60]","(0.729,1.46]",-62.5,1.09411462930483,3,0.000901713255184851,0.000450856627592426,0.00141891083862824,6
MMRp,Myeloid-noDC-noGran,ISG15,"(-35,-30]","(0.729,1.46]",-32.5,1.09411462930483,3,0.00128259940145361,0.000847655458052436,0.00133903902531514,6
MMRp,Myeloid-noDC-noGran,ISG15,"(-45,-40]","(0.729,1.46]",-42.5,1.09411462930483,3,0.000862068965517241,0.000558423017790468,0.00129289116830405,6
MMRp,Myeloid-noDC-noGran,ISG15,"(-55,-50]","(0.729,1.46]",-52.5,1.09411462930483,3,0,0,0.000434877147205914,6
MMRp,Myeloid-noDC-noGran,ISG15,"(15,20]","[0,0.729]",17.5,0.364704876434944,5,0.000318369945877109,0,0.000600961538461539,6
MMRp,Myeloid-noDC-noGran,ISG15,"(-80,-75]","(0.729,1.46]",-77.5,1.09411462930483,3,0,0,0.00275330396475771,6
MMRp,Myeloid-noDC-noGran,ISG15,"(5,10]","(0.729,1.46]",7.5,1.09411462930483,3,0.000746268656716418,0.000373134328358209,0.00122443966320497,6
MMRp,Myeloid-noDC-noGran,ISG15,"(90,95]","[0,0.729]",92.5,0.364704876434944,3,0,0,0.000978473581213307,6
MMRp,Myeloid-noDC-noGran,ISG15,"(10,15]","(1.46,2.19]",12.5,1.82352438217472,3,0,0,0,6
MMRp,Tcd4-CXCL13,ISG15,"(-5,0]","[0,0.729]",-2.5,0.364704876434944,4,0.00113378684807256,0,0.00241958753307218,6
MMRp,Tcd4-CXCL13,ISG15,"(-10,-5]","[0,0.729]",-7.5,0.364704876434944,4,0.00088339222614841,0,0.00177798688994725,6
MMRp,Tcd4-CXCL13,ISG15,"(-15,-10]","[0,0.729]",-12.5,0.364704876434944,3,0,0,0.00208209399167162,6
MMRp,Tcd4-Treg-comb,ISG15,"(-15,-10]","[0,0.729]",-12.5,0.364704876434944,5,0.00207900207900208,0.000817828664894705,0.00216403375892664,6
MMRp,Tcd4-Treg-comb,ISG15,"(-5,0]","[0,0.729]",-2.5,0.364704876434944,5,0.000972762645914397,0.000639795265515035,0.00157392833996852,6
MMRp,Tcd4-Treg-comb,ISG15,"(-10,-5]","[0,0.729]",-7.5,0.364704876434944,5,0.00125628140703518,0.00117600940807526,0.00136177939173854,6
MMRp,Tcd4-Treg-comb,ISG15,"(-15,-10]","(1.46,2.19]",-12.5,1.82352438217472,4,0.000952920568960902,0.0002210433244916,0.00168452800514023,6
MMRp,Tcd4-Treg-comb,ISG15,"(0,5]","[0,0.729]",2.5,0.364704876434944,5,0.00161550888529887,0.00111049416990561,0.00183150183150183,6
MMRp,Tcd4-Treg-comb,ISG15,"(-10,-5]","(1.46,2.19]",-7.5,1.82352438217472,5,0.00056710775047259,0,0.00186261361943079,6
MMRp,Tcd4-Treg-comb,ISG15,"(-5,0]","(1.46,2.19]",-2.5,1.82352438217472,5,0.00099009900990099,0.000809585492227979,0.00118764845605701,6
MMRp,Tcd4-Treg-comb,ISG15,"(-25,-20]","[0,0.729]",-22.5,0.364704876434944,5,0.00131396452295788,0.000414765657403567,0.00165425971877585,6
MMRp,Tcd4-Treg-comb,ISG15,"(-5,0]","(0.729,1.46]",-2.5,1.09411462930483,4,0.00085165491096165,0.000553369404820462,0.00108279301901082,6
MMRp,Tcd4-Treg-comb,ISG15,"(-30,-25]","(1.46,2.19]",-27.5,1.82352438217472,3,0.00143163922691482,0.000715819613457409,0.00195786277445725,6
MMRp,Tcd4-Treg-comb,ISG15,"(-20,-15]","[0,0.729]",-17.5,0.364704876434944,4,0.00116330448230363,0.000476830057652977,0.0018434963934906,6
MMRp,Tcd4-Treg-comb,ISG15,"(-50,-45]","[0,0.729]",-47.5,0.364704876434944,3,0.00148588410104012,0.000742942050520059,0.00194452531317202,6
MMRp,Tcd4-Treg-comb,ISG15,"(-55,-50]","[0,0.729]",-52.5,0.364704876434944,3,0.00133003990119704,0.00103429616921004,0.00150961454519311,6
MMRp,Tcd4-Treg-comb,ISG15,"(-25,-20]","(1.46,2.19]",-22.5,1.82352438217472,3,0.00172935581495893,0.000864677907479464,0.00200518885638457,6
MMRp,Tcd4-Treg-comb,ISG15,"(-35,-30]","[0,0.729]",-32.5,0.364704876434944,3,0.000489236790606654,0.000244618395303327,0.000591427749247045,6
MMRp,Tcd4-Treg-comb,ISG15,"(-40,-35]","[0,0.729]",-37.5,0.364704876434944,4,0.00180678840733709,0.0015736674826718,0.00182194134551813,6
MMRp,Tcd4-Treg-comb,ISG15,"(-30,-25]","[0,0.729]",-27.5,0.364704876434944,4,0.00143711383608032,0.000876680303915839,0.00178712053150545,6
MMRp,Tcd4-Treg-comb,ISG15,"(-65,-60]","[0,0.729]",-62.5,0.364704876434944,3,0,0,0.0010924981791697,6
MMRp,Tcd4-Treg-comb,ISG15,"(-90,-85]","[0,0.729]",-87.5,0.364704876434944,3,0.00224382946896036,0.00112191473448018,0.00232095550186627,6
MMRp,Tcd4-Treg-comb,ISG15,"(-80,-75]","[0,0.729]",-77.5,0.364704876434944,3,0.00130718954248366,0.00065359477124183,0.0016349490401329,6
MMRp,Tcd4-Treg-comb,ISG15,"(-45,-40]","[0,0.729]",-42.5,0.364704876434944,3,0,0,0.0013166144200627,6
MMRp,Tcd4-Treg-comb,ISG15,"(-60,-55]","[0,0.729]",-57.5,0.364704876434944,3,0,0,0.00145641944880125,6
MMRp,CD8-all,ISG15,"(-5,0]","(2.92,3.65]",-2.5,3.2823438879145,3,0.00306560392397302,0.00153280196198651,0.00521378355707854,6
MMRp,Tcd8-CXCL13-comb,ISG15,"(-5,0]","[0,0.729]",-2.5,0.364704876434944,5,0,0,0.000720980533525595,6
MMRp,CD8-all,ISG15,"(-5,0]","[0,0.729]",-2.5,0.364704876434944,5,0.000625195373554236,0,0.000820344544708778,6
MMRp,CD8-all,ISG15,"(-20,-15]","[0,0.729]",-17.5,0.364704876434944,3,0,0,0.000148765248437965,6
MMRp,CD8-all,ISG15,"(5,10]","[0,0.729]",7.5,0.364704876434944,3,0,0,0.000920810313075506,6
MMRp,CD8-all,ISG15,"(-15,-10]","[0,0.729]",-12.5,0.364704876434944,4,0.00175509794241438,0.00127910906715191,0.0022613933499181,6
MMRp,Tcd8-CXCL13-comb,ISG15,"(-10,-5]","[0,0.729]",-7.5,0.364704876434944,3,0.00109609061015711,0.000548045305078553,0.00113558937088349,6
MMRp,CD8-all,ISG15,"(-10,-5]","[0,0.729]",-7.5,0.364704876434944,5,0.000462748727441,0,0.000784313725490196,6
MMRp,CD8-all,ISG15,"(-25,-20]","[0,0.729]",-22.5,0.364704876434944,4,0.0018213669524557,0.00164312512249069,0.00200185360882704,6
MMRp,CD8-all,ISG15,"(0,5]","[0,0.729]",2.5,0.364704876434944,4,0.00135309878427074,0.000865051903114187,0.00156847349461664,6
MMRp,Tcd8-HOBIT,ISG15,"(-10,-5]","[0,0.729]",-7.5,0.364704876434944,3,0.00113895216400911,0.000569476082004556,0.00134950728325261,6
MMRp,Tcd8-HOBIT,ISG15,"(-5,0]","[0,0.729]",-2.5,0.364704876434944,3,0.000985221674876847,0.000492610837438424,0.00248464270994838,6
MMRp,Tplzf-gdlike-comb,ISG15,"(-5,0]","[0,0.729]",-2.5,0.364704876434944,3,0,0,0.00105708245243129,6
MMRp,Myeloid-mregDC,STAT1,"(-5,0]","(2.19,2.92]",-2.5,2.55293413504461,5,0.00408997955010225,0.004,0.0059823677581864,6
MMRp,Myeloid-mregDC,STAT1,"(-20,-15]","(2.92,3.65]",-17.5,3.2823438879145,3,0.00680272108843537,0.00497368758824285,0.00923226433430515,6
MMRp,Myeloid-mregDC,STAT1,"(-15,-10]","(2.92,3.65]",-12.5,3.2823438879145,3,0.00849617672047579,0.00650712450481621,0.00850772324867603,6
MMRp,Myeloid-mregDC,STAT1,"(-10,-5]","(2.92,3.65]",-7.5,3.2823438879145,3,0.00816326530612245,0.00640451302472209,0.00884921310598137,6
MMRp,Myeloid-mregDC,STAT1,"(-10,-5]","(2.19,2.92]",-7.5,2.55293413504461,4,0.00434512938117668,0.00121359223300971,0.00839561049497954,6
MMRp,Myeloid-mregDC,STAT1,"(-5,0]","(3.65,4.38]",-2.5,4.01175364078438,3,0.0188916876574307,0.0111981802773135,0.0216693595446641,6
MMRp,Myeloid-mregDC,STAT1,"(-30,-25]","(2.19,2.92]",-27.5,2.55293413504461,3,0.00628930817610063,0.00543536629129896,0.006546014632268,6
MMRp,Myeloid-mregDC,STAT1,"(-15,-10]","[0,0.729]",-12.5,0.364704876434944,5,0.00445765230312036,0.0035778175313059,0.00497842681712579,6
MMRp,Myeloid-mregDC,STAT1,"(-5,0]","[0,0.729]",-2.5,0.364704876434944,5,0.00428877769835597,0.00283152430391694,0.00437459494491251,6
MMRp,Myeloid-mregDC,STAT1,"(-10,-5]","[0,0.729]",-7.5,0.364704876434944,5,0.00489236790606654,0.00475524475524476,0.00500200080032013,6
MMRp,Myeloid-mregDC,STAT1,"(-5,0]","(1.46,2.19]",-2.5,1.82352438217472,4,0.00312734974671327,0.00190839694656489,0.00533058930420046,6
MMRp,Myeloid-mregDC,STAT1,"(-10,-5]","(1.46,2.19]",-7.5,1.82352438217472,3,0.00518941359626362,0.00259470679813181,0.00929327139143325,6
MMRp,Myeloid-mregDC,STAT1,"(-5,0]","(0.729,1.46]",-2.5,1.09411462930483,3,0.00397772474144789,0.00304149394967131,0.00680169659532288,6
MMRp,Myeloid-mregDC,STAT1,"(-15,-10]","(1.46,2.19]",-12.5,1.82352438217472,3,0.00273224043715847,0.00136612021857924,0.00451004196986009,6
MMRp,Myeloid-mregDC,STAT1,"(-15,-10]","(2.19,2.92]",-12.5,2.55293413504461,3,0.00564971751412429,0.00560263653483993,0.00708512211879724,6
MMRp,Myeloid-mregDC,STAT1,"(-40,-35]","[0,0.729]",-37.5,0.364704876434944,4,0.00386582653817643,0.00341748377809573,0.00476251604621309,6
MMRp,Myeloid-mregDC,STAT1,"(0,5]","[0,0.729]",2.5,0.364704876434944,3,0.00760869565217391,0.00514572944915872,0.00955147426286857,6
MMRp,Myeloid-mregDC,STAT1,"(-25,-20]","[0,0.729]",-22.5,0.364704876434944,4,0.00363330239642084,0.00247376311844078,0.00674266881894001,6
MMRp,Myeloid-mregDC,STAT1,"(-35,-30]","[0,0.729]",-32.5,0.364704876434944,3,0.00380952380952381,0.0019047619047619,0.00383354528755122,6
MMRp,Myeloid-mregDC,STAT1,"(-20,-15]","[0,0.729]",-17.5,0.364704876434944,3,0.00458015267175573,0.00367384017351624,0.00460302887006934,6
MMRp,Myeloid-mregDC,STAT1,"(-30,-25]","[0,0.729]",-27.5,0.364704876434944,3,0.0069204152249135,0.00643003417458552,0.0070031659826959,6
MMRp,Myeloid-ISG,STAT1,"(-5,0]","(3.65,4.38]",-2.5,4.01175364078438,3,0.0198961937716263,0.0154616444598522,0.0249303663893592,6
MMRp,Myeloid-noDC-noGran,STAT1,"(-5,0]","(3.65,4.38]",-2.5,4.01175364078438,4,0.0122088649624941,0.00748052585205655,0.0180505823197693,6
MMRp,Myeloid-noDC-noGran,STAT1,"(-20,-15]","(1.46,2.19]",-17.5,1.82352438217472,6,0.00455024433298021,0.00240028282324325,0.00749723088062707,6
MMRp,Myeloid-ISG,STAT1,"(-10,-5]","(3.65,4.38]",-7.5,4.01175364078438,3,0.0182995951417004,0.0130761038227379,0.0220575247642917,6
MMRp,Myeloid-noDC-noGran,STAT1,"(-10,-5]","(3.65,4.38]",-7.5,4.01175364078438,4,0.0160323098859964,0.0130879190501961,0.0189432115060607,6
MMRp,Myeloid-ISG,STAT1,"(-10,-5]","[0,0.729]",-7.5,0.364704876434944,6,0.0116538952745849,0.00830233795992023,0.0144615192403798,6
MMRp,Myeloid-noDC-noGran,STAT1,"(-10,-5]","[0,0.729]",-7.5,0.364704876434944,6,0.00536564326549418,0.00488601044137686,0.00578757863871046,6
MMRp,Myeloid-ISG,STAT1,"(-15,-10]","(4.38,5.11]",-12.5,4.74116339365427,3,0.0207325501036628,0.0184445063443484,0.0237017002165631,6
MMRp,Myeloid-noDC-noGran,STAT1,"(-15,-10]","(4.38,5.11]",-12.5,4.74116339365427,4,0.0190835414193784,0.0155258735639319,0.0208831810128581,6
MMRp,Myeloid-ISG,STAT1,"(-10,-5]","(2.19,2.92]",-7.5,2.55293413504461,6,0.018430774553642,0.0131909631810771,0.0241210577222035,6
MMRp,Myeloid-noDC-noGran,STAT1,"(-10,-5]","(2.19,2.92]",-7.5,2.55293413504461,6,0.00741224858406164,0.00617855429443874,0.00899557634314419,6
MMRp,Myeloid-ISG,STAT1,"(-10,-5]","(4.38,5.11]",-7.5,4.74116339365427,3,0.0264433671220802,0.020118235285178,0.0265232797525831,6
MMRp,Myeloid-noDC-noGran,STAT1,"(-10,-5]","(4.38,5.11]",-7.5,4.74116339365427,4,0.0140597279716144,0.0097598285424472,0.0185430245338376,6
MMRp,Myeloid-ISG,STAT1,"(-20,-15]","(2.92,3.65]",-17.5,3.2823438879145,3,0.0163532297628782,0.0144386572706491,0.0175053319424123,6
MMRp,Myeloid-noDC-noGran,STAT1,"(-20,-15]","(2.92,3.65]",-17.5,3.2823438879145,5,0.00993254368725766,0.00974358974358974,0.0149458071876783,6
MMRp,Myeloid-ISG,STAT1,"(-5,0]","(2.19,2.92]",-2.5,2.55293413504461,5,0.0132352941176471,0.0124508519003932,0.0135265700483092,6
MMRp,Myeloid-noDC-noGran,STAT1,"(-5,0]","(2.19,2.92]",-2.5,2.55293413504461,6,0.00662714448936995,0.00548207922900227,0.00751965223608242,6
MMRp,Myeloid-noDC-noGran,STAT1,"(0,5]","(3.65,4.38]",2.5,4.01175364078438,3,0.0197710718002081,0.013097305481538,0.0236723006059864,6
MMRp,Myeloid-ISG,STAT1,"(-25,-20]","[0,0.729]",-22.5,0.364704876434944,6,0.00938576516611199,0.00750729187922144,0.011529295156638,6
MMRp,Myeloid-noDC-noGran,STAT1,"(-25,-20]","[0,0.729]",-22.5,0.364704876434944,6,0.00607911057557924,0.00475533237590077,0.00648079607556728,6
MMRp,Myeloid-noDC-noGran,STAT1,"(-85,-80]","(2.92,3.65]",-82.5,3.2823438879145,3,0.00641267446246699,0.00459812567938938,0.00879739154433254,6
MMRp,Myeloid-ISG,STAT1,"(-25,-20]","(3.65,4.38]",-22.5,4.01175364078438,3,0.022703818369453,0.0203944623762159,0.0231104209432383,6
MMRp,Myeloid-noDC-noGran,STAT1,"(-25,-20]","(3.65,4.38]",-22.5,4.01175364078438,4,0.0134600511703018,0.0103493972859026,0.0168299174739801,6
MMRp,Myeloid-ISG,STAT1,"(-5,0]","(5.11,5.84]",-2.5,5.47057314652416,3,0.0286259541984733,0.0167699795562391,0.028706916493176,6
MMRp,Myeloid-noDC-noGran,STAT1,"(-5,0]","(5.11,5.84]",-2.5,5.47057314652416,3,0.0258806613946801,0.01512783069734,0.0268138046152091,6
MMRp,Myeloid-ISG,STAT1,"(-5,0]","(4.38,5.11]",-2.5,4.74116339365427,3,0.0243595128097438,0.0205742999515666,0.0283087886629364,6
MMRp,Myeloid-noDC-noGran,STAT1,"(-5,0]","(4.38,5.11]",-2.5,4.74116339365427,3,0.0198616776024118,0.0155235273839368,0.0223711090269432,6
MMRp,Myeloid-ISG,STAT1,"(-35,-30]","(3.65,4.38]",-32.5,4.01175364078438,3,0.0283400809716599,0.0188429376820916,0.0289172314970659,6
MMRp,Myeloid-noDC-noGran,STAT1,"(-35,-30]","(3.65,4.38]",-32.5,4.01175364078438,3,0.0171869519466854,0.0127281481529056,0.0190288257206116,6
MMRp,Myeloid-ISG,STAT1,"(-10,-5]","(5.11,5.84]",-7.5,5.47057314652416,3,0.0279524807826695,0.0186876655974596,0.0302986920902022,6
MMRp,Myeloid-noDC-noGran,STAT1,"(-10,-5]","(5.11,5.84]",-7.5,5.47057314652416,3,0.0250458155161882,0.0168909916253043,0.0279032209571992,6
MMRp,Myeloid-ISG,STAT1,"(-20,-15]","(4.38,5.11]",-17.5,4.74116339365427,3,0.0211449200618876,0.0169149547455315,0.022762455827497,6
MMRp,Myeloid-noDC-noGran,STAT1,"(-20,-15]","(4.38,5.11]",-17.5,4.74116339365427,3,0.0183868595243932,0.0149901404658903,0.0188074842648941,6
MMRp,Myeloid-ISG,STAT1,"(-10,-5]","(2.92,3.65]",-7.5,3.2823438879145,3,0.0142732304107195,0.0119897106932926,0.0195299094561054,6
MMRp,Myeloid-noDC-noGran,STAT1,"(-10,-5]","(2.92,3.65]",-7.5,3.2823438879145,6,0.0082406537176274,0.00675123207885305,0.0102295375335045,6
MMRp,Myeloid-noDC-noGran,STAT1,"(5,10]","(2.19,2.92]",7.5,2.55293413504461,4,0.0081759521725598,0.00790556578959427,0.00852983251749273,6
MMRp,Myeloid-ISG,STAT1,"(-5,0]","(2.92,3.65]",-2.5,3.2823438879145,3,0.0179599355284366,0.0146870947129933,0.0211391895740225,6
MMRp,Myeloid-noDC-noGran,STAT1,"(-5,0]","(2.92,3.65]",-2.5,3.2823438879145,6,0.00863484357185842,0.00643450604329742,0.011177568535029,6
MMRp,Myeloid-ISG,STAT1,"(-15,-10]","(2.92,3.65]",-12.5,3.2823438879145,4,0.0172014121951832,0.0152040078723895,0.0175786299009048,6
MMRp,Myeloid-noDC-noGran,STAT1,"(-15,-10]","(2.92,3.65]",-12.5,3.2823438879145,6,0.0100550148693053,0.00775307394863964,0.0121096407494797,6
MMRp,Myeloid-noDC-noGran,STAT1,"(-55,-50]","(2.92,3.65]",-52.5,3.2823438879145,3,0.014,0.00846113383985973,0.0158547815820543,6
MMRp,Myeloid-ISG,STAT1,"(-15,-10]","(3.65,4.38]",-12.5,4.01175364078438,3,0.0217079664140897,0.0179109617747396,0.0224735327997617,6
MMRp,Myeloid-noDC-noGran,STAT1,"(-15,-10]","(3.65,4.38]",-12.5,4.01175364078438,4,0.0126695043468499,0.0100006424031809,0.0154321500047547,6
MMRp,Myeloid-noDC-noGran,STAT1,"(-80,-75]","(2.19,2.92]",-77.5,2.55293413504461,4,0.00512444071588367,0.00390099586135541,0.00893278346525246,6
MMRp,Myeloid-ISG,STAT1,"(0,5]","(2.92,3.65]",2.5,3.2823438879145,3,0.0270114942528736,0.020869517376805,0.0276848516040487,6
MMRp,Myeloid-noDC-noGran,STAT1,"(0,5]","(2.92,3.65]",2.5,3.2823438879145,3,0.0154459392127554,0.0114020794412664,0.0168603965069625,6
MMRp,Myeloid-ISG,STAT1,"(0,5]","[0,0.729]",2.5,0.364704876434944,6,0.0105280936831438,0.0101188397244436,0.0120178721139444,6
MMRp,Myeloid-noDC-noGran,STAT1,"(0,5]","[0,0.729]",2.5,0.364704876434944,6,0.00551530278716768,0.00496557719496474,0.00748378618668452,6
MMRp,Myeloid-noDC-noGran,STAT1,"(-60,-55]","(3.65,4.38]",-57.5,4.01175364078438,3,0.0171052631578947,0.0149047186932849,0.0197988321868501,6
MMRp,Myeloid-noDC-noGran,STAT1,"(-70,-65]","[0,0.729]",-67.5,0.364704876434944,5,0.0063143901628448,0.00327868852459016,0.0101605065527905,6
MMRp,Myeloid-noDC-noGran,STAT1,"(-50,-45]","(3.65,4.38]",-47.5,4.01175364078438,3,0.0183262064752596,0.0136625408079335,0.0189991688114003,6
MMRp,Myeloid-noDC-noGran,STAT1,"(5,10]","[0,0.729]",7.5,0.364704876434944,6,0.00452952835569952,0.00449683081153911,0.0058951624032717,6
MMRp,Myeloid-noDC-noGran,STAT1,"(-35,-30]","(2.19,2.92]",-32.5,2.55293413504461,4,0.00981906176098554,0.00846016588249555,0.010541887262535,6
MMRp,Myeloid-ISG,STAT1,"(-30,-25]","(4.38,5.11]",-27.5,4.74116339365427,3,0.0208473436449227,0.019024589253654,0.0210781619290062,6
MMRp,Myeloid-noDC-noGran,STAT1,"(-30,-25]","(4.38,5.11]",-27.5,4.74116339365427,3,0.0160148975791434,0.0157996565817795,0.0167793786141331,6
MMRp,Myeloid-ISG,STAT1,"(-25,-20]","(2.92,3.65]",-22.5,3.2823438879145,3,0.0216949152542373,0.0174264049955397,0.0238493696730078,6
MMRp,Myeloid-noDC-noGran,STAT1,"(-25,-20]","(2.92,3.65]",-22.5,3.2823438879145,4,0.0110231966729942,0.00997994632685203,0.0124628759866747,6
MMRp,Myeloid-noDC-noGran,STAT1,"(-65,-60]","(3.65,4.38]",-62.5,4.01175364078438,3,0.0146341463414634,0.0128343145500421,0.0180029578625806,6
MMRp,Myeloid-ISG,STAT1,"(-95,-90]","[0,0.729]",-92.5,0.364704876434944,3,0.00707964601769912,0.00526693872560258,0.0152891702673352,6
MMRp,Myeloid-noDC-noGran,STAT1,"(-95,-90]","[0,0.729]",-92.5,0.364704876434944,4,0.00553977291936769,0.00353375498867574,0.00773539120349719,6
MMRp,Myeloid-ISG,STAT1,"(-35,-30]","(2.92,3.65]",-32.5,3.2823438879145,3,0.0180722891566265,0.0134414309219256,0.0226991244091526,6
MMRp,Myeloid-noDC-noGran,STAT1,"(-35,-30]","(2.92,3.65]",-32.5,3.2823438879145,4,0.00823458547307131,0.00566852312133685,0.0114913085150667,6
MMRp,Myeloid-ISG,STAT1,"(-45,-40]","[0,0.729]",-42.5,0.364704876434944,4,0.00771213510469717,0.00541336824266678,0.010770403219571,6
MMRp,Myeloid-noDC-noGran,STAT1,"(-45,-40]","[0,0.729]",-42.5,0.364704876434944,6,0.00580000957742742,0.00352128898468705,0.00740516124013759,6
MMRp,Myeloid-ISG,STAT1,"(-25,-20]","(2.19,2.92]",-22.5,2.55293413504461,3,0.0134003350083752,0.0117864806977758,0.0140403258970792,6
MMRp,Myeloid-noDC-noGran,STAT1,"(-25,-20]","(2.19,2.92]",-22.5,2.55293413504461,6,0.00568843934097012,0.00530324454956808,0.00727835662039967,6
MMRp,Myeloid-noDC-noGran,STAT1,"(-30,-25]","(2.19,2.92]",-27.5,2.55293413504461,6,0.00708233908232198,0.00624228325984945,0.0101896578247394,6
MMRp,Myeloid-ISG,STAT1,"(-55,-50]","[0,0.729]",-52.5,0.364704876434944,4,0.00575176326679333,0.00444558842455553,0.00805595007402236,6
MMRp,Myeloid-noDC-noGran,STAT1,"(-55,-50]","[0,0.729]",-52.5,0.364704876434944,6,0.00520880620146275,0.00365169115973527,0.00662210916624352,6
MMRp,Myeloid-noDC-noGran,STAT1,"(-40,-35]","(3.65,4.38]",-37.5,4.01175364078438,3,0.0160449257922182,0.0130957436176424,0.0162936651328286,6
MMRp,Myeloid-ISG,STAT1,"(-20,-15]","(3.65,4.38]",-17.5,4.01175364078438,3,0.0215324384787472,0.015177983945256,0.0227403966654461,6
MMRp,Myeloid-noDC-noGran,STAT1,"(-20,-15]","(3.65,4.38]",-17.5,4.01175364078438,4,0.0129640954861072,0.00796925776492522,0.0179663586764606,6
MMRp,Myeloid-ISG,STAT1,"(-30,-25]","(2.92,3.65]",-27.5,3.2823438879145,3,0.0120610145441646,0.0109973946893008,0.0154810567226318,6
MMRp,Myeloid-noDC-noGran,STAT1,"(-30,-25]","(2.92,3.65]",-27.5,3.2823438879145,4,0.00860893908817891,0.0082838619327757,0.0103599846758215,6
MMRp,Myeloid-noDC-noGran,STAT1,"(-50,-45]","(2.92,3.65]",-47.5,3.2823438879145,4,0.011533594109526,0.00671462726615983,0.0158305967882768,6
MMRp,Myeloid-noDC-noGran,STAT1,"(-50,-45]","(1.46,2.19]",-47.5,1.82352438217472,4,0.00882509860141534,0.00727338013233489,0.0091285565615265,6
MMRp,Myeloid-ISG,STAT1,"(-40,-35]","[0,0.729]",-37.5,0.364704876434944,4,0.00824139494610388,0.00404003527313189,0.012081571590191,6
MMRp,Myeloid-noDC-noGran,STAT1,"(-40,-35]","[0,0.729]",-37.5,0.364704876434944,6,0.0056929609450868,0.0053161643839113,0.00627420600360838,6
MMRp,Myeloid-noDC-noGran,STAT1,"(-80,-75]","(3.65,4.38]",-77.5,4.01175364078438,3,0.0159420289855072,0.0126501588777804,0.0223820420616759,6
MMRp,Myeloid-ISG,STAT1,"(-75,-70]","[0,0.729]",-72.5,0.364704876434944,4,0.007669025094614,0.00521594200112768,0.0105891011835372,6
MMRp,Myeloid-noDC-noGran,STAT1,"(-75,-70]","[0,0.729]",-72.5,0.364704876434944,5,0.00739951459184278,0.00332397695375979,0.0079155672823219,6
MMRp,Myeloid-ISG,STAT1,"(-30,-25]","[0,0.729]",-27.5,0.364704876434944,5,0.00820419325432999,0.00657414170927684,0.00946593432277667,6
MMRp,Myeloid-noDC-noGran,STAT1,"(-30,-25]","[0,0.729]",-27.5,0.364704876434944,6,0.00596593046581218,0.00414273018212616,0.00631569180934153,6
MMRp,Myeloid-noDC-noGran,STAT1,"(-85,-80]","(1.46,2.19]",-82.5,1.82352438217472,4,0.00631944425101181,0.0044693950589209,0.0080927627287415,6
MMRp,Myeloid-noDC-noGran,STAT1,"(-15,-10]","(1.46,2.19]",-12.5,1.82352438217472,6,0.00667212159325146,0.00442130419938546,0.00760585135585136,6
MMRp,Myeloid-ISG,STAT1,"(-85,-80]","[0,0.729]",-82.5,0.364704876434944,4,0.0037900248295582,0.0023789485115452,0.00638388752670343,6
MMRp,Myeloid-noDC-noGran,STAT1,"(-85,-80]","[0,0.729]",-82.5,0.364704876434944,4,0.00563518102677307,0.00423504874009042,0.00619216973904561,6
MMRp,Myeloid-ISG,STAT1,"(-10,-5]","(1.46,2.19]",-7.5,1.82352438217472,5,0.0115658362989324,0.00907367280606717,0.0185517023295035,6
MMRp,Myeloid-noDC-noGran,STAT1,"(-10,-5]","(1.46,2.19]",-7.5,1.82352438217472,6,0.00553049774365192,0.00425106862701439,0.00662237416578888,6
MMRp,Myeloid-ISG,STAT1,"(-20,-15]","[0,0.729]",-17.5,0.364704876434944,6,0.00796619029654593,0.00540720842524728,0.0119559388742643,6
MMRp,Myeloid-noDC-noGran,STAT1,"(-20,-15]","[0,0.729]",-17.5,0.364704876434944,6,0.00513866460065218,0.00430164530081473,0.00694503596293887,6
MMRp,Myeloid-ISG,STAT1,"(-15,-10]","[0,0.729]",-12.5,0.364704876434944,6,0.00810039786854626,0.00668193071352329,0.0123839009287926,6
MMRp,Myeloid-noDC-noGran,STAT1,"(-15,-10]","[0,0.729]",-12.5,0.364704876434944,6,0.00559843491228889,0.00506226041076034,0.00621838936946389,6
MMRp,Myeloid-ISG,STAT1,"(-5,0]","[0,0.729]",-2.5,0.364704876434944,6,0.00883019455490264,0.00659347105142878,0.012114308237722,6
MMRp,Myeloid-noDC-noGran,STAT1,"(-5,0]","[0,0.729]",-2.5,0.364704876434944,6,0.00524550572551196,0.00477246141877344,0.0053575459049568,6
MMRp,Myeloid-ISG,STAT1,"(-5,0]","(1.46,2.19]",-2.5,1.82352438217472,5,0.013265306122449,0.0104888052175082,0.0152460152460152,6
MMRp,Myeloid-noDC-noGran,STAT1,"(-5,0]","(1.46,2.19]",-2.5,1.82352438217472,6,0.00553215956786487,0.00501908104697674,0.00623828570366707,6
MMRp,Myeloid-noDC-noGran,STAT1,"(-60,-55]","[0,0.729]",-57.5,0.364704876434944,5,0.00568404547236378,0.00527009222661397,0.0066006600660066,6
MMRp,Myeloid-noDC-noGran,STAT1,"(0,5]","(1.46,2.19]",2.5,1.82352438217472,5,0.0053125,0.00475059382422803,0.00654878847413229,6
MMRp,Myeloid-ISG,STAT1,"(-5,0]","(0.729,1.46]",-2.5,1.09411462930483,4,0.0136042435784659,0.010162296990415,0.0176950362600509,6
MMRp,Myeloid-noDC-noGran,STAT1,"(-5,0]","(0.729,1.46]",-2.5,1.09411462930483,5,0.00572022880915237,0.00547434628152117,0.00642054574638844,6
MMRp,Myeloid-ISG,STAT1,"(-15,-10]","(2.19,2.92]",-12.5,2.55293413504461,4,0.0202314834147632,0.0157379657379657,0.0243067079348964,6
MMRp,Myeloid-noDC-noGran,STAT1,"(-15,-10]","(2.19,2.92]",-12.5,2.55293413504461,6,0.00685950902347421,0.00621518258098153,0.00864752257848962,6
MMRp,Myeloid-ISG,STAT1,"(-15,-10]","(0.729,1.46]",-12.5,1.09411462930483,3,0.0099601593625498,0.00842242047301328,0.0120422265739303,6
MMRp,Myeloid-noDC-noGran,STAT1,"(-15,-10]","(0.729,1.46]",-12.5,1.09411462930483,5,0.00558997262642271,0.00272492148531314,0.00891021247429747,6
MMRp,Myeloid-noDC-noGran,STAT1,"(20,25]","[0,0.729]",22.5,0.364704876434944,5,0.00555114988104679,0.00540990428630878,0.0065137354856981,6
MMRp,Myeloid-ISG,STAT1,"(-10,-5]","(0.729,1.46]",-7.5,1.09411462930483,3,0.0111485065208246,0.0087764490518121,0.0159719183461474,6
MMRp,Myeloid-noDC-noGran,STAT1,"(-10,-5]","(0.729,1.46]",-7.5,1.09411462930483,5,0.00520120448946072,0.004778972520908,0.00581939298678942,6
MMRp,Myeloid-ISG,STAT1,"(-20,-15]","(0.729,1.46]",-17.5,1.09411462930483,3,0.00837277029486713,0.00782937239697819,0.0109366262274721,6
MMRp,Myeloid-noDC-noGran,STAT1,"(-20,-15]","(0.729,1.46]",-17.5,1.09411462930483,3,0.00499153222212318,0.00409227507812029,0.00594801006963466,6
MMRp,Myeloid-ISG,STAT1,"(-20,-15]","(2.19,2.92]",-17.5,2.55293413504461,3,0.0115323854660348,0.0102145913095298,0.0136745206865358,6
MMRp,Myeloid-noDC-noGran,STAT1,"(-20,-15]","(2.19,2.92]",-17.5,2.55293413504461,6,0.00579482749574797,0.00496541048530552,0.00725817223290496,6
MMRp,Myeloid-ISG,STAT1,"(-15,-10]","(1.46,2.19]",-12.5,1.82352438217472,3,0.00908059023836549,0.00791013505178595,0.0123901244707186,6
MMRp,Myeloid-noDC-noGran,STAT1,"(-45,-40]","(3.65,4.38]",-42.5,4.01175364078438,3,0.0146436706801172,0.0128450911540121,0.0164681768034732,6
MMRp,Myeloid-ISG,STAT1,"(-25,-20]","(1.46,2.19]",-22.5,1.82352438217472,3,0.0111039931667734,0.00952025055164069,0.0115350320271916,6
MMRp,Myeloid-noDC-noGran,STAT1,"(-25,-20]","(1.46,2.19]",-22.5,1.82352438217472,6,0.0062971935176408,0.00522973292747522,0.00877671559538283,6
MMRp,Myeloid-noDC-noGran,STAT1,"(-40,-35]","(1.46,2.19]",-37.5,1.82352438217472,4,0.00493312856929117,0.003686615025426,0.00615375060495813,6
MMRp,Myeloid-noDC-noGran,STAT1,"[-100,-95]","[0,0.729]",-97.5,0.364704876434944,4,0.00586311541259941,0.00476810717227262,0.00644226302998432,6
MMRp,Myeloid-ISG,STAT1,"(-65,-60]","[0,0.729]",-62.5,0.364704876434944,4,0.00492966871006665,0.00471538487771479,0.00791818970930681,6
MMRp,Myeloid-noDC-noGran,STAT1,"(-65,-60]","[0,0.729]",-62.5,0.364704876434944,5,0.00436882041848701,0.00305064063453325,0.00712963327687399,6
MMRp,Myeloid-noDC-noGran,STAT1,"(-70,-65]","(1.46,2.19]",-67.5,1.82352438217472,4,0.00596282540503671,0.00479256072288852,0.00674855006012052,6
MMRp,Myeloid-ISG,STAT1,"(-70,-65]","[0,0.729]",-67.5,0.364704876434944,3,0.00702028081123245,0.00624238084277469,0.00938865118288598,6
MMRp,Myeloid-ISG,STAT1,"(-80,-75]","[0,0.729]",-77.5,0.364704876434944,4,0.00757795767234182,0.00458349397388404,0.0105884196856388,6
MMRp,Myeloid-noDC-noGran,STAT1,"(-80,-75]","[0,0.729]",-77.5,0.364704876434944,5,0.00444162436548223,0.00276991630035527,0.00522388059701493,6
MMRp,Myeloid-noDC-noGran,STAT1,"(-70,-65]","(3.65,4.38]",-67.5,4.01175364078438,3,0.021875,0.0150098981900452,0.026076616202946,6
MMRp,Myeloid-noDC-noGran,STAT1,"(-25,-20]","(4.38,5.11]",-22.5,4.74116339365427,3,0.018756169792695,0.0124218037674045,0.0202645545697534,6
MMRp,Myeloid-ISG,STAT1,"(-35,-30]","[0,0.729]",-32.5,0.364704876434944,4,0.00727162871492768,0.00625993147097991,0.00831093177699547,6
MMRp,Myeloid-noDC-noGran,STAT1,"(-35,-30]","[0,0.729]",-32.5,0.364704876434944,6,0.00587366665013352,0.00464214928090177,0.00611558584786223,6
MMRp,Myeloid-noDC-noGran,STAT1,"(-55,-50]","(2.19,2.92]",-52.5,2.55293413504461,4,0.00703837318565008,0.00492628308416584,0.00852560054267038,6
MMRp,Myeloid-noDC-noGran,STAT1,"(-90,-85]","[0,0.729]",-87.5,0.364704876434944,5,0.00565371024734982,0.00330578512396694,0.00592281238058846,6
MMRp,Myeloid-noDC-noGran,STAT1,"(-45,-40]","(2.92,3.65]",-42.5,3.2823438879145,3,0.0106696100073584,0.00823615896886293,0.0147171349489489,6
MMRp,Myeloid-noDC-noGran,STAT1,"(-45,-40]","(2.19,2.92]",-42.5,2.55293413504461,4,0.00692059058878996,0.00506279066650584,0.00930237384884506,6
MMRp,Myeloid-ISG,STAT1,"(-30,-25]","(3.65,4.38]",-27.5,4.01175364078438,3,0.0243697478991597,0.0209214330893648,0.0255097470460265,6
MMRp,Myeloid-noDC-noGran,STAT1,"(-30,-25]","(3.65,4.38]",-27.5,4.01175364078438,3,0.0156513363833373,0.0119589670808446,0.0166438500098505,6
MMRp,Myeloid-ISG,STAT1,"(0,5]","(2.19,2.92]",2.5,2.55293413504461,3,0.0189328743545611,0.017526310522128,0.0222052906804653,6
MMRp,Myeloid-noDC-noGran,STAT1,"(0,5]","(2.19,2.92]",2.5,2.55293413504461,6,0.00888932410671541,0.00838291246659586,0.0122705670272042,6
MMRp,Myeloid-noDC-noGran,STAT1,"(-70,-65]","(2.19,2.92]",-67.5,2.55293413504461,4,0.00580582161138566,0.0035847736852762,0.00809791145393369,6
MMRp,Myeloid-noDC-noGran,STAT1,"(5,10]","(3.65,4.38]",7.5,4.01175364078438,3,0.0112517580872011,0.0111203845381061,0.0130375096023235,6
MMRp,Myeloid-ISG,STAT1,"(-60,-55]","[0,0.729]",-57.5,0.364704876434944,4,0.00636167474258026,0.00549997848629577,0.00859742935635793,6
MMRp,Myeloid-noDC-noGran,STAT1,"(-50,-45]","(2.19,2.92]",-47.5,2.55293413504461,4,0.00637957375296005,0.00522401256922232,0.00792242635396336,6
MMRp,Myeloid-noDC-noGran,STAT1,"(-80,-75]","(2.92,3.65]",-77.5,3.2823438879145,3,0.0108055009823183,0.00941344567832491,0.0138965217255872,6
MMRp,Myeloid-noDC-noGran,STAT1,"(-25,-20]","(0.729,1.46]",-22.5,1.09411462930483,3,0.00554380334087096,0.00384536381922667,0.00610255516762165,6
MMRp,Myeloid-noDC-noGran,STAT1,"(-55,-50]","(1.46,2.19]",-52.5,1.82352438217472,4,0.00720413301060348,0.00550972094391362,0.0075229679761435,6
MMRp,Myeloid-noDC-noGran,STAT1,"(-35,-30]","(4.38,5.11]",-32.5,4.74116339365427,3,0.0134020618556701,0.0116604538313517,0.0171749320267362,6
MMRp,Myeloid-ISG,STAT1,"(-40,-35]","(2.92,3.65]",-37.5,3.2823438879145,3,0.0191912268677176,0.0148587713285957,0.0200283800490056,6
MMRp,Myeloid-noDC-noGran,STAT1,"(-40,-35]","(2.92,3.65]",-37.5,3.2823438879145,3,0.0135361897303949,0.00927705543867415,0.0154965217646222,6
MMRp,Myeloid-noDC-noGran,STAT1,"(-65,-60]","(1.46,2.19]",-62.5,1.82352438217472,4,0.00468312468312468,0.00305510968432317,0.00782273692609526,6
MMRp,Myeloid-noDC-noGran,STAT1,"(-70,-65]","(2.92,3.65]",-67.5,3.2823438879145,3,0.0149722289302101,0.0107475294174382,0.0161441231231137,6
MMRp,Myeloid-noDC-noGran,STAT1,"(-30,-25]","(0.729,1.46]",-27.5,1.09411462930483,3,0.00619834710743802,0.00476372650235566,0.00630772970345163,6
MMRp,Myeloid-noDC-noGran,STAT1,"[-100,-95]","(2.19,2.92]",-97.5,2.55293413504461,3,0.00713822193380922,0.00460430765427521,0.0109655606710466,6
MMRp,Myeloid-noDC-noGran,STAT1,"(-95,-90]","(2.92,3.65]",-92.5,3.2823438879145,3,0.0149253731343284,0.0125647273834907,0.0175841440570427,6
MMRp,Myeloid-noDC-noGran,STAT1,"(-75,-70]","(2.92,3.65]",-72.5,3.2823438879145,3,0.0115163147792706,0.0111098393468219,0.0127405496179292,6
MMRp,Myeloid-noDC-noGran,STAT1,"(-40,-35]","(4.38,5.11]",-37.5,4.74116339365427,3,0.012987012987013,0.00943036405591472,0.0144336153864285,6
MMRp,Myeloid-noDC-noGran,STAT1,"(-35,-30]","(1.46,2.19]",-32.5,1.82352438217472,5,0.00718232044198895,0.00652938221998995,0.00727240079008799,6
MMRp,Myeloid-noDC-noGran,STAT1,"(65,70]","[0,0.729]",67.5,0.364704876434944,4,0.00577745370288034,0.00489514670793007,0.00935223346238708,6
MMRp,Myeloid-ISG,STAT1,"(5,10]","[0,0.729]",7.5,0.364704876434944,4,0.00877528051567136,0.0075212699392984,0.0120309889679876,6
MMRp,Myeloid-ISG,STAT1,"(-50,-45]","[0,0.729]",-47.5,0.364704876434944,4,0.00558942406719284,0.00412208215652971,0.00751257068567814,6
MMRp,Myeloid-noDC-noGran,STAT1,"(-50,-45]","[0,0.729]",-47.5,0.364704876434944,6,0.00342231611889645,0.00260182704216258,0.00559629959739639,6
MMRp,Myeloid-noDC-noGran,STAT1,"(-90,-85]","(1.46,2.19]",-87.5,1.82352438217472,4,0.00495160720837978,0.00359013067886965,0.00734308284163038,6
MMRp,Myeloid-ISG,STAT1,"[-100,-95]","[0,0.729]",-97.5,0.364704876434944,3,0.00776914539400666,0.00727727837978535,0.00987535610714158,6
MMRp,Myeloid-noDC-noGran,STAT1,"(55,60]","[0,0.729]",57.5,0.364704876434944,5,0.00528169014084507,0.00443131462333826,0.00533807829181495,6
MMRp,Myeloid-noDC-noGran,STAT1,"(10,15]","[0,0.729]",12.5,0.364704876434944,6,0.00680396941382374,0.00490572868906542,0.00738236232541169,6
MMRp,Myeloid-noDC-noGran,STAT1,"(35,40]","[0,0.729]",37.5,0.364704876434944,5,0.00431654676258993,0.00341880341880342,0.0060575466935891,6
MMRp,Myeloid-ISG,STAT1,"(-90,-85]","[0,0.729]",-87.5,0.364704876434944,3,0.00551876379690949,0.00427453341360626,0.00956941774074865,6
MMRp,Myeloid-noDC-noGran,STAT1,"(-40,-35]","(2.19,2.92]",-37.5,2.55293413504461,4,0.00641925630498873,0.00385093604113566,0.009324234874691,6
MMRp,Myeloid-noDC-noGran,STAT1,"(-30,-25]","(1.46,2.19]",-27.5,1.82352438217472,5,0.00395778364116095,0.00330687830687831,0.00598136333109469,6
MMRp,Myeloid-noDC-noGran,STAT1,"(-65,-60]","(2.92,3.65]",-62.5,3.2823438879145,3,0.0124238733252132,0.0106242912554666,0.0163009574341199,6
MMRp,Myeloid-noDC-noGran,STAT1,"(-90,-85]","(2.92,3.65]",-87.5,3.2823438879145,3,0.00966792770071459,0.00647870069246256,0.0166803690791155,6
MMRp,Myeloid-noDC-noGran,STAT1,"(-60,-55]","(1.46,2.19]",-57.5,1.82352438217472,4,0.00658508586103649,0.00476815349837349,0.00815647057234204,6
MMRp,Myeloid-noDC-noGran,STAT1,"(-65,-60]","(2.19,2.92]",-62.5,2.55293413504461,4,0.00728276237305469,0.00538209609273701,0.0102808715277576,6
MMRp,Myeloid-noDC-noGran,STAT1,"(-75,-70]","(2.19,2.92]",-72.5,2.55293413504461,4,0.00616785732768069,0.00500955438055358,0.00782094043178496,6
MMRp,Myeloid-noDC-noGran,STAT1,"(-55,-50]","(3.65,4.38]",-52.5,4.01175364078438,3,0.0123358535614803,0.0120453407186075,0.0170624221935842,6
MMRp,Myeloid-noDC-noGran,STAT1,"(-60,-55]","(2.19,2.92]",-57.5,2.55293413504461,4,0.00665958101840757,0.00422198027886721,0.00868177803595365,6
MMRp,Myeloid-noDC-noGran,STAT1,"(-60,-55]","(2.92,3.65]",-57.5,3.2823438879145,3,0.010918585331118,0.0101045629358293,0.0123829961681384,6
MMRp,Myeloid-noDC-noGran,STAT1,"(-45,-40]","(1.46,2.19]",-42.5,1.82352438217472,4,0.00557780826077732,0.00433952761484004,0.00634600561551147,6
MMRp,Myeloid-noDC-noGran,STAT1,"(-80,-75]","(1.46,2.19]",-77.5,1.82352438217472,3,0.00691562932226833,0.00607437032240914,0.00716419687049956,6
MMRp,Myeloid-noDC-noGran,STAT1,"(-75,-70]","(1.46,2.19]",-72.5,1.82352438217472,4,0.00539164941338854,0.00433543911804781,0.00637773876109172,6
MMRp,Myeloid-noDC-noGran,STAT1,"(-90,-85]","(2.19,2.92]",-87.5,2.55293413504461,3,0.00641482537419815,0.00592776089166926,0.00661121060899087,6
MMRp,Myeloid-noDC-noGran,STAT1,"(-85,-80]","(2.19,2.92]",-82.5,2.55293413504461,3,0.00655572365103379,0.00569332076271496,0.00901086755852263,6
MMRp,Myeloid-noDC-noGran,STAT1,"(5,10]","(2.92,3.65]",7.5,3.2823438879145,3,0.0112359550561798,0.00793136432636256,0.0150757328874846,6
MMRp,Myeloid-noDC-noGran,STAT1,"(-95,-90]","(2.19,2.92]",-92.5,2.55293413504461,3,0.00652985074626866,0.00636090060533247,0.0137411158493248,6
MMRp,Myeloid-noDC-noGran,STAT1,"(60,65]","[0,0.729]",62.5,0.364704876434944,5,0.00150829562594269,0.00103092783505155,0.00263852242744063,6
MMRp,Myeloid-noDC-noGran,STAT1,"(75,80]","[0,0.729]",77.5,0.364704876434944,4,0.00270752778397229,0.0016584436326834,0.0057548814848049,6
MMRp,Myeloid-noDC-noGran,STAT1,"(95,100]","[0,0.729]",97.5,0.364704876434944,3,0.001230012300123,0.000615006150061501,0.00707495447047494,6
MMRp,Myeloid-noDC-noGran,STAT1,"(25,30]","[0,0.729]",27.5,0.364704876434944,5,0.00371155885471898,0.00317965023847377,0.00562700964630225,6
MMRp,Myeloid-noDC-noGran,STAT1,"(50,55]","[0,0.729]",52.5,0.364704876434944,5,0.00453400503778338,0.00142450142450142,0.00601805416248746,6
MMRp,Myeloid-noDC-noGran,STAT1,"(30,35]","[0,0.729]",32.5,0.364704876434944,5,0.00437636761487965,0.00394866732477789,0.00455432661027977,6
MMRp,Myeloid-noDC-noGran,STAT1,"(80,85]","[0,0.729]",82.5,0.364704876434944,4,0.00446226630070641,0.00274725274725275,0.00552985711104669,6
MMRp,Myeloid-noDC-noGran,STAT1,"(40,45]","[0,0.729]",42.5,0.364704876434944,5,0.00530035335689046,0.00419111483654652,0.00845070422535211,6
MMRp,Myeloid-noDC-noGran,STAT1,"(45,50]","[0,0.729]",47.5,0.364704876434944,5,0.00439882697947214,0.00414593698175788,0.00754549489569463,6
MMRp,Myeloid-noDC-noGran,STAT1,"(0,5]","(0.729,1.46]",2.5,1.09411462930483,4,0.00470476146322052,0.00411785735764833,0.00622403850525547,6
MMRp,Myeloid-noDC-noGran,STAT1,"(-40,-35]","(0.729,1.46]",-37.5,1.09411462930483,3,0.00379939209726444,0.00378162948761796,0.00504942953272203,6
MMRp,Myeloid-noDC-noGran,STAT1,"(-50,-45]","(0.729,1.46]",-47.5,1.09411462930483,3,0.00339869281045752,0.00270515775972138,0.00416703148160949,6
MMRp,Myeloid-noDC-noGran,STAT1,"(5,10]","(1.46,2.19]",7.5,1.82352438217472,3,0.00590883511536297,0.00483765672905625,0.00619941485351707,6
MMRp,Myeloid-noDC-noGran,STAT1,"(-65,-60]","(0.729,1.46]",-62.5,1.09411462930483,3,0.0036068530207394,0.00328522159927741,0.00470758914347716,6
MMRp,Myeloid-noDC-noGran,STAT1,"(-35,-30]","(0.729,1.46]",-32.5,1.09411462930483,3,0.00534416417272339,0.00421975026630391,0.00574213511455036,6
MMRp,Myeloid-noDC-noGran,STAT1,"(-45,-40]","(0.729,1.46]",-42.5,1.09411462930483,3,0.00484076433121019,0.00439034030399466,0.00543762354491544,6
MMRp,Myeloid-noDC-noGran,STAT1,"(-55,-50]","(0.729,1.46]",-52.5,1.09411462930483,3,0.00371287128712871,0.00275814889874921,0.00457441781360132,6
MMRp,Myeloid-noDC-noGran,STAT1,"(15,20]","[0,0.729]",17.5,0.364704876434944,5,0.00700280112044818,0.00428015564202335,0.0070041388092964,6
MMRp,Myeloid-noDC-noGran,STAT1,"(-80,-75]","(0.729,1.46]",-77.5,1.09411462930483,3,0.00330396475770925,0.00329132664114971,0.00402727929096864,6
MMRp,Myeloid-noDC-noGran,STAT1,"(5,10]","(0.729,1.46]",7.5,1.09411462930483,3,0.0062992125984252,0.00570352230375289,0.0106122928663768,6
MMRp,Myeloid-noDC-noGran,STAT1,"(90,95]","[0,0.729]",92.5,0.364704876434944,3,0.00195694716242661,0.000978473581213307,0.00590805104600204,6
MMRp,Myeloid-noDC-noGran,STAT1,"(10,15]","(1.46,2.19]",12.5,1.82352438217472,3,0.00392817059483726,0.00305104181915776,0.00755849089182423,6
MMRp,Tcd4-CXCL13,STAT1,"(-5,0]","[0,0.729]",-2.5,0.364704876434944,4,0.00710608567751425,0.00255102040816327,0.0113431907824431,6
MMRp,Tcd4-CXCL13,STAT1,"(-10,-5]","[0,0.729]",-7.5,0.364704876434944,4,0.0145343936158256,0.0125771441598411,0.0164148108872393,6
MMRp,Tcd4-CXCL13,STAT1,"(-15,-10]","[0,0.729]",-12.5,0.364704876434944,3,0.0101130279595479,0.00863433151107985,0.0115924616921922,6
MMRp,Tcd4-Treg-comb,STAT1,"(-15,-10]","[0,0.729]",-12.5,0.364704876434944,5,0.00831600831600832,0.00776937231649969,0.00865613503570656,6
MMRp,Tcd4-Treg-comb,STAT1,"(-5,0]","[0,0.729]",-2.5,0.364704876434944,5,0.00843060959792477,0.0080548097398389,0.0109140518417462,6
MMRp,Tcd4-Treg-comb,STAT1,"(-10,-5]","[0,0.729]",-7.5,0.364704876434944,5,0.00846824408468244,0.00839763958238765,0.00891735744787742,6
MMRp,Tcd4-Treg-comb,STAT1,"(-15,-10]","(1.46,2.19]",-12.5,1.82352438217472,4,0.00993642372952718,0.00980583761947586,0.0122773777946192,6
MMRp,Tcd4-Treg-comb,STAT1,"(0,5]","[0,0.729]",2.5,0.364704876434944,5,0.00408997955010225,0.00366300366300366,0.0127706829539145,6
MMRp,Tcd4-Treg-comb,STAT1,"(-10,-5]","(1.46,2.19]",-7.5,1.82352438217472,5,0.00961108627626285,0.00726744186046512,0.0117202268431002,6
MMRp,Tcd4-Treg-comb,STAT1,"(-5,0]","(1.46,2.19]",-2.5,1.82352438217472,5,0.00831353919239905,0.00792079207920792,0.010125,6
MMRp,Tcd4-Treg-comb,STAT1,"(-25,-20]","[0,0.729]",-22.5,0.364704876434944,5,0.00578990901571547,0.00456242223143924,0.00759179502153442,6
MMRp,Tcd4-Treg-comb,STAT1,"(-5,0]","(0.729,1.46]",-2.5,1.09411462930483,4,0.00938030282064541,0.00805486375803546,0.0107520360316649,6
MMRp,Tcd4-Treg-comb,STAT1,"(-30,-25]","(1.46,2.19]",-27.5,1.82352438217472,3,0.0108678776587486,0.00826680001917602,0.0129500447706771,6
MMRp,Tcd4-Treg-comb,STAT1,"(-20,-15]","[0,0.729]",-17.5,0.364704876434944,4,0.0105033870092495,0.00835222958356927,0.0122044719644346,6
MMRp,Tcd4-Treg-comb,STAT1,"(-50,-45]","[0,0.729]",-47.5,0.364704876434944,3,0.0104166666666667,0.00966598563645369,0.0111455682782019,6
MMRp,Tcd4-Treg-comb,STAT1,"(-55,-50]","[0,0.729]",-52.5,0.364704876434944,3,0.00675675675675676,0.00522475947143599,0.00736849808196949,6
MMRp,Tcd4-Treg-comb,STAT1,"(-25,-20]","(1.46,2.19]",-22.5,1.82352438217472,3,0.00961954172070904,0.00855977086035452,0.010284223415099,6
MMRp,Tcd4-Treg-comb,STAT1,"(-35,-30]","[0,0.729]",-32.5,0.364704876434944,3,0.0063600782778865,0.0056926019530136,0.00763901654679105,6
MMRp,Tcd4-Treg-comb,STAT1,"(-40,-35]","[0,0.729]",-37.5,0.364704876434944,4,0.00916696965134115,0.0071856872065001,0.0106773245736174,6
MMRp,Tcd4-Treg-comb,STAT1,"(-30,-25]","[0,0.729]",-27.5,0.364704876434944,4,0.00735585855274099,0.00678938257485083,0.00821376986085541,6
MMRp,Tcd4-Treg-comb,STAT1,"(-65,-60]","[0,0.729]",-62.5,0.364704876434944,3,0.0111677591648458,0.00821545852979134,0.0112656977642411,6
MMRp,Tcd4-Treg-comb,STAT1,"(-90,-85]","[0,0.729]",-87.5,0.364704876434944,3,0.00758725341426404,0.00753334248873262,0.0109878713114486,6
MMRp,Tcd4-Treg-comb,STAT1,"(-80,-75]","[0,0.729]",-77.5,0.364704876434944,3,0.0117762512266928,0.0112198791678488,0.015038452410732,6
MMRp,Tcd4-Treg-comb,STAT1,"(-45,-40]","[0,0.729]",-42.5,0.364704876434944,3,0.0066006600660066,0.00532975671996423,0.00862948363801898,6
MMRp,Tcd4-Treg-comb,STAT1,"(-60,-55]","[0,0.729]",-57.5,0.364704876434944,3,0.0048,0.00461238938053097,0.00632112928523415,6
MMRp,CD8-all,STAT1,"(-5,0]","(2.92,3.65]",-2.5,3.2823438879145,3,0.0104230533415083,0.00663602809525556,0.0107329990633922,6
MMRp,Tcd8-CXCL13-comb,STAT1,"(-5,0]","[0,0.729]",-2.5,0.364704876434944,5,0.00662589194699287,0.00598802395209581,0.0108147080028839,6
MMRp,CD8-all,STAT1,"(-5,0]","[0,0.729]",-2.5,0.364704876434944,5,0.00507246376811594,0.00492206726825267,0.00718974679587371,6
MMRp,CD8-all,STAT1,"(-20,-15]","[0,0.729]",-17.5,0.364704876434944,3,0.00823045267489712,0.00813188804527361,0.00919652715045669,6
MMRp,CD8-all,STAT1,"(5,10]","[0,0.729]",7.5,0.364704876434944,3,0.0031201248049922,0.00248087271557161,0.00899807893142172,6
MMRp,CD8-all,STAT1,"(-15,-10]","[0,0.729]",-12.5,0.364704876434944,4,0.00744086219447908,0.00554230301494042,0.00868158407669252,6
MMRp,Tcd8-CXCL13-comb,STAT1,"(-10,-5]","[0,0.729]",-7.5,0.364704876434944,3,0.00767263427109975,0.00738241642633001,0.0102993018594042,6
MMRp,CD8-all,STAT1,"(-10,-5]","[0,0.729]",-7.5,0.364704876434944,5,0.005090236001851,0.00505050505050505,0.00686274509803922,6
MMRp,CD8-all,STAT1,"(-25,-20]","[0,0.729]",-22.5,0.364704876434944,4,0.00843094204410357,0.00542685712277743,0.0120534339390206,6
MMRp,CD8-all,STAT1,"(0,5]","[0,0.729]",2.5,0.364704876434944,4,0.0057894001590406,0.00430154326252521,0.00699086543530562,6
MMRp,Tcd8-HOBIT,STAT1,"(-10,-5]","[0,0.729]",-7.5,0.364704876434944,3,0.00683371298405467,0.00653698129701954,0.00760680062610555,6
MMRp,Tcd8-HOBIT,STAT1,"(-5,0]","[0,0.729]",-2.5,0.364704876434944,3,0.00531208499335989,0.00413387500899522,0.00625316479883822,6
MMRp,Tplzf-gdlike-comb,STAT1,"(-5,0]","[0,0.729]",-2.5,0.364704876434944,3,0.00634249471458774,0.0055022496882962,0.00951374207188161,6
MMRp,Myeloid-mregDC,CD274,"(-5,0]","(2.19,2.92]",-2.5,2.55293413504461,5,0.000314861460957179,0,0.000908265213442325,6
MMRp,Myeloid-mregDC,CD274,"(-20,-15]","(2.92,3.65]",-17.5,3.2823438879145,3,0,0,0.00145772594752187,6
MMRp,Myeloid-mregDC,CD274,"(-15,-10]","(2.92,3.65]",-12.5,3.2823438879145,3,0.000405679513184584,0.000202839756592292,0.000955851804785063,6
MMRp,Myeloid-mregDC,CD274,"(-10,-5]","(2.92,3.65]",-7.5,3.2823438879145,3,0.00119189511323004,0.00117666764953023,0.00182043735253339,6
MMRp,Myeloid-mregDC,CD274,"(-10,-5]","(2.19,2.92]",-7.5,2.55293413504461,4,0.000282885431400283,0,0.000828858891436994,6
MMRp,Myeloid-mregDC,CD274,"(-5,0]","(3.65,4.38]",-2.5,4.01175364078438,3,0.00116414435389988,0.000582072176949942,0.00436040970843609,6
MMRp,Myeloid-mregDC,CD274,"(-30,-25]","(2.19,2.92]",-27.5,2.55293413504461,3,0,0,0.000208246563931695,6
MMRp,Myeloid-mregDC,CD274,"(-15,-10]","[0,0.729]",-12.5,0.364704876434944,5,0.00016594756057086,0,0.000308737264587836,6
MMRp,Myeloid-mregDC,CD274,"(-5,0]","[0,0.729]",-2.5,0.364704876434944,5,0.00016202203499676,0,0.00047192071731949,6
MMRp,Myeloid-mregDC,CD274,"(-10,-5]","[0,0.729]",-7.5,0.364704876434944,5,0.00040016006402561,0.000322372662798195,0.000505816894284269,6
MMRp,Myeloid-mregDC,CD274,"(-5,0]","(1.46,2.19]",-2.5,1.82352438217472,4,0.000627128153435349,0.000449640287769784,0.00112718425790487,6
MMRp,Myeloid-mregDC,CD274,"(-10,-5]","(1.46,2.19]",-7.5,1.82352438217472,3,0,0,0.000345960906417575,6
MMRp,Myeloid-mregDC,CD274,"(-5,0]","(0.729,1.46]",-2.5,1.09411462930483,3,0,0,0.00053475935828877,6
MMRp,Myeloid-mregDC,CD274,"(-15,-10]","(1.46,2.19]",-12.5,1.82352438217472,3,0,0,0.000232883092687471,6
MMRp,Myeloid-mregDC,CD274,"(-15,-10]","(2.19,2.92]",-12.5,2.55293413504461,3,0.000774593338497289,0.000387296669248645,0.00089234717429915,6
MMRp,Myeloid-mregDC,CD274,"(-40,-35]","[0,0.729]",-37.5,0.364704876434944,4,0.000310655483069276,0,0.00110783174835231,6
MMRp,Myeloid-mregDC,CD274,"(0,5]","[0,0.729]",2.5,0.364704876434944,3,0,0,0.000335345405767941,6
MMRp,Myeloid-mregDC,CD274,"(-25,-20]","[0,0.729]",-22.5,0.364704876434944,4,0.000149925037481259,0,0.000390231471565804,6
MMRp,Myeloid-mregDC,CD274,"(-35,-30]","[0,0.729]",-32.5,0.364704876434944,3,0,0,0.000148367952522255,6
MMRp,Myeloid-mregDC,CD274,"(-20,-15]","[0,0.729]",-17.5,0.364704876434944,3,0.000508905852417303,0.000254452926208651,0.000757268694511145,6
MMRp,Myeloid-mregDC,CD274,"(-30,-25]","[0,0.729]",-27.5,0.364704876434944,3,0.000237586124970302,0.000118793062485151,0.00100453265504494,6
MMRp,Myeloid-ISG,CD274,"(-5,0]","(3.65,4.38]",-2.5,4.01175364078438,3,0.000886524822695036,0.000600792342034348,0.00120018282657243,6
MMRp,Myeloid-noDC-noGran,CD274,"(-5,0]","(3.65,4.38]",-2.5,4.01175364078438,4,0.000671218021459579,0.000455227284783606,0.000882237010339073,6
MMRp,Myeloid-noDC-noGran,CD274,"(-20,-15]","(1.46,2.19]",-17.5,1.82352438217472,6,0.000283395755963539,6.29009938357026e-05,0.000413468905565076,6
MMRp,Myeloid-ISG,CD274,"(-10,-5]","(3.65,4.38]",-7.5,4.01175364078438,3,0.000523286237571952,0.000412654897704732,0.00131427469773334,6
MMRp,Myeloid-noDC-noGran,CD274,"(-10,-5]","(3.65,4.38]",-7.5,4.01175364078438,4,0.000844071743874195,0.000440202336050094,0.00143194891293751,6
MMRp,Myeloid-ISG,CD274,"(-10,-5]","[0,0.729]",-7.5,0.364704876434944,6,9.31879601155531e-05,0,0.000354475753456791,6
MMRp,Myeloid-noDC-noGran,CD274,"(-10,-5]","[0,0.729]",-7.5,0.364704876434944,6,0.00033818034054607,0.000254712798615644,0.000428161342875787,6
MMRp,Myeloid-ISG,CD274,"(-15,-10]","(4.38,5.11]",-12.5,4.74116339365427,3,0.00125509883903357,0.000800320670380643,0.00190305962359842,6
MMRp,Myeloid-noDC-noGran,CD274,"(-15,-10]","(4.38,5.11]",-12.5,4.74116339365427,4,0.00100632687793767,0.000649069666810904,0.00119128354051381,6
MMRp,Myeloid-ISG,CD274,"(-10,-5]","(2.19,2.92]",-7.5,2.55293413504461,6,0.000152796169909341,0,0.000721836983405617,6
MMRp,Myeloid-noDC-noGran,CD274,"(-10,-5]","(2.19,2.92]",-7.5,2.55293413504461,6,0.000386543846113815,9.4876660341556e-05,0.00039755760814814,6
MMRp,Myeloid-ISG,CD274,"(-10,-5]","(4.38,5.11]",-7.5,4.74116339365427,3,0.00147783251231527,0.00140000043420964,0.00157901706825509,6
MMRp,Myeloid-noDC-noGran,CD274,"(-10,-5]","(4.38,5.11]",-7.5,4.74116339365427,4,0.00101289656301558,0.00085217512229439,0.00115713313547547,6
MMRp,Myeloid-ISG,CD274,"(-20,-15]","(2.92,3.65]",-17.5,3.2823438879145,3,0.000192344681669552,9.61723408347759e-05,0.000300587712870753,6
MMRp,Myeloid-noDC-noGran,CD274,"(-20,-15]","(2.92,3.65]",-17.5,3.2823438879145,5,0.000125031257814454,0,0.000342270393610953,6
MMRp,Myeloid-ISG,CD274,"(-5,0]","(2.19,2.92]",-2.5,2.55293413504461,5,0.000655307994757536,0.00050125313283208,0.000735294117647059,6
MMRp,Myeloid-noDC-noGran,CD274,"(-5,0]","(2.19,2.92]",-2.5,2.55293413504461,6,0.000353853068288404,0.000298361513701398,0.000707808290593379,6
MMRp,Myeloid-noDC-noGran,CD274,"(0,5]","(3.65,4.38]",2.5,4.01175364078438,3,0.00104058272632674,0.000727502303901042,0.0014394090102222,6
MMRp,Myeloid-ISG,CD274,"(-25,-20]","[0,0.729]",-22.5,0.364704876434944,6,0.000187570338877079,0,0.000567270017923388,6
MMRp,Myeloid-noDC-noGran,CD274,"(-25,-20]","[0,0.729]",-22.5,0.364704876434944,6,0.000198578518945916,0.000138806181317521,0.00031550743496653,6
MMRp,Myeloid-noDC-noGran,CD274,"(-85,-80]","(2.92,3.65]",-82.5,3.2823438879145,3,0.000798722044728434,0.000747308134403187,0.000965185239640717,6
MMRp,Myeloid-ISG,CD274,"(-25,-20]","(3.65,4.38]",-22.5,4.01175364078438,3,0.00105300105300105,0.000784498462517038,0.00105841542011755,6
MMRp,Myeloid-noDC-noGran,CD274,"(-25,-20]","(3.65,4.38]",-22.5,4.01175364078438,4,0.000951128039297897,0.000787776308057542,0.00108524087008969,6
MMRp,Myeloid-ISG,CD274,"(-5,0]","(5.11,5.84]",-2.5,5.47057314652416,3,0,0,0.00286259541984733,6
MMRp,Myeloid-noDC-noGran,CD274,"(-5,0]","(5.11,5.84]",-2.5,5.47057314652416,3,0.000625,0.0003125,0.00246922178289001,6
MMRp,Myeloid-ISG,CD274,"(-5,0]","(4.38,5.11]",-2.5,4.74116339365427,3,0.00125997480050399,0.000804873724141467,0.00156050849206341,6
MMRp,Myeloid-noDC-noGran,CD274,"(-5,0]","(4.38,5.11]",-2.5,4.74116339365427,3,0.000709345628657563,0.000491079852931974,0.00101375997860626,6
MMRp,Myeloid-ISG,CD274,"(-35,-30]","(3.65,4.38]",-32.5,4.01175364078438,3,0.00101214574898785,0.000506072874493927,0.00120832006550516,6
MMRp,Myeloid-noDC-noGran,CD274,"(-35,-30]","(3.65,4.38]",-32.5,4.01175364078438,3,0.000701508242721852,0.000350754121360926,0.000921437310664693,6
MMRp,Myeloid-ISG,CD274,"(-10,-5]","(5.11,5.84]",-7.5,5.47057314652416,3,0.00139762403913347,0.00128774017033234,0.00236436831536953,6
MMRp,Myeloid-noDC-noGran,CD274,"(-10,-5]","(5.11,5.84]",-7.5,5.47057314652416,3,0.0017472335468841,0.00148449032261737,0.00227182706426979,6
MMRp,Myeloid-ISG,CD274,"(-20,-15]","(4.38,5.11]",-17.5,4.74116339365427,3,0.00154718927282104,0.00147831627136471,0.00203462868432981,6
MMRp,Myeloid-noDC-noGran,CD274,"(-20,-15]","(4.38,5.11]",-17.5,4.74116339365427,3,0.00107845780533837,0.000906966093157048,0.00143838507918046,6
MMRp,Myeloid-ISG,CD274,"(-10,-5]","(2.92,3.65]",-7.5,3.2823438879145,3,0.000262329485834208,0.000131164742917104,0.000593984860164867,6
MMRp,Myeloid-noDC-noGran,CD274,"(-10,-5]","(2.92,3.65]",-7.5,3.2823438879145,6,0.000298246108618411,0.00024352068792978,0.000534834229390681,6
MMRp,Myeloid-noDC-noGran,CD274,"(5,10]","(2.19,2.92]",7.5,2.55293413504461,4,0.000959097449433156,0.000675675675675676,0.00127631752106133,6
MMRp,Myeloid-ISG,CD274,"(-5,0]","(2.92,3.65]",-2.5,3.2823438879145,3,0.000511967234097018,0.000255983617048509,0.000831622576293271,6
MMRp,Myeloid-noDC-noGran,CD274,"(-5,0]","(2.92,3.65]",-2.5,3.2823438879145,6,0.000442275141076233,0.00017353431942415,0.000748594727012825,6
MMRp,Myeloid-ISG,CD274,"(-15,-10]","(2.92,3.65]",-12.5,3.2823438879145,4,0.000413223140495868,0,0.000853698134504325,6
MMRp,Myeloid-noDC-noGran,CD274,"(-15,-10]","(2.92,3.65]",-12.5,3.2823438879145,6,0.000293013007936322,6.34303112313938e-05,0.000888085137280595,6
MMRp,Myeloid-noDC-noGran,CD274,"(-55,-50]","(2.92,3.65]",-52.5,3.2823438879145,3,0.000472255017709563,0.000236127508854782,0.000781582054309327,6
MMRp,Myeloid-ISG,CD274,"(-15,-10]","(3.65,4.38]",-12.5,4.01175364078438,3,0.00104547830632514,0.000882106666339381,0.00154669983307246,6
MMRp,Myeloid-noDC-noGran,CD274,"(-15,-10]","(3.65,4.38]",-12.5,4.01175364078438,4,0.00111625042697268,0.000889157980252695,0.00148785737716307,6
MMRp,Myeloid-noDC-noGran,CD274,"(-80,-75]","(2.19,2.92]",-77.5,2.55293413504461,4,0,0,0.000157298657718121,6
MMRp,Myeloid-ISG,CD274,"(0,5]","(2.92,3.65]",2.5,3.2823438879145,3,0.00114942528735632,0.000574712643678161,0.00132098130039458,6
MMRp,Myeloid-noDC-noGran,CD274,"(0,5]","(2.92,3.65]",2.5,3.2823438879145,3,0.000487329434697856,0.000243664717348928,0.000991048872804832,6
MMRp,Myeloid-ISG,CD274,"(0,5]","[0,0.729]",2.5,0.364704876434944,6,0.000753012048192771,0,0.00155205461343808,6
MMRp,Myeloid-noDC-noGran,CD274,"(0,5]","[0,0.729]",2.5,0.364704876434944,6,0.000347683181496919,0.000182271960430523,0.00048213345023232,6
MMRp,Myeloid-noDC-noGran,CD274,"(-60,-55]","(3.65,4.38]",-57.5,4.01175364078438,3,0.000907441016333938,0.000757671875948124,0.00176950998185118,6
MMRp,Myeloid-noDC-noGran,CD274,"(-70,-65]","[0,0.729]",-67.5,0.364704876434944,5,0.000234192037470726,0.000182759671032592,0.000427289559891753,6
MMRp,Myeloid-noDC-noGran,CD274,"(-50,-45]","(3.65,4.38]",-47.5,4.01175364078438,3,0.000936768149882904,0.000773820849529112,0.00271810286009331,6
MMRp,Myeloid-noDC-noGran,CD274,"(5,10]","[0,0.729]",7.5,0.364704876434944,6,0.000109051254089422,0,0.000706510558948507,6
MMRp,Myeloid-noDC-noGran,CD274,"(-35,-30]","(2.19,2.92]",-32.5,2.55293413504461,4,0.000770516188637088,0.000532915360501567,0.000833385238243538,6
MMRp,Myeloid-ISG,CD274,"(-30,-25]","(4.38,5.11]",-27.5,4.74116339365427,3,0.00100874243443174,0.000504371217215871,0.00165116020804156,6
MMRp,Myeloid-noDC-noGran,CD274,"(-30,-25]","(4.38,5.11]",-27.5,4.74116339365427,3,0.000974658869395711,0.000952878782928768,0.00113668008404851,6
MMRp,Myeloid-ISG,CD274,"(-25,-20]","(2.92,3.65]",-22.5,3.2823438879145,3,0,0,0.000508474576271186,6
MMRp,Myeloid-noDC-noGran,CD274,"(-25,-20]","(2.92,3.65]",-22.5,3.2823438879145,4,0.000285214342889881,0.000200445434298441,0.000423869429492245,6
MMRp,Myeloid-noDC-noGran,CD274,"(-65,-60]","(3.65,4.38]",-62.5,4.01175364078438,3,0.000975609756097561,0.000487804878048781,0.00148184066333705,6
MMRp,Myeloid-ISG,CD274,"(-95,-90]","[0,0.729]",-92.5,0.364704876434944,3,0,0,0,6
MMRp,Myeloid-noDC-noGran,CD274,"(-95,-90]","[0,0.729]",-92.5,0.364704876434944,4,0.000162142049175448,6.13948919449902e-05,0.000315639218485146,6
MMRp,Myeloid-ISG,CD274,"(-35,-30]","(2.92,3.65]",-32.5,3.2823438879145,3,0.000547645125958379,0.00027382256297919,0.000599131606570601,6
MMRp,Myeloid-noDC-noGran,CD274,"(-35,-30]","(2.92,3.65]",-32.5,3.2823438879145,4,0.000220260464704106,0.000113293051359517,0.000383505455769862,6
MMRp,Myeloid-ISG,CD274,"(-45,-40]","[0,0.729]",-42.5,0.364704876434944,4,0,0,0.000204540805890775,6
MMRp,Myeloid-noDC-noGran,CD274,"(-45,-40]","[0,0.729]",-42.5,0.364704876434944,6,0.000136211945787646,0,0.000358736058920328,6
MMRp,Myeloid-ISG,CD274,"(-25,-20]","(2.19,2.92]",-22.5,2.55293413504461,3,0.00030826140567201,0.000154130702836005,0.000443873797292254,6
MMRp,Myeloid-noDC-noGran,CD274,"(-25,-20]","(2.19,2.92]",-22.5,2.55293413504461,6,0.000103551827689759,0,0.000232064375383341,6
MMRp,Myeloid-noDC-noGran,CD274,"(-30,-25]","(2.19,2.92]",-27.5,2.55293413504461,6,0.000486559025631589,0.000114468864468864,0.000616256772722657,6
MMRp,Myeloid-ISG,CD274,"(-55,-50]","[0,0.729]",-52.5,0.364704876434944,4,0,0,0.000231696014828545,6
MMRp,Myeloid-noDC-noGran,CD274,"(-55,-50]","[0,0.729]",-52.5,0.364704876434944,6,4.75149672146726e-05,0,0.000185975764526141,6
MMRp,Myeloid-noDC-noGran,CD274,"(-40,-35]","(3.65,4.38]",-37.5,4.01175364078438,3,0.000698974836905871,0.000349487418452936,0.000951172135661119,6
MMRp,Myeloid-ISG,CD274,"(-20,-15]","(3.65,4.38]",-17.5,4.01175364078438,3,0.00145772594752187,0.000868684002843707,0.00183180415023152,6
MMRp,Myeloid-noDC-noGran,CD274,"(-20,-15]","(3.65,4.38]",-17.5,4.01175364078438,4,0.000812506524044357,0.000507589674175771,0.00100901076714021,6
MMRp,Myeloid-ISG,CD274,"(-30,-25]","(2.92,3.65]",-27.5,3.2823438879145,3,0,0,0.000177367860943597,6
MMRp,Myeloid-noDC-noGran,CD274,"(-30,-25]","(2.92,3.65]",-27.5,3.2823438879145,4,0.00034828068739443,0.000244591803456897,0.000445865075282245,6
MMRp,Myeloid-noDC-noGran,CD274,"(-50,-45]","(2.92,3.65]",-47.5,3.2823438879145,4,0.00027690827617326,0.000150905432595573,0.000382381509966203,6
MMRp,Myeloid-noDC-noGran,CD274,"(-50,-45]","(1.46,2.19]",-47.5,1.82352438217472,4,0.000329309808403464,0.000137161667885882,0.000499293782821338,6
MMRp,Myeloid-ISG,CD274,"(-40,-35]","[0,0.729]",-37.5,0.364704876434944,4,7.4827895839569e-05,0,0.000232203456043423,6
MMRp,Myeloid-noDC-noGran,CD274,"(-40,-35]","[0,0.729]",-37.5,0.364704876434944,6,0.000248141026215238,5.81318097262822e-05,0.000368358058220046,6
MMRp,Myeloid-noDC-noGran,CD274,"(-80,-75]","(3.65,4.38]",-77.5,4.01175364078438,3,0,0,0.0012531328320802,6
MMRp,Myeloid-ISG,CD274,"(-75,-70]","[0,0.729]",-72.5,0.364704876434944,4,0.000212404418011895,0,0.000587713193218057,6
MMRp,Myeloid-noDC-noGran,CD274,"(-75,-70]","[0,0.729]",-72.5,0.364704876434944,5,0.000326583932070542,0.000295464618111981,0.000384862091084028,6
MMRp,Myeloid-ISG,CD274,"(-30,-25]","[0,0.729]",-27.5,0.364704876434944,5,0.000338142470694319,0,0.000467453546803786,6
MMRp,Myeloid-noDC-noGran,CD274,"(-30,-25]","[0,0.729]",-27.5,0.364704876434944,6,0.000378682971098136,0.000323859429941599,0.00051732834421359,6
MMRp,Myeloid-noDC-noGran,CD274,"(-85,-80]","(1.46,2.19]",-82.5,1.82352438217472,4,0,0,0.000256726227151366,6
MMRp,Myeloid-noDC-noGran,CD274,"(-15,-10]","(1.46,2.19]",-12.5,1.82352438217472,6,0.000194126281082803,4.33125433125433e-05,0.000324498945663933,6
MMRp,Myeloid-ISG,CD274,"(-85,-80]","[0,0.729]",-82.5,0.364704876434944,4,0,0,0.000172057811424639,6
MMRp,Myeloid-noDC-noGran,CD274,"(-85,-80]","[0,0.729]",-82.5,0.364704876434944,4,0.000533354116237461,0.000339875435082676,0.000650430405005802,6
MMRp,Myeloid-ISG,CD274,"(-10,-5]","(1.46,2.19]",-7.5,1.82352438217472,5,0.000737851797196163,0,0.000812567713976165,6
MMRp,Myeloid-noDC-noGran,CD274,"(-10,-5]","(1.46,2.19]",-7.5,1.82352438217472,6,0.000408251273476152,0.000367459500162223,0.000449452023928175,6
MMRp,Myeloid-ISG,CD274,"(-20,-15]","[0,0.729]",-17.5,0.364704876434944,6,0,0,0.000425170068027211,6
MMRp,Myeloid-noDC-noGran,CD274,"(-20,-15]","[0,0.729]",-17.5,0.364704876434944,6,0.00015031775093502,3.58815777455931e-05,0.000258671768981241,6
MMRp,Myeloid-ISG,CD274,"(-15,-10]","[0,0.729]",-12.5,0.364704876434944,6,0.000158963572872797,3.75600961538462e-05,0.000278858570297716,6
MMRp,Myeloid-noDC-noGran,CD274,"(-15,-10]","[0,0.729]",-12.5,0.364704876434944,6,0.000232393557901005,0.000224579199305666,0.000310494308574623,6
MMRp,Myeloid-ISG,CD274,"(-5,0]","[0,0.729]",-2.5,0.364704876434944,6,0.000297363054121698,0.000144532303935018,0.000494227959740421,6
MMRp,Myeloid-noDC-noGran,CD274,"(-5,0]","[0,0.729]",-2.5,0.364704876434944,6,0.000285525607431063,0.0002504926388105,0.00031698512185621,6
MMRp,Myeloid-ISG,CD274,"(-5,0]","(1.46,2.19]",-2.5,1.82352438217472,5,0,0,0.000420964007577352,6
MMRp,Myeloid-noDC-noGran,CD274,"(-5,0]","(1.46,2.19]",-2.5,1.82352438217472,6,0.000233819902504094,0.000177579310387073,0.000334291559447451,6
MMRp,Myeloid-noDC-noGran,CD274,"(-60,-55]","[0,0.729]",-57.5,0.364704876434944,5,0.00030946977511863,0.000195608587216979,0.000392003136025088,6
MMRp,Myeloid-noDC-noGran,CD274,"(0,5]","(1.46,2.19]",2.5,1.82352438217472,5,0.000275747966358748,0,0.000396982929734021,6
MMRp,Myeloid-ISG,CD274,"(-5,0]","(0.729,1.46]",-2.5,1.09411462930483,4,0,0,0.000146735143066765,6
MMRp,Myeloid-noDC-noGran,CD274,"(-5,0]","(0.729,1.46]",-2.5,1.09411462930483,5,0.000292631537876275,0.000291188631995807,0.000356696985910469,6
MMRp,Myeloid-ISG,CD274,"(-15,-10]","(2.19,2.92]",-12.5,2.55293413504461,4,0,0,0.000226625226625227,6
MMRp,Myeloid-noDC-noGran,CD274,"(-15,-10]","(2.19,2.92]",-12.5,2.55293413504461,6,0.000308899841337758,0.000145995129339582,0.000684779958201711,6
MMRp,Myeloid-ISG,CD274,"(-15,-10]","(0.729,1.46]",-12.5,1.09411462930483,3,0.000332005312084993,0.000166002656042497,0.000342556328358881,6
MMRp,Myeloid-noDC-noGran,CD274,"(-15,-10]","(0.729,1.46]",-12.5,1.09411462930483,5,0.000323295769443931,0,0.000388594744256084,6
MMRp,Myeloid-noDC-noGran,CD274,"(20,25]","[0,0.729]",22.5,0.364704876434944,5,0,0,0,6
MMRp,Myeloid-ISG,CD274,"(-10,-5]","(0.729,1.46]",-7.5,1.09411462930483,3,0.000631047538914598,0.000315523769457299,0.000772980311085844,6
MMRp,Myeloid-noDC-noGran,CD274,"(-10,-5]","(0.729,1.46]",-7.5,1.09411462930483,5,0.000199123855037834,0.000137684152554041,0.000316932097298154,6
MMRp,Myeloid-ISG,CD274,"(-20,-15]","(0.729,1.46]",-17.5,1.09411462930483,3,0,0,0.00018201674554059,6
MMRp,Myeloid-noDC-noGran,CD274,"(-20,-15]","(0.729,1.46]",-17.5,1.09411462930483,3,0.000328785138911721,0.000297434983377419,0.000431796081355317,6
MMRp,Myeloid-ISG,CD274,"(-20,-15]","(2.19,2.92]",-17.5,2.55293413504461,3,0,0,0.00023696682464455,6
MMRp,Myeloid-noDC-noGran,CD274,"(-20,-15]","(2.19,2.92]",-17.5,2.55293413504461,6,0.000361503383490675,8.10110174983798e-05,0.000539666375684049,6
MMRp,Myeloid-ISG,CD274,"(-15,-10]","(1.46,2.19]",-12.5,1.82352438217472,3,0.000409556313993174,0.000204778156996587,0.000488546601945509,6
MMRp,Myeloid-noDC-noGran,CD274,"(-45,-40]","(3.65,4.38]",-42.5,4.01175364078438,3,0.000813008130081301,0.000569211517041952,0.00156929476271507,6
MMRp,Myeloid-ISG,CD274,"(-25,-20]","(1.46,2.19]",-22.5,1.82352438217472,3,0,0,0.00106028476219327,6
MMRp,Myeloid-noDC-noGran,CD274,"(-25,-20]","(1.46,2.19]",-22.5,1.82352438217472,6,5.33959846219564e-05,0,0.00036014247380481,6
MMRp,Myeloid-noDC-noGran,CD274,"(-40,-35]","(1.46,2.19]",-37.5,1.82352438217472,4,0.000139409026367891,8.83600377002828e-05,0.000267535121702609,6
MMRp,Myeloid-noDC-noGran,CD274,"[-100,-95]","[0,0.729]",-97.5,0.364704876434944,4,0.000372692245682709,0.000216205110037341,0.000534909848321522,6
MMRp,Myeloid-ISG,CD274,"(-65,-60]","[0,0.729]",-62.5,0.364704876434944,4,0.000188893086513034,0,0.000525470380374877,6
MMRp,Myeloid-noDC-noGran,CD274,"(-65,-60]","[0,0.729]",-62.5,0.364704876434944,5,0.0002218647734206,0.000201734920314706,0.00059085358648127,6
MMRp,Myeloid-noDC-noGran,CD274,"(-70,-65]","(1.46,2.19]",-67.5,1.82352438217472,4,0.000403486120077469,0,0.000942156403835881,6
MMRp,Myeloid-ISG,CD274,"(-70,-65]","[0,0.729]",-67.5,0.364704876434944,3,0,0,0.000489875898105813,6
MMRp,Myeloid-ISG,CD274,"(-80,-75]","[0,0.729]",-77.5,0.364704876434944,4,0,0,0.0002465483234714,6
MMRp,Myeloid-noDC-noGran,CD274,"(-80,-75]","[0,0.729]",-77.5,0.364704876434944,5,0.000373134328358209,0.000333155650319829,0.000423011844331641,6
MMRp,Myeloid-noDC-noGran,CD274,"(-70,-65]","(3.65,4.38]",-67.5,4.01175364078438,3,0,0,0.000409165302782324,6
MMRp,Myeloid-noDC-noGran,CD274,"(-25,-20]","(4.38,5.11]",-22.5,4.74116339365427,3,0.00138203356367226,0.00127422051434002,0.00152112192848804,6
MMRp,Myeloid-ISG,CD274,"(-35,-30]","[0,0.729]",-32.5,0.364704876434944,4,0,0,0.000202036528204299,6
MMRp,Myeloid-noDC-noGran,CD274,"(-35,-30]","[0,0.729]",-32.5,0.364704876434944,6,0.000294779466585631,0.00014426667769987,0.000478835540100934,6
MMRp,Myeloid-noDC-noGran,CD274,"(-55,-50]","(2.19,2.92]",-52.5,2.55293413504461,4,0.000421714460972244,0,0.000893532025487593,6
MMRp,Myeloid-noDC-noGran,CD274,"(-90,-85]","[0,0.729]",-87.5,0.364704876434944,5,0,0,0.000156543519098309,6
MMRp,Myeloid-noDC-noGran,CD274,"(-45,-40]","(2.92,3.65]",-42.5,3.2823438879145,3,0.00049055678194751,0.000245278390973755,0.000636208805359995,6
MMRp,Myeloid-noDC-noGran,CD274,"(-45,-40]","(2.19,2.92]",-42.5,2.55293413504461,4,0.000309372539351262,0.000231896605033702,0.000502724974555961,6
MMRp,Myeloid-ISG,CD274,"(-30,-25]","(3.65,4.38]",-27.5,4.01175364078438,3,0,0,0.00126050420168067,6
MMRp,Myeloid-noDC-noGran,CD274,"(-30,-25]","(3.65,4.38]",-27.5,4.01175364078438,3,0.000909090909090909,0.000842042225405698,0.000936125035571219,6
MMRp,Myeloid-ISG,CD274,"(0,5]","(2.19,2.92]",2.5,2.55293413504461,3,0,0,0,6
MMRp,Myeloid-noDC-noGran,CD274,"(0,5]","(2.19,2.92]",2.5,2.55293413504461,6,0.000122609122118686,0,0.000313405401395477,6
MMRp,Myeloid-noDC-noGran,CD274,"(-70,-65]","(2.19,2.92]",-67.5,2.55293413504461,4,0.000374812593703148,0,0.000771599125060585,6
MMRp,Myeloid-noDC-noGran,CD274,"(5,10]","(3.65,4.38]",7.5,4.01175364078438,3,0.00093764650726676,0.00046882325363338,0.00103894868122745,6
MMRp,Myeloid-ISG,CD274,"(-60,-55]","[0,0.729]",-57.5,0.364704876434944,4,0,0,0.000100160256410256,6
MMRp,Myeloid-noDC-noGran,CD274,"(-50,-45]","(2.19,2.92]",-47.5,2.55293413504461,4,0,0,7.96812749003984e-05,6
MMRp,Myeloid-noDC-noGran,CD274,"(-80,-75]","(2.92,3.65]",-77.5,3.2823438879145,3,0.00133689839572193,0.0012347006134895,0.00140518790120084,6
MMRp,Myeloid-noDC-noGran,CD274,"(-25,-20]","(0.729,1.46]",-22.5,1.09411462930483,3,0.000114850120592627,0.000104097327635061,0.000239787012298648,6
MMRp,Myeloid-noDC-noGran,CD274,"(-55,-50]","(1.46,2.19]",-52.5,1.82352438217472,4,0.000196772924045651,0,0.000439798110676345,6
MMRp,Myeloid-noDC-noGran,CD274,"(-35,-30]","(4.38,5.11]",-32.5,4.74116339365427,3,0.00103092783505155,0.00103057380763566,0.00186803380030305,6
MMRp,Myeloid-ISG,CD274,"(-40,-35]","(2.92,3.65]",-37.5,3.2823438879145,3,0,0,0.000342700479780672,6
MMRp,Myeloid-noDC-noGran,CD274,"(-40,-35]","(2.92,3.65]",-37.5,3.2823438879145,3,0.000671216019689003,0.000514819479378552,0.00073235468709108,6
MMRp,Myeloid-noDC-noGran,CD274,"(-65,-60]","(1.46,2.19]",-62.5,1.82352438217472,4,0,0,2.45700245700246e-05,6
MMRp,Myeloid-noDC-noGran,CD274,"(-70,-65]","(2.92,3.65]",-67.5,3.2823438879145,3,0.000724462690171456,0.000362231345085728,0.000863987491598523,6
MMRp,Myeloid-noDC-noGran,CD274,"(-30,-25]","(0.729,1.46]",-27.5,1.09411462930483,3,0.000607681088964511,0.000482093663911846,0.00070016267511003,6
MMRp,Myeloid-noDC-noGran,CD274,"[-100,-95]","(2.19,2.92]",-97.5,2.55293413504461,3,0,0,0.000324464633354964,6
MMRp,Myeloid-noDC-noGran,CD274,"(-95,-90]","(2.92,3.65]",-92.5,3.2823438879145,3,0,0,0.000404858299595142,6
MMRp,Myeloid-noDC-noGran,CD274,"(-75,-70]","(2.92,3.65]",-72.5,3.2823438879145,3,0.000764525993883792,0.000382262996941896,0.000862109446078173,6
MMRp,Myeloid-noDC-noGran,CD274,"(-40,-35]","(4.38,5.11]",-37.5,4.74116339365427,3,0.00162337662337662,0.00154590270229037,0.00171912932802225,6
MMRp,Myeloid-noDC-noGran,CD274,"(-35,-30]","(1.46,2.19]",-32.5,1.82352438217472,5,0.000269348177410666,0,0.000370507595405706,6
MMRp,Myeloid-noDC-noGran,CD274,"(65,70]","[0,0.729]",67.5,0.364704876434944,4,0.000636942675159236,0,0.00128221139835977,6
MMRp,Myeloid-ISG,CD274,"(5,10]","[0,0.729]",7.5,0.364704876434944,4,0.00101214574898785,0,0.00244758665322156,6
MMRp,Myeloid-ISG,CD274,"(-50,-45]","[0,0.729]",-47.5,0.364704876434944,4,0,0,7.49400479616307e-05,6
MMRp,Myeloid-noDC-noGran,CD274,"(-50,-45]","[0,0.729]",-47.5,0.364704876434944,6,0.000219104799297512,0.000189228223989469,0.000404334139406188,6
MMRp,Myeloid-noDC-noGran,CD274,"(-90,-85]","(1.46,2.19]",-87.5,1.82352438217472,4,0,0,7.09622480840193e-05,6
MMRp,Myeloid-ISG,CD274,"[-100,-95]","[0,0.729]",-97.5,0.364704876434944,3,0,0,0.000424088210347752,6
MMRp,Myeloid-noDC-noGran,CD274,"(55,60]","[0,0.729]",57.5,0.364704876434944,5,0,0,0,6
MMRp,Myeloid-noDC-noGran,CD274,"(10,15]","[0,0.729]",12.5,0.364704876434944,6,0.000226039783001808,0,0.000757349788408121,6
MMRp,Myeloid-noDC-noGran,CD274,"(35,40]","[0,0.729]",37.5,0.364704876434944,5,0,0,0,6
MMRp,Myeloid-ISG,CD274,"(-90,-85]","[0,0.729]",-87.5,0.364704876434944,3,0,0,0.000716845878136201,6
MMRp,Myeloid-noDC-noGran,CD274,"(-40,-35]","(2.19,2.92]",-37.5,2.55293413504461,4,0.000284384774387211,0.000161995788109509,0.000543495467930214,6
MMRp,Myeloid-noDC-noGran,CD274,"(-30,-25]","(1.46,2.19]",-27.5,1.82352438217472,5,0.000252206809583859,7.02000702000702e-05,0.000482706514439221,6
MMRp,Myeloid-noDC-noGran,CD274,"(-65,-60]","(2.92,3.65]",-62.5,3.2823438879145,3,0,0,0.000609013398294762,6
MMRp,Myeloid-noDC-noGran,CD274,"(-90,-85]","(2.92,3.65]",-87.5,3.2823438879145,3,0.000420344682639765,0.000210172341319882,0.000618669073346026,6
MMRp,Myeloid-noDC-noGran,CD274,"(-60,-55]","(1.46,2.19]",-57.5,1.82352438217472,4,0.000192975685063682,0,0.000455149883324129,6
MMRp,Myeloid-noDC-noGran,CD274,"(-65,-60]","(2.19,2.92]",-62.5,2.55293413504461,4,0.0002465483234714,0,0.000642420893232398,6
MMRp,Myeloid-noDC-noGran,CD274,"(-75,-70]","(2.19,2.92]",-72.5,2.55293413504461,4,0,0,0.000163105529277443,6
MMRp,Myeloid-noDC-noGran,CD274,"(-55,-50]","(3.65,4.38]",-52.5,4.01175364078438,3,0.00119379228014326,0.000596896140071628,0.0014365267026241,6
MMRp,Myeloid-noDC-noGran,CD274,"(-60,-55]","(2.19,2.92]",-57.5,2.55293413504461,4,0,0,0.000233327676904802,6
MMRp,Myeloid-noDC-noGran,CD274,"(-60,-55]","(2.92,3.65]",-57.5,3.2823438879145,3,0.00108607113765952,0.000965332866127056,0.00137379749619743,6
MMRp,Myeloid-noDC-noGran,CD274,"(-45,-40]","(1.46,2.19]",-42.5,1.82352438217472,4,0.000127665007021575,0,0.000299952675167303,6
MMRp,Myeloid-noDC-noGran,CD274,"(-80,-75]","(1.46,2.19]",-77.5,1.82352438217472,3,0.000475737392959087,0.000328268262561626,0.00058365016259296,6
MMRp,Myeloid-noDC-noGran,CD274,"(-75,-70]","(1.46,2.19]",-72.5,1.82352438217472,4,0,0,0.000147188695908154,6
MMRp,Myeloid-noDC-noGran,CD274,"(-90,-85]","(2.19,2.92]",-87.5,2.55293413504461,3,0.000712758374910905,0.000356379187455453,0.000893820964596262,6
MMRp,Myeloid-noDC-noGran,CD274,"(-85,-80]","(2.19,2.92]",-82.5,2.55293413504461,3,0.00075642965204236,0.00037821482602118,0.001197215645022,6
MMRp,Myeloid-noDC-noGran,CD274,"(5,10]","(2.92,3.65]",7.5,3.2823438879145,3,0,0,0.000308451573103023,6
MMRp,Myeloid-noDC-noGran,CD274,"(-95,-90]","(2.19,2.92]",-92.5,2.55293413504461,3,0,0,0,6
MMRp,Myeloid-noDC-noGran,CD274,"(60,65]","[0,0.729]",62.5,0.364704876434944,5,0.00103092783505155,0,0.00113636363636364,6
MMRp,Myeloid-noDC-noGran,CD274,"(75,80]","[0,0.729]",77.5,0.364704876434944,4,0.000372300819061802,0,0.000786345485657425,6
MMRp,Myeloid-noDC-noGran,CD274,"(95,100]","[0,0.729]",97.5,0.364704876434944,3,0,0,0,6
MMRp,Myeloid-noDC-noGran,CD274,"(25,30]","[0,0.729]",27.5,0.364704876434944,5,0,0,0.00058411214953271,6
MMRp,Myeloid-noDC-noGran,CD274,"(50,55]","[0,0.729]",52.5,0.364704876434944,5,0,0,0,6
MMRp,Myeloid-noDC-noGran,CD274,"(30,35]","[0,0.729]",32.5,0.364704876434944,5,0.000650618087182824,0,0.000729394602479942,6
MMRp,Myeloid-noDC-noGran,CD274,"(80,85]","[0,0.729]",82.5,0.364704876434944,4,0,0,0.000154750851129681,6
MMRp,Myeloid-noDC-noGran,CD274,"(40,45]","[0,0.729]",42.5,0.364704876434944,5,0,0,0,6
MMRp,Myeloid-noDC-noGran,CD274,"(45,50]","[0,0.729]",47.5,0.364704876434944,5,0,0,0.000443852640923214,6
MMRp,Myeloid-noDC-noGran,CD274,"(0,5]","(0.729,1.46]",2.5,1.09411462930483,4,0,0,0.000120327290229424,6
MMRp,Myeloid-noDC-noGran,CD274,"(-40,-35]","(0.729,1.46]",-37.5,1.09411462930483,3,0.000198098256735341,0.000179811525395614,0.000225695531609818,6
MMRp,Myeloid-noDC-noGran,CD274,"(-50,-45]","(0.729,1.46]",-47.5,1.09411462930483,3,0,0,0.000130718954248366,6
MMRp,Myeloid-noDC-noGran,CD274,"(5,10]","(1.46,2.19]",7.5,1.82352438217472,3,0,0,0.00028137310073157,6
MMRp,Myeloid-noDC-noGran,CD274,"(-65,-60]","(0.729,1.46]",-62.5,1.09411462930483,3,0,0,0.000450856627592426,6
MMRp,Myeloid-noDC-noGran,CD274,"(-35,-30]","(0.729,1.46]",-32.5,1.09411462930483,3,0.000206355757325629,0.000103177878662815,0.000370386087298984,6
MMRp,Myeloid-noDC-noGran,CD274,"(-45,-40]","(0.729,1.46]",-42.5,1.09411462930483,3,0,0,0.000509554140127389,6
MMRp,Myeloid-noDC-noGran,CD274,"(-55,-50]","(0.729,1.46]",-52.5,1.09411462930483,3,0,0,0.000901713255184851,6
MMRp,Myeloid-noDC-noGran,CD274,"(15,20]","[0,0.729]",17.5,0.364704876434944,5,0,0,0,6
MMRp,Myeloid-noDC-noGran,CD274,"(-80,-75]","(0.729,1.46]",-77.5,1.09411462930483,3,0,0,0.000546448087431694,6
MMRp,Myeloid-noDC-noGran,CD274,"(5,10]","(0.729,1.46]",7.5,1.09411462930483,3,0,0,0.000373134328358209,6
MMRp,Myeloid-noDC-noGran,CD274,"(90,95]","[0,0.729]",92.5,0.364704876434944,3,0,0,0,6
MMRp,Myeloid-noDC-noGran,CD274,"(10,15]","(1.46,2.19]",12.5,1.82352438217472,3,0,0,0,6
MMRp,Tcd4-CXCL13,CD274,"(-5,0]","[0,0.729]",-2.5,0.364704876434944,4,0,0,0.000179726815240834,6
MMRp,Tcd4-CXCL13,CD274,"(-10,-5]","[0,0.729]",-7.5,0.364704876434944,4,0,0,0.000576036866359447,6
MMRp,Tcd4-CXCL13,CD274,"(-15,-10]","[0,0.729]",-12.5,0.364704876434944,3,0,0,0.000894454382826476,6
MMRp,Tcd4-Treg-comb,CD274,"(-15,-10]","[0,0.729]",-12.5,0.364704876434944,5,0.000504941210416216,0.000408914332447352,0.000721327242125511,6
MMRp,Tcd4-Treg-comb,CD274,"(-5,0]","[0,0.729]",-2.5,0.364704876434944,5,0.000511836212412028,0.000185168039996297,0.000779575131553303,6
MMRp,Tcd4-Treg-comb,CD274,"(-10,-5]","[0,0.729]",-7.5,0.364704876434944,5,0.000226963231956423,0.000157035175879397,0.00024906600249066,6
MMRp,Tcd4-Treg-comb,CD274,"(-15,-10]","(1.46,2.19]",-12.5,1.82352438217472,4,0.000647156211932479,0.000442086648983201,0.00100483814510599,6
MMRp,Tcd4-Treg-comb,CD274,"(0,5]","[0,0.729]",2.5,0.364704876434944,5,0.000980392156862745,0,0.00166574125485841,6
MMRp,Tcd4-Treg-comb,CD274,"(-10,-5]","(1.46,2.19]",-7.5,1.82352438217472,5,0.000378071833648393,0,0.000670540902995083,6
MMRp,Tcd4-Treg-comb,CD274,"(-5,0]","(1.46,2.19]",-2.5,1.82352438217472,5,0.000647668393782383,0,0.001,6
MMRp,Tcd4-Treg-comb,CD274,"(-25,-20]","[0,0.729]",-22.5,0.364704876434944,5,0.000218994087159647,0,0.000414765657403567,6
MMRp,Tcd4-Treg-comb,CD274,"(-5,0]","(0.729,1.46]",-2.5,1.09411462930483,4,0.000245941957697983,0,0.000549941176952478,6
MMRp,Tcd4-Treg-comb,CD274,"(-30,-25]","(1.46,2.19]",-27.5,1.82352438217472,3,0.000465766185374942,0.000232883092687471,0.000941098390137896,6
MMRp,Tcd4-Treg-comb,CD274,"(-20,-15]","[0,0.729]",-17.5,0.364704876434944,4,0.000439870924315218,0.000200106723585913,0.000683823542267517,6
MMRp,Tcd4-Treg-comb,CD274,"(-50,-45]","[0,0.729]",-47.5,0.364704876434944,3,0.000141362736782584,7.06813683912921e-05,0.00101765106536099,6
MMRp,Tcd4-Treg-comb,CD274,"(-55,-50]","[0,0.729]",-52.5,0.364704876434944,3,0,0,0.000475014250427513,6
MMRp,Tcd4-Treg-comb,CD274,"(-25,-20]","(1.46,2.19]",-22.5,1.82352438217472,3,0.000972762645914397,0.000942585702519242,0.0011113813229572,6
MMRp,Tcd4-Treg-comb,CD274,"(-35,-30]","[0,0.729]",-32.5,0.364704876434944,3,0.000978473581213307,0.000935134531391434,0.00111737749412424,6
MMRp,Tcd4-Treg-comb,CD274,"(-40,-35]","[0,0.729]",-37.5,0.364704876434944,4,0.000520719227557478,0.000329815303430079,0.000620812537567039,6
MMRp,Tcd4-Treg-comb,CD274,"(-30,-25]","[0,0.729]",-27.5,0.364704876434944,4,0.000934460231369026,0.000639495225102319,0.00103482325717477,6
MMRp,Tcd4-Treg-comb,CD274,"(-65,-60]","[0,0.729]",-62.5,0.364704876434944,3,0.000242777373148823,0.000121388686574411,0.00106835838354411,6
MMRp,Tcd4-Treg-comb,CD274,"(-90,-85]","[0,0.729]",-87.5,0.364704876434944,3,0.000758725341426404,0.000379362670713202,0.00112730582703332,6
MMRp,Tcd4-Treg-comb,CD274,"(-80,-75]","[0,0.729]",-77.5,0.364704876434944,3,0,0,0,6
MMRp,Tcd4-Treg-comb,CD274,"(-45,-40]","[0,0.729]",-42.5,0.364704876434944,3,0.0011001100110011,0.000800838704560111,0.0013110900131109,6
MMRp,Tcd4-Treg-comb,CD274,"(-60,-55]","[0,0.729]",-57.5,0.364704876434944,3,0.00126422250316056,0.000968208047457491,0.00143211125158028,6
MMRp,CD8-all,CD274,"(-5,0]","(2.92,3.65]",-2.5,3.2823438879145,3,0,0,0,6
MMRp,Tcd8-CXCL13-comb,CD274,"(-5,0]","[0,0.729]",-2.5,0.364704876434944,5,0,0,0,6
MMRp,CD8-all,CD274,"(-5,0]","[0,0.729]",-2.5,0.364704876434944,5,0,0,0.00072463768115942,6
MMRp,CD8-all,CD274,"(-20,-15]","[0,0.729]",-17.5,0.364704876434944,3,0,0,0,6
MMRp,CD8-all,CD274,"(5,10]","[0,0.729]",7.5,0.364704876434944,3,0,0,0,6
MMRp,CD8-all,CD274,"(-15,-10]","[0,0.729]",-12.5,0.364704876434944,4,0.00024265954865324,0,0.000648403429919564,6
MMRp,Tcd8-CXCL13-comb,CD274,"(-10,-5]","[0,0.729]",-7.5,0.364704876434944,3,0.000365363536719035,0.000182681768359518,0.000773698316822875,6
MMRp,CD8-all,CD274,"(-10,-5]","[0,0.729]",-7.5,0.364704876434944,5,0.000196078431372549,0,0.001388246182323,6
MMRp,CD8-all,CD274,"(-25,-20]","[0,0.729]",-22.5,0.364704876434944,4,0,0,0,6
MMRp,CD8-all,CD274,"(0,5]","[0,0.729]",2.5,0.364704876434944,4,0,0,0,6
MMRp,Tcd8-HOBIT,CD274,"(-10,-5]","[0,0.729]",-7.5,0.364704876434944,3,0,0,0,6
MMRp,Tcd8-HOBIT,CD274,"(-5,0]","[0,0.729]",-2.5,0.364704876434944,3,0,0,0.000664010624169987,6
MMRp,Tplzf-gdlike-comb,CD274,"(-5,0]","[0,0.729]",-2.5,0.364704876434944,3,0,0,0,6
MMRp,Myeloid-mregDC,GBP1,"(-5,0]","(2.19,2.92]",-2.5,2.55293413504461,5,0.000629722921914358,0,0.000908265213442325,6
MMRp,Myeloid-mregDC,GBP1,"(-20,-15]","(2.92,3.65]",-17.5,3.2823438879145,3,0.00157232704402516,0.000786163522012579,0.00224388946953444,6
MMRp,Myeloid-mregDC,GBP1,"(-15,-10]","(2.92,3.65]",-12.5,3.2823438879145,3,0.000849617672047579,0.000424808836023789,0.00204752688876213,6
MMRp,Myeloid-mregDC,GBP1,"(-10,-5]","(2.92,3.65]",-7.5,3.2823438879145,3,0.00232288037166086,0.00175738774244545,0.00299817487970798,6
MMRp,Myeloid-mregDC,GBP1,"(-10,-5]","(2.19,2.92]",-7.5,2.55293413504461,4,0.000824402308326463,0,0.00173165296744019,6
MMRp,Myeloid-mregDC,GBP1,"(-5,0]","(3.65,4.38]",-2.5,4.01175364078438,3,0.00125944584382872,0.000629722921914358,0.00470422816056395,6
MMRp,Myeloid-mregDC,GBP1,"(-30,-25]","(2.19,2.92]",-27.5,2.55293413504461,3,0.00209643605870021,0.0012564645932818,0.00240876224703718,6
MMRp,Myeloid-mregDC,GBP1,"(-15,-10]","[0,0.729]",-12.5,0.364704876434944,5,0.000926211793763507,0.000495294700346706,0.000995685363425158,6
MMRp,Myeloid-mregDC,GBP1,"(-5,0]","[0,0.729]",-2.5,0.364704876434944,5,0.000898472596585804,0.00047192071731949,0.00129617627997408,6
MMRp,Myeloid-mregDC,GBP1,"(-10,-5]","[0,0.729]",-7.5,0.364704876434944,5,0.000644745325596389,0.00040016006402561,0.00151745068285281,6
MMRp,Myeloid-mregDC,GBP1,"(-5,0]","(1.46,2.19]",-2.5,1.82352438217472,4,0.00144489384485428,0.000818419903972065,0.00198505317883098,6
MMRp,Myeloid-mregDC,GBP1,"(-10,-5]","(1.46,2.19]",-7.5,1.82352438217472,3,0.000864902266043937,0.000432451133021969,0.00186785783158656,6
MMRp,Myeloid-mregDC,GBP1,"(-5,0]","(0.729,1.46]",-2.5,1.09411462930483,3,0,0,0.00160427807486631,6
MMRp,Myeloid-mregDC,GBP1,"(-15,-10]","(1.46,2.19]",-12.5,1.82352438217472,3,0.00136612021857924,0.00103238474832082,0.00175487147049005,6
MMRp,Myeloid-mregDC,GBP1,"(-15,-10]","(2.19,2.92]",-12.5,2.55293413504461,3,0.00154918667699458,0.00102711859102254,0.00218702271702836,6
MMRp,Myeloid-mregDC,GBP1,"(-40,-35]","[0,0.729]",-37.5,0.364704876434944,4,0.00077663870767319,0,0.00244865510900658,6
MMRp,Myeloid-mregDC,GBP1,"(0,5]","[0,0.729]",2.5,0.364704876434944,3,0,0,0,6
MMRp,Myeloid-mregDC,GBP1,"(-25,-20]","[0,0.729]",-22.5,0.364704876434944,4,0.000330687830687831,0,0.000795881820994265,6
MMRp,Myeloid-mregDC,GBP1,"(-35,-30]","[0,0.729]",-32.5,0.364704876434944,3,0.00207715133531157,0.00103857566765579,0.00391213888604659,6
MMRp,Myeloid-mregDC,GBP1,"(-20,-15]","[0,0.729]",-17.5,0.364704876434944,3,0.00160901045856798,0.00156786400790994,0.00218826906692237,6
MMRp,Myeloid-mregDC,GBP1,"(-30,-25]","[0,0.729]",-27.5,0.364704876434944,3,0.000712758374910905,0.000356379187455453,0.000788905139012546,6
MMRp,Myeloid-ISG,GBP1,"(-5,0]","(3.65,4.38]",-2.5,4.01175364078438,3,0.00833333333333333,0.00574196597353497,0.0084919261822376,6
MMRp,Myeloid-noDC-noGran,GBP1,"(-5,0]","(3.65,4.38]",-2.5,4.01175364078438,4,0.00285331107248915,0.00156296079866307,0.00437316465500763,6
MMRp,Myeloid-noDC-noGran,GBP1,"(-20,-15]","(1.46,2.19]",-17.5,1.82352438217472,6,0.00061546652888096,0.000369069989537055,0.00132272517077286,6
MMRp,Myeloid-ISG,GBP1,"(-10,-5]","(3.65,4.38]",-7.5,4.01175364078438,3,0.00566801619433198,0.00419311410743479,0.006409797387241,6
MMRp,Myeloid-noDC-noGran,GBP1,"(-10,-5]","(3.65,4.38]",-7.5,4.01175364078438,4,0.00351447319712077,0.00283710731579053,0.00362811169607748,6
MMRp,Myeloid-ISG,GBP1,"(-10,-5]","[0,0.729]",-7.5,0.364704876434944,6,0.00180209149326878,0.00135016243919307,0.00253066820646674,6
MMRp,Myeloid-noDC-noGran,GBP1,"(-10,-5]","[0,0.729]",-7.5,0.364704876434944,6,0.000638198145804113,0.000529053644038792,0.000728529237248925,6
MMRp,Myeloid-ISG,GBP1,"(-15,-10]","(4.38,5.11]",-12.5,4.74116339365427,3,0.00691085003455425,0.00558127535741318,0.00831893301853222,6
MMRp,Myeloid-noDC-noGran,GBP1,"(-15,-10]","(4.38,5.11]",-12.5,4.74116339365427,4,0.00583418069536914,0.00426153120883184,0.00788609293595523,6
MMRp,Myeloid-ISG,GBP1,"(-10,-5]","(2.19,2.92]",-7.5,2.55293413504461,6,0.00413868544800135,0.00208914475636536,0.00539984887120691,6
MMRp,Myeloid-noDC-noGran,GBP1,"(-10,-5]","(2.19,2.92]",-7.5,2.55293413504461,6,0.0010836176185468,0.000836965393423805,0.00164988700975141,6
MMRp,Myeloid-ISG,GBP1,"(-10,-5]","(4.38,5.11]",-7.5,4.74116339365427,3,0.00504060487258471,0.00473705120476526,0.0076987951643664,6
MMRp,Myeloid-noDC-noGran,GBP1,"(-10,-5]","(4.38,5.11]",-7.5,4.74116339365427,4,0.00316380839739799,0.00247881321270226,0.00471029112785351,6
MMRp,Myeloid-ISG,GBP1,"(-20,-15]","(2.92,3.65]",-17.5,3.2823438879145,3,0.00388389206868357,0.00290533717114332,0.00492328860021984,6
MMRp,Myeloid-noDC-noGran,GBP1,"(-20,-15]","(2.92,3.65]",-17.5,3.2823438879145,5,0.000750187546886722,0.000512820512820513,0.00196526265469804,6
MMRp,Myeloid-ISG,GBP1,"(-5,0]","(2.19,2.92]",-2.5,2.55293413504461,5,0.00373809236705655,0.00220588235294118,0.0056140350877193,6
MMRp,Myeloid-noDC-noGran,GBP1,"(-5,0]","(2.19,2.92]",-2.5,2.55293413504461,6,0.000682067777502737,0.000369845316867016,0.00119382344086231,6
MMRp,Myeloid-noDC-noGran,GBP1,"(0,5]","(3.65,4.38]",2.5,4.01175364078438,3,0.00208116545265349,0.00197303195964626,0.0033383768439738,6
MMRp,Myeloid-ISG,GBP1,"(-25,-20]","[0,0.729]",-22.5,0.364704876434944,6,0.00202688330388114,0.000754840356800467,0.00256127249621574,6
MMRp,Myeloid-noDC-noGran,GBP1,"(-25,-20]","[0,0.729]",-22.5,0.364704876434944,6,0.000764260409207328,0.000661934468664596,0.000900429975383834,6
MMRp,Myeloid-noDC-noGran,GBP1,"(-85,-80]","(2.92,3.65]",-82.5,3.2823438879145,3,0.002263296869106,0.00193037047928143,0.00321933110678682,6
MMRp,Myeloid-ISG,GBP1,"(-25,-20]","(3.65,4.38]",-22.5,4.01175364078438,3,0.00526500526500527,0.0042282473133537,0.0062444737367338,6
MMRp,Myeloid-noDC-noGran,GBP1,"(-25,-20]","(3.65,4.38]",-22.5,4.01175364078438,4,0.00212306224216972,0.00143266718079257,0.00272262884092983,6
MMRp,Myeloid-ISG,GBP1,"(-5,0]","(5.11,5.84]",-2.5,5.47057314652416,3,0.00763358778625954,0.00627379635013223,0.0113925514688873,6
MMRp,Myeloid-noDC-noGran,GBP1,"(-5,0]","(5.11,5.84]",-2.5,5.47057314652416,3,0.00575125808770669,0.00475062904385334,0.00897995756771572,6
MMRp,Myeloid-ISG,GBP1,"(-5,0]","(4.38,5.11]",-2.5,4.74116339365427,3,0.00620347394540943,0.00537525918326785,0.00751164877446868,6
MMRp,Myeloid-noDC-noGran,GBP1,"(-5,0]","(4.38,5.11]",-2.5,4.74116339365427,3,0.00346020761245675,0.00288956363435551,0.00412414530294765,6
MMRp,Myeloid-ISG,GBP1,"(-35,-30]","(3.65,4.38]",-32.5,4.01175364078438,3,0.00596910112359551,0.00532099915992859,0.00703313355774917,6
MMRp,Myeloid-noDC-noGran,GBP1,"(-35,-30]","(3.65,4.38]",-32.5,4.01175364078438,3,0.00315678709224833,0.00202139413679162,0.00320891694413493,6
MMRp,Myeloid-ISG,GBP1,"(-10,-5]","(5.11,5.84]",-7.5,5.47057314652416,3,0.0133244503664224,0.0107847222385704,0.0153973754277954,6
MMRp,Myeloid-noDC-noGran,GBP1,"(-10,-5]","(5.11,5.84]",-7.5,5.47057314652416,3,0.011744966442953,0.00791092235950796,0.0138138393607557,6
MMRp,Myeloid-ISG,GBP1,"(-20,-15]","(4.38,5.11]",-17.5,4.74116339365427,3,0.00412583806085611,0.00382472311781354,0.00637145202748564,6
MMRp,Myeloid-noDC-noGran,GBP1,"(-20,-15]","(4.38,5.11]",-17.5,4.74116339365427,3,0.00367737190487865,0.0026475293064431,0.00481281792089969,6
MMRp,Myeloid-ISG,GBP1,"(-10,-5]","(2.92,3.65]",-7.5,3.2823438879145,3,0.00538887270608797,0.0033502600676295,0.00572847934389043,6
MMRp,Myeloid-noDC-noGran,GBP1,"(-10,-5]","(2.92,3.65]",-7.5,3.2823438879145,6,0.0022502128121386,0.00139459733769945,0.00293985622858128,6
MMRp,Myeloid-noDC-noGran,GBP1,"(5,10]","(2.19,2.92]",7.5,2.55293413504461,4,0.00129819544875496,0.000675675675675676,0.00194866556786976,6
MMRp,Myeloid-ISG,GBP1,"(-5,0]","(2.92,3.65]",-2.5,3.2823438879145,3,0.004835367257656,0.00367046759319326,0.00580946655472074,6
MMRp,Myeloid-noDC-noGran,GBP1,"(-5,0]","(2.92,3.65]",-2.5,3.2823438879145,6,0.0021142061281337,0.00186736554238833,0.0024687428261739,6
MMRp,Myeloid-ISG,GBP1,"(-15,-10]","(2.92,3.65]",-12.5,3.2823438879145,4,0.00569258363033344,0.00415879574970484,0.00716649154618821,6
MMRp,Myeloid-noDC-noGran,GBP1,"(-15,-10]","(2.92,3.65]",-12.5,3.2823438879145,6,0.00202863365148502,0.00122618758457962,0.00251313444585653,6
MMRp,Myeloid-noDC-noGran,GBP1,"(-55,-50]","(2.92,3.65]",-52.5,3.2823438879145,3,0.00254545454545455,0.00185718080867117,0.00257142857142857,6
MMRp,Myeloid-ISG,GBP1,"(-15,-10]","(3.65,4.38]",-12.5,4.01175364078438,3,0.00409584271963957,0.0036161388193075,0.00492286146523425,6
MMRp,Myeloid-noDC-noGran,GBP1,"(-15,-10]","(3.65,4.38]",-12.5,4.01175364078438,4,0.00312660289797421,0.00217312257513189,0.0039800506198255,6
MMRp,Myeloid-noDC-noGran,GBP1,"(-80,-75]","(2.19,2.92]",-77.5,2.55293413504461,4,0.000678128374366791,0.000387997930677703,0.00147521831953577,6
MMRp,Myeloid-ISG,GBP1,"(0,5]","(2.92,3.65]",2.5,3.2823438879145,3,0.00632183908045977,0.0038972965652667,0.00689226282381198,6
MMRp,Myeloid-noDC-noGran,GBP1,"(0,5]","(2.92,3.65]",2.5,3.2823438879145,3,0.00292397660818713,0.00182092584896076,0.00295675661500538,6
MMRp,Myeloid-ISG,GBP1,"(0,5]","[0,0.729]",2.5,0.364704876434944,6,0.00272027126314215,0.00235946003197644,0.00368499015608957,6
MMRp,Myeloid-noDC-noGran,GBP1,"(0,5]","[0,0.729]",2.5,0.364704876434944,6,0.000780476242053948,0.000727855880246152,0.000946231683314029,6
MMRp,Myeloid-noDC-noGran,GBP1,"(-60,-55]","(3.65,4.38]",-57.5,4.01175364078438,3,0.00243161094224924,0.00121580547112462,0.00286054231322988,6
MMRp,Myeloid-noDC-noGran,GBP1,"(-70,-65]","[0,0.729]",-67.5,0.364704876434944,5,0.000702576112412178,0.000426439232409382,0.000997008973080758,6
MMRp,Myeloid-noDC-noGran,GBP1,"(-50,-45]","(3.65,4.38]",-47.5,4.01175364078438,3,0.00234192037470726,0.00117096018735363,0.00239270728570427,6
MMRp,Myeloid-noDC-noGran,GBP1,"(5,10]","[0,0.729]",7.5,0.364704876434944,6,0.000716788630274635,0.000367152061041958,0.000942530210294173,6
MMRp,Myeloid-noDC-noGran,GBP1,"(-35,-30]","(2.19,2.92]",-32.5,2.55293413504461,4,0.0011345339476011,0.000780005732587266,0.0014331983805668,6
MMRp,Myeloid-ISG,GBP1,"(-30,-25]","(4.38,5.11]",-27.5,4.74116339365427,3,0.00344036697247706,0.00324225350145923,0.00491453452860571,6
MMRp,Myeloid-noDC-noGran,GBP1,"(-30,-25]","(4.38,5.11]",-27.5,4.74116339365427,3,0.00292397660818713,0.00276068960279487,0.00360351530595576,6
MMRp,Myeloid-ISG,GBP1,"(-25,-20]","(2.92,3.65]",-22.5,3.2823438879145,3,0.00458891013384321,0.00339094629499178,0.00551479404997245,6
MMRp,Myeloid-noDC-noGran,GBP1,"(-25,-20]","(2.92,3.65]",-22.5,3.2823438879145,4,0.00197323330281463,0.00160016436557634,0.00218839797157731,6
MMRp,Myeloid-noDC-noGran,GBP1,"(-65,-60]","(3.65,4.38]",-62.5,4.01175364078438,3,0.000975609756097561,0.000487804878048781,0.00520947485816807,6
MMRp,Myeloid-ISG,GBP1,"(-95,-90]","[0,0.729]",-92.5,0.364704876434944,3,0.00176991150442478,0.000884955752212389,0.00262559979050656,6
MMRp,Myeloid-noDC-noGran,GBP1,"(-95,-90]","[0,0.729]",-92.5,0.364704876434944,4,0.000586935037095809,0.000425031255581354,0.000717497747007796,6
MMRp,Myeloid-ISG,GBP1,"(-35,-30]","(2.92,3.65]",-32.5,3.2823438879145,3,0.00390370852309694,0.00371396879899341,0.00578537014325712,6
MMRp,Myeloid-noDC-noGran,GBP1,"(-35,-30]","(2.92,3.65]",-32.5,3.2823438879145,4,0.00157492009939332,0.00106457370931111,0.00204838442622091,6
MMRp,Myeloid-ISG,GBP1,"(-45,-40]","[0,0.729]",-42.5,0.364704876434944,4,0.00212510399389131,0.00146735963954084,0.00298229268857099,6
MMRp,Myeloid-noDC-noGran,GBP1,"(-45,-40]","[0,0.729]",-42.5,0.364704876434944,6,0.000509080163385012,0.000402204320488718,0.000868675480404606,6
MMRp,Myeloid-ISG,GBP1,"(-25,-20]","(2.19,2.92]",-22.5,2.55293413504461,3,0.0030826140567201,0.00279686043767046,0.00321634890440695,6
MMRp,Myeloid-noDC-noGran,GBP1,"(-25,-20]","(2.19,2.92]",-22.5,2.55293413504461,6,0.000726529486556225,0.000120192307692308,0.00106415470020889,6
MMRp,Myeloid-noDC-noGran,GBP1,"(-30,-25]","(2.19,2.92]",-27.5,2.55293413504461,6,0.000993780129731836,0.000466109154105985,0.00131242543117415,6
MMRp,Myeloid-ISG,GBP1,"(-55,-50]","[0,0.729]",-52.5,0.364704876434944,4,0.00196172160835432,0.000758654986816136,0.00329714108476452,6
MMRp,Myeloid-noDC-noGran,GBP1,"(-55,-50]","[0,0.729]",-52.5,0.364704876434944,6,0.000624454306531195,0.000393235323900572,0.00086010612423408,6
MMRp,Myeloid-noDC-noGran,GBP1,"(-40,-35]","(3.65,4.38]",-37.5,4.01175364078438,3,0.00338218714768884,0.00189165514624715,0.00402100969686399,6
MMRp,Myeloid-ISG,GBP1,"(-20,-15]","(3.65,4.38]",-17.5,4.01175364078438,3,0.00559284116331096,0.0042670088169496,0.00581599575866506,6
MMRp,Myeloid-noDC-noGran,GBP1,"(-20,-15]","(3.65,4.38]",-17.5,4.01175364078438,4,0.00180033344734289,0.000670141474311243,0.00297858551255744,6
MMRp,Myeloid-ISG,GBP1,"(-30,-25]","(2.92,3.65]",-27.5,3.2823438879145,3,0.0033112582781457,0.00319409067753439,0.00378404347039601,6
MMRp,Myeloid-noDC-noGran,GBP1,"(-30,-25]","(2.92,3.65]",-27.5,3.2823438879145,4,0.00217777446408423,0.00160353079601633,0.00274176866306592,6
MMRp,Myeloid-noDC-noGran,GBP1,"(-50,-45]","(2.92,3.65]",-47.5,3.2823438879145,4,0.00158675631021904,0.00113553712103714,0.00202006061526391,6
MMRp,Myeloid-noDC-noGran,GBP1,"(-50,-45]","(1.46,2.19]",-47.5,1.82352438217472,4,0.000574904710166246,0.000224122078321618,0.00116105477953093,6
MMRp,Myeloid-ISG,GBP1,"(-40,-35]","[0,0.729]",-37.5,0.364704876434944,4,0.00215094235058859,0.00169445496778624,0.00228142241119613,6
MMRp,Myeloid-noDC-noGran,GBP1,"(-40,-35]","[0,0.729]",-37.5,0.364704876434944,6,0.000592549649716591,0.000518769638536469,0.00063321481880753,6
MMRp,Myeloid-noDC-noGran,GBP1,"(-80,-75]","(3.65,4.38]",-77.5,4.01175364078438,3,0.00133689839572193,0.000668449197860963,0.00284236224133922,6
MMRp,Myeloid-ISG,GBP1,"(-75,-70]","[0,0.729]",-72.5,0.364704876434944,4,0.00158971358099265,0.00138517799477164,0.00169330777894134,6
MMRp,Myeloid-noDC-noGran,GBP1,"(-75,-70]","[0,0.729]",-72.5,0.364704876434944,5,0.000653167864141084,0.000221598463583986,0.00106553010122536,6
MMRp,Myeloid-ISG,GBP1,"(-30,-25]","[0,0.729]",-27.5,0.364704876434944,5,0.00201612903225806,0.0014609203798393,0.00273473108477666,6
MMRp,Myeloid-noDC-noGran,GBP1,"(-30,-25]","[0,0.729]",-27.5,0.364704876434944,6,0.000900749108199255,0.000669964258432309,0.00102920240296223,6
MMRp,Myeloid-noDC-noGran,GBP1,"(-85,-80]","(1.46,2.19]",-82.5,1.82352438217472,4,0,0,0.000410761963442185,6
MMRp,Myeloid-noDC-noGran,GBP1,"(-15,-10]","(1.46,2.19]",-12.5,1.82352438217472,6,0.000619421548066137,0.000365204941779621,0.000827102293529379,6
MMRp,Myeloid-ISG,GBP1,"(-85,-80]","[0,0.729]",-82.5,0.364704876434944,4,0.00103472335765591,0.000516173434273916,0.0021015552509738,6
MMRp,Myeloid-noDC-noGran,GBP1,"(-85,-80]","[0,0.729]",-82.5,0.364704876434944,4,0.000810545757941138,0.000693076054316696,0.000853688552049002,6
MMRp,Myeloid-ISG,GBP1,"(-10,-5]","(1.46,2.19]",-7.5,1.82352438217472,5,0.00232318017552917,0.00230227518959913,0.00292825768667643,6
MMRp,Myeloid-noDC-noGran,GBP1,"(-10,-5]","(1.46,2.19]",-7.5,1.82352438217472,6,0.000685303032993724,0.000490301163694365,0.000764700000307676,6
MMRp,Myeloid-ISG,GBP1,"(-20,-15]","[0,0.729]",-17.5,0.364704876434944,6,0.00114163307933835,0.000400723236060886,0.00167287623496265,6
MMRp,Myeloid-noDC-noGran,GBP1,"(-20,-15]","[0,0.729]",-17.5,0.364704876434944,6,0.000729534011658067,0.000418088413007041,0.000853589670009921,6
MMRp,Myeloid-ISG,GBP1,"(-15,-10]","[0,0.729]",-12.5,0.364704876434944,6,0.00130858455436504,0.00114005360567106,0.00156378340810008,6
MMRp,Myeloid-noDC-noGran,GBP1,"(-15,-10]","[0,0.729]",-12.5,0.364704876434944,6,0.000513402403605543,0.000429396086549818,0.000625495065749748,6
MMRp,Myeloid-ISG,GBP1,"(-5,0]","[0,0.729]",-2.5,0.364704876434944,6,0.00184837105594574,0.00170781811257546,0.00210325445146454,6
MMRp,Myeloid-noDC-noGran,GBP1,"(-5,0]","[0,0.729]",-2.5,0.364704876434944,6,0.000715312836321309,0.000572568437442184,0.000754448309832334,6
MMRp,Myeloid-ISG,GBP1,"(-5,0]","(1.46,2.19]",-2.5,1.82352438217472,5,0.00254668930390492,0.00235325758085121,0.00346500346500347,6
MMRp,Myeloid-noDC-noGran,GBP1,"(-5,0]","(1.46,2.19]",-2.5,1.82352438217472,6,0.000886782527146274,0.000481239817633314,0.000973355052655861,6
MMRp,Myeloid-noDC-noGran,GBP1,"(-60,-55]","[0,0.729]",-57.5,0.364704876434944,5,0.000686005488043904,0.000391217174433958,0.000894023794787154,6
MMRp,Myeloid-noDC-noGran,GBP1,"(0,5]","(1.46,2.19]",2.5,1.82352438217472,5,0.00046875,0.000198491464867011,0.00130975769482646,6
MMRp,Myeloid-ISG,GBP1,"(-5,0]","(0.729,1.46]",-2.5,1.09411462930483,4,0.0030264847657072,0.00207989346993663,0.00390419910542267,6
MMRp,Myeloid-noDC-noGran,GBP1,"(-5,0]","(0.729,1.46]",-2.5,1.09411462930483,5,0.000713393971820938,0.000632129414130966,0.000742886858331476,6
MMRp,Myeloid-ISG,GBP1,"(-15,-10]","(2.19,2.92]",-12.5,2.55293413504461,4,0.00331645013166981,0.00246142746142746,0.00444564010255322,6
MMRp,Myeloid-noDC-noGran,GBP1,"(-15,-10]","(2.19,2.92]",-12.5,2.55293413504461,6,0.000773870654865109,0.00030883615025866,0.00141430492298934,6
MMRp,Myeloid-ISG,GBP1,"(-15,-10]","(0.729,1.46]",-12.5,1.09411462930483,3,0.00317796610169492,0.00225299367501744,0.00374044604568395,6
MMRp,Myeloid-noDC-noGran,GBP1,"(-15,-10]","(0.729,1.46]",-12.5,1.09411462930483,5,0.000518657253997983,0,0.000692776648808424,6
MMRp,Myeloid-noDC-noGran,GBP1,"(20,25]","[0,0.729]",22.5,0.364704876434944,5,0.000283205890682526,0,0.000416146483562214,6
MMRp,Myeloid-ISG,GBP1,"(-10,-5]","(0.729,1.46]",-7.5,1.09411462930483,3,0.00231384097602019,0.0011569204880101,0.00334590261132276,6
MMRp,Myeloid-noDC-noGran,GBP1,"(-10,-5]","(0.729,1.46]",-7.5,1.09411462930483,5,0.000796495420151334,0.000711051233112533,0.000821242814125376,6
MMRp,Myeloid-ISG,GBP1,"(-20,-15]","(0.729,1.46]",-17.5,1.09411462930483,3,0.00241080038572806,0.00211614700525019,0.00266153415718875,6
MMRp,Myeloid-noDC-noGran,GBP1,"(-20,-15]","(0.729,1.46]",-17.5,1.09411462930483,3,0.000891345039664854,0.000685148864891232,0.00126763536711173,6
MMRp,Myeloid-ISG,GBP1,"(-20,-15]","(2.19,2.92]",-17.5,2.55293413504461,3,0.00290510006455778,0.00145255003227889,0.00303232886324255,6
MMRp,Myeloid-noDC-noGran,GBP1,"(-20,-15]","(2.19,2.92]",-17.5,2.55293413504461,6,0.00087554887354468,0.000768525354563719,0.00118826142266728,6
MMRp,Myeloid-ISG,GBP1,"(-15,-10]","(1.46,2.19]",-12.5,1.82352438217472,3,0.0025273799494524,0.00235146901369707,0.0033797309303576,6
MMRp,Myeloid-noDC-noGran,GBP1,"(-45,-40]","(3.65,4.38]",-42.5,4.01175364078438,3,0.00447154471544715,0.0036892607298166,0.00516450649374701,6
MMRp,Myeloid-ISG,GBP1,"(-25,-20]","(1.46,2.19]",-22.5,1.82352438217472,3,0.0025624599615631,0.00226578011710388,0.00298191025289039,6
MMRp,Myeloid-noDC-noGran,GBP1,"(-25,-20]","(1.46,2.19]",-22.5,1.82352438217472,6,0.00117586314394825,0.000805159048287964,0.00148514671140231,6
MMRp,Myeloid-noDC-noGran,GBP1,"(-40,-35]","(1.46,2.19]",-37.5,1.82352438217472,4,0.000497671148881228,0.000120753501851554,0.000890833334571137,6
MMRp,Myeloid-noDC-noGran,GBP1,"[-100,-95]","[0,0.729]",-97.5,0.364704876434944,4,0.00110162244911498,0.000651497303558223,0.00161861160073384,6
MMRp,Myeloid-ISG,GBP1,"(-65,-60]","[0,0.729]",-62.5,0.364704876434944,4,0.00167085768438115,0.00136044428238269,0.00190443504962813,6
MMRp,Myeloid-noDC-noGran,GBP1,"(-65,-60]","[0,0.729]",-62.5,0.364704876434944,5,0.000945365738370032,0.00049919574019635,0.00141214444220295,6
MMRp,Myeloid-noDC-noGran,GBP1,"(-70,-65]","(1.46,2.19]",-67.5,1.82352438217472,4,0.000349295792453509,0.000246062992125984,0.000479623756593014,6
MMRp,Myeloid-ISG,GBP1,"(-70,-65]","[0,0.729]",-67.5,0.364704876434944,3,0.00078064012490242,0.000780335663075235,0.00104348792659229,6
MMRp,Myeloid-ISG,GBP1,"(-80,-75]","[0,0.729]",-77.5,0.364704876434944,4,0.000865355092487994,0.000531161473087819,0.00186176167659308,6
MMRp,Myeloid-noDC-noGran,GBP1,"(-80,-75]","[0,0.729]",-77.5,0.364704876434944,5,0.000421509002227976,0.000211505922165821,0.000746268656716418,6
MMRp,Myeloid-noDC-noGran,GBP1,"(-70,-65]","(3.65,4.38]",-67.5,4.01175364078438,3,0.00180995475113122,0.00142581070889894,0.00499663040338885,6
MMRp,Myeloid-noDC-noGran,GBP1,"(-25,-20]","(4.38,5.11]",-22.5,4.74116339365427,3,0.0033563672260612,0.00278499047523315,0.00439980103138208,6
MMRp,Myeloid-ISG,GBP1,"(-35,-30]","[0,0.729]",-32.5,0.364704876434944,4,0.00114624725595354,0.000680487896982742,0.00173279039412473,6
MMRp,Myeloid-noDC-noGran,GBP1,"(-35,-30]","[0,0.729]",-32.5,0.364704876434944,6,0.000664857043814047,0.000431436814404128,0.000861398873424401,6
MMRp,Myeloid-noDC-noGran,GBP1,"(-55,-50]","(2.19,2.92]",-52.5,2.55293413504461,4,0.00115111529893094,0.000974569393438702,0.00145674398529308,6
MMRp,Myeloid-noDC-noGran,GBP1,"(-90,-85]","[0,0.729]",-87.5,0.364704876434944,5,0.000530035335689046,0.000234815278647464,0.000955292319449752,6
MMRp,Myeloid-noDC-noGran,GBP1,"(-45,-40]","(2.92,3.65]",-42.5,3.2823438879145,3,0.00182434193380245,0.00177064533530937,0.00187928895529581,6
MMRp,Myeloid-noDC-noGran,GBP1,"(-45,-40]","(2.19,2.92]",-42.5,2.55293413504461,4,0.000685465496000533,0.00033171163202123,0.000974762538020012,6
MMRp,Myeloid-ISG,GBP1,"(-30,-25]","(3.65,4.38]",-27.5,4.01175364078438,3,0.00588235294117647,0.00361321948134092,0.00801731860256793,6
MMRp,Myeloid-noDC-noGran,GBP1,"(-30,-25]","(3.65,4.38]",-27.5,4.01175364078438,3,0.0026486876956417,0.0017118406186811,0.00341525293872994,6
MMRp,Myeloid-ISG,GBP1,"(0,5]","(2.19,2.92]",2.5,2.55293413504461,3,0.00402993667242372,0.00201496833621186,0.00626125283727343,6
MMRp,Myeloid-noDC-noGran,GBP1,"(0,5]","(2.19,2.92]",2.5,2.55293413504461,6,0.00192797177723468,0.000680113232621922,0.0021634937160705,6
MMRp,Myeloid-noDC-noGran,GBP1,"(-70,-65]","(2.19,2.92]",-67.5,2.55293413504461,4,0.000724477375156635,0.000458575359217365,0.00100295329722074,6
MMRp,Myeloid-noDC-noGran,GBP1,"(5,10]","(3.65,4.38]",7.5,4.01175364078438,3,0.00114025085518814,0.00111957597704462,0.00174218356167752,6
MMRp,Myeloid-ISG,GBP1,"(-60,-55]","[0,0.729]",-57.5,0.364704876434944,4,0.000794341813042601,0.000590551181102362,0.00114760876878224,6
MMRp,Myeloid-noDC-noGran,GBP1,"(-50,-45]","(2.19,2.92]",-47.5,2.55293413504461,4,0.000750771485338256,0.000560119492158327,0.000858202410483851,6
MMRp,Myeloid-noDC-noGran,GBP1,"(-80,-75]","(2.92,3.65]",-77.5,3.2823438879145,3,0.00133689839572193,0.000668449197860963,0.00140518790120084,6
MMRp,Myeloid-noDC-noGran,GBP1,"(-25,-20]","(0.729,1.46]",-22.5,1.09411462930483,3,0.00109417171201401,0.000827119460039487,0.00117876151926645,6
MMRp,Myeloid-noDC-noGran,GBP1,"(-55,-50]","(1.46,2.19]",-52.5,1.82352438217472,4,0.00133742594704749,0.000587747271514729,0.00210314950248793,6
MMRp,Myeloid-noDC-noGran,GBP1,"(-35,-30]","(4.38,5.11]",-32.5,4.74116339365427,3,0.00103092783505155,0.000966320545118199,0.00360612325818511,6
MMRp,Myeloid-ISG,GBP1,"(-40,-35]","(2.92,3.65]",-37.5,3.2823438879145,3,0.0047978067169294,0.00327609634092084,0.00491049532137042,6
MMRp,Myeloid-noDC-noGran,GBP1,"(-40,-35]","(2.92,3.65]",-37.5,3.2823438879145,3,0.00201364805906701,0.00154445843813566,0.00209787739196159,6
MMRp,Myeloid-noDC-noGran,GBP1,"(-65,-60]","(1.46,2.19]",-62.5,1.82352438217472,4,0.000387744859193371,0.000244538637104663,0.00053363884824559,6
MMRp,Myeloid-noDC-noGran,GBP1,"(-70,-65]","(2.92,3.65]",-67.5,3.2823438879145,3,0.00123685837971552,0.000869307263114159,0.00170512322511495,6
MMRp,Myeloid-noDC-noGran,GBP1,"(-30,-25]","(0.729,1.46]",-27.5,1.09411462930483,3,0.00121536217792902,0.000686945515090066,0.00167719980554205,6
MMRp,Myeloid-noDC-noGran,GBP1,"[-100,-95]","(2.19,2.92]",-97.5,2.55293413504461,3,0.000648929266709929,0.000324464633354964,0.00180375457418337,6
MMRp,Myeloid-noDC-noGran,GBP1,"(-95,-90]","(2.92,3.65]",-92.5,3.2823438879145,3,0.00161943319838057,0.000809716599190283,0.00173736038397693,6
MMRp,Myeloid-noDC-noGran,GBP1,"(-75,-70]","(2.92,3.65]",-72.5,3.2823438879145,3,0.00242865816636308,0.00159659208012344,0.00297376606334789,6
MMRp,Myeloid-noDC-noGran,GBP1,"(-40,-35]","(4.38,5.11]",-37.5,4.74116339365427,3,0.00162337662337662,0.00154590270229037,0.00466831263110755,6
MMRp,Myeloid-noDC-noGran,GBP1,"(-35,-30]","(1.46,2.19]",-32.5,1.82352438217472,5,0.00100452034153692,0.000718261806428443,0.00110497237569061,6
MMRp,Myeloid-noDC-noGran,GBP1,"(65,70]","[0,0.729]",67.5,0.364704876434944,4,0.000636942675159236,0,0.00145843212139077,6
MMRp,Myeloid-ISG,GBP1,"(5,10]","[0,0.729]",7.5,0.364704876434944,4,0.00134445518889006,0.000688073394495413,0.00179329340370957,6
MMRp,Myeloid-ISG,GBP1,"(-50,-45]","[0,0.729]",-47.5,0.364704876434944,4,0.00117066681215194,0.000821752123526406,0.00217754582692923,6
MMRp,Myeloid-noDC-noGran,GBP1,"(-50,-45]","[0,0.729]",-47.5,0.364704876434944,6,0.00102945993396983,0.000483348183336839,0.00113124312644863,6
MMRp,Myeloid-noDC-noGran,GBP1,"(-90,-85]","(1.46,2.19]",-87.5,1.82352438217472,4,0.000588727041116565,0.000425773488504116,0.000819986318818701,6
MMRp,Myeloid-ISG,GBP1,"[-100,-95]","[0,0.729]",-97.5,0.364704876434944,3,0.00184331797235023,0.00134574719652287,0.00203153689960464,6
MMRp,Myeloid-noDC-noGran,GBP1,"(55,60]","[0,0.729]",57.5,0.364704876434944,5,0.00131795716639209,0,0.00176056338028169,6
MMRp,Myeloid-noDC-noGran,GBP1,"(10,15]","[0,0.729]",12.5,0.364704876434944,6,0.00022212350066637,0,0.000755391647240402,6
MMRp,Myeloid-noDC-noGran,GBP1,"(35,40]","[0,0.729]",37.5,0.364704876434944,5,0.000550357732526142,0,0.00100959111559818,6
MMRp,Myeloid-ISG,GBP1,"(-90,-85]","[0,0.729]",-87.5,0.364704876434944,3,0.00151515151515152,0.00130945213726671,0.00219126751384816,6
MMRp,Myeloid-noDC-noGran,GBP1,"(-40,-35]","(2.19,2.92]",-37.5,2.55293413504461,4,0.000597513755039083,0.000278914094458907,0.000954847763327862,6
MMRp,Myeloid-noDC-noGran,GBP1,"(-30,-25]","(1.46,2.19]",-27.5,1.82352438217472,5,0.000965413028878442,0.000630517023959647,0.00131926121372032,6
MMRp,Myeloid-noDC-noGran,GBP1,"(-65,-60]","(2.92,3.65]",-62.5,3.2823438879145,3,0.00178041543026706,0.00169245400474444,0.0019864318320641,6
MMRp,Myeloid-noDC-noGran,GBP1,"(-90,-85]","(2.92,3.65]",-87.5,3.2823438879145,3,0.000816993464052288,0.000408496732026144,0.00145935843862556,6
MMRp,Myeloid-noDC-noGran,GBP1,"(-60,-55]","(1.46,2.19]",-57.5,1.82352438217472,4,0.000546707556305281,0.000289463527595523,0.000799838134921383,6
MMRp,Myeloid-noDC-noGran,GBP1,"(-65,-60]","(2.19,2.92]",-62.5,2.55293413504461,4,0.000935451027404695,0.000421822272215973,0.00147445091583387,6
MMRp,Myeloid-noDC-noGran,GBP1,"(-75,-70]","(2.19,2.92]",-72.5,2.55293413504461,4,0.000815527646387213,0,0.00168775965351022,6
MMRp,Myeloid-noDC-noGran,GBP1,"(-55,-50]","(3.65,4.38]",-52.5,4.01175364078438,3,0.00114678899082569,0.000573394495412844,0.00156822139553222,6
MMRp,Myeloid-noDC-noGran,GBP1,"(-60,-55]","(2.19,2.92]",-57.5,2.55293413504461,4,0.000721108280018256,0.000381679389312977,0.00111818309762642,6
MMRp,Myeloid-noDC-noGran,GBP1,"(-60,-55]","(2.92,3.65]",-57.5,3.2823438879145,3,0.00217214227531903,0.00150836843495681,0.0022728738910419,6
MMRp,Myeloid-noDC-noGran,GBP1,"(-45,-40]","(1.46,2.19]",-42.5,1.82352438217472,4,0.000818520784466606,0.000689586386222606,0.000961285805225171,6
MMRp,Myeloid-noDC-noGran,GBP1,"(-80,-75]","(1.46,2.19]",-77.5,1.82352438217472,3,0.000723196528656662,0.000361598264328331,0.00105316119655516,6
MMRp,Myeloid-noDC-noGran,GBP1,"(-75,-70]","(1.46,2.19]",-72.5,1.82352438217472,4,0.000220783043862231,0,0.000532462810559853,6
MMRp,Myeloid-noDC-noGran,GBP1,"(-90,-85]","(2.19,2.92]",-87.5,2.55293413504461,3,0,0,0.000895736295234683,6
MMRp,Myeloid-noDC-noGran,GBP1,"(-85,-80]","(2.19,2.92]",-82.5,2.55293413504461,3,0.00161030595813205,0.00121465338856643,0.00168765423978211,6
MMRp,Myeloid-noDC-noGran,GBP1,"(5,10]","(2.92,3.65]",7.5,3.2823438879145,3,0.00154225786551511,0.00147337612376879,0.00392371405255579,6
MMRp,Myeloid-noDC-noGran,GBP1,"(-95,-90]","(2.19,2.92]",-92.5,2.55293413504461,3,0.00206398348813209,0.00173161860973769,0.00293675364882795,6
MMRp,Myeloid-noDC-noGran,GBP1,"(60,65]","[0,0.729]",62.5,0.364704876434944,5,0,0,0.00100553041729512,6
MMRp,Myeloid-noDC-noGran,GBP1,"(75,80]","[0,0.729]",77.5,0.364704876434944,4,0,0,0.000227894257064722,6
MMRp,Myeloid-noDC-noGran,GBP1,"(95,100]","[0,0.729]",97.5,0.364704876434944,3,0,0,0.000615006150061501,6
MMRp,Myeloid-noDC-noGran,GBP1,"(25,30]","[0,0.729]",27.5,0.364704876434944,5,0,0,0.000530222693531283,6
MMRp,Myeloid-noDC-noGran,GBP1,"(50,55]","[0,0.729]",52.5,0.364704876434944,5,0,0,0.00142450142450142,6
MMRp,Myeloid-noDC-noGran,GBP1,"(30,35]","[0,0.729]",32.5,0.364704876434944,5,0.000729394602479942,0,0.00130123617436565,6
MMRp,Myeloid-noDC-noGran,GBP1,"(80,85]","[0,0.729]",82.5,0.364704876434944,4,0.000464252553389044,0,0.00114886751786637,6
MMRp,Myeloid-noDC-noGran,GBP1,"(40,45]","[0,0.729]",42.5,0.364704876434944,5,0,0,0.00132275132275132,6
MMRp,Myeloid-noDC-noGran,GBP1,"(45,50]","[0,0.729]",47.5,0.364704876434944,5,0.000603500301750151,0,0.000829187396351576,6
MMRp,Myeloid-noDC-noGran,GBP1,"(0,5]","(0.729,1.46]",2.5,1.09411462930483,4,0.000874368141929064,0.000448855332902683,0.00145952799692845,6
MMRp,Myeloid-noDC-noGran,GBP1,"(-40,-35]","(0.729,1.46]",-37.5,1.09411462930483,3,0.000396196513470682,0.000324744659977489,0.000521147844847116,6
MMRp,Myeloid-noDC-noGran,GBP1,"(-50,-45]","(0.729,1.46]",-47.5,1.09411462930483,3,0.00117508813160987,0.000922814517302477,0.00137185779129513,6
MMRp,Myeloid-noDC-noGran,GBP1,"(5,10]","(1.46,2.19]",7.5,1.82352438217472,3,0.000540832882639265,0.000270416441319632,0.00168284581985071,6
MMRp,Myeloid-noDC-noGran,GBP1,"(-65,-60]","(0.729,1.46]",-62.5,1.09411462930483,3,0,0,0.000968054211035818,6
MMRp,Myeloid-noDC-noGran,GBP1,"(-35,-30]","(0.729,1.46]",-32.5,1.09411462930483,3,0.000748182984181274,0.000374091492090637,0.000932282951761304,6
MMRp,Myeloid-noDC-noGran,GBP1,"(-45,-40]","(0.729,1.46]",-42.5,1.09411462930483,3,0.00049248953459739,0.000373633302330542,0.000569520629367661,6
MMRp,Myeloid-noDC-noGran,GBP1,"(-55,-50]","(0.729,1.46]",-52.5,1.09411462930483,3,0.000869754294411829,0.000434877147205914,0.00105368902839403,6
MMRp,Myeloid-noDC-noGran,GBP1,"(15,20]","[0,0.729]",17.5,0.364704876434944,5,0.000600961538461539,0.000389105058365759,0.000626174076393237,6
MMRp,Myeloid-noDC-noGran,GBP1,"(-80,-75]","(0.729,1.46]",-77.5,1.09411462930483,3,0.00109289617486339,0.000546448087431694,0.00164776967333478,6
MMRp,Myeloid-noDC-noGran,GBP1,"(5,10]","(0.729,1.46]",7.5,1.09411462930483,3,0.000567536889897843,0.000283768444948922,0.00140317143002355,6
MMRp,Myeloid-noDC-noGran,GBP1,"(90,95]","[0,0.729]",92.5,0.364704876434944,3,0.000978473581213307,0.000489236790606654,0.00119346214271933,6
MMRp,Myeloid-noDC-noGran,GBP1,"(10,15]","(1.46,2.19]",12.5,1.82352438217472,3,0,0,0.00108695652173913,6
MMRp,Tcd4-CXCL13,GBP1,"(-5,0]","[0,0.729]",-2.5,0.364704876434944,4,0.001078360891445,0,0.00229321701284318,6
MMRp,Tcd4-CXCL13,GBP1,"(-10,-5]","[0,0.729]",-7.5,0.364704876434944,4,0,0,0.000576036866359447,6
MMRp,Tcd4-CXCL13,GBP1,"(-15,-10]","[0,0.729]",-12.5,0.364704876434944,3,0.00178890876565295,0.00148933838044694,0.00198377900156286,6
MMRp,Tcd4-Treg-comb,GBP1,"(-15,-10]","[0,0.729]",-12.5,0.364704876434944,5,0.00103950103950104,0.000961769656167348,0.00129842025535598,6
MMRp,Tcd4-Treg-comb,GBP1,"(-5,0]","[0,0.729]",-2.5,0.364704876434944,5,0.00055550411998889,0.000389787565776652,0.00102367242482406,6
MMRp,Tcd4-Treg-comb,GBP1,"(-10,-5]","[0,0.729]",-7.5,0.364704876434944,5,0.00125596583772921,0.000784006272050176,0.00174346201743462,6
MMRp,Tcd4-Treg-comb,GBP1,"(-15,-10]","(1.46,2.19]",-12.5,1.82352438217472,4,0.000442086648983201,0,0.000914866958672666,6
MMRp,Tcd4-Treg-comb,GBP1,"(0,5]","[0,0.729]",2.5,0.364704876434944,5,0,0,0.00147058823529412,6
MMRp,Tcd4-Treg-comb,GBP1,"(-10,-5]","(1.46,2.19]",-7.5,1.82352438217472,5,0.00132100396301189,0,0.00151228733459357,6
MMRp,Tcd4-Treg-comb,GBP1,"(-5,0]","(1.46,2.19]",-2.5,1.82352438217472,5,0.001375,0.00118764845605701,0.00145725388601036,6
MMRp,Tcd4-Treg-comb,GBP1,"(-25,-20]","[0,0.729]",-22.5,0.364704876434944,5,0.00153295861011753,0.0012442969722107,0.00165425971877585,6
MMRp,Tcd4-Treg-comb,GBP1,"(-5,0]","(0.729,1.46]",-2.5,1.09411462930483,4,0.00120924403017359,0.00073782587309395,0.00186049588059028,6
MMRp,Tcd4-Treg-comb,GBP1,"(-30,-25]","(1.46,2.19]",-27.5,1.82352438217472,3,0.000621021580499922,0.000310510790249961,0.000668420596978666,6
MMRp,Tcd4-Treg-comb,GBP1,"(-20,-15]","[0,0.729]",-17.5,0.364704876434944,4,0.00149966243732986,0.00122493277807925,0.00194967605156093,6
MMRp,Tcd4-Treg-comb,GBP1,"(-50,-45]","[0,0.729]",-47.5,0.364704876434944,3,0.00141362736782584,0.00118029853239777,0.00219269778495304,6
MMRp,Tcd4-Treg-comb,GBP1,"(-55,-50]","[0,0.729]",-52.5,0.364704876434944,3,0.000760022800684021,0.00038001140034201,0.00148784005617657,6
MMRp,Tcd4-Treg-comb,GBP1,"(-25,-20]","(1.46,2.19]",-22.5,1.82352438217472,3,0.00151318633808906,0.000756593169044531,0.00166900192816862,6
MMRp,Tcd4-Treg-comb,GBP1,"(-35,-30]","[0,0.729]",-32.5,0.364704876434944,3,0.00146771037181996,0.00117975292669476,0.00199013659294516,6
MMRp,Tcd4-Treg-comb,GBP1,"(-40,-35]","[0,0.729]",-37.5,0.364704876434944,4,0.00178203455162582,0.00168661737965227,0.00275043865841115,6
MMRp,Tcd4-Treg-comb,GBP1,"(-30,-25]","[0,0.729]",-27.5,0.364704876434944,4,0.00189294046651746,0.00167740108343174,0.00206964651434955,6
MMRp,Tcd4-Treg-comb,GBP1,"(-65,-60]","[0,0.729]",-62.5,0.364704876434944,3,0.00194221898519058,0.00097110949259529,0.00286504888653468,6
MMRp,Tcd4-Treg-comb,GBP1,"(-90,-85]","[0,0.729]",-87.5,0.364704876434944,3,0.00074794315632012,0.00037397157816006,0.00151205959029967,6
MMRp,Tcd4-Treg-comb,GBP1,"(-80,-75]","[0,0.729]",-77.5,0.364704876434944,3,0,0,0.00098135426889107,6
MMRp,Tcd4-Treg-comb,GBP1,"(-45,-40]","[0,0.729]",-42.5,0.364704876434944,3,0.00101471334348047,0.000507356671740233,0.00125970776891892,6
MMRp,Tcd4-Treg-comb,GBP1,"(-60,-55]","[0,0.729]",-57.5,0.364704876434944,3,0.00112032265292404,0.00087621695225216,0.00296016132646202,6
MMRp,CD8-all,GBP1,"(-5,0]","(2.92,3.65]",-2.5,3.2823438879145,3,0.00284900284900285,0.00265074299409063,0.00326499222204744,6
MMRp,Tcd8-CXCL13-comb,GBP1,"(-5,0]","[0,0.729]",-2.5,0.364704876434944,5,0.00152905198776758,0.000720980533525595,0.00199600798403194,6
MMRp,CD8-all,GBP1,"(-5,0]","[0,0.729]",-2.5,0.364704876434944,5,0.00120772946859903,0.000809061488673139,0.00162443144899285,6
MMRp,CD8-all,GBP1,"(-20,-15]","[0,0.729]",-17.5,0.364704876434944,3,0.00102880658436214,0.00051440329218107,0.00140699478280886,6
MMRp,CD8-all,GBP1,"(5,10]","[0,0.729]",7.5,0.364704876434944,3,0.0015600624024961,0.00078003120124805,0.00160647748223979,6
MMRp,CD8-all,GBP1,"(-15,-10]","[0,0.729]",-12.5,0.364704876434944,4,0.00119226961038814,0.000853242320819112,0.0016024758535595,6
MMRp,Tcd8-CXCL13-comb,GBP1,"(-10,-5]","[0,0.729]",-7.5,0.364704876434944,3,0.00219218122031421,0.00168710715862046,0.00227117874176698,6
MMRp,CD8-all,GBP1,"(-10,-5]","[0,0.729]",-7.5,0.364704876434944,5,0.000925497454881999,0,0.00156862745098039,6
MMRp,CD8-all,GBP1,"(-25,-20]","[0,0.729]",-22.5,0.364704876434944,4,0.00161721580127652,0.00108993383169546,0.00200185360882704,6
MMRp,CD8-all,GBP1,"(0,5]","[0,0.729]",2.5,0.364704876434944,4,0.00163877937339736,0.00121163166397415,0.00211158929923607,6
MMRp,Tcd8-HOBIT,GBP1,"(-10,-5]","[0,0.729]",-7.5,0.364704876434944,3,0.00227790432801822,0.00113895216400911,0.00269901456650521,6
MMRp,Tcd8-HOBIT,GBP1,"(-5,0]","[0,0.729]",-2.5,0.364704876434944,3,0,0,0.000492610837438424,6
MMRp,Tplzf-gdlike-comb,GBP1,"(-5,0]","[0,0.729]",-2.5,0.364704876434944,3,0,0,0,6
MMRp,Myeloid-mregDC,TAP1,"(-5,0]","(2.19,2.92]",-2.5,2.55293413504461,5,0.00544959128065395,0.00408997955010225,0.00714285714285714,6
MMRp,Myeloid-mregDC,TAP1,"(-20,-15]","(2.92,3.65]",-17.5,3.2823438879145,3,0.00680272108843537,0.00340136054421769,0.00923226433430515,6
MMRp,Myeloid-mregDC,TAP1,"(-15,-10]","(2.92,3.65]",-12.5,3.2823438879145,3,0.00424808836023789,0.00212404418011895,0.00618083931196479,6
MMRp,Myeloid-mregDC,TAP1,"(-10,-5]","(2.92,3.65]",-7.5,3.2823438879145,3,0.00580720092915215,0.00453625352580056,0.00767118091749622,6
MMRp,Myeloid-mregDC,TAP1,"(-10,-5]","(2.19,2.92]",-7.5,2.55293413504461,4,0.0045197222702743,0.00400686341157965,0.00561977602384112,6
MMRp,Myeloid-mregDC,TAP1,"(-5,0]","(3.65,4.38]",-2.5,4.01175364078438,3,0.00755667506297229,0.00553067398008428,0.00843491494708568,6
MMRp,Myeloid-mregDC,TAP1,"(-30,-25]","(2.19,2.92]",-27.5,2.55293413504461,3,0.00541441066222407,0.00270720533111204,0.00610856587532972,6
MMRp,Myeloid-mregDC,TAP1,"(-15,-10]","[0,0.729]",-12.5,0.364704876434944,5,0.0035778175313059,0.00224887556221889,0.00448058413541321,6
MMRp,Myeloid-mregDC,TAP1,"(-5,0]","[0,0.729]",-2.5,0.364704876434944,5,0.0050035739814153,0.00449236298292902,0.00529482551143201,6
MMRp,Myeloid-mregDC,TAP1,"(-10,-5]","[0,0.729]",-7.5,0.364704876434944,5,0.00391389432485323,0.0038015206082433,0.00556398583712696,6
MMRp,Myeloid-mregDC,TAP1,"(-5,0]","(1.46,2.19]",-2.5,1.82352438217472,4,0.00464285060501217,0.00398923285613933,0.00518082706641655,6
MMRp,Myeloid-mregDC,TAP1,"(-10,-5]","(1.46,2.19]",-7.5,1.82352438217472,3,0.00287081339712919,0.00143540669856459,0.00428958417650959,6
MMRp,Myeloid-mregDC,TAP1,"(-5,0]","(0.729,1.46]",-2.5,1.09411462930483,3,0.00477326968973747,0.00238663484486874,0.00506043163631259,6
MMRp,Myeloid-mregDC,TAP1,"(-15,-10]","(1.46,2.19]",-12.5,1.82352438217472,3,0.00535905680600214,0.00524124242256325,0.00677788905873878,6
MMRp,Myeloid-mregDC,TAP1,"(-15,-10]","(2.19,2.92]",-12.5,2.55293413504461,3,0.00423728813559322,0.00366783074479119,0.00514894709809964,6
MMRp,Myeloid-mregDC,TAP1,"(-40,-35]","[0,0.729]",-37.5,0.364704876434944,4,0.00564313860139632,0.00372786579683131,0.00666238767650834,6
MMRp,Myeloid-mregDC,TAP1,"(0,5]","[0,0.729]",2.5,0.364704876434944,3,0.00459770114942529,0.0044727636181909,0.00699368625546382,6
MMRp,Myeloid-mregDC,TAP1,"(-25,-20]","[0,0.729]",-22.5,0.364704876434944,4,0.00483270269627091,0.00333180925286188,0.00615610273959066,6
MMRp,Myeloid-mregDC,TAP1,"(-35,-30]","[0,0.729]",-32.5,0.364704876434944,3,0.00712166172106825,0.00641797371767698,0.00858956649271803,6
MMRp,Myeloid-mregDC,TAP1,"(-20,-15]","[0,0.729]",-17.5,0.364704876434944,3,0.00305343511450382,0.00244922678234416,0.00383967009144338,6
MMRp,Myeloid-mregDC,TAP1,"(-30,-25]","[0,0.729]",-27.5,0.364704876434944,3,0.00570206699928724,0.00329390329592352,0.00847387086988583,6
MMRp,Myeloid-ISG,TAP1,"(-5,0]","(3.65,4.38]",-2.5,4.01175364078438,3,0.00726950354609929,0.00615523066403893,0.00914945765540259,6
MMRp,Myeloid-noDC-noGran,TAP1,"(-5,0]","(3.65,4.38]",-2.5,4.01175364078438,4,0.00412753779913647,0.00265852384229171,0.00563836834630467,6
MMRp,Myeloid-noDC-noGran,TAP1,"(-20,-15]","(1.46,2.19]",-17.5,1.82352438217472,6,0.00318611184908217,0.00189663662345798,0.00383791881509569,6
MMRp,Myeloid-ISG,TAP1,"(-10,-5]","(3.65,4.38]",-7.5,4.01175364078438,3,0.0101168672597244,0.00762563387148105,0.0106454781642752,6
MMRp,Myeloid-noDC-noGran,TAP1,"(-10,-5]","(3.65,4.38]",-7.5,4.01175364078438,4,0.00476925492195811,0.00245746148539894,0.0065623552729783,6
MMRp,Myeloid-ISG,TAP1,"(-10,-5]","[0,0.729]",-7.5,0.364704876434944,6,0.00520564877706492,0.00233500874159839,0.00687893839633161,6
MMRp,Myeloid-noDC-noGran,TAP1,"(-10,-5]","[0,0.729]",-7.5,0.364704876434944,6,0.00244015533134393,0.00206476541935222,0.00274737376456556,6
MMRp,Myeloid-ISG,TAP1,"(-15,-10]","(4.38,5.11]",-12.5,4.74116339365427,3,0.00680272108843537,0.00547461555458396,0.00716665706131841,6
MMRp,Myeloid-noDC-noGran,TAP1,"(-15,-10]","(4.38,5.11]",-12.5,4.74116339365427,4,0.00401639774237833,0.00335264277492581,0.00472718389810806,6
MMRp,Myeloid-ISG,TAP1,"(-10,-5]","(2.19,2.92]",-7.5,2.55293413504461,6,0.00608729246063548,0.0040979997468134,0.00984517752677047,6
MMRp,Myeloid-noDC-noGran,TAP1,"(-10,-5]","(2.19,2.92]",-7.5,2.55293413504461,6,0.00297191190660126,0.00245278700552992,0.00344384311508505,6
MMRp,Myeloid-ISG,TAP1,"(-10,-5]","(4.38,5.11]",-7.5,4.74116339365427,3,0.00840100812097452,0.00761610564708929,0.00912661243487149,6
MMRp,Myeloid-noDC-noGran,TAP1,"(-10,-5]","(4.38,5.11]",-7.5,4.74116339365427,4,0.00560919969089196,0.00442280323925391,0.00612977019812877,6
MMRp,Myeloid-ISG,TAP1,"(-20,-15]","(2.92,3.65]",-17.5,3.2823438879145,3,0.00776778413736713,0.00763461336123983,0.00870084775269127,6
MMRp,Myeloid-noDC-noGran,TAP1,"(-20,-15]","(2.92,3.65]",-17.5,3.2823438879145,5,0.00400100025006252,0.00205128205128205,0.00473474044495151,6
MMRp,Myeloid-ISG,TAP1,"(-5,0]","(2.19,2.92]",-2.5,2.55293413504461,5,0.0056140350877193,0.00514705882352941,0.0072083879423329,6
MMRp,Myeloid-noDC-noGran,TAP1,"(-5,0]","(2.19,2.92]",-2.5,2.55293413504461,6,0.00287839755096219,0.0020356867481656,0.00356396329250773,6
MMRp,Myeloid-noDC-noGran,TAP1,"(0,5]","(3.65,4.38]",2.5,4.01175364078438,3,0.0072840790842872,0.0050925161273073,0.00731851013037889,6
MMRp,Myeloid-ISG,TAP1,"(-25,-20]","[0,0.729]",-22.5,0.364704876434944,6,0.00664792912587841,0.00336020104761508,0.00822516337612506,6
MMRp,Myeloid-noDC-noGran,TAP1,"(-25,-20]","[0,0.729]",-22.5,0.364704876434944,6,0.00280397465569043,0.00246342839440183,0.00316531933362728,6
MMRp,Myeloid-noDC-noGran,TAP1,"(-85,-80]","(2.92,3.65]",-82.5,3.2823438879145,3,0.00399361022364217,0.003040646447938,0.00444871005335258,6
MMRp,Myeloid-ISG,TAP1,"(-25,-20]","(3.65,4.38]",-22.5,4.01175364078438,3,0.00638297872340426,0.0047394769778012,0.00898299515320792,6
MMRp,Myeloid-noDC-noGran,TAP1,"(-25,-20]","(3.65,4.38]",-22.5,4.01175364078438,4,0.00407458830647767,0.00312147600763337,0.00518265502690268,6
MMRp,Myeloid-ISG,TAP1,"(-5,0]","(5.11,5.84]",-2.5,5.47057314652416,3,0.00606060606060606,0.00548730548730549,0.0130493869997687,6
MMRp,Myeloid-noDC-noGran,TAP1,"(-5,0]","(5.11,5.84]",-2.5,5.47057314652416,3,0.00499445061043285,0.00405972530521643,0.0104052051758131,6
MMRp,Myeloid-ISG,TAP1,"(-5,0]","(4.38,5.11]",-2.5,4.74116339365427,3,0.00804477089891571,0.00780230985096982,0.00867499090851492,6
MMRp,Myeloid-noDC-noGran,TAP1,"(-5,0]","(4.38,5.11]",-2.5,4.74116339365427,3,0.00478808299343855,0.00471296115297354,0.00601902090024539,6
MMRp,Myeloid-ISG,TAP1,"(-35,-30]","(3.65,4.38]",-32.5,4.01175364078438,3,0.00807584269662922,0.0055955537470685,0.0096047229677478,6
MMRp,Myeloid-noDC-noGran,TAP1,"(-35,-30]","(3.65,4.38]",-32.5,4.01175364078438,3,0.00554377955323659,0.00424855841217647,0.00627943099022756,6
MMRp,Myeloid-ISG,TAP1,"(-10,-5]","(5.11,5.84]",-7.5,5.47057314652416,3,0.00588928150765607,0.00504107681252824,0.00960686593703923,6
MMRp,Myeloid-noDC-noGran,TAP1,"(-10,-5]","(5.11,5.84]",-7.5,5.47057314652416,3,0.0040768782760629,0.00387105978555741,0.00791092235950796,6
MMRp,Myeloid-ISG,TAP1,"(-20,-15]","(4.38,5.11]",-17.5,4.74116339365427,3,0.00773594636410521,0.00668685972186938,0.00891210937372978,6
MMRp,Myeloid-noDC-noGran,TAP1,"(-20,-15]","(4.38,5.11]",-17.5,4.74116339365427,3,0.00563863692081393,0.00511104129675099,0.00662344074564697,6
MMRp,Myeloid-ISG,TAP1,"(-10,-5]","(2.92,3.65]",-7.5,3.2823438879145,3,0.00577124868835257,0.00566254504766286,0.0065995771551288,6
MMRp,Myeloid-noDC-noGran,TAP1,"(-10,-5]","(2.92,3.65]",-7.5,3.2823438879145,6,0.00416358565278866,0.00320636675606521,0.0046703343689589,6
MMRp,Myeloid-noDC-noGran,TAP1,"(5,10]","(2.19,2.92]",7.5,2.55293413504461,4,0.00529896856911075,0.00440507242355292,0.00635033897172722,6
MMRp,Myeloid-ISG,TAP1,"(-5,0]","(2.92,3.65]",-2.5,3.2823438879145,3,0.00716754127735825,0.00622853678567244,0.00807375452078827,6
MMRp,Myeloid-noDC-noGran,TAP1,"(-5,0]","(2.92,3.65]",-2.5,3.2823438879145,6,0.00321591171668491,0.00257783637504721,0.00397028363232345,6
MMRp,Myeloid-ISG,TAP1,"(-15,-10]","(2.92,3.65]",-12.5,3.2823438879145,4,0.00671327667019179,0.00568630618986069,0.00766921275000193,6
MMRp,Myeloid-noDC-noGran,TAP1,"(-15,-10]","(2.92,3.65]",-12.5,3.2823438879145,6,0.00402134475809127,0.00293302809739534,0.00515698851811577,6
MMRp,Myeloid-noDC-noGran,TAP1,"(-55,-50]","(2.92,3.65]",-52.5,3.2823438879145,3,0.00401416765053129,0.00376044443309732,0.00464344746162928,6
MMRp,Myeloid-ISG,TAP1,"(-15,-10]","(3.65,4.38]",-12.5,4.01175364078438,3,0.00814566363200767,0.00747063631156055,0.0101141998274722,6
MMRp,Myeloid-noDC-noGran,TAP1,"(-15,-10]","(3.65,4.38]",-12.5,4.01175364078438,4,0.00478716551802751,0.00244777231254644,0.00709979180927755,6
MMRp,Myeloid-noDC-noGran,TAP1,"(-80,-75]","(2.19,2.92]",-77.5,2.55293413504461,4,0.00223491257755217,0.00165703346367263,0.00328928970917226,6
MMRp,Myeloid-ISG,TAP1,"(0,5]","(2.92,3.65]",2.5,3.2823438879145,3,0.00441826215022091,0.00370166838854329,0.00709418854637482,6
MMRp,Myeloid-noDC-noGran,TAP1,"(0,5]","(2.92,3.65]",2.5,3.2823438879145,3,0.00376884422110553,0.0028809343178273,0.00505206343608883,6
MMRp,Myeloid-ISG,TAP1,"(0,5]","[0,0.729]",2.5,0.364704876434944,6,0.00547945960916763,0.00362729259493015,0.00662848270002637,6
MMRp,Myeloid-noDC-noGran,TAP1,"(0,5]","[0,0.729]",2.5,0.364704876434944,6,0.00256463735055711,0.00239862921510202,0.00272290939363282,6
MMRp,Myeloid-noDC-noGran,TAP1,"(-60,-55]","(3.65,4.38]",-57.5,4.01175364078438,3,0.00362976406533575,0.00313067150635209,0.00485439571047943,6
MMRp,Myeloid-noDC-noGran,TAP1,"(-70,-65]","[0,0.729]",-67.5,0.364704876434944,5,0.00210772833723653,0.000974718245507158,0.00250331320865852,6
MMRp,Myeloid-noDC-noGran,TAP1,"(-50,-45]","(3.65,4.38]",-47.5,4.01175364078438,3,0.00421545667447307,0.00323258772981246,0.00668927995605144,6
MMRp,Myeloid-noDC-noGran,TAP1,"(5,10]","[0,0.729]",7.5,0.364704876434944,6,0.00358684003488893,0.00273033181781833,0.00385628060564447,6
MMRp,Myeloid-noDC-noGran,TAP1,"(-35,-30]","(2.19,2.92]",-32.5,2.55293413504461,4,0.00312981948909136,0.00284317727682192,0.00383248088874223,6
MMRp,Myeloid-ISG,TAP1,"(-30,-25]","(4.38,5.11]",-27.5,4.74116339365427,3,0.0106544901065449,0.00934100652116236,0.0113796996598629,6
MMRp,Myeloid-noDC-noGran,TAP1,"(-30,-25]","(4.38,5.11]",-27.5,4.74116339365427,3,0.00763500931098696,0.0067395825775714,0.00771614013307633,6
MMRp,Myeloid-ISG,TAP1,"(-25,-20]","(2.92,3.65]",-22.5,3.2823438879145,3,0.00745762711864407,0.00717049615970444,0.00811477847160274,6
MMRp,Myeloid-noDC-noGran,TAP1,"(-25,-20]","(2.92,3.65]",-22.5,3.2823438879145,4,0.0032796239635145,0.00265651284723407,0.00408224106774964,6
MMRp,Myeloid-noDC-noGran,TAP1,"(-65,-60]","(3.65,4.38]",-62.5,4.01175364078438,3,0.00975609756097561,0.00761164719003055,0.0103952901597982,6
MMRp,Myeloid-ISG,TAP1,"(-95,-90]","[0,0.729]",-92.5,0.364704876434944,3,0.00783289817232376,0.00434822801535014,0.00834122784722383,6
MMRp,Myeloid-noDC-noGran,TAP1,"(-95,-90]","[0,0.729]",-92.5,0.364704876434944,4,0.00284997174889226,0.0022251146037983,0.00307881614423871,6
MMRp,Myeloid-ISG,TAP1,"(-35,-30]","(2.92,3.65]",-32.5,3.2823438879145,3,0.00821467688937569,0.00675051025085524,0.00931228314215043,6
MMRp,Myeloid-noDC-noGran,TAP1,"(-35,-30]","(2.92,3.65]",-32.5,3.2823438879145,4,0.0035504828588181,0.00227779259728313,0.00453728978185003,6
MMRp,Myeloid-ISG,TAP1,"(-45,-40]","[0,0.729]",-42.5,0.364704876434944,4,0.00405405263274143,0.0023500587372262,0.00555550376536044,6
MMRp,Myeloid-noDC-noGran,TAP1,"(-45,-40]","[0,0.729]",-42.5,0.364704876434944,6,0.00212057288208313,0.00179764030304493,0.00317825306684716,6
MMRp,Myeloid-ISG,TAP1,"(-25,-20]","(2.19,2.92]",-22.5,2.55293413504461,3,0.0050251256281407,0.00467039265377442,0.00724503335685575,6
MMRp,Myeloid-noDC-noGran,TAP1,"(-25,-20]","(2.19,2.92]",-22.5,2.55293413504461,6,0.0024543701778232,0.00183890264415075,0.00316551597339775,6
MMRp,Myeloid-noDC-noGran,TAP1,"(-30,-25]","(2.19,2.92]",-27.5,2.55293413504461,6,0.00239195631252658,0.00157148791562574,0.00345624212627218,6
MMRp,Myeloid-ISG,TAP1,"(-55,-50]","[0,0.729]",-52.5,0.364704876434944,4,0.00399415431653821,0.00182625013598288,0.00647843416211478,6
MMRp,Myeloid-noDC-noGran,TAP1,"(-55,-50]","[0,0.729]",-52.5,0.364704876434944,6,0.00197641933803684,0.00154852247845827,0.00320414437003637,6
MMRp,Myeloid-noDC-noGran,TAP1,"(-40,-35]","(3.65,4.38]",-37.5,4.01175364078438,3,0.00641797031688728,0.00518192766126213,0.00716984256757691,6
MMRp,Myeloid-ISG,TAP1,"(-20,-15]","(3.65,4.38]",-17.5,4.01175364078438,3,0.00922818791946309,0.0090258586656139,0.0126315866711018,6
MMRp,Myeloid-noDC-noGran,TAP1,"(-20,-15]","(3.65,4.38]",-17.5,4.01175364078438,4,0.00449808356686574,0.0035499412207234,0.00633227435323423,6
MMRp,Myeloid-ISG,TAP1,"(-30,-25]","(2.92,3.65]",-27.5,3.2823438879145,3,0.00815892160340546,0.00683884270015748,0.00847506519730713,6
MMRp,Myeloid-noDC-noGran,TAP1,"(-30,-25]","(2.92,3.65]",-27.5,3.2823438879145,4,0.00295328331286402,0.00149201102145501,0.00441195632768799,6
MMRp,Myeloid-noDC-noGran,TAP1,"(-50,-45]","(2.92,3.65]",-47.5,3.2823438879145,4,0.00449554692143244,0.00267047288143645,0.00582196006226035,6
MMRp,Myeloid-noDC-noGran,TAP1,"(-50,-45]","(1.46,2.19]",-47.5,1.82352438217472,4,0.00262003216493464,0.00225883907547555,0.00313013265778946,6
MMRp,Myeloid-ISG,TAP1,"(-40,-35]","[0,0.729]",-37.5,0.364704876434944,4,0.00235904381816775,0.000448967375037414,0.00492900974056994,6
MMRp,Myeloid-noDC-noGran,TAP1,"(-40,-35]","[0,0.729]",-37.5,0.364704876434944,6,0.00155801504532443,0.00142865530363341,0.00281884566790516,6
MMRp,Myeloid-noDC-noGran,TAP1,"(-80,-75]","(3.65,4.38]",-77.5,4.01175364078438,3,0.0037593984962406,0.00254814844598126,0.00840143837855508,6
MMRp,Myeloid-ISG,TAP1,"(-75,-70]","[0,0.729]",-72.5,0.364704876434944,4,0.00330597132109136,0.00316600671484956,0.00455483985694809,6
MMRp,Myeloid-noDC-noGran,TAP1,"(-75,-70]","[0,0.729]",-72.5,0.364704876434944,5,0.00243745991019885,0.00130633572828217,0.00263852242744063,6
MMRp,Myeloid-ISG,TAP1,"(-30,-25]","[0,0.729]",-27.5,0.364704876434944,5,0.00255661066471877,0.00182315405651778,0.00479139885473881,6
MMRp,Myeloid-noDC-noGran,TAP1,"(-30,-25]","[0,0.729]",-27.5,0.364704876434944,6,0.00223303006762714,0.0016782200392865,0.0029843435842009,6
MMRp,Myeloid-noDC-noGran,TAP1,"(-85,-80]","(1.46,2.19]",-82.5,1.82352438217472,4,0.00261757792614629,0.00170712039463972,0.00349375337458687,6
MMRp,Myeloid-noDC-noGran,TAP1,"(-15,-10]","(1.46,2.19]",-12.5,1.82352438217472,6,0.00256248843205365,0.00182390807390807,0.00288679192964279,6
MMRp,Myeloid-ISG,TAP1,"(-85,-80]","[0,0.729]",-82.5,0.364704876434944,4,0.00344353271760085,0.00134303690933525,0.00583441731221349,6
MMRp,Myeloid-noDC-noGran,TAP1,"(-85,-80]","[0,0.729]",-82.5,0.364704876434944,4,0.00228249992877048,0.00129718769216945,0.00315620728919685,6
MMRp,Myeloid-ISG,TAP1,"(-10,-5]","(1.46,2.19]",-7.5,1.82352438217472,5,0.00432170338357753,0.00355871886120996,0.0062296858071506,6
MMRp,Myeloid-noDC-noGran,TAP1,"(-10,-5]","(1.46,2.19]",-7.5,1.82352438217472,6,0.00236846725572548,0.00130633678084278,0.00301825026471495,6
MMRp,Myeloid-ISG,TAP1,"(-20,-15]","[0,0.729]",-17.5,0.364704876434944,6,0.0025047429404663,0.00166602465331279,0.00441253788289344,6
MMRp,Myeloid-noDC-noGran,TAP1,"(-20,-15]","[0,0.729]",-17.5,0.364704876434944,6,0.00246154900709255,0.00122516778450563,0.00288084408303014,6
MMRp,Myeloid-ISG,TAP1,"(-15,-10]","[0,0.729]",-12.5,0.364704876434944,6,0.00473092115321768,0.00239499699897131,0.00718708536045997,6
MMRp,Myeloid-noDC-noGran,TAP1,"(-15,-10]","[0,0.729]",-12.5,0.364704876434944,6,0.00255730749938054,0.00222547184986567,0.00276724859259379,6
MMRp,Myeloid-ISG,TAP1,"(-5,0]","[0,0.729]",-2.5,0.364704876434944,6,0.00630327945958452,0.00392673135509464,0.00672504823616712,6
MMRp,Myeloid-noDC-noGran,TAP1,"(-5,0]","[0,0.729]",-2.5,0.364704876434944,6,0.00255456880587537,0.00226998707992949,0.00307950862197322,6
MMRp,Myeloid-ISG,TAP1,"(-5,0]","(1.46,2.19]",-2.5,1.82352438217472,5,0.00598399784845021,0.0052620500947169,0.00900900900900901,6
MMRp,Myeloid-noDC-noGran,TAP1,"(-5,0]","(1.46,2.19]",-2.5,1.82352438217472,6,0.00249649229004963,0.00203057085241867,0.00340372888545716,6
MMRp,Myeloid-noDC-noGran,TAP1,"(-60,-55]","[0,0.729]",-57.5,0.364704876434944,5,0.00205801646413171,0.00153711023276241,0.0033003300330033,6
MMRp,Myeloid-noDC-noGran,TAP1,"(0,5]","(1.46,2.19]",2.5,1.82352438217472,5,0.0037225975458431,0.00196463654223969,0.00475059382422803,6
MMRp,Myeloid-ISG,TAP1,"(-5,0]","(0.729,1.46]",-2.5,1.09411462930483,4,0.00517949757953363,0.00350801935977111,0.0073403932113988,6
MMRp,Myeloid-noDC-noGran,TAP1,"(-5,0]","(0.729,1.46]",-2.5,1.09411462930483,5,0.00237723794666072,0.00210694707270918,0.00249687890137328,6
MMRp,Myeloid-ISG,TAP1,"(-15,-10]","(2.19,2.92]",-12.5,2.55293413504461,4,0.00572766798677236,0.00434396792917693,0.00641758622103377,6
MMRp,Myeloid-noDC-noGran,TAP1,"(-15,-10]","(2.19,2.92]",-12.5,2.55293413504461,6,0.00347305798337741,0.00211415433814093,0.0047623390713314,6
MMRp,Myeloid-ISG,TAP1,"(-15,-10]","(0.729,1.46]",-12.5,1.09411462930483,3,0.00459039548022599,0.00315578293804759,0.00860329866972787,6
MMRp,Myeloid-noDC-noGran,TAP1,"(-15,-10]","(0.729,1.46]",-12.5,1.09411462930483,5,0.00208869675037645,0.000904159132007233,0.00342700479780672,6
MMRp,Myeloid-noDC-noGran,TAP1,"(20,25]","[0,0.729]",22.5,0.364704876434944,5,0.00384024577572965,0.00339847068819031,0.00396510705789056,6
MMRp,Myeloid-ISG,TAP1,"(-10,-5]","(0.729,1.46]",-7.5,1.09411462930483,3,0.00620211601605254,0.0044734276329119,0.00646664488223746,6
MMRp,Myeloid-noDC-noGran,TAP1,"(-10,-5]","(0.729,1.46]",-7.5,1.09411462930483,5,0.00222589379962366,0.00199123855037834,0.00246372844237613,6
MMRp,Myeloid-ISG,TAP1,"(-20,-15]","(0.729,1.46]",-17.5,1.09411462930483,3,0.00482160077145612,0.00241080038572806,0.00677920227870222,6
MMRp,Myeloid-noDC-noGran,TAP1,"(-20,-15]","(0.729,1.46]",-17.5,1.09411462930483,3,0.00221929968765412,0.0016684279822976,0.00336029606898082,6
MMRp,Myeloid-ISG,TAP1,"(-20,-15]","(2.19,2.92]",-17.5,2.55293413504461,3,0.00677856681730149,0.00605832255455822,0.00812861990154174,6
MMRp,Myeloid-noDC-noGran,TAP1,"(-20,-15]","(2.19,2.92]",-17.5,2.55293413504461,6,0.00355069098227541,0.00264103329838424,0.00433813868593814,6
MMRp,Myeloid-ISG,TAP1,"(-15,-10]","(1.46,2.19]",-12.5,1.82352438217472,3,0.00587030716723549,0.00419884355834395,0.00600931173723107,6
MMRp,Myeloid-noDC-noGran,TAP1,"(-45,-40]","(3.65,4.38]",-42.5,4.01175364078438,3,0.00292873413602343,0.00291785544010474,0.00430989552329627,6
MMRp,Myeloid-ISG,TAP1,"(-25,-20]","(1.46,2.19]",-22.5,1.82352438217472,3,0.00384368994234465,0.00192184497117233,0.00593578014233258,6
MMRp,Myeloid-noDC-noGran,TAP1,"(-25,-20]","(1.46,2.19]",-22.5,1.82352438217472,6,0.00305960947780683,0.00135995138655379,0.00370493900845339,6
MMRp,Myeloid-noDC-noGran,TAP1,"(-40,-35]","(1.46,2.19]",-37.5,1.82352438217472,4,0.00182215251254539,0.00096602801481243,0.00271741860883091,6
MMRp,Myeloid-noDC-noGran,TAP1,"[-100,-95]","[0,0.729]",-97.5,0.364704876434944,4,0.00167699852911486,0.00124628586522297,0.00232639819429459,6
MMRp,Myeloid-ISG,TAP1,"(-65,-60]","[0,0.729]",-62.5,0.364704876434944,4,0.00386176249150706,0.00323913988247076,0.00476141554800893,6
MMRp,Myeloid-noDC-noGran,TAP1,"(-65,-60]","[0,0.729]",-62.5,0.364704876434944,5,0.00183950333409979,0.00146627565982405,0.00242081904377648,6
MMRp,Myeloid-noDC-noGran,TAP1,"(-70,-65]","(1.46,2.19]",-67.5,1.82352438217472,4,0.00162188712046888,0.000738188976377953,0.00271353759169106,6
MMRp,Myeloid-ISG,TAP1,"(-70,-65]","[0,0.729]",-67.5,0.364704876434944,3,0.00234009360374415,0.00156036686432328,0.00476247005464804,6
MMRp,Myeloid-ISG,TAP1,"(-80,-75]","[0,0.729]",-77.5,0.364704876434944,4,0.00388191382961485,0.00238026961423267,0.00564469687153573,6
MMRp,Myeloid-noDC-noGran,TAP1,"(-80,-75]","[0,0.729]",-77.5,0.364704876434944,5,0.00253807106598985,0.000782802432709099,0.00261194029850746,6
MMRp,Myeloid-noDC-noGran,TAP1,"(-70,-65]","(3.65,4.38]",-67.5,4.01175364078438,3,0.00409165302782324,0.00360832651391162,0.00430826995282565,6
MMRp,Myeloid-noDC-noGran,TAP1,"(-25,-20]","(4.38,5.11]",-22.5,4.74116339365427,3,0.00493583415597236,0.00480073200800173,0.00495823251794191,6
MMRp,Myeloid-ISG,TAP1,"(-35,-30]","[0,0.729]",-32.5,0.364704876434944,4,0.0020184283070881,0.0013963375663434,0.00370099837127476,6
MMRp,Myeloid-noDC-noGran,TAP1,"(-35,-30]","[0,0.729]",-32.5,0.364704876434944,6,0.0018101202869916,0.0015649683853063,0.00312797179525744,6
MMRp,Myeloid-noDC-noGran,TAP1,"(-55,-50]","(2.19,2.92]",-52.5,2.55293413504461,4,0.0023262214335778,0.00188035931961161,0.00324622004651337,6
MMRp,Myeloid-noDC-noGran,TAP1,"(-90,-85]","[0,0.729]",-87.5,0.364704876434944,5,0.00171952617500955,0.00165289256198347,0.00273298715496037,6
MMRp,Myeloid-noDC-noGran,TAP1,"(-45,-40]","(2.92,3.65]",-42.5,3.2823438879145,3,0.00539612460142261,0.00327833309374806,0.00621643603018746,6
MMRp,Myeloid-noDC-noGran,TAP1,"(-45,-40]","(2.19,2.92]",-42.5,2.55293413504461,4,0.00274444144897559,0.00192912093066892,0.00346414023066107,6
MMRp,Myeloid-ISG,TAP1,"(-30,-25]","(3.65,4.38]",-27.5,4.01175364078438,3,0.010752688172043,0.0099981928255173,0.0114042628677474,6
MMRp,Myeloid-noDC-noGran,TAP1,"(-30,-25]","(3.65,4.38]",-27.5,4.01175364078438,3,0.00472727272727273,0.00417195462765083,0.00525311384979095,6
MMRp,Myeloid-ISG,TAP1,"(0,5]","(2.19,2.92]",2.5,2.55293413504461,3,0.00955414012738853,0.00907999605336724,0.0102462698334122,6
MMRp,Myeloid-noDC-noGran,TAP1,"(0,5]","(2.19,2.92]",2.5,2.55293413504461,6,0.00453574144111229,0.00337025415180475,0.00616831038447748,6
MMRp,Myeloid-noDC-noGran,TAP1,"(-70,-65]","(2.19,2.92]",-67.5,2.55293413504461,4,0.00205852215902467,0.00163842753971631,0.00288097709387065,6
MMRp,Myeloid-noDC-noGran,TAP1,"(5,10]","(3.65,4.38]",7.5,4.01175364078438,3,0.00328176277543366,0.00273978248661793,0.0062018848084694,6
MMRp,Myeloid-ISG,TAP1,"(-60,-55]","[0,0.729]",-57.5,0.364704876434944,4,0.00305078289197142,0.00169925423985463,0.00507814366964584,6
MMRp,Myeloid-noDC-noGran,TAP1,"(-50,-45]","(2.19,2.92]",-47.5,2.55293413504461,4,0.00138950423955389,0.000566037735849057,0.00255407519718696,6
MMRp,Myeloid-noDC-noGran,TAP1,"(-80,-75]","(2.92,3.65]",-77.5,3.2823438879145,3,0.00401069518716578,0.0028547247170257,0.00519788197472238,6
MMRp,Myeloid-noDC-noGran,TAP1,"(-25,-20]","(0.729,1.46]",-22.5,1.09411462930483,3,0.0017227518088894,0.00156145991452591,0.00301324693807224,6
MMRp,Myeloid-noDC-noGran,TAP1,"(-55,-50]","(1.46,2.19]",-52.5,1.82352438217472,4,0.00194341037845087,0.00132008425766906,0.00281417394168734,6
MMRp,Myeloid-noDC-noGran,TAP1,"(-35,-30]","(4.38,5.11]",-32.5,4.74116339365427,3,0.0054945054945055,0.00429364449983007,0.007255819023177,6
MMRp,Myeloid-ISG,TAP1,"(-40,-35]","(2.92,3.65]",-37.5,3.2823438879145,3,0.00540958268933539,0.00445917730957998,0.00647449662225509,6
MMRp,Myeloid-noDC-noGran,TAP1,"(-40,-35]","(2.92,3.65]",-37.5,3.2823438879145,3,0.00376909343384249,0.0027806040645915,0.00445754145906243,6
MMRp,Myeloid-noDC-noGran,TAP1,"(-65,-60]","(1.46,2.19]",-62.5,1.82352438217472,4,0.00236240712275926,0.00158730158730159,0.00266883980936801,6
MMRp,Myeloid-noDC-noGran,TAP1,"(-70,-65]","(2.92,3.65]",-67.5,3.2823438879145,3,0.00241487563390485,0.00170919396346522,0.00399036917131235,6
MMRp,Myeloid-noDC-noGran,TAP1,"(-30,-25]","(0.729,1.46]",-27.5,1.09411462930483,3,0.00196078431372549,0.00161450756586718,0.00316804407713499,6
MMRp,Myeloid-noDC-noGran,TAP1,"[-100,-95]","(2.19,2.92]",-97.5,2.55293413504461,3,0.0029585798816568,0.002514486628199,0.00504840090773301,6
MMRp,Myeloid-noDC-noGran,TAP1,"(-95,-90]","(2.92,3.65]",-92.5,3.2823438879145,3,0.00323886639676113,0.00161943319838057,0.00441794066106713,6
MMRp,Myeloid-noDC-noGran,TAP1,"(-75,-70]","(2.92,3.65]",-72.5,3.2823438879145,3,0.00415866922584773,0.00322612360374955,0.00511515732087772,6
MMRp,Myeloid-noDC-noGran,TAP1,"(-40,-35]","(4.38,5.11]",-37.5,4.74116339365427,3,0.00725952813067151,0.00436397845593781,0.00849989393546562,6
MMRp,Myeloid-noDC-noGran,TAP1,"(-35,-30]","(1.46,2.19]",-32.5,1.82352438217472,5,0.00287304722571377,0.00110497237569061,0.00356604721245605,6
MMRp,Myeloid-noDC-noGran,TAP1,"(65,70]","[0,0.729]",67.5,0.364704876434944,4,0.00227992156762229,0.00150905432595573,0.00289122018234045,6
MMRp,Myeloid-ISG,TAP1,"(5,10]","[0,0.729]",7.5,0.364704876434944,4,0.00533001522861494,0.00366180187061701,0.00687807594479479,6
MMRp,Myeloid-ISG,TAP1,"(-50,-45]","[0,0.729]",-47.5,0.364704876434944,4,0.0058111053382105,0.00224873806042472,0.00947988471147768,6
MMRp,Myeloid-noDC-noGran,TAP1,"(-50,-45]","[0,0.729]",-47.5,0.364704876434944,6,0.00305635171605427,0.00238968630420801,0.00311704249114745,6
MMRp,Myeloid-noDC-noGran,TAP1,"(-90,-85]","(1.46,2.19]",-87.5,1.82352438217472,4,0.00242840968061518,0.00181334622823985,0.00303562651011125,6
MMRp,Myeloid-ISG,TAP1,"[-100,-95]","[0,0.729]",-97.5,0.364704876434944,3,0.00254452926208651,0.00182720358775802,0.00449807108265616,6
MMRp,Myeloid-noDC-noGran,TAP1,"(55,60]","[0,0.729]",57.5,0.364704876434944,5,0.00262881177707676,0.00176056338028169,0.00533807829181495,6
MMRp,Myeloid-noDC-noGran,TAP1,"(10,15]","[0,0.729]",12.5,0.364704876434944,6,0.00305095406241747,0.00209835140892035,0.0048698017163754,6
MMRp,Myeloid-noDC-noGran,TAP1,"(35,40]","[0,0.729]",37.5,0.364704876434944,5,0.00143884892086331,0.00100959111559818,0.00275178866263071,6
MMRp,Myeloid-ISG,TAP1,"(-90,-85]","[0,0.729]",-87.5,0.364704876434944,3,0.00151515151515152,0.000757575757575758,0.00470022808732486,6
MMRp,Myeloid-noDC-noGran,TAP1,"(-40,-35]","(2.19,2.92]",-37.5,2.55293413504461,4,0.00317351150483469,0.00193444490078267,0.0041937539092469,6
MMRp,Myeloid-noDC-noGran,TAP1,"(-30,-25]","(1.46,2.19]",-27.5,1.82352438217472,5,0.00210600210600211,0.00113493064312736,0.00330687830687831,6
MMRp,Myeloid-noDC-noGran,TAP1,"(-65,-60]","(2.92,3.65]",-62.5,3.2823438879145,3,0.00292326431181486,0.00246444001792107,0.00502246301644155,6
MMRp,Myeloid-noDC-noGran,TAP1,"(-90,-85]","(2.92,3.65]",-87.5,3.2823438879145,3,0.00378310214375788,0.00243979668591403,0.00393403473200966,6
MMRp,Myeloid-noDC-noGran,TAP1,"(-60,-55]","(1.46,2.19]",-57.5,1.82352438217472,4,0.00182309075027252,0.000708732740491025,0.00324077412861768,6
MMRp,Myeloid-noDC-noGran,TAP1,"(-65,-60]","(2.19,2.92]",-62.5,2.55293413504461,4,0.00268869727888528,0.000843644544431946,0.00429886882951728,6
MMRp,Myeloid-noDC-noGran,TAP1,"(-75,-70]","(2.19,2.92]",-72.5,2.55293413504461,4,0.00228981588331204,0.00108742223335581,0.00363972162388033,6
MMRp,Myeloid-noDC-noGran,TAP1,"(-55,-50]","(3.65,4.38]",-52.5,4.01175364078438,3,0.00286697247706422,0.00185330151980835,0.00322417465874699,6
MMRp,Myeloid-noDC-noGran,TAP1,"(-60,-55]","(2.19,2.92]",-57.5,2.55293413504461,4,0.00252333194571784,0.00152671755725191,0.00340370713885752,6
MMRp,Myeloid-noDC-noGran,TAP1,"(-60,-55]","(2.92,3.65]",-57.5,3.2823438879145,3,0.00352973119739343,0.00282060884193996,0.00425715138079973,6
MMRp,Myeloid-noDC-noGran,TAP1,"(-45,-40]","(1.46,2.19]",-42.5,1.82352438217472,4,0.00292514633382825,0.00202708334444531,0.00358797169825337,6
MMRp,Myeloid-noDC-noGran,TAP1,"(-80,-75]","(1.46,2.19]",-77.5,1.82352438217472,3,0,0,0.00135599349123124,6
MMRp,Myeloid-noDC-noGran,TAP1,"(-75,-70]","(1.46,2.19]",-72.5,1.82352438217472,4,0.00148127503199967,0.000712250712250712,0.00231919966324364,6
MMRp,Myeloid-noDC-noGran,TAP1,"(-90,-85]","(2.19,2.92]",-87.5,2.55293413504461,3,0.00356379187455453,0.0023259655781913,0.00375251578679357,6
MMRp,Myeloid-noDC-noGran,TAP1,"(-85,-80]","(2.19,2.92]",-82.5,2.55293413504461,3,0.00327600327600328,0.00244315461706766,0.00390729059412872,6
MMRp,Myeloid-noDC-noGran,TAP1,"(5,10]","(2.92,3.65]",7.5,3.2823438879145,3,0.00756620428751576,0.00609648894203055,0.00869883248083653,6
MMRp,Myeloid-noDC-noGran,TAP1,"(-95,-90]","(2.19,2.92]",-92.5,2.55293413504461,3,0.0019047619047619,0.00146837682441398,0.00305126154939588,6
MMRp,Myeloid-noDC-noGran,TAP1,"(60,65]","[0,0.729]",62.5,0.364704876434944,5,0.00227272727272727,0.00103092783505155,0.00396825396825397,6
MMRp,Myeloid-noDC-noGran,TAP1,"(75,80]","[0,0.729]",77.5,0.364704876434944,4,0.00162483988804023,0.00116822429906542,0.00332008384657742,6
MMRp,Myeloid-noDC-noGran,TAP1,"(95,100]","[0,0.729]",97.5,0.364704876434944,3,0.00178571428571429,0.00150786329291864,0.00347683647102252,6
MMRp,Myeloid-noDC-noGran,TAP1,"(25,30]","[0,0.729]",27.5,0.364704876434944,5,0.00201816347124117,0.00160771704180064,0.00476947535771065,6
MMRp,Myeloid-noDC-noGran,TAP1,"(50,55]","[0,0.729]",52.5,0.364704876434944,5,0.000946073793755913,0.000503778337531486,0.00142450142450142,6
MMRp,Myeloid-noDC-noGran,TAP1,"(30,35]","[0,0.729]",32.5,0.364704876434944,5,0.00130123617436565,0.00108813928182807,0.00199401794616152,6
MMRp,Myeloid-noDC-noGran,TAP1,"(80,85]","[0,0.729]",82.5,0.364704876434944,4,0.00448570027456867,0.000922623173974968,0.00877942432902219,6
MMRp,Myeloid-noDC-noGran,TAP1,"(40,45]","[0,0.729]",42.5,0.364704876434944,5,0.00176678445229682,0.00167644593461861,0.00234741784037559,6
MMRp,Myeloid-noDC-noGran,TAP1,"(45,50]","[0,0.729]",47.5,0.364704876434944,5,0.00165837479270315,0.00146627565982405,0.0024140012070006,6
MMRp,Myeloid-noDC-noGran,TAP1,"(0,5]","(0.729,1.46]",2.5,1.09411462930483,4,0.00185521193280572,0.00112631726663415,0.00339650232998577,6
MMRp,Myeloid-noDC-noGran,TAP1,"(-40,-35]","(0.729,1.46]",-37.5,1.09411462930483,3,0.00178288431061807,0.00165132057476192,0.00315278927209146,6
MMRp,Myeloid-noDC-noGran,TAP1,"(-50,-45]","(0.729,1.46]",-47.5,1.09411462930483,3,0.00235294117647059,0.00162349785689868,0.00399668210409898,6
MMRp,Myeloid-noDC-noGran,TAP1,"(5,10]","(1.46,2.19]",7.5,1.82352438217472,3,0.00378583017847485,0.00189291508923743,0.00428458644545577,6
MMRp,Myeloid-noDC-noGran,TAP1,"(-65,-60]","(0.729,1.46]",-62.5,1.09411462930483,3,0.0012701100762066,0.000635055038103302,0.00257116346017494,6
MMRp,Myeloid-noDC-noGran,TAP1,"(-35,-30]","(0.729,1.46]",-32.5,1.09411462930483,3,0.002511861568518,0.00218453169222433,0.00317982988643942,6
MMRp,Myeloid-noDC-noGran,TAP1,"(-45,-40]","(0.729,1.46]",-42.5,1.09411462930483,3,0.00127388535031847,0.00106797715791786,0.00223753366260075,6
MMRp,Myeloid-noDC-noGran,TAP1,"(-55,-50]","(0.729,1.46]",-52.5,1.09411462930483,3,0.0015220700152207,0.000986463321406563,0.00220492939704929,6
MMRp,Myeloid-noDC-noGran,TAP1,"(15,20]","[0,0.729]",17.5,0.364704876434944,5,0.00280112044817927,0.00125234815278647,0.00300480769230769,6
MMRp,Myeloid-noDC-noGran,TAP1,"(-80,-75]","(0.729,1.46]",-77.5,1.09411462930483,3,0.00118764845605701,0.000593824228028504,0.00277961657775528,6
MMRp,Myeloid-noDC-noGran,TAP1,"(5,10]","(0.729,1.46]",7.5,1.09411462930483,3,0.00170261066969353,0.00124500612224834,0.00197070831992139,6
MMRp,Myeloid-noDC-noGran,TAP1,"(90,95]","[0,0.729]",92.5,0.364704876434944,3,0.000978473581213307,0.000489236790606654,0.00471458890328271,6
MMRp,Myeloid-noDC-noGran,TAP1,"(10,15]","(1.46,2.19]",12.5,1.82352438217472,3,0,0,0.00196408529741863,6
MMRp,Tcd4-CXCL13,TAP1,"(-5,0]","[0,0.729]",-2.5,0.364704876434944,4,0.00510719439290868,0.00408476658476658,0.00694760290888462,6
MMRp,Tcd4-CXCL13,TAP1,"(-10,-5]","[0,0.729]",-7.5,0.364704876434944,4,0.00987352408859778,0.00743579296392042,0.0106679213396835,6
MMRp,Tcd4-CXCL13,TAP1,"(-15,-10]","[0,0.729]",-12.5,0.364704876434944,3,0.0154669839381321,0.0104168551175455,0.0164480889189571,6
MMRp,Tcd4-Treg-comb,TAP1,"(-15,-10]","[0,0.729]",-12.5,0.364704876434944,5,0.00831600831600832,0.00572480065426293,0.00838867528836071,6
MMRp,Tcd4-Treg-comb,TAP1,"(-5,0]","[0,0.729]",-2.5,0.364704876434944,5,0.00779575131553303,0.00690978886756238,0.00972762645914397,6
MMRp,Tcd4-Treg-comb,TAP1,"(-10,-5]","[0,0.729]",-7.5,0.364704876434944,5,0.00703586019064912,0.00675251256281407,0.0105501130369254,6
MMRp,Tcd4-Treg-comb,TAP1,"(-15,-10]","(1.46,2.19]",-12.5,1.82352438217472,4,0.00895581219818457,0.00783882783882784,0.00948651607421256,6
MMRp,Tcd4-Treg-comb,TAP1,"(0,5]","[0,0.729]",2.5,0.364704876434944,5,0.00832870627429206,0.0054945054945055,0.0137254901960784,6
MMRp,Tcd4-Treg-comb,TAP1,"(-10,-5]","(1.46,2.19]",-7.5,1.82352438217472,5,0.00924702774108322,0.00745156482861401,0.00983459991059455,6
MMRp,Tcd4-Treg-comb,TAP1,"(-5,0]","(1.46,2.19]",-2.5,1.82352438217472,5,0.00728626943005181,0.00712589073634204,0.00891089108910891,6
MMRp,Tcd4-Treg-comb,TAP1,"(-25,-20]","[0,0.729]",-22.5,0.364704876434944,5,0.00882939333523213,0.00578990901571547,0.00912484446287847,6
MMRp,Tcd4-Treg-comb,TAP1,"(-5,0]","(0.729,1.46]",-2.5,1.09411462930483,4,0.00840746747119045,0.00784700755111368,0.00983794295134584,6
MMRp,Tcd4-Treg-comb,TAP1,"(-30,-25]","(1.46,2.19]",-27.5,1.82352438217472,3,0.0100214745884037,0.00784359848400356,0.0100565376357637,6
MMRp,Tcd4-Treg-comb,TAP1,"(-20,-15]","[0,0.729]",-17.5,0.364704876434944,4,0.00682334922729951,0.00568941839637832,0.00853760682928121,6
MMRp,Tcd4-Treg-comb,TAP1,"(-50,-45]","[0,0.729]",-47.5,0.364704876434944,3,0.00891530460624071,0.00871901593948399,0.0103948872479889,6
MMRp,Tcd4-Treg-comb,TAP1,"(-55,-50]","[0,0.729]",-52.5,0.364704876434944,3,0.00506756756756757,0.00474944109545291,0.00785394338857193,6
MMRp,Tcd4-Treg-comb,TAP1,"(-25,-20]","(1.46,2.19]",-22.5,1.82352438217472,3,0.00912408759124087,0.00831204379562044,0.00926372991754002,6
MMRp,Tcd4-Treg-comb,TAP1,"(-35,-30]","[0,0.729]",-32.5,0.364704876434944,3,0.0073385518590998,0.00712404979889664,0.00788053237029505,6
MMRp,Tcd4-Treg-comb,TAP1,"(-40,-35]","[0,0.729]",-37.5,0.364704876434944,4,0.00991820841999511,0.00830521683035527,0.0113958749302516,6
MMRp,Tcd4-Treg-comb,TAP1,"(-30,-25]","[0,0.729]",-27.5,0.364704876434944,4,0.00698730833012597,0.00556479010554793,0.0087834409210395,6
MMRp,Tcd4-Treg-comb,TAP1,"(-65,-60]","[0,0.729]",-62.5,0.364704876434944,3,0.00568181818181818,0.00547248803827751,0.00818201130018319,6
MMRp,Tcd4-Treg-comb,TAP1,"(-90,-85]","[0,0.729]",-87.5,0.364704876434944,3,0.00606980273141123,0.00565270241282603,0.0114281867374083,6
MMRp,Tcd4-Treg-comb,TAP1,"(-80,-75]","[0,0.729]",-77.5,0.364704876434944,3,0.00834151128557409,0.00831767507406667,0.0107067033552053,6
MMRp,Tcd4-Treg-comb,TAP1,"(-45,-40]","[0,0.729]",-42.5,0.364704876434944,3,0.0099009900990099,0.00977038343103717,0.0108439119774046,6
MMRp,Tcd4-Treg-comb,TAP1,"(-60,-55]","[0,0.729]",-57.5,0.364704876434944,3,0.0096,0.00827661188369153,0.0102895809993278,6
MMRp,CD8-all,TAP1,"(-5,0]","(2.92,3.65]",-2.5,3.2823438879145,3,0.00854700854700855,0.0073391081974773,0.012862461328719,6
MMRp,Tcd8-CXCL13-comb,TAP1,"(-5,0]","[0,0.729]",-2.5,0.364704876434944,5,0.00798403193612774,0.00786838340486409,0.0115356885364095,6
MMRp,CD8-all,TAP1,"(-5,0]","[0,0.729]",-2.5,0.364704876434944,5,0.0087527352297593,0.00682261208576998,0.0106644790812141,6
MMRp,CD8-all,TAP1,"(-20,-15]","[0,0.729]",-17.5,0.364704876434944,3,0.00981850639690568,0.00694177352365609,0.0105676894124446,6
MMRp,CD8-all,TAP1,"(5,10]","[0,0.729]",7.5,0.364704876434944,3,0.00736648250460405,0.00524330365479813,0.0111212577812276,6
MMRp,CD8-all,TAP1,"(-15,-10]","[0,0.729]",-12.5,0.364704876434944,4,0.00834588727271696,0.00796208616615819,0.00957937902150714,6
MMRp,Tcd8-CXCL13-comb,TAP1,"(-10,-5]","[0,0.729]",-7.5,0.364704876434944,3,0.008274231678487,0.00766238023407311,0.0112617048052647,6
MMRp,CD8-all,TAP1,"(-10,-5]","[0,0.729]",-7.5,0.364704876434944,5,0.00831146106736658,0.00740397963905599,0.0101010101010101,6
MMRp,CD8-all,TAP1,"(-25,-20]","[0,0.729]",-22.5,0.364704876434944,4,0.0116006850146056,0.0102744965576165,0.0142323975044563,6
MMRp,CD8-all,TAP1,"(0,5]","[0,0.729]",2.5,0.364704876434944,4,0.00902492179773471,0.00761095335092666,0.0112277826235594,6
MMRp,Tcd8-HOBIT,TAP1,"(-10,-5]","[0,0.729]",-7.5,0.364704876434944,3,0.0111731843575419,0.00957292475280284,0.0118268417887554,6
MMRp,Tcd8-HOBIT,TAP1,"(-5,0]","[0,0.729]",-2.5,0.364704876434944,3,0.00431654676258993,0.00412871673104866,0.00813436899882485,6
MMRp,Tplzf-gdlike-comb,TAP1,"(-5,0]","[0,0.729]",-2.5,0.364704876434944,3,0.00699300699300699,0.0034965034965035,0.0108960806635225,6
MMRp,Myeloid-mregDC,IDO1,"(-5,0]","(2.19,2.92]",-2.5,2.55293413504461,5,0.00125944584382872,0,0.00181653042688465,6
MMRp,Myeloid-mregDC,IDO1,"(-20,-15]","(2.92,3.65]",-17.5,3.2823438879145,3,0,0,0.0043731778425656,6
MMRp,Myeloid-mregDC,IDO1,"(-15,-10]","(2.92,3.65]",-12.5,3.2823438879145,3,0.00121703853955375,0.000608519269776876,0.00188294577784824,6
MMRp,Myeloid-mregDC,IDO1,"(-10,-5]","(2.92,3.65]",-7.5,3.2823438879145,3,0.00116144018583043,0.000784801725568276,0.00296451031937529,6
MMRp,Myeloid-mregDC,IDO1,"(-10,-5]","(2.19,2.92]",-7.5,2.55293413504461,4,0.00200810225605923,0.00135503494870985,0.0026229634594056,6
MMRp,Myeloid-mregDC,IDO1,"(-5,0]","(3.65,4.38]",-2.5,4.01175364078438,3,0.00465657741559953,0.00232828870779977,0.00547690331737156,6
MMRp,Myeloid-mregDC,IDO1,"(-30,-25]","(2.19,2.92]",-27.5,2.55293413504461,3,0.00136054421768707,0.00109676523670693,0.00172849013819364,6
MMRp,Myeloid-mregDC,IDO1,"(-15,-10]","[0,0.729]",-12.5,0.364704876434944,5,0.00178890876565295,0.000995685363425158,0.00374812593703148,6
MMRp,Myeloid-mregDC,IDO1,"(-5,0]","[0,0.729]",-2.5,0.364704876434944,5,0.000972132209980557,0.000943841434638981,0.00179694519317161,6
MMRp,Myeloid-mregDC,IDO1,"(-10,-5]","[0,0.729]",-7.5,0.364704876434944,5,0.00195694716242661,0.00161186331399097,0.00252908447142135,6
MMRp,Myeloid-mregDC,IDO1,"(-5,0]","(1.46,2.19]",-2.5,1.82352438217472,4,0.00185377669056374,0.000982103884766478,0.00243469346660077,6
MMRp,Myeloid-mregDC,IDO1,"(-10,-5]","(1.46,2.19]",-7.5,1.82352438217472,3,0.000864902266043937,0.000432451133021969,0.00138938893206503,6
MMRp,Myeloid-mregDC,IDO1,"(-5,0]","(0.729,1.46]",-2.5,1.09411462930483,3,0.000795544948289578,0.000397772474144789,0.000932531832433559,6
MMRp,Myeloid-mregDC,IDO1,"(-15,-10]","(1.46,2.19]",-12.5,1.82352438217472,3,0.00409836065573771,0.00274782960593127,0.00633642577267057,6
MMRp,Myeloid-mregDC,IDO1,"(-15,-10]","(2.19,2.92]",-12.5,2.55293413504461,3,0.00232378001549187,0.00179320313905906,0.00398674876480808,6
MMRp,Myeloid-mregDC,IDO1,"(-40,-35]","[0,0.729]",-37.5,0.364704876434944,4,0.000465983224603914,0,0.00262452040815106,6
MMRp,Myeloid-mregDC,IDO1,"(0,5]","[0,0.729]",2.5,0.364704876434944,3,0,0,0.000670690811535882,6
MMRp,Myeloid-mregDC,IDO1,"(-25,-20]","[0,0.729]",-22.5,0.364704876434944,4,0.00169124477309368,0.00112443778110945,0.00256983678593848,6
MMRp,Myeloid-mregDC,IDO1,"(-35,-30]","[0,0.729]",-32.5,0.364704876434944,3,0.00118694362017804,0.000593471810089021,0.00562220744227293,6
MMRp,Myeloid-mregDC,IDO1,"(-20,-15]","[0,0.729]",-17.5,0.364704876434944,3,0.000922509225092251,0.000863507227188121,0.00351468972704994,6
MMRp,Myeloid-mregDC,IDO1,"(-30,-25]","[0,0.729]",-27.5,0.364704876434944,3,0.00177147918511957,0.00159849796747069,0.00261584339878816,6
MMRp,Myeloid-ISG,IDO1,"(-5,0]","(3.65,4.38]",-2.5,4.01175364078438,3,0.00173010380622837,0.00118011176448785,0.00184022920807873,6
MMRp,Myeloid-noDC-noGran,IDO1,"(-5,0]","(3.65,4.38]",-2.5,4.01175364078438,4,0.00073660028658281,0.000450900025122061,0.000978956168655982,6
MMRp,Myeloid-noDC-noGran,IDO1,"(-20,-15]","(1.46,2.19]",-17.5,1.82352438217472,6,0.000101267297632775,1.57252484589257e-05,0.00030506914600112,6
MMRp,Myeloid-ISG,IDO1,"(-10,-5]","(3.65,4.38]",-7.5,4.01175364078438,3,0.00048582995951417,0.000242914979757085,0.00059177247147172,6
MMRp,Myeloid-noDC-noGran,IDO1,"(-10,-5]","(3.65,4.38]",-7.5,4.01175364078438,4,0.00051368272049284,0.000292789556874566,0.000773570780554021,6
MMRp,Myeloid-ISG,IDO1,"(-10,-5]","[0,0.729]",-7.5,0.364704876434944,6,8.31279915136779e-05,2.03865285819131e-05,0.000160959407348256,6
MMRp,Myeloid-noDC-noGran,IDO1,"(-10,-5]","[0,0.729]",-7.5,0.364704876434944,6,9.51027484457252e-05,9.18012738538663e-05,0.000171773841990349,6
MMRp,Myeloid-ISG,IDO1,"(-15,-10]","(4.38,5.11]",-12.5,4.74116339365427,3,0.00255102040816327,0.00174617226871922,0.0030032227127202,6
MMRp,Myeloid-noDC-noGran,IDO1,"(-15,-10]","(4.38,5.11]",-12.5,4.74116339365427,4,0.00147881824652003,0.000786757791662913,0.00305616040555937,6
MMRp,Myeloid-ISG,IDO1,"(-10,-5]","(2.19,2.92]",-7.5,2.55293413504461,6,4.30292598967298e-05,0,0.000250708884812376,6
MMRp,Myeloid-noDC-noGran,IDO1,"(-10,-5]","(2.19,2.92]",-7.5,2.55293413504461,6,0.000131099369858318,8.07900664607564e-05,0.000229531116220825,6
MMRp,Myeloid-ISG,IDO1,"(-10,-5]","(4.38,5.11]",-7.5,4.74116339365427,3,0.00198325253415602,0.00148423710451643,0.00253181108925667,6
MMRp,Myeloid-noDC-noGran,IDO1,"(-10,-5]","(4.38,5.11]",-7.5,4.74116339365427,4,0.00108468407198902,0.000735606891023019,0.00141265591283273,6
MMRp,Myeloid-ISG,IDO1,"(-20,-15]","(2.92,3.65]",-17.5,3.2823438879145,3,0.000963391136801541,0.000583903254418759,0.0011549019542442,6
MMRp,Myeloid-noDC-noGran,IDO1,"(-20,-15]","(2.92,3.65]",-17.5,3.2823438879145,5,0.000371806448186116,0.000125031257814454,0.00062749572162008,6
MMRp,Myeloid-ISG,IDO1,"(-5,0]","(2.19,2.92]",-2.5,2.55293413504461,5,0,0,0.000401002506265664,6
MMRp,Myeloid-noDC-noGran,IDO1,"(-5,0]","(2.19,2.92]",-2.5,2.55293413504461,6,0.000114265079240209,2.2049744222967e-05,0.000156483762558176,6
MMRp,Myeloid-noDC-noGran,IDO1,"(0,5]","(3.65,4.38]",2.5,4.01175364078438,3,0.000919117647058824,0.000459558823529412,0.00202043291301953,6
MMRp,Myeloid-ISG,IDO1,"(-25,-20]","[0,0.729]",-22.5,0.364704876434944,6,0,0,9.37851694385395e-05,6
MMRp,Myeloid-noDC-noGran,IDO1,"(-25,-20]","[0,0.729]",-22.5,0.364704876434944,6,5.78296919303235e-05,1.182550287951e-05,0.000115773553611968,6
MMRp,Myeloid-noDC-noGran,IDO1,"(-85,-80]","(2.92,3.65]",-82.5,3.2823438879145,3,0,0,0.0001886080724255,6
MMRp,Myeloid-ISG,IDO1,"(-25,-20]","(3.65,4.38]",-22.5,4.01175364078438,3,0.00106382978723404,0.000882915244617372,0.00130590870166656,6
MMRp,Myeloid-noDC-noGran,IDO1,"(-25,-20]","(3.65,4.38]",-22.5,4.01175364078438,4,0.00051279406777587,0.000420371297464273,0.000655614433764901,6
MMRp,Myeloid-ISG,IDO1,"(-5,0]","(5.11,5.84]",-2.5,5.47057314652416,3,0.0066793893129771,0.00456819588498978,0.00712757344436734,6
MMRp,Myeloid-noDC-noGran,IDO1,"(-5,0]","(5.11,5.84]",-2.5,5.47057314652416,3,0.00503235082674335,0.00314117541337168,0.00556833967530286,6
MMRp,Myeloid-ISG,IDO1,"(-5,0]","(4.38,5.11]",-2.5,4.74116339365427,3,0.00335993280134397,0.00202973904845093,0.00431644282747099,6
MMRp,Myeloid-noDC-noGran,IDO1,"(-5,0]","(4.38,5.11]",-2.5,4.74116339365427,3,0.00159602766447952,0.000934420870842951,0.00228095995186408,6
MMRp,Myeloid-ISG,IDO1,"(-35,-30]","(3.65,4.38]",-32.5,4.01175364078438,3,0,0,0.000351123595505618,6
MMRp,Myeloid-noDC-noGran,IDO1,"(-35,-30]","(3.65,4.38]",-32.5,4.01175364078438,3,0,0,0.000326104679602152,6
MMRp,Myeloid-ISG,IDO1,"(-10,-5]","(5.11,5.84]",-7.5,5.47057314652416,3,0.00199866755496336,0.000999333777481679,0.00344517584596526,6
MMRp,Myeloid-noDC-noGran,IDO1,"(-10,-5]","(5.11,5.84]",-7.5,5.47057314652416,3,0.00167785234899329,0.000838926174496644,0.00297698359661027,6
MMRp,Myeloid-ISG,IDO1,"(-20,-15]","(4.38,5.11]",-17.5,4.74116339365427,3,0.000840689365279529,0.000420344682639765,0.00299899347067483,6
MMRp,Myeloid-noDC-noGran,IDO1,"(-20,-15]","(4.38,5.11]",-17.5,4.74116339365427,3,0.00096832203624291,0.000618968243788751,0.00183253071657696,6
MMRp,Myeloid-ISG,IDO1,"(-10,-5]","(2.92,3.65]",-7.5,3.2823438879145,3,0.000582580833090591,0.000291290416545296,0.000959808363680953,6
MMRp,Myeloid-noDC-noGran,IDO1,"(-10,-5]","(2.92,3.65]",-7.5,3.2823438879145,6,0.000130990423086884,1.2080212611742e-05,0.000614893108771791,6
MMRp,Myeloid-noDC-noGran,IDO1,"(5,10]","(2.19,2.92]",7.5,2.55293413504461,4,0.000619999450111353,0.000254323499491353,0.00118902269826294,6
MMRp,Myeloid-ISG,IDO1,"(-5,0]","(2.92,3.65]",-2.5,3.2823438879145,3,0.000690766751093714,0.000345383375546857,0.00130532193947877,6
MMRp,Myeloid-noDC-noGran,IDO1,"(-5,0]","(2.92,3.65]",-2.5,3.2823438879145,6,8.50376291508993e-05,0,0.000225445643843742,6
MMRp,Myeloid-ISG,IDO1,"(-15,-10]","(2.92,3.65]",-12.5,3.2823438879145,4,0.000754702394297598,0.000140318054256314,0.0037563484913765,6
MMRp,Myeloid-noDC-noGran,IDO1,"(-15,-10]","(2.92,3.65]",-12.5,3.2823438879145,6,0.000516690159615025,0.000194849472514901,0.0013042610777612,6
MMRp,Myeloid-noDC-noGran,IDO1,"(-55,-50]","(2.92,3.65]",-52.5,3.2823438879145,3,0.000363636363636364,0.000181818181818182,0.000417945690672963,6
MMRp,Myeloid-ISG,IDO1,"(-15,-10]","(3.65,4.38]",-12.5,4.01175364078438,3,0.00119789171058936,0.000598945855294681,0.00141811439922259,6
MMRp,Myeloid-noDC-noGran,IDO1,"(-15,-10]","(3.65,4.38]",-12.5,4.01175364078438,4,0.000900098215497723,0.000579244292033394,0.00167762835423184,6
MMRp,Myeloid-noDC-noGran,IDO1,"(-80,-75]","(2.19,2.92]",-77.5,2.55293413504461,4,0.000104865771812081,0,0.000439306553939215,6
MMRp,Myeloid-ISG,IDO1,"(0,5]","(2.92,3.65]",2.5,3.2823438879145,3,0.00149253731343284,0.000746268656716418,0.00160833762223366,6
MMRp,Myeloid-noDC-noGran,IDO1,"(0,5]","(2.92,3.65]",2.5,3.2823438879145,3,0.00049825610363727,0.000428596824252231,0.000614625127842027,6
MMRp,Myeloid-ISG,IDO1,"(0,5]","[0,0.729]",2.5,0.364704876434944,6,0,0,0,6
MMRp,Myeloid-noDC-noGran,IDO1,"(0,5]","[0,0.729]",2.5,0.364704876434944,6,0.000110124974546314,1.04236157438292e-05,0.000204963796711029,6
MMRp,Myeloid-noDC-noGran,IDO1,"(-60,-55]","(3.65,4.38]",-57.5,4.01175364078438,3,0,0,0.00060790273556231,6
MMRp,Myeloid-noDC-noGran,IDO1,"(-70,-65]","[0,0.729]",-67.5,0.364704876434944,5,6.09198903441974e-05,4.74766177657504e-05,0.000147253718156383,6
MMRp,Myeloid-noDC-noGran,IDO1,"(-50,-45]","(3.65,4.38]",-47.5,4.01175364078438,3,0,0,0,6
MMRp,Myeloid-noDC-noGran,IDO1,"(5,10]","[0,0.729]",7.5,0.364704876434944,6,0,0,7.24427702115329e-05,6
MMRp,Myeloid-noDC-noGran,IDO1,"(-35,-30]","(2.19,2.92]",-32.5,2.55293413504461,4,0.00019751201379011,6.26959247648903e-05,0.000323922656093747,6
MMRp,Myeloid-ISG,IDO1,"(-30,-25]","(4.38,5.11]",-27.5,4.74116339365427,3,0,0,0.00201748486886348,6
MMRp,Myeloid-noDC-noGran,IDO1,"(-30,-25]","(4.38,5.11]",-27.5,4.74116339365427,3,0.000649350649350649,0.000324675324675325,0.0015351036300757,6
MMRp,Myeloid-ISG,IDO1,"(-25,-20]","(2.92,3.65]",-22.5,3.2823438879145,3,0,0,0.0011472275334608,6
MMRp,Myeloid-noDC-noGran,IDO1,"(-25,-20]","(2.92,3.65]",-22.5,3.2823438879145,4,0.000432722993189218,0.000181378476420798,0.000925302108543017,6
MMRp,Myeloid-noDC-noGran,IDO1,"(-65,-60]","(3.65,4.38]",-62.5,4.01175364078438,3,0,0,0.000497017892644135,6
MMRp,Myeloid-ISG,IDO1,"(-95,-90]","[0,0.729]",-92.5,0.364704876434944,3,0,0,0,6
MMRp,Myeloid-noDC-noGran,IDO1,"(-95,-90]","[0,0.729]",-92.5,0.364704876434944,4,8.55369401856481e-05,6.13948919449902e-05,0.000248728700151664,6
MMRp,Myeloid-ISG,IDO1,"(-35,-30]","(2.92,3.65]",-32.5,3.2823438879145,3,0,0,0.00130123617436565,6
MMRp,Myeloid-noDC-noGran,IDO1,"(-35,-30]","(2.92,3.65]",-32.5,3.2823438879145,4,0.000639639446393224,0.00021465173133914,0.00135484911232561,6
MMRp,Myeloid-ISG,IDO1,"(-45,-40]","[0,0.729]",-42.5,0.364704876434944,4,0,0,0,6
MMRp,Myeloid-noDC-noGran,IDO1,"(-45,-40]","[0,0.729]",-42.5,0.364704876434944,6,1.70264932234557e-05,0,0.000102128674434233,6
MMRp,Myeloid-ISG,IDO1,"(-25,-20]","(2.19,2.92]",-22.5,2.55293413504461,3,0,0,9.65810314854163e-05,6
MMRp,Myeloid-noDC-noGran,IDO1,"(-25,-20]","(2.19,2.92]",-22.5,2.55293413504461,6,0,0,7.03784798248358e-05,6
MMRp,Myeloid-noDC-noGran,IDO1,"(-30,-25]","(2.19,2.92]",-27.5,2.55293413504461,6,0,0,6.4405324173465e-05,6
MMRp,Myeloid-ISG,IDO1,"(-55,-50]","[0,0.729]",-52.5,0.364704876434944,4,0,0,0.000289620018535681,6
MMRp,Myeloid-noDC-noGran,IDO1,"(-55,-50]","[0,0.729]",-52.5,0.364704876434944,6,6.91440713371799e-05,1.08145520612536e-05,0.000174849664227246,6
MMRp,Myeloid-noDC-noGran,IDO1,"(-40,-35]","(3.65,4.38]",-37.5,4.01175364078438,3,0.00112739571589628,0.000764259430350867,0.00126267269485401,6
MMRp,Myeloid-ISG,IDO1,"(-20,-15]","(3.65,4.38]",-17.5,4.01175364078438,3,0.000735294117647059,0.000647289116989078,0.00120063331455031,6
MMRp,Myeloid-noDC-noGran,IDO1,"(-20,-15]","(3.65,4.38]",-17.5,4.01175364078438,4,0.000267827658736464,0.000111690245718541,0.000527107946349743,6
MMRp,Myeloid-ISG,IDO1,"(-30,-25]","(2.92,3.65]",-27.5,3.2823438879145,3,0.00106420716566158,0.000751883802611011,0.00108397996252174,6
MMRp,Myeloid-noDC-noGran,IDO1,"(-30,-25]","(2.92,3.65]",-27.5,3.2823438879145,4,0.000409267281953162,0.000359359828787046,0.000819630689492288,6
MMRp,Myeloid-noDC-noGran,IDO1,"(-50,-45]","(2.92,3.65]",-47.5,3.2823438879145,4,7.86163522012579e-05,0,0.000470037204358225,6
MMRp,Myeloid-noDC-noGran,IDO1,"(-50,-45]","(1.46,2.19]",-47.5,1.82352438217472,4,0.000142490738102023,0,0.000350897775038917,6
MMRp,Myeloid-ISG,IDO1,"(-40,-35]","[0,0.729]",-37.5,0.364704876434944,4,7.4827895839569e-05,0,0.000152229047854043,6
MMRp,Myeloid-noDC-noGran,IDO1,"(-40,-35]","[0,0.729]",-37.5,0.364704876434944,6,0.000157391007801368,7.81195435739026e-05,0.000287782557979264,6
MMRp,Myeloid-noDC-noGran,IDO1,"(-80,-75]","(3.65,4.38]",-77.5,4.01175364078438,3,0,0,0,6
MMRp,Myeloid-ISG,IDO1,"(-75,-70]","[0,0.729]",-72.5,0.364704876434944,4,0.000422832980972516,0,0.000846653889470668,6
MMRp,Myeloid-noDC-noGran,IDO1,"(-75,-70]","[0,0.729]",-72.5,0.364704876434944,5,7.38661545279953e-05,0,0.000236784466938969,6
MMRp,Myeloid-ISG,IDO1,"(-30,-25]","[0,0.729]",-27.5,0.364704876434944,5,0.000233726773401893,0.000112714156898106,0.000730460189919649,6
MMRp,Myeloid-noDC-noGran,IDO1,"(-30,-25]","[0,0.729]",-27.5,0.364704876434944,6,0.00010816600215302,2.10548478787241e-05,0.000239258266722553,6
MMRp,Myeloid-noDC-noGran,IDO1,"(-85,-80]","(1.46,2.19]",-82.5,1.82352438217472,4,0,0,5.13452454302732e-05,6
MMRp,Myeloid-noDC-noGran,IDO1,"(-15,-10]","(1.46,2.19]",-12.5,1.82352438217472,6,7.27835655580344e-05,1.80498898956716e-05,0.000287094879027636,6
MMRp,Myeloid-ISG,IDO1,"(-85,-80]","[0,0.729]",-82.5,0.364704876434944,4,0,0,0,6
MMRp,Myeloid-noDC-noGran,IDO1,"(-85,-80]","[0,0.729]",-82.5,0.364704876434944,4,7.82717595491547e-05,0,0.000160084320784982,6
MMRp,Myeloid-ISG,IDO1,"(-10,-5]","(1.46,2.19]",-7.5,1.82352438217472,5,0.000632444397596711,0.000406283856988082,0.000889679715302491,6
MMRp,Myeloid-noDC-noGran,IDO1,"(-10,-5]","(1.46,2.19]",-7.5,1.82352438217472,6,0.00016181731685673,6.29182473532154e-05,0.000248726610196779,6
MMRp,Myeloid-ISG,IDO1,"(-20,-15]","[0,0.729]",-17.5,0.364704876434944,6,5.78168362627197e-05,0,0.00014244156981165,6
MMRp,Myeloid-noDC-noGran,IDO1,"(-20,-15]","[0,0.729]",-17.5,0.364704876434944,6,0.00012617124494854,9.08937435362452e-05,0.00014037581467171,6
MMRp,Myeloid-ISG,IDO1,"(-15,-10]","[0,0.729]",-12.5,0.364704876434944,6,0,0,0,6
MMRp,Myeloid-noDC-noGran,IDO1,"(-15,-10]","[0,0.729]",-12.5,0.364704876434944,6,0.000116187363254907,9.22890622396378e-05,0.000206382858884419,6
MMRp,Myeloid-ISG,IDO1,"(-5,0]","[0,0.729]",-2.5,0.364704876434944,6,5.6249296883789e-05,0,0.000236053675334049,6
MMRp,Myeloid-noDC-noGran,IDO1,"(-5,0]","[0,0.729]",-2.5,0.364704876434944,6,0.000100068662167762,8.31444542845424e-05,0.000143726146983247,6
MMRp,Myeloid-ISG,IDO1,"(-5,0]","(1.46,2.19]",-2.5,1.82352438217472,5,0.000105241001894338,0,0.000134471861762926,6
MMRp,Myeloid-noDC-noGran,IDO1,"(-5,0]","(1.46,2.19]",-2.5,1.82352438217472,6,0.000153544948498951,0.000111983795884141,0.00024161066819622,6
MMRp,Myeloid-noDC-noGran,IDO1,"(-60,-55]","[0,0.729]",-57.5,0.364704876434944,5,0.000137542122274947,9.78042936084894e-05,0.00049000392003136,6
MMRp,Myeloid-noDC-noGran,IDO1,"(0,5]","(1.46,2.19]",2.5,1.82352438217472,5,7.8125e-05,0,0.000137873983179374,6
MMRp,Myeloid-ISG,IDO1,"(-5,0]","(0.729,1.46]",-2.5,1.09411462930483,4,0.000454245940570336,0.000297737197300516,0.000567185311205501,6
MMRp,Myeloid-noDC-noGran,IDO1,"(-5,0]","(0.729,1.46]",-2.5,1.09411462930483,5,5.82377263991614e-05,5.74663103755423e-05,0.000222866057499443,6
MMRp,Myeloid-ISG,IDO1,"(-15,-10]","(2.19,2.92]",-12.5,2.55293413504461,4,0.000194250194250194,0,0.000449037683639323,6
MMRp,Myeloid-noDC-noGran,IDO1,"(-15,-10]","(2.19,2.92]",-12.5,2.55293413504461,6,5.36759048862965e-05,0,0.00013447285485417,6
MMRp,Myeloid-ISG,IDO1,"(-15,-10]","(0.729,1.46]",-12.5,1.09411462930483,3,0.000706214689265537,0.000519110000675265,0.000783399943600066,6
MMRp,Myeloid-noDC-noGran,IDO1,"(-15,-10]","(0.729,1.46]",-12.5,1.09411462930483,5,8.64428756663305e-05,4.61851099205616e-05,0.000145723029096031,6
MMRp,Myeloid-noDC-noGran,IDO1,"(20,25]","[0,0.729]",22.5,0.364704876434944,5,0,0,0,6
MMRp,Myeloid-ISG,IDO1,"(-10,-5]","(0.729,1.46]",-7.5,1.09411462930483,3,0,0,0,6
MMRp,Myeloid-noDC-noGran,IDO1,"(-10,-5]","(0.729,1.46]",-7.5,1.09411462930483,5,0.000130983121889151,5.2822016216359e-05,0.000183578870072055,6
MMRp,Myeloid-ISG,IDO1,"(-20,-15]","(0.729,1.46]",-17.5,1.09411462930483,3,0,0,0.000241080038572806,6
MMRp,Myeloid-noDC-noGran,IDO1,"(-20,-15]","(0.729,1.46]",-17.5,1.09411462930483,3,4.45672519832427e-05,2.22836259916214e-05,0.000227774337811447,6
MMRp,Myeloid-ISG,IDO1,"(-20,-15]","(2.19,2.92]",-17.5,2.55293413504461,3,0.000157977883096367,7.89889415481833e-05,0.000724566733672134,6
MMRp,Myeloid-noDC-noGran,IDO1,"(-20,-15]","(2.19,2.92]",-17.5,2.55293413504461,6,0.000194581341925258,0.000102411046518787,0.000431779419615841,6
MMRp,Myeloid-ISG,IDO1,"(-15,-10]","(1.46,2.19]",-12.5,1.82352438217472,3,0,0,0.000409556313993174,6
MMRp,Myeloid-noDC-noGran,IDO1,"(-45,-40]","(3.65,4.38]",-42.5,4.01175364078438,3,0.00040650406504065,0.000365959484521627,0.00049394970693893,6
MMRp,Myeloid-ISG,IDO1,"(-25,-20]","(1.46,2.19]",-22.5,1.82352438217472,3,0.000427076660260517,0.000213538330130258,0.000440742207743103,6
MMRp,Myeloid-noDC-noGran,IDO1,"(-25,-20]","(1.46,2.19]",-22.5,1.82352438217472,6,5.916459590581e-05,0,0.000149723263352307,6
MMRp,Myeloid-noDC-noGran,IDO1,"(-40,-35]","(1.46,2.19]",-37.5,1.82352438217472,4,0.000105258782279469,6.95281357189209e-05,0.000128611204984134,6
MMRp,Myeloid-noDC-noGran,IDO1,"[-100,-95]","[0,0.729]",-97.5,0.364704876434944,4,0.000202844481143525,0.000140069100756373,0.000230004412219772,6
MMRp,Myeloid-ISG,IDO1,"(-65,-60]","[0,0.729]",-62.5,0.364704876434944,4,0,0,6.96767001114827e-05,6
MMRp,Myeloid-noDC-noGran,IDO1,"(-65,-60]","[0,0.729]",-62.5,0.364704876434944,5,0.000100867460157353,7.87804781975027e-05,0.000229937916762474,6
MMRp,Myeloid-noDC-noGran,IDO1,"(-70,-65]","(1.46,2.19]",-67.5,1.82352438217472,4,0.000636458617124053,0.000121045836023241,0.00117056931338251,6
MMRp,Myeloid-ISG,IDO1,"(-70,-65]","[0,0.729]",-67.5,0.364704876434944,3,0,0,0.000390015600624025,6
MMRp,Myeloid-ISG,IDO1,"(-80,-75]","[0,0.729]",-77.5,0.364704876434944,4,0,0,0.00024330900243309,6
MMRp,Myeloid-noDC-noGran,IDO1,"(-80,-75]","[0,0.729]",-77.5,0.364704876434944,5,0,0,0.000199893390191898,6
MMRp,Myeloid-noDC-noGran,IDO1,"(-70,-65]","(3.65,4.38]",-67.5,4.01175364078438,3,0,0,0.000818330605564648,6
MMRp,Myeloid-noDC-noGran,IDO1,"(-25,-20]","(4.38,5.11]",-22.5,4.74116339365427,3,0.000987166831194472,0.000687984659765199,0.00104698684669851,6
MMRp,Myeloid-ISG,IDO1,"(-35,-30]","[0,0.729]",-32.5,0.364704876434944,4,0,0,0,6
MMRp,Myeloid-noDC-noGran,IDO1,"(-35,-30]","[0,0.729]",-32.5,0.364704876434944,6,8.28198606447822e-05,1.90171915411532e-05,0.000186425764097001,6
MMRp,Myeloid-noDC-noGran,IDO1,"(-55,-50]","(2.19,2.92]",-52.5,2.55293413504461,4,0.000204913366286497,0.000115013034810612,0.000453317348648361,6
MMRp,Myeloid-noDC-noGran,IDO1,"(-90,-85]","[0,0.729]",-87.5,0.364704876434944,5,0,0,8.8339222614841e-05,6
MMRp,Myeloid-noDC-noGran,IDO1,"(-45,-40]","(2.92,3.65]",-42.5,3.2823438879145,3,0.000260620276257493,0.000130310138128746,0.000375588529102502,6
MMRp,Myeloid-noDC-noGran,IDO1,"(-45,-40]","(2.19,2.92]",-42.5,2.55293413504461,4,0.000294001298668844,9.27586420134809e-05,0.000569384394003938,6
MMRp,Myeloid-ISG,IDO1,"(-30,-25]","(3.65,4.38]",-27.5,4.01175364078438,3,0,0,0.000317258883248731,6
MMRp,Myeloid-noDC-noGran,IDO1,"(-30,-25]","(3.65,4.38]",-27.5,4.01175364078438,3,0.000240789790512882,0.000120394895256441,0.000302213077074623,6
MMRp,Myeloid-ISG,IDO1,"(0,5]","(2.19,2.92]",2.5,2.55293413504461,3,0,0,0,6
MMRp,Myeloid-noDC-noGran,IDO1,"(0,5]","(2.19,2.92]",2.5,2.55293413504461,6,6.13045610593428e-05,0,0.000282753120865806,6
MMRp,Myeloid-noDC-noGran,IDO1,"(-70,-65]","(2.19,2.92]",-67.5,2.55293413504461,4,0.00030571690614491,0,0.00076382566446767,6
MMRp,Myeloid-noDC-noGran,IDO1,"(5,10]","(3.65,4.38]",7.5,4.01175364078438,3,0,0,0,6
MMRp,Myeloid-ISG,IDO1,"(-60,-55]","[0,0.729]",-57.5,0.364704876434944,4,0,0,0.000100160256410256,6
MMRp,Myeloid-noDC-noGran,IDO1,"(-50,-45]","(2.19,2.92]",-47.5,2.55293413504461,4,0.000268360520183417,0.000119521912350598,0.000384233442823314,6
MMRp,Myeloid-noDC-noGran,IDO1,"(-80,-75]","(2.92,3.65]",-77.5,3.2823438879145,3,0,0,0.000566251415628539,6
MMRp,Myeloid-noDC-noGran,IDO1,"(-25,-20]","(0.729,1.46]",-22.5,1.09411462930483,3,0.000186689069354989,0.000129816925077962,0.000380469836159061,6
MMRp,Myeloid-noDC-noGran,IDO1,"(-55,-50]","(1.46,2.19]",-52.5,1.82352438217472,4,3.21419388017485e-05,0,0.000146599370225448,6
MMRp,Myeloid-noDC-noGran,IDO1,"(-35,-30]","(4.38,5.11]",-32.5,4.74116339365427,3,0.00103021978021978,0.00051510989010989,0.00103057380763566,6
MMRp,Myeloid-ISG,IDO1,"(-40,-35]","(2.92,3.65]",-37.5,3.2823438879145,3,0.00137080191912269,0.000878600341323322,0.00156259394201748,6
MMRp,Myeloid-noDC-noGran,IDO1,"(-40,-35]","(2.92,3.65]",-37.5,3.2823438879145,3,0.0003584229390681,0.000347015474456301,0.000575958146780628,6
MMRp,Myeloid-noDC-noGran,IDO1,"(-65,-60]","(1.46,2.19]",-62.5,1.82352438217472,4,0.000212165807209824,7.37100737100737e-05,0.000509088901654927,6
MMRp,Myeloid-noDC-noGran,IDO1,"(-70,-65]","(2.92,3.65]",-67.5,3.2823438879145,3,0,0,0.000241487563390485,6
MMRp,Myeloid-noDC-noGran,IDO1,"(-30,-25]","(0.729,1.46]",-27.5,1.09411462930483,3,0,0,8.9126559714795e-05,6
MMRp,Myeloid-noDC-noGran,IDO1,"[-100,-95]","(2.19,2.92]",-97.5,2.55293413504461,3,0,0,0.000739644970414201,6
MMRp,Myeloid-noDC-noGran,IDO1,"(-95,-90]","(2.92,3.65]",-92.5,3.2823438879145,3,0,0,0,6
MMRp,Myeloid-noDC-noGran,IDO1,"(-75,-70]","(2.92,3.65]",-72.5,3.2823438879145,3,0,0,0.000159948816378759,6
MMRp,Myeloid-noDC-noGran,IDO1,"(-40,-35]","(4.38,5.11]",-37.5,4.74116339365427,3,0,0,0.00158802177858439,6
MMRp,Myeloid-noDC-noGran,IDO1,"(-35,-30]","(1.46,2.19]",-32.5,1.82352438217472,5,0,0,8.97827258035554e-05,6
MMRp,Myeloid-noDC-noGran,IDO1,"(65,70]","[0,0.729]",67.5,0.364704876434944,4,0,0,0,6
MMRp,Myeloid-ISG,IDO1,"(5,10]","[0,0.729]",7.5,0.364704876434944,4,0,0,0.000229357798165138,6
MMRp,Myeloid-ISG,IDO1,"(-50,-45]","[0,0.729]",-47.5,0.364704876434944,4,0,0,4.8534265191225e-05,6
MMRp,Myeloid-noDC-noGran,IDO1,"(-50,-45]","[0,0.729]",-47.5,0.364704876434944,6,0.000164328599473134,9.58831319490395e-05,0.000330424743549233,6
MMRp,Myeloid-noDC-noGran,IDO1,"(-90,-85]","(1.46,2.19]",-87.5,1.82352438217472,4,0,0,7.09622480840193e-05,6
MMRp,Myeloid-ISG,IDO1,"[-100,-95]","[0,0.729]",-97.5,0.364704876434944,3,0,0,0,6
MMRp,Myeloid-noDC-noGran,IDO1,"(55,60]","[0,0.729]",57.5,0.364704876434944,5,0,0,0,6
MMRp,Myeloid-noDC-noGran,IDO1,"(10,15]","[0,0.729]",12.5,0.364704876434944,6,0,0,0,6
MMRp,Myeloid-noDC-noGran,IDO1,"(35,40]","[0,0.729]",37.5,0.364704876434944,5,0,0,0,6
MMRp,Myeloid-ISG,IDO1,"(-90,-85]","[0,0.729]",-87.5,0.364704876434944,3,0,0,0.0003584229390681,6
MMRp,Myeloid-noDC-noGran,IDO1,"(-40,-35]","(2.19,2.92]",-37.5,2.55293413504461,4,0.000117591721542803,0,0.000243885827359834,6
MMRp,Myeloid-noDC-noGran,IDO1,"(-30,-25]","(1.46,2.19]",-27.5,1.82352438217472,5,0,0,8.3948959032908e-05,6
MMRp,Myeloid-noDC-noGran,IDO1,"(-65,-60]","(2.92,3.65]",-62.5,3.2823438879145,3,0.000243605359317905,0.000121802679658953,0.000418538584703463,6
MMRp,Myeloid-noDC-noGran,IDO1,"(-90,-85]","(2.92,3.65]",-87.5,3.2823438879145,3,0,0,0,6
MMRp,Myeloid-noDC-noGran,IDO1,"(-60,-55]","(1.46,2.19]",-57.5,1.82352438217472,4,0,0,2.07107944660757e-05,6
MMRp,Myeloid-noDC-noGran,IDO1,"(-65,-60]","(2.19,2.92]",-62.5,2.55293413504461,4,0,0,0.000140607424071991,6
MMRp,Myeloid-noDC-noGran,IDO1,"(-75,-70]","(2.19,2.92]",-72.5,2.55293413504461,4,0.000429922613929493,0,0.000929946634691274,6
MMRp,Myeloid-noDC-noGran,IDO1,"(-55,-50]","(3.65,4.38]",-52.5,4.01175364078438,3,0,0,0,6
MMRp,Myeloid-noDC-noGran,IDO1,"(-60,-55]","(2.19,2.92]",-57.5,2.55293413504461,4,8.48464279653827e-05,0,0.000210909655330476,6
MMRp,Myeloid-noDC-noGran,IDO1,"(-60,-55]","(2.92,3.65]",-57.5,3.2823438879145,3,0.000237360550676478,0.000118680275338239,0.000661715844167997,6
MMRp,Myeloid-noDC-noGran,IDO1,"(-45,-40]","(1.46,2.19]",-42.5,1.82352438217472,4,0.00010845516463494,0,0.000226515250463198,6
MMRp,Myeloid-noDC-noGran,IDO1,"(-80,-75]","(1.46,2.19]",-77.5,1.82352438217472,3,0,0,0,6
MMRp,Myeloid-noDC-noGran,IDO1,"(-75,-70]","(1.46,2.19]",-72.5,1.82352438217472,4,0.000201288244766506,0,0.000539349271233329,6
MMRp,Myeloid-noDC-noGran,IDO1,"(-90,-85]","(2.19,2.92]",-87.5,2.55293413504461,3,0,0,0.00108813928182807,6
MMRp,Myeloid-noDC-noGran,IDO1,"(-85,-80]","(2.19,2.92]",-82.5,2.55293413504461,3,0,0,0.00040950040950041,6
MMRp,Myeloid-noDC-noGran,IDO1,"(5,10]","(2.92,3.65]",7.5,3.2823438879145,3,0,0,0.000702247191011236,6
MMRp,Myeloid-noDC-noGran,IDO1,"(-95,-90]","(2.19,2.92]",-92.5,2.55293413504461,3,0,0,0.000515995872033024,6
MMRp,Myeloid-noDC-noGran,IDO1,"(60,65]","[0,0.729]",62.5,0.364704876434944,5,0,0,0,6
MMRp,Myeloid-noDC-noGran,IDO1,"(75,80]","[0,0.729]",77.5,0.364704876434944,4,0,0,0.000186150409530901,6
MMRp,Myeloid-noDC-noGran,IDO1,"(95,100]","[0,0.729]",97.5,0.364704876434944,3,0,0,0,6
MMRp,Myeloid-noDC-noGran,IDO1,"(25,30]","[0,0.729]",27.5,0.364704876434944,5,0,0,0,6
MMRp,Myeloid-noDC-noGran,IDO1,"(50,55]","[0,0.729]",52.5,0.364704876434944,5,0,0,0,6
MMRp,Myeloid-noDC-noGran,IDO1,"(30,35]","[0,0.729]",32.5,0.364704876434944,5,0,0,0,6
MMRp,Myeloid-noDC-noGran,IDO1,"(80,85]","[0,0.729]",82.5,0.364704876434944,4,0,0,0.000670241286863271,6
MMRp,Myeloid-noDC-noGran,IDO1,"(40,45]","[0,0.729]",42.5,0.364704876434944,5,0,0,0.000469483568075117,6
MMRp,Myeloid-noDC-noGran,IDO1,"(45,50]","[0,0.729]",47.5,0.364704876434944,5,0,0,0,6
MMRp,Myeloid-noDC-noGran,IDO1,"(0,5]","(0.729,1.46]",2.5,1.09411462930483,4,0,0,4.01090967431413e-05,6
MMRp,Myeloid-noDC-noGran,IDO1,"(-40,-35]","(0.729,1.46]",-37.5,1.09411462930483,3,0,0,8.07623970279438e-05,6
MMRp,Myeloid-noDC-noGran,IDO1,"(-50,-45]","(0.729,1.46]",-47.5,1.09411462930483,3,0,0,0,6
MMRp,Myeloid-noDC-noGran,IDO1,"(5,10]","(1.46,2.19]",7.5,1.82352438217472,3,0,0,0,6
MMRp,Myeloid-noDC-noGran,IDO1,"(-65,-60]","(0.729,1.46]",-62.5,1.09411462930483,3,0,0,0,6
MMRp,Myeloid-noDC-noGran,IDO1,"(-35,-30]","(0.729,1.46]",-32.5,1.09411462930483,3,0,0,0,6
MMRp,Myeloid-noDC-noGran,IDO1,"(-45,-40]","(0.729,1.46]",-42.5,1.09411462930483,3,0,0,0.00021551724137931,6
MMRp,Myeloid-noDC-noGran,IDO1,"(-55,-50]","(0.729,1.46]",-52.5,1.09411462930483,3,0,0,0.000108719286801479,6
MMRp,Myeloid-noDC-noGran,IDO1,"(15,20]","[0,0.729]",17.5,0.364704876434944,5,0,0,0,6
MMRp,Myeloid-noDC-noGran,IDO1,"(-80,-75]","(0.729,1.46]",-77.5,1.09411462930483,3,0,0,0.000825991189427313,6
MMRp,Myeloid-noDC-noGran,IDO1,"(5,10]","(0.729,1.46]",7.5,1.09411462930483,3,0,0,0,6
MMRp,Myeloid-noDC-noGran,IDO1,"(90,95]","[0,0.729]",92.5,0.364704876434944,3,0,0,0,6
MMRp,Myeloid-noDC-noGran,IDO1,"(10,15]","(1.46,2.19]",12.5,1.82352438217472,3,0,0,0,6
MMRp,Tcd4-CXCL13,IDO1,"(-5,0]","[0,0.729]",-2.5,0.364704876434944,4,0.000359453630481668,0,0.00110736226390432,6
MMRp,Tcd4-CXCL13,IDO1,"(-10,-5]","[0,0.729]",-7.5,0.364704876434944,4,0,0,0.000220848056537103,6
MMRp,Tcd4-CXCL13,IDO1,"(-15,-10]","[0,0.729]",-12.5,0.364704876434944,3,0,0,0.000297441998810232,6
MMRp,Tcd4-Treg-comb,IDO1,"(-15,-10]","[0,0.729]",-12.5,0.364704876434944,5,0.000216403375892664,0.000204457166223676,0.000699056274030059,6
MMRp,Tcd4-Treg-comb,IDO1,"(-5,0]","[0,0.729]",-2.5,0.364704876434944,5,0,0,0.000194893782888326,6
MMRp,Tcd4-Treg-comb,IDO1,"(-10,-5]","[0,0.729]",-7.5,0.364704876434944,5,0,0,0.000251193167545843,6
MMRp,Tcd4-Treg-comb,IDO1,"(-15,-10]","(1.46,2.19]",-12.5,1.82352438217472,4,0.000100694794079146,0,0.000519447731938053,6
MMRp,Tcd4-Treg-comb,IDO1,"(0,5]","[0,0.729]",2.5,0.364704876434944,5,0,0,0,6
MMRp,Tcd4-Treg-comb,IDO1,"(-10,-5]","(1.46,2.19]",-7.5,1.82352438217472,5,0,0,7.45045447772314e-05,6
MMRp,Tcd4-Treg-comb,IDO1,"(-5,0]","(1.46,2.19]",-2.5,1.82352438217472,5,0.000125,0,0.000161917098445596,6
MMRp,Tcd4-Treg-comb,IDO1,"(-25,-20]","[0,0.729]",-22.5,0.364704876434944,5,0,0,0,6
MMRp,Tcd4-Treg-comb,IDO1,"(-5,0]","(0.729,1.46]",-2.5,1.09411462930483,4,0.00024365647245266,0.000181028240405503,0.000543136525662297,6
MMRp,Tcd4-Treg-comb,IDO1,"(-30,-25]","(1.46,2.19]",-27.5,1.82352438217472,3,0,0,7.76276975624903e-05,6
MMRp,Tcd4-Treg-comb,IDO1,"(-20,-15]","[0,0.729]",-17.5,0.364704876434944,4,0.000275482609715361,0.000183374083129584,0.000728602948650439,6
MMRp,Tcd4-Treg-comb,IDO1,"(-50,-45]","[0,0.729]",-47.5,0.364704876434944,3,0,0,0.000946969696969697,6
MMRp,Tcd4-Treg-comb,IDO1,"(-55,-50]","[0,0.729]",-52.5,0.364704876434944,3,0.000190005700171005,9.50028500855026e-05,0.000833555287308545,6
MMRp,Tcd4-Treg-comb,IDO1,"(-25,-20]","(1.46,2.19]",-22.5,1.82352438217472,3,0.000432338953739732,0.000216169476869866,0.000900476046212932,6
MMRp,Tcd4-Treg-comb,IDO1,"(-35,-30]","[0,0.729]",-32.5,0.364704876434944,3,0.000198176773682124,9.90883868410622e-05,0.000343706782144389,6
MMRp,Tcd4-Treg-comb,IDO1,"(-40,-35]","[0,0.729]",-37.5,0.364704876434944,4,0,0,5.65163332203007e-05,6
MMRp,Tcd4-Treg-comb,IDO1,"(-30,-25]","[0,0.729]",-27.5,0.364704876434944,4,0,0,0.000292226767971946,6
MMRp,Tcd4-Treg-comb,IDO1,"(-65,-60]","[0,0.729]",-62.5,0.364704876434944,3,0,0,0.000364166059723234,6
MMRp,Tcd4-Treg-comb,IDO1,"(-90,-85]","[0,0.729]",-87.5,0.364704876434944,3,0,0,0,6
MMRp,Tcd4-Treg-comb,IDO1,"(-80,-75]","[0,0.729]",-77.5,0.364704876434944,3,0,0,0,6
MMRp,Tcd4-Treg-comb,IDO1,"(-45,-40]","[0,0.729]",-42.5,0.364704876434944,3,0.000125391849529781,6.26959247648903e-05,0.00061275093026544,6
MMRp,Tcd4-Treg-comb,IDO1,"(-60,-55]","[0,0.729]",-57.5,0.364704876434944,3,0,0,0,6
MMRp,CD8-all,IDO1,"(-5,0]","(2.92,3.65]",-2.5,3.2823438879145,3,0,0,0,6
MMRp,Tcd8-CXCL13-comb,IDO1,"(-5,0]","[0,0.729]",-2.5,0.364704876434944,5,0,0,0,6
MMRp,CD8-all,IDO1,"(-5,0]","[0,0.729]",-2.5,0.364704876434944,5,0,0,0.000312597686777118,6
MMRp,CD8-all,IDO1,"(-20,-15]","[0,0.729]",-17.5,0.364704876434944,3,0,0,0,6
MMRp,CD8-all,IDO1,"(5,10]","[0,0.729]",7.5,0.364704876434944,3,0,0,0,6
MMRp,CD8-all,IDO1,"(-15,-10]","[0,0.729]",-12.5,0.364704876434944,4,0,0,0,6
MMRp,Tcd8-CXCL13-comb,IDO1,"(-10,-5]","[0,0.729]",-7.5,0.364704876434944,3,0,0,0,6
MMRp,CD8-all,IDO1,"(-10,-5]","[0,0.729]",-7.5,0.364704876434944,5,0,0,0,6
MMRp,CD8-all,IDO1,"(-25,-20]","[0,0.729]",-22.5,0.364704876434944,4,0,0,0.00115740740740741,6
MMRp,CD8-all,IDO1,"(0,5]","[0,0.729]",2.5,0.364704876434944,4,0,0,0,6
MMRp,Tcd8-HOBIT,IDO1,"(-10,-5]","[0,0.729]",-7.5,0.364704876434944,3,0,0,0,6
MMRp,Tcd8-HOBIT,IDO1,"(-5,0]","[0,0.729]",-2.5,0.364704876434944,3,0,0,0,6
MMRp,Tplzf-gdlike-comb,IDO1,"(-5,0]","[0,0.729]",-2.5,0.364704876434944,3,0,0,0,6
MMRp,Myeloid-mregDC,CXCL9,"(-5,0]","(2.19,2.92]",-2.5,2.55293413504461,5,0,0,0.000629722921914358,6
MMRp,Myeloid-mregDC,CXCL9,"(-20,-15]","(2.92,3.65]",-17.5,3.2823438879145,3,0.00157232704402516,0.000786163522012579,0.00229787931944266,6
MMRp,Myeloid-mregDC,CXCL9,"(-15,-10]","(2.92,3.65]",-12.5,3.2823438879145,3,0.00243407707910751,0.00164184737557754,0.00272306263593929,6
MMRp,Myeloid-mregDC,CXCL9,"(-10,-5]","(2.92,3.65]",-7.5,3.2823438879145,3,0,0,0.000612244897959184,6
MMRp,Myeloid-mregDC,CXCL9,"(-10,-5]","(2.19,2.92]",-7.5,2.55293413504461,4,0.000282885431400283,0,0.00063042872418204,6
MMRp,Myeloid-mregDC,CXCL9,"(-5,0]","(3.65,4.38]",-2.5,4.01175364078438,3,0.00116414435389988,0.000582072176949942,0.00499013263035045,6
MMRp,Myeloid-mregDC,CXCL9,"(-30,-25]","(2.19,2.92]",-27.5,2.55293413504461,3,0,0,0,6
MMRp,Myeloid-mregDC,CXCL9,"(-15,-10]","[0,0.729]",-12.5,0.364704876434944,5,0,0,0.000308737264587836,6
MMRp,Myeloid-mregDC,CXCL9,"(-5,0]","[0,0.729]",-2.5,0.364704876434944,5,0,0,0.000240673886883273,6
MMRp,Myeloid-mregDC,CXCL9,"(-10,-5]","[0,0.729]",-7.5,0.364704876434944,5,0,0,0.000200080032012805,6
MMRp,Myeloid-mregDC,CXCL9,"(-5,0]","(1.46,2.19]",-2.5,1.82352438217472,4,0.000109122653862942,0,0.000313564076717674,6
MMRp,Myeloid-mregDC,CXCL9,"(-10,-5]","(1.46,2.19]",-7.5,1.82352438217472,3,0,0,0.000345960906417575,6
MMRp,Myeloid-mregDC,CXCL9,"(-5,0]","(0.729,1.46]",-2.5,1.09411462930483,3,0,0,0.000397772474144789,6
MMRp,Myeloid-mregDC,CXCL9,"(-15,-10]","(1.46,2.19]",-12.5,1.82352438217472,3,0,0,0.000116441546343735,6
MMRp,Myeloid-mregDC,CXCL9,"(-15,-10]","(2.19,2.92]",-12.5,2.55293413504461,3,0.000505050505050505,0.000252525252525253,0.000958739941790789,6
MMRp,Myeloid-mregDC,CXCL9,"(-40,-35]","[0,0.729]",-37.5,0.364704876434944,4,0,0,7.7663870767319e-05,6
MMRp,Myeloid-mregDC,CXCL9,"(0,5]","[0,0.729]",2.5,0.364704876434944,3,0,0,0,6
MMRp,Myeloid-mregDC,CXCL9,"(-25,-20]","[0,0.729]",-22.5,0.364704876434944,4,0,0,0,6
MMRp,Myeloid-mregDC,CXCL9,"(-35,-30]","[0,0.729]",-32.5,0.364704876434944,3,0,0,0,6
MMRp,Myeloid-mregDC,CXCL9,"(-20,-15]","[0,0.729]",-17.5,0.364704876434944,3,0,0,0,6
MMRp,Myeloid-mregDC,CXCL9,"(-30,-25]","[0,0.729]",-27.5,0.364704876434944,3,0,0,0.000118793062485151,6
MMRp,Myeloid-ISG,CXCL9,"(-5,0]","(3.65,4.38]",-2.5,4.01175364078438,3,0.00354609929078014,0.00334834895225838,0.00426007386684336,6
MMRp,Myeloid-noDC-noGran,CXCL9,"(-5,0]","(3.65,4.38]",-2.5,4.01175364078438,4,0.00233356825822579,0.00202887944687777,0.00277992345125089,6
MMRp,Myeloid-noDC-noGran,CXCL9,"(-20,-15]","(1.46,2.19]",-17.5,1.82352438217472,6,5.39638923881561e-05,1.12566977351524e-05,0.00013092296963855,6
MMRp,Myeloid-ISG,CXCL9,"(-10,-5]","(3.65,4.38]",-7.5,4.01175364078438,3,0.0050584336298622,0.00343528748844364,0.00552516823193515,6
MMRp,Myeloid-noDC-noGran,CXCL9,"(-10,-5]","(3.65,4.38]",-7.5,4.01175364078438,4,0.00340443619074904,0.00260396062238713,0.00384307329411892,6
MMRp,Myeloid-ISG,CXCL9,"(-10,-5]","[0,0.729]",-7.5,0.364704876434944,6,0.000372180453861727,0.000276381024052528,0.00086289239361309,6
MMRp,Myeloid-noDC-noGran,CXCL9,"(-10,-5]","[0,0.729]",-7.5,0.364704876434944,6,0.000142300847590943,0.000105383218500498,0.000163383350135527,6
MMRp,Myeloid-ISG,CXCL9,"(-15,-10]","(4.38,5.11]",-12.5,4.74116339365427,3,0.0076530612244898,0.00728195562952202,0.0108864615818088,6
MMRp,Myeloid-noDC-noGran,CXCL9,"(-15,-10]","(4.38,5.11]",-12.5,4.74116339365427,4,0.00828711797347957,0.00527138602659639,0.0110408590173137,6
MMRp,Myeloid-ISG,CXCL9,"(-10,-5]","(2.19,2.92]",-7.5,2.55293413504461,6,0.000955267789577506,0.000176429075511644,0.00167637034846118,6
MMRp,Myeloid-noDC-noGran,CXCL9,"(-10,-5]","(2.19,2.92]",-7.5,2.55293413504461,6,0.00058019667978783,0.000418482696711902,0.000693742972698475,6
MMRp,Myeloid-ISG,CXCL9,"(-10,-5]","(4.38,5.11]",-7.5,4.74116339365427,3,0.00903481710004407,0.00747307357465258,0.0116582654528504,6
MMRp,Myeloid-noDC-noGran,CXCL9,"(-10,-5]","(4.38,5.11]",-7.5,4.74116339365427,4,0.00460555809823129,0.00207055172902726,0.00742008386105572,6
MMRp,Myeloid-ISG,CXCL9,"(-20,-15]","(2.92,3.65]",-17.5,3.2823438879145,3,0.00481695568400771,0.00365871827285594,0.00486146230643558,6
MMRp,Myeloid-noDC-noGran,CXCL9,"(-20,-15]","(2.92,3.65]",-17.5,3.2823438879145,5,0.00112528132033008,0.00102681118083286,0.00185528756957328,6
MMRp,Myeloid-ISG,CXCL9,"(-5,0]","(2.19,2.92]",-2.5,2.55293413504461,5,0.00147058823529412,0.00144700349692512,0.00196592398427261,6
MMRp,Myeloid-noDC-noGran,CXCL9,"(-5,0]","(2.19,2.92]",-2.5,2.55293413504461,6,0.000670173933405491,0.000604644808168558,0.000770757071005796,6
MMRp,Myeloid-noDC-noGran,CXCL9,"(0,5]","(3.65,4.38]",2.5,4.01175364078438,3,0.00124326564442603,0.000621632822213013,0.0027027982748665,6
MMRp,Myeloid-ISG,CXCL9,"(-25,-20]","[0,0.729]",-22.5,0.364704876434944,6,0.000332079911552925,0.000167947139180456,0.00103884768300424,6
MMRp,Myeloid-noDC-noGran,CXCL9,"(-25,-20]","[0,0.729]",-22.5,0.364704876434944,6,0.000145223141059422,8.879464495446e-05,0.000235801305411039,6
MMRp,Myeloid-noDC-noGran,CXCL9,"(-85,-80]","(2.92,3.65]",-82.5,3.2823438879145,3,0,0,0.0001886080724255,6
MMRp,Myeloid-ISG,CXCL9,"(-25,-20]","(3.65,4.38]",-22.5,4.01175364078438,3,0.00515995872033024,0.00364380914739916,0.00661648339666916,6
MMRp,Myeloid-noDC-noGran,CXCL9,"(-25,-20]","(3.65,4.38]",-22.5,4.01175364078438,4,0.00326436091484373,0.00239717199626974,0.00412858483958208,6
MMRp,Myeloid-ISG,CXCL9,"(-5,0]","(5.11,5.84]",-2.5,5.47057314652416,3,0.00984848484848485,0.00615274365274365,0.012557830210502,6
MMRp,Myeloid-noDC-noGran,CXCL9,"(-5,0]","(5.11,5.84]",-2.5,5.47057314652416,3,0.0072142064372919,0.00423210321864595,0.010077268567316,6
MMRp,Myeloid-ISG,CXCL9,"(-5,0]","(4.38,5.11]",-2.5,4.74116339365427,3,0.00671986560268795,0.00668277295524394,0.0090981462008477,6
MMRp,Myeloid-noDC-noGran,CXCL9,"(-5,0]","(4.38,5.11]",-2.5,4.74116339365427,3,0.0039014009576166,0.00379219549995139,0.00532852219573036,6
MMRp,Myeloid-ISG,CXCL9,"(-35,-30]","(3.65,4.38]",-32.5,4.01175364078438,3,0.00351123595505618,0.00331325037628198,0.00428598234999773,6
MMRp,Myeloid-noDC-noGran,CXCL9,"(-35,-30]","(3.65,4.38]",-32.5,4.01175364078438,3,0.00260883743681722,0.0020427530361877,0.0032335663858937,6
MMRp,Myeloid-ISG,CXCL9,"(-10,-5]","(5.11,5.84]",-7.5,5.47057314652416,3,0.00978336827393431,0.00606954043849837,0.0105545755426967,6
MMRp,Myeloid-noDC-noGran,CXCL9,"(-10,-5]","(5.11,5.84]",-7.5,5.47057314652416,3,0.00855222968845449,0.00485852602652194,0.00986895600753821,6
MMRp,Myeloid-ISG,CXCL9,"(-20,-15]","(4.38,5.11]",-17.5,4.74116339365427,3,0.00825167612171222,0.00764944623562708,0.0116920423483719,6
MMRp,Myeloid-noDC-noGran,CXCL9,"(-20,-15]","(4.38,5.11]",-17.5,4.74116339365427,3,0.00416768815886247,0.00370153078743878,0.00796294215662033,6
MMRp,Myeloid-ISG,CXCL9,"(-10,-5]","(2.92,3.65]",-7.5,3.2823438879145,3,0.00407806583163414,0.00321951560207101,0.00409601121469602,6
MMRp,Myeloid-noDC-noGran,CXCL9,"(-10,-5]","(2.92,3.65]",-7.5,3.2823438879145,6,0.0014586506134943,0.0011980626629638,0.00184224482825063,6
MMRp,Myeloid-noDC-noGran,CXCL9,"(5,10]","(2.19,2.92]",7.5,2.55293413504461,4,0.00140954789988361,0.000762970498474059,0.00202839942176435,6
MMRp,Myeloid-ISG,CXCL9,"(-5,0]","(2.92,3.65]",-2.5,3.2823438879145,3,0.00334075723830735,0.00282230489587196,0.00477882899907539,6
MMRp,Myeloid-noDC-noGran,CXCL9,"(-5,0]","(2.92,3.65]",-2.5,3.2823438879145,6,0.0017868741082954,0.00139455713800353,0.00321034084087423,6
MMRp,Myeloid-ISG,CXCL9,"(-15,-10]","(2.92,3.65]",-12.5,3.2823438879145,4,0.00194608421881149,0.000811688311688312,0.00294934634206681,6
MMRp,Myeloid-noDC-noGran,CXCL9,"(-15,-10]","(2.92,3.65]",-12.5,3.2823438879145,6,0.00136979889221914,0.00110170963288943,0.00179732890553222,6
MMRp,Myeloid-noDC-noGran,CXCL9,"(-55,-50]","(2.92,3.65]",-52.5,3.2823438879145,3,0.000909090909090909,0.000746772222517401,0.0011629279811098,6
MMRp,Myeloid-ISG,CXCL9,"(-15,-10]","(3.65,4.38]",-12.5,4.01175364078438,3,0.00522739153162572,0.00476990084487371,0.0069143306214344,6
MMRp,Myeloid-noDC-noGran,CXCL9,"(-15,-10]","(3.65,4.38]",-12.5,4.01175364078438,4,0.00254199752248037,0.00229713185510596,0.00297063225954443,6
MMRp,Myeloid-noDC-noGran,CXCL9,"(-80,-75]","(2.19,2.92]",-77.5,2.55293413504461,4,0.00057326260255471,0.000387997930677703,0.00103591176559655,6
MMRp,Myeloid-ISG,CXCL9,"(0,5]","(2.92,3.65]",2.5,3.2823438879145,3,0.00441826215022091,0.0030712000406277,0.00594047435869255,6
MMRp,Myeloid-noDC-noGran,CXCL9,"(0,5]","(2.92,3.65]",2.5,3.2823438879145,3,0.00219298245614035,0.00154516315915417,0.00234213148716335,6
MMRp,Myeloid-ISG,CXCL9,"(0,5]","[0,0.729]",2.5,0.364704876434944,6,0.000161082474226804,0,0.000666936858692761,6
MMRp,Myeloid-noDC-noGran,CXCL9,"(0,5]","[0,0.729]",2.5,0.364704876434944,6,0.000154644448253612,6.53519209485723e-05,0.0001756110775633,6
MMRp,Myeloid-noDC-noGran,CXCL9,"(-60,-55]","(3.65,4.38]",-57.5,4.01175364078438,3,0.00364741641337386,0.00273114922302087,0.00379739241721325,6
MMRp,Myeloid-noDC-noGran,CXCL9,"(-70,-65]","[0,0.729]",-67.5,0.364704876434944,5,0.000147253718156383,0,0.000379812942126003,6
MMRp,Myeloid-noDC-noGran,CXCL9,"(-50,-45]","(3.65,4.38]",-47.5,4.01175364078438,3,0.00374707259953162,0.00278984662352879,0.00468568478120563,6
MMRp,Myeloid-noDC-noGran,CXCL9,"(5,10]","[0,0.729]",7.5,0.364704876434944,6,0.000190705196754804,9.76494651096979e-05,0.000378280661079894,6
MMRp,Myeloid-noDC-noGran,CXCL9,"(-35,-30]","(2.19,2.92]",-32.5,2.55293413504461,4,0.000155714730613516,0,0.00032761598306761,6
MMRp,Myeloid-ISG,CXCL9,"(-30,-25]","(4.38,5.11]",-27.5,4.74116339365427,3,0.0131136516476126,0.00807889583902702,0.0134375597687605,6
MMRp,Myeloid-noDC-noGran,CXCL9,"(-30,-25]","(4.38,5.11]",-27.5,4.74116339365427,3,0.00779220779220779,0.00535809220019746,0.00873781711770539,6
MMRp,Myeloid-ISG,CXCL9,"(-25,-20]","(2.92,3.65]",-22.5,3.2823438879145,3,0.00474576271186441,0.00428492724503354,0.00511410942610764,6
MMRp,Myeloid-noDC-noGran,CXCL9,"(-25,-20]","(2.92,3.65]",-22.5,3.2823438879145,4,0.00166481264889192,0.00144868440909059,0.0021229987317893,6
MMRp,Myeloid-noDC-noGran,CXCL9,"(-65,-60]","(3.65,4.38]",-62.5,4.01175364078438,3,0.00137931034482759,0.00117746005046257,0.00193219990402413,6
MMRp,Myeloid-ISG,CXCL9,"(-95,-90]","[0,0.729]",-92.5,0.364704876434944,3,0,0,0.00176991150442478,6
MMRp,Myeloid-noDC-noGran,CXCL9,"(-95,-90]","[0,0.729]",-92.5,0.364704876434944,4,0.000165819133434443,6.6910518333482e-05,0.000354073579153965,6
MMRp,Myeloid-ISG,CXCL9,"(-35,-30]","(2.92,3.65]",-32.5,3.2823438879145,3,0.0026024723487313,0.00218229344308811,0.00321799411521997,6
MMRp,Myeloid-noDC-noGran,CXCL9,"(-35,-30]","(2.92,3.65]",-32.5,3.2823438879145,4,0.00103209926062911,0.0006797583081571,0.00120120620293301,6
MMRp,Myeloid-ISG,CXCL9,"(-45,-40]","[0,0.729]",-42.5,0.364704876434944,4,0.000641423619216495,0.000348513011152416,0.000948743061103961,6
MMRp,Myeloid-noDC-noGran,CXCL9,"(-45,-40]","[0,0.729]",-42.5,0.364704876434944,6,0.000111366115864965,8.51324661172785e-06,0.000203195524358263,6
MMRp,Myeloid-ISG,CXCL9,"(-25,-20]","(2.19,2.92]",-22.5,2.55293413504461,3,0.000965810314854163,0.000482905157427081,0.00140768937444311,6
MMRp,Myeloid-noDC-noGran,CXCL9,"(-25,-20]","(2.19,2.92]",-22.5,2.55293413504461,6,0.00057961587557752,0.000356131150542355,0.00118867988326116,6
MMRp,Myeloid-noDC-noGran,CXCL9,"(-30,-25]","(2.19,2.92]",-27.5,2.55293413504461,6,0.000686901655665073,0.000453908947657665,0.00117744649190698,6
MMRp,Myeloid-ISG,CXCL9,"(-55,-50]","[0,0.729]",-52.5,0.364704876434944,4,0.000115848007414272,0,0.000314935195762854,6
MMRp,Myeloid-noDC-noGran,CXCL9,"(-55,-50]","[0,0.729]",-52.5,0.364704876434944,6,0.000136746956023391,1.08145520612536e-05,0.000271376278416469,6
MMRp,Myeloid-noDC-noGran,CXCL9,"(-40,-35]","(3.65,4.38]",-37.5,4.01175364078438,3,0.00200561572402728,0.00100280786201364,0.00275024495427832,6
MMRp,Myeloid-ISG,CXCL9,"(-20,-15]","(3.65,4.38]",-17.5,4.01175364078438,3,0.00475391498881432,0.00347989867087775,0.00602127236321182,6
MMRp,Myeloid-noDC-noGran,CXCL9,"(-20,-15]","(3.65,4.38]",-17.5,4.01175364078438,4,0.00334019611307132,0.00200286538087601,0.00463448918996928,6
MMRp,Myeloid-ISG,CXCL9,"(-30,-25]","(2.92,3.65]",-27.5,3.2823438879145,3,0.0022075055187638,0.002202653858283,0.00305479922976147,6
MMRp,Myeloid-noDC-noGran,CXCL9,"(-30,-25]","(2.92,3.65]",-27.5,3.2823438879145,4,0.00135486674113434,0.000972402296721615,0.00147065210922933,6
MMRp,Myeloid-noDC-noGran,CXCL9,"(-50,-45]","(2.92,3.65]",-47.5,3.2823438879145,4,0.000974716221859459,0.000883851824254198,0.00104488720943547,6
MMRp,Myeloid-noDC-noGran,CXCL9,"(-50,-45]","(1.46,2.19]",-47.5,1.82352438217472,4,0,0,1.42490738102023e-05,6
MMRp,Myeloid-ISG,CXCL9,"(-40,-35]","[0,0.729]",-37.5,0.364704876434944,4,0.000474699936786466,0.000112241843759353,0.00116034617801227,6
MMRp,Myeloid-noDC-noGran,CXCL9,"(-40,-35]","[0,0.729]",-37.5,0.364704876434944,6,9.57355325508276e-05,8.30454424661175e-06,0.000223463029641311,6
MMRp,Myeloid-noDC-noGran,CXCL9,"(-80,-75]","(3.65,4.38]",-77.5,4.01175364078438,3,0,0,0.00072463768115942,6
MMRp,Myeloid-ISG,CXCL9,"(-75,-70]","[0,0.729]",-72.5,0.364704876434944,4,0,0,0.00037202380952381,6
MMRp,Myeloid-noDC-noGran,CXCL9,"(-75,-70]","[0,0.729]",-72.5,0.364704876434944,5,0.000128287363694676,0,0.000236784466938969,6
MMRp,Myeloid-ISG,CXCL9,"(-30,-25]","[0,0.729]",-27.5,0.364704876434944,5,0,0,0.000225428313796213,6
MMRp,Myeloid-noDC-noGran,CXCL9,"(-30,-25]","[0,0.729]",-27.5,0.364704876434944,6,0.000167435439302265,3.9633783837343e-05,0.000191391159760052,6
MMRp,Myeloid-noDC-noGran,CXCL9,"(-85,-80]","(1.46,2.19]",-82.5,1.82352438217472,4,0,0,0,6
MMRp,Myeloid-noDC-noGran,CXCL9,"(-15,-10]","(1.46,2.19]",-12.5,1.82352438217472,6,0.000228119688868038,4.33125433125433e-05,0.000518668944695293,6
MMRp,Myeloid-ISG,CXCL9,"(-85,-80]","[0,0.729]",-82.5,0.364704876434944,4,0,0,0.000344115622849277,6
MMRp,Myeloid-noDC-noGran,CXCL9,"(-85,-80]","[0,0.729]",-82.5,0.364704876434944,4,3.19815786107202e-05,0,0.000133325730838579,6
MMRp,Myeloid-ISG,CXCL9,"(-10,-5]","(1.46,2.19]",-7.5,1.82352438217472,5,0.000258131130614352,0,0.000338569880823402,6
MMRp,Myeloid-noDC-noGran,CXCL9,"(-10,-5]","(1.46,2.19]",-7.5,1.82352438217472,6,0.000284422724041285,0.000117163807052056,0.000523740110218868,6
MMRp,Myeloid-ISG,CXCL9,"(-20,-15]","[0,0.729]",-17.5,0.364704876434944,6,0.000456233127566311,5.78168362627197e-05,0.00102063986357486,6
MMRp,Myeloid-noDC-noGran,CXCL9,"(-20,-15]","[0,0.729]",-17.5,0.364704876434944,6,0.000159273532106375,0.000130340920839935,0.000172798105096236,6
MMRp,Myeloid-ISG,CXCL9,"(-15,-10]","[0,0.729]",-12.5,0.364704876434944,6,0.000284728643720453,0.000132334848159912,0.00043651585772761,6
MMRp,Myeloid-noDC-noGran,CXCL9,"(-15,-10]","[0,0.729]",-12.5,0.364704876434944,6,0.000131413525594311,7.51807149611208e-05,0.000225040832798062,6
MMRp,Myeloid-ISG,CXCL9,"(-5,0]","[0,0.729]",-2.5,0.364704876434944,6,0.000359078540715321,0.000289032027703184,0.000647025611239421,6
MMRp,Myeloid-noDC-noGran,CXCL9,"(-5,0]","[0,0.729]",-2.5,0.364704876434944,6,0.000149351781353571,5.60967087333749e-05,0.000191448153355357,6
MMRp,Myeloid-ISG,CXCL9,"(-5,0]","(1.46,2.19]",-2.5,1.82352438217472,5,0.000672359308814631,0,0.000841928015154704,6
MMRp,Myeloid-noDC-noGran,CXCL9,"(-5,0]","(1.46,2.19]",-2.5,1.82352438217472,6,0.000301277737998152,0.00012143139272025,0.000516310158651369,6
MMRp,Myeloid-noDC-noGran,CXCL9,"(-60,-55]","[0,0.729]",-57.5,0.364704876434944,5,0.00010315659170621,4.89021468042447e-05,0.000439174352217831,6
MMRp,Myeloid-noDC-noGran,CXCL9,"(0,5]","(1.46,2.19]",2.5,1.82352438217472,5,0,0,0.000137873983179374,6
MMRp,Myeloid-ISG,CXCL9,"(-5,0]","(0.729,1.46]",-2.5,1.09411462930483,4,0.000543718072800786,0.000220102714600147,0.000851228870304357,6
MMRp,Myeloid-noDC-noGran,CXCL9,"(-5,0]","(0.729,1.46]",-2.5,1.09411462930483,5,5.74663103755423e-05,0,0.000116475452798323,6
MMRp,Myeloid-ISG,CXCL9,"(-15,-10]","(2.19,2.92]",-12.5,2.55293413504461,4,0.00341956760918291,0.00253102381544677,0.00399388928327835,6
MMRp,Myeloid-noDC-noGran,CXCL9,"(-15,-10]","(2.19,2.92]",-12.5,2.55293413504461,6,0.000705120516335272,0.000634964352891302,0.00105297765671746,6
MMRp,Myeloid-ISG,CXCL9,"(-15,-10]","(0.729,1.46]",-12.5,1.09411462930483,3,0,0,0.000353107344632768,6
MMRp,Myeloid-noDC-noGran,CXCL9,"(-15,-10]","(0.729,1.46]",-12.5,1.09411462930483,5,4.61851099205616e-05,0,0.000172885751332661,6
MMRp,Myeloid-noDC-noGran,CXCL9,"(20,25]","[0,0.729]",22.5,0.364704876434944,5,0,0,0,6
MMRp,Myeloid-ISG,CXCL9,"(-10,-5]","(0.729,1.46]",-7.5,1.09411462930483,3,0.000914913083257091,0.000772980311085844,0.00109590966092807,6
MMRp,Myeloid-noDC-noGran,CXCL9,"(-10,-5]","(0.729,1.46]",-7.5,1.09411462930483,5,9.35593727779649e-05,5.2822016216359e-05,0.000367157740144109,6
MMRp,Myeloid-ISG,CXCL9,"(-20,-15]","(0.729,1.46]",-17.5,1.09411462930483,3,0.000364033491081179,0.00018201674554059,0.000423096784113396,6
MMRp,Myeloid-noDC-noGran,CXCL9,"(-20,-15]","(0.729,1.46]",-17.5,1.09411462930483,3,0.000133701755949728,6.68508779748641e-05,0.00027234158979469,6
MMRp,Myeloid-ISG,CXCL9,"(-20,-15]","(2.19,2.92]",-17.5,2.55293413504461,3,0.000645577792123951,0.000322788896061975,0.000796722545351075,6
MMRp,Myeloid-noDC-noGran,CXCL9,"(-20,-15]","(2.19,2.92]",-17.5,2.55293413504461,6,0.000601178114497853,0.000508865752715026,0.00090638311258366,6
MMRp,Myeloid-ISG,CXCL9,"(-15,-10]","(1.46,2.19]",-12.5,1.82352438217472,3,0.00104048429814605,0.000520242149073023,0.00147587354839043,6
MMRp,Myeloid-noDC-noGran,CXCL9,"(-45,-40]","(3.65,4.38]",-42.5,4.01175364078438,3,0.00203252032520325,0.00130695783702023,0.00296874958661725,6
MMRp,Myeloid-ISG,CXCL9,"(-25,-20]","(1.46,2.19]",-22.5,1.82352438217472,3,0.000640614990390775,0.000320307495195388,0.000698980624550129,6
MMRp,Myeloid-noDC-noGran,CXCL9,"(-25,-20]","(1.46,2.19]",-22.5,1.82352438217472,6,0.00011832919181162,0,0.000579775445969885,6
MMRp,Myeloid-noDC-noGran,CXCL9,"(-40,-35]","(1.46,2.19]",-37.5,1.82352438217472,4,0.000362128437317688,0.000305331280384699,0.000531662238616049,6
MMRp,Myeloid-noDC-noGran,CXCL9,"[-100,-95]","[0,0.729]",-97.5,0.364704876434944,4,0.000235628560678571,0.000156022467235282,0.000314144624412885,6
MMRp,Myeloid-ISG,CXCL9,"(-65,-60]","[0,0.729]",-62.5,0.364704876434944,4,0.0010259733105281,0.000726392251815981,0.00109590734374572,6
MMRp,Myeloid-noDC-noGran,CXCL9,"(-65,-60]","[0,0.729]",-62.5,0.364704876434944,5,0.000196951195493757,0.00016639858006545,0.000201734920314706,6
MMRp,Myeloid-noDC-noGran,CXCL9,"(-70,-65]","(1.46,2.19]",-67.5,1.82352438217472,4,0,0,9.26268988514265e-05,6
MMRp,Myeloid-ISG,CXCL9,"(-70,-65]","[0,0.729]",-67.5,0.364704876434944,3,0,0,0,6
MMRp,Myeloid-ISG,CXCL9,"(-80,-75]","[0,0.729]",-77.5,0.364704876434944,4,0,0,0,6
MMRp,Myeloid-noDC-noGran,CXCL9,"(-80,-75]","[0,0.729]",-77.5,0.364704876434944,5,0,0,0.000186567164179104,6
MMRp,Myeloid-noDC-noGran,CXCL9,"(-70,-65]","(3.65,4.38]",-67.5,4.01175364078438,3,0.00180995475113122,0.00142581070889894,0.00254163858669491,6
MMRp,Myeloid-noDC-noGran,CXCL9,"(-25,-20]","(4.38,5.11]",-22.5,4.74116339365427,3,0.00387382401770891,0.00368652320636612,0.00598429601675179,6
MMRp,Myeloid-ISG,CXCL9,"(-35,-30]","[0,0.729]",-32.5,0.364704876434944,4,0.000242443833845159,0,0.000491870878972867,6
MMRp,Myeloid-noDC-noGran,CXCL9,"(-35,-30]","[0,0.729]",-32.5,0.364704876434944,6,2.73388375526273e-05,0,7.07209933997732e-05,6
MMRp,Myeloid-noDC-noGran,CXCL9,"(-55,-50]","(2.19,2.92]",-52.5,2.55293413504461,4,0.000401419934975181,0.00028753258702653,0.00044283532518233,6
MMRp,Myeloid-noDC-noGran,CXCL9,"(-90,-85]","[0,0.729]",-87.5,0.364704876434944,5,8.8339222614841e-05,0,0.00019105846388995,6
MMRp,Myeloid-noDC-noGran,CXCL9,"(-45,-40]","(2.92,3.65]",-42.5,3.2823438879145,3,0.00171694873681629,0.00105189796608706,0.00177064533530937,6
MMRp,Myeloid-noDC-noGran,CXCL9,"(-45,-40]","(2.19,2.92]",-42.5,2.55293413504461,4,0.000850675146449794,0.000603462371006601,0.00114339994370954,6
MMRp,Myeloid-ISG,CXCL9,"(-30,-25]","(3.65,4.38]",-27.5,4.01175364078438,3,0.00672268907563025,0.00537747357007319,0.00875474555304355,6
MMRp,Myeloid-noDC-noGran,CXCL9,"(-30,-25]","(3.65,4.38]",-27.5,4.01175364078438,3,0.00313026727666747,0.00234012718005422,0.00383786091106101,6
MMRp,Myeloid-ISG,CXCL9,"(0,5]","(2.19,2.92]",2.5,2.55293413504461,3,0.00172711571675302,0.00172414305631111,0.0024559145462746,6
MMRp,Myeloid-noDC-noGran,CXCL9,"(0,5]","(2.19,2.92]",2.5,2.55293413504461,6,0.000538990277139839,0.000122609122118686,0.000903188537459637,6
MMRp,Myeloid-noDC-noGran,CXCL9,"(-70,-65]","(2.19,2.92]",-67.5,2.55293413504461,4,0.000527671046775603,0.000229287679608682,0.000771599125060585,6
MMRp,Myeloid-noDC-noGran,CXCL9,"(5,10]","(3.65,4.38]",7.5,4.01175364078438,3,0.00114025085518814,0.000570125427594071,0.00166902652649517,6
MMRp,Myeloid-ISG,CXCL9,"(-60,-55]","[0,0.729]",-57.5,0.364704876434944,4,0.000865275852729851,0.00027332361516035,0.00142523118957545,6
MMRp,Myeloid-noDC-noGran,CXCL9,"(-50,-45]","(2.19,2.92]",-47.5,2.55293413504461,4,0.000441472974498766,0.000303643724696356,0.000500075171014057,6
MMRp,Myeloid-noDC-noGran,CXCL9,"(-80,-75]","(2.92,3.65]",-77.5,3.2823438879145,3,0.000566251415628539,0.00028312570781427,0.00101986441115415,6
MMRp,Myeloid-noDC-noGran,CXCL9,"(-25,-20]","(0.729,1.46]",-22.5,1.09411462930483,3,9.33445346774946e-05,4.66722673387473e-05,0.000156089438540148,6
MMRp,Myeloid-noDC-noGran,CXCL9,"(-55,-50]","(1.46,2.19]",-52.5,1.82352438217472,4,0.00022695421722982,0.000147579693034238,0.000506527918883264,6
MMRp,Myeloid-noDC-noGran,CXCL9,"(-35,-30]","(4.38,5.11]",-32.5,4.74116339365427,3,0.0018034265103697,0.00141717717271062,0.00536599896947057,6
MMRp,Myeloid-ISG,CXCL9,"(-40,-35]","(2.92,3.65]",-37.5,3.2823438879145,3,0.00231839258114374,0.00218729772991389,0.00291358225548415,6
MMRp,Myeloid-noDC-noGran,CXCL9,"(-40,-35]","(2.92,3.65]",-37.5,3.2823438879145,3,0.0010752688172043,0.000934381085848729,0.00132071976490599,6
MMRp,Myeloid-noDC-noGran,CXCL9,"(-65,-60]","(1.46,2.19]",-62.5,1.82352438217472,4,0.000470419346823841,0.000337078651685393,0.000531576126620144,6
MMRp,Myeloid-noDC-noGran,CXCL9,"(-70,-65]","(2.92,3.65]",-67.5,3.2823438879145,3,0.00100351229302559,0.000810970741441676,0.00110547505498901,6
MMRp,Myeloid-noDC-noGran,CXCL9,"(-30,-25]","(0.729,1.46]",-27.5,1.09411462930483,3,0.00017825311942959,8.9126559714795e-05,0.000210662777507697,6
MMRp,Myeloid-noDC-noGran,CXCL9,"[-100,-95]","(2.19,2.92]",-97.5,2.55293413504461,3,0.000648929266709929,0.000324464633354964,0.00239485800809617,6
MMRp,Myeloid-noDC-noGran,CXCL9,"(-95,-90]","(2.92,3.65]",-92.5,3.2823438879145,3,0.000927643784786642,0.000463821892393321,0.00167839679117875,6
MMRp,Myeloid-noDC-noGran,CXCL9,"(-75,-70]","(2.92,3.65]",-72.5,3.2823438879145,3,0.000319897632757518,0.000159948816378759,0.00130673780720445,6
MMRp,Myeloid-noDC-noGran,CXCL9,"(-40,-35]","(4.38,5.11]",-37.5,4.74116339365427,3,0.00293685756240822,0.00146842878120411,0.00668621462512426,6
MMRp,Myeloid-noDC-noGran,CXCL9,"(-35,-30]","(1.46,2.19]",-32.5,1.82352438217472,5,0.000351582119537921,0.000247005063603804,0.000552486187845304,6
MMRp,Myeloid-noDC-noGran,CXCL9,"(65,70]","[0,0.729]",67.5,0.364704876434944,4,0,0,0,6
MMRp,Myeloid-ISG,CXCL9,"(5,10]","[0,0.729]",7.5,0.364704876434944,4,0.000442869796279894,0,0.00112898870928973,6
MMRp,Myeloid-ISG,CXCL9,"(-50,-45]","[0,0.729]",-47.5,0.364704876434944,4,0.000149880095923261,0,0.000643230185725896,6
MMRp,Myeloid-noDC-noGran,CXCL9,"(-50,-45]","[0,0.729]",-47.5,0.364704876434944,6,4.02500872085223e-05,0,0.000160093939405194,6
MMRp,Myeloid-noDC-noGran,CXCL9,"(-90,-85]","(1.46,2.19]",-87.5,1.82352438217472,4,0,0,0.000379939209726444,6
MMRp,Myeloid-ISG,CXCL9,"[-100,-95]","[0,0.729]",-97.5,0.364704876434944,3,0.00110987791342952,0.000554938956714761,0.00239825692906499,6
MMRp,Myeloid-noDC-noGran,CXCL9,"(55,60]","[0,0.729]",57.5,0.364704876434944,5,0,0,0,6
MMRp,Myeloid-noDC-noGran,CXCL9,"(10,15]","[0,0.729]",12.5,0.364704876434944,6,0.000399022689105219,8.01796023091725e-05,0.00140799153605787,6
MMRp,Myeloid-noDC-noGran,CXCL9,"(35,40]","[0,0.729]",37.5,0.364704876434944,5,0,0,0,6
MMRp,Myeloid-ISG,CXCL9,"(-90,-85]","[0,0.729]",-87.5,0.364704876434944,3,0,0,0.000551876379690949,6
MMRp,Myeloid-noDC-noGran,CXCL9,"(-40,-35]","(2.19,2.92]",-37.5,2.55293413504461,4,0.000505176423268122,0.00035277516462841,0.000665949804303,6
MMRp,Myeloid-noDC-noGran,CXCL9,"(-30,-25]","(1.46,2.19]",-27.5,1.82352438217472,5,0.000126103404791929,0,0.000335795836131632,6
MMRp,Myeloid-noDC-noGran,CXCL9,"(-65,-60]","(2.92,3.65]",-62.5,3.2823438879145,3,0.00160449257922182,0.00141125968790567,0.00169245400474444,6
MMRp,Myeloid-noDC-noGran,CXCL9,"(-90,-85]","(2.92,3.65]",-87.5,3.2823438879145,3,0.00168137873055906,0.00138893497931462,0.00206617956135796,6
MMRp,Myeloid-noDC-noGran,CXCL9,"(-60,-55]","(1.46,2.19]",-57.5,1.82352438217472,4,0,0,4.14215889321514e-05,6
MMRp,Myeloid-noDC-noGran,CXCL9,"(-65,-60]","(2.19,2.92]",-62.5,2.55293413504461,4,0.000956226482676447,0.00083893144641836,0.000982564025139703,6
MMRp,Myeloid-noDC-noGran,CXCL9,"(-75,-70]","(2.19,2.92]",-72.5,2.55293413504461,4,0.00119844306567789,0.000911663582858848,0.00195615046401384,6
MMRp,Myeloid-noDC-noGran,CXCL9,"(-55,-50]","(3.65,4.38]",-52.5,4.01175364078438,3,0.00238758456028651,0.00161360756141949,0.00320067301408821,6
MMRp,Myeloid-noDC-noGran,CXCL9,"(-60,-55]","(2.19,2.92]",-57.5,2.55293413504461,4,0,0,0.00014848124893942,6
MMRp,Myeloid-noDC-noGran,CXCL9,"(-60,-55]","(2.92,3.65]",-57.5,3.2823438879145,3,0.000712081652029433,0.000627558610429596,0.00162293271790661,6
MMRp,Myeloid-noDC-noGran,CXCL9,"(-45,-40]","(1.46,2.19]",-42.5,1.82352438217472,4,0.000299952675167303,0.00016268274695241,0.000501287361688956,6
MMRp,Myeloid-noDC-noGran,CXCL9,"(-80,-75]","(1.46,2.19]",-77.5,1.82352438217472,3,0,0,0,6
MMRp,Myeloid-noDC-noGran,CXCL9,"(-75,-70]","(1.46,2.19]",-72.5,1.82352438217472,4,0,0,0.000496031746031746,6
MMRp,Myeloid-noDC-noGran,CXCL9,"(-90,-85]","(2.19,2.92]",-87.5,2.55293413504461,3,0.000712758374910905,0.000356379187455453,0.000893820964596262,6
MMRp,Myeloid-noDC-noGran,CXCL9,"(-85,-80]","(2.19,2.92]",-82.5,2.55293413504461,3,0.000805152979066023,0.000402576489533011,0.000812076899033421,6
MMRp,Myeloid-noDC-noGran,CXCL9,"(5,10]","(2.92,3.65]",7.5,3.2823438879145,3,0.00126103404791929,0.00109319438361418,0.00133276421497088,6
MMRp,Myeloid-noDC-noGran,CXCL9,"(-95,-90]","(2.19,2.92]",-92.5,2.55293413504461,3,0.000932835820895522,0.000466417910447761,0.000982413782480785,6
MMRp,Myeloid-noDC-noGran,CXCL9,"(60,65]","[0,0.729]",62.5,0.364704876434944,5,0,0,0,6
MMRp,Myeloid-noDC-noGran,CXCL9,"(75,80]","[0,0.729]",77.5,0.364704876434944,4,0,0,0,6
MMRp,Myeloid-noDC-noGran,CXCL9,"(95,100]","[0,0.729]",97.5,0.364704876434944,3,0,0,0.000892857142857143,6
MMRp,Myeloid-noDC-noGran,CXCL9,"(25,30]","[0,0.729]",27.5,0.364704876434944,5,0,0,0,6
MMRp,Myeloid-noDC-noGran,CXCL9,"(50,55]","[0,0.729]",52.5,0.364704876434944,5,0,0,0,6
MMRp,Myeloid-noDC-noGran,CXCL9,"(30,35]","[0,0.729]",32.5,0.364704876434944,5,0,0,0,6
MMRp,Myeloid-noDC-noGran,CXCL9,"(80,85]","[0,0.729]",82.5,0.364704876434944,4,0,0,0,6
MMRp,Myeloid-noDC-noGran,CXCL9,"(40,45]","[0,0.729]",42.5,0.364704876434944,5,0,0,0.000838222967309304,6
MMRp,Myeloid-noDC-noGran,CXCL9,"(45,50]","[0,0.729]",47.5,0.364704876434944,5,0,0,0,6
MMRp,Myeloid-noDC-noGran,CXCL9,"(0,5]","(0.729,1.46]",2.5,1.09411462930483,4,0,0,0.000101791530944625,6
MMRp,Myeloid-noDC-noGran,CXCL9,"(-40,-35]","(0.729,1.46]",-37.5,1.09411462930483,3,0,0,8.07623970279438e-05,6
MMRp,Myeloid-noDC-noGran,CXCL9,"(-50,-45]","(0.729,1.46]",-47.5,1.09411462930483,3,0,0,0,6
MMRp,Myeloid-noDC-noGran,CXCL9,"(5,10]","(1.46,2.19]",7.5,1.82352438217472,3,0,0,0,6
MMRp,Myeloid-noDC-noGran,CXCL9,"(-65,-60]","(0.729,1.46]",-62.5,1.09411462930483,3,0,0,0,6
MMRp,Myeloid-noDC-noGran,CXCL9,"(-35,-30]","(0.729,1.46]",-32.5,1.09411462930483,3,0.000213766566908935,0.000106883283454468,0.000385979013289801,6
MMRp,Myeloid-noDC-noGran,CXCL9,"(-45,-40]","(0.729,1.46]",-42.5,1.09411462930483,3,0,0,0,6
MMRp,Myeloid-noDC-noGran,CXCL9,"(-55,-50]","(0.729,1.46]",-52.5,1.09411462930483,3,0,0,0,6
MMRp,Myeloid-noDC-noGran,CXCL9,"(15,20]","[0,0.729]",17.5,0.364704876434944,5,0,0,0,6
MMRp,Myeloid-noDC-noGran,CXCL9,"(-80,-75]","(0.729,1.46]",-77.5,1.09411462930483,3,0,0,0,6
MMRp,Myeloid-noDC-noGran,CXCL9,"(5,10]","(0.729,1.46]",7.5,1.09411462930483,3,0,0,0,6
MMRp,Myeloid-noDC-noGran,CXCL9,"(90,95]","[0,0.729]",92.5,0.364704876434944,3,0,0,0,6
MMRp,Myeloid-noDC-noGran,CXCL9,"(10,15]","(1.46,2.19]",12.5,1.82352438217472,3,0,0,0,6
MMRp,Tcd4-CXCL13,CXCL9,"(-5,0]","[0,0.729]",-2.5,0.364704876434944,4,0,0,0,6
MMRp,Tcd4-CXCL13,CXCL9,"(-10,-5]","[0,0.729]",-7.5,0.364704876434944,4,0,0,0,6
MMRp,Tcd4-CXCL13,CXCL9,"(-15,-10]","[0,0.729]",-12.5,0.364704876434944,3,0,0,0,6
MMRp,Tcd4-Treg-comb,CXCL9,"(-15,-10]","[0,0.729]",-12.5,0.364704876434944,5,0,0,7.2134458630888e-05,6
MMRp,Tcd4-Treg-comb,CXCL9,"(-5,0]","[0,0.729]",-2.5,0.364704876434944,5,0,0,9.25840199981483e-05,6
MMRp,Tcd4-Treg-comb,CXCL9,"(-10,-5]","[0,0.729]",-7.5,0.364704876434944,5,0,0,6.27982918864607e-05,6
MMRp,Tcd4-Treg-comb,CXCL9,"(-15,-10]","(1.46,2.19]",-12.5,1.82352438217472,4,0,0,5.03473970395731e-05,6
MMRp,Tcd4-Treg-comb,CXCL9,"(0,5]","[0,0.729]",2.5,0.364704876434944,5,0,0,0,6
MMRp,Tcd4-Treg-comb,CXCL9,"(-10,-5]","(1.46,2.19]",-7.5,1.82352438217472,5,0,0,0,6
MMRp,Tcd4-Treg-comb,CXCL9,"(-5,0]","(1.46,2.19]",-2.5,1.82352438217472,5,0,0,0,6
MMRp,Tcd4-Treg-comb,CXCL9,"(-25,-20]","[0,0.729]",-22.5,0.364704876434944,5,0,0,0,6
MMRp,Tcd4-Treg-comb,CXCL9,"(-5,0]","(0.729,1.46]",-2.5,1.09411462930483,4,0,0,0,6
MMRp,Tcd4-Treg-comb,CXCL9,"(-30,-25]","(1.46,2.19]",-27.5,1.82352438217472,3,0,0,7.76276975624903e-05,6
MMRp,Tcd4-Treg-comb,CXCL9,"(-20,-15]","[0,0.729]",-17.5,0.364704876434944,4,0.000153233220962305,0,0.000354538110745203,6
MMRp,Tcd4-Treg-comb,CXCL9,"(-50,-45]","[0,0.729]",-47.5,0.364704876434944,3,0,0,7.06813683912921e-05,6
MMRp,Tcd4-Treg-comb,CXCL9,"(-55,-50]","[0,0.729]",-52.5,0.364704876434944,3,0,0,0,6
MMRp,Tcd4-Treg-comb,CXCL9,"(-25,-20]","(1.46,2.19]",-22.5,1.82352438217472,3,0,0,0.000162127107652399,6
MMRp,Tcd4-Treg-comb,CXCL9,"(-35,-30]","[0,0.729]",-32.5,0.364704876434944,3,9.90883868410622e-05,4.95441934205311e-05,0.000294162588723858,6
MMRp,Tcd4-Treg-comb,CXCL9,"(-40,-35]","[0,0.729]",-37.5,0.364704876434944,4,0,0,2.82581666101503e-05,6
MMRp,Tcd4-Treg-comb,CXCL9,"(-30,-25]","[0,0.729]",-27.5,0.364704876434944,4,0,0,4.26330150068213e-05,6
MMRp,Tcd4-Treg-comb,CXCL9,"(-65,-60]","[0,0.729]",-62.5,0.364704876434944,3,0,0,0,6
MMRp,Tcd4-Treg-comb,CXCL9,"(-90,-85]","[0,0.729]",-87.5,0.364704876434944,3,0,0,0,6
MMRp,Tcd4-Treg-comb,CXCL9,"(-80,-75]","[0,0.729]",-77.5,0.364704876434944,3,0,0,0.000245338567222767,6
MMRp,Tcd4-Treg-comb,CXCL9,"(-45,-40]","[0,0.729]",-42.5,0.364704876434944,3,0,0,6.26959247648903e-05,6
MMRp,Tcd4-Treg-comb,CXCL9,"(-60,-55]","[0,0.729]",-57.5,0.364704876434944,3,0,0,0,6
MMRp,CD8-all,CXCL9,"(-5,0]","(2.92,3.65]",-2.5,3.2823438879145,3,0.00122699386503067,0.000613496932515337,0.00153317810970724,6
MMRp,Tcd8-CXCL13-comb,CXCL9,"(-5,0]","[0,0.729]",-2.5,0.364704876434944,5,0,0,0,6
MMRp,CD8-all,CXCL9,"(-5,0]","[0,0.729]",-2.5,0.364704876434944,5,0,0,0,6
MMRp,CD8-all,CXCL9,"(-20,-15]","[0,0.729]",-17.5,0.364704876434944,3,0.00029753049687593,0.000148765248437965,0.00116502541103959,6
MMRp,CD8-all,CXCL9,"(5,10]","[0,0.729]",7.5,0.364704876434944,3,0,0,0,6
MMRp,CD8-all,CXCL9,"(-15,-10]","[0,0.729]",-12.5,0.364704876434944,4,0,0,0,6
MMRp,Tcd8-CXCL13-comb,CXCL9,"(-10,-5]","[0,0.729]",-7.5,0.364704876434944,3,0,0,0,6
MMRp,CD8-all,CXCL9,"(-10,-5]","[0,0.729]",-7.5,0.364704876434944,5,0,0,0,6
MMRp,CD8-all,CXCL9,"(-25,-20]","[0,0.729]",-22.5,0.364704876434944,4,0,0,0,6
MMRp,CD8-all,CXCL9,"(0,5]","[0,0.729]",2.5,0.364704876434944,4,0,0,0.000403877221324717,6
MMRp,Tcd8-HOBIT,CXCL9,"(-10,-5]","[0,0.729]",-7.5,0.364704876434944,3,0,0,0,6
MMRp,Tcd8-HOBIT,CXCL9,"(-5,0]","[0,0.729]",-2.5,0.364704876434944,3,0,0,0,6
MMRp,Tplzf-gdlike-comb,CXCL9,"(-5,0]","[0,0.729]",-2.5,0.364704876434944,3,0,0,0,6
MMRp,Myeloid-mregDC,CXCL10,"(-5,0]","(2.19,2.92]",-2.5,2.55293413504461,5,0,0,0.000314861460957179,6
MMRp,Myeloid-mregDC,CXCL10,"(-20,-15]","(2.92,3.65]",-17.5,3.2823438879145,3,0,0,0.000377928949357521,6
MMRp,Myeloid-mregDC,CXCL10,"(-15,-10]","(2.92,3.65]",-12.5,3.2823438879145,3,0.00121703853955375,0.000608519269776876,0.00145813694182446,6
MMRp,Myeloid-mregDC,CXCL10,"(-10,-5]","(2.92,3.65]",-7.5,3.2823438879145,3,0,0,0.000580720092915215,6
MMRp,Myeloid-mregDC,CXCL10,"(-10,-5]","(2.19,2.92]",-7.5,2.55293413504461,4,0,0,7.07213578500707e-05,6
MMRp,Myeloid-mregDC,CXCL10,"(-5,0]","(3.65,4.38]",-2.5,4.01175364078438,3,0.00116822429906542,0.00116618432648265,0.00184355799336143,6
MMRp,Myeloid-mregDC,CXCL10,"(-30,-25]","(2.19,2.92]",-27.5,2.55293413504461,3,0,0,0,6
MMRp,Myeloid-mregDC,CXCL10,"(-15,-10]","[0,0.729]",-12.5,0.364704876434944,5,0,0,0,6
MMRp,Myeloid-mregDC,CXCL10,"(-5,0]","[0,0.729]",-2.5,0.364704876434944,5,0,0,0.000240673886883273,6
MMRp,Myeloid-mregDC,CXCL10,"(-10,-5]","[0,0.729]",-7.5,0.364704876434944,5,0.00040016006402561,0,0.000644745325596389,6
MMRp,Myeloid-mregDC,CXCL10,"(-5,0]","(1.46,2.19]",-2.5,1.82352438217472,4,0,0,0.000163683980794413,6
MMRp,Myeloid-mregDC,CXCL10,"(-10,-5]","(1.46,2.19]",-7.5,1.82352438217472,3,0,0,0.000172980453208787,6
MMRp,Myeloid-mregDC,CXCL10,"(-5,0]","(0.729,1.46]",-2.5,1.09411462930483,3,0,0,0.000397772474144789,6
MMRp,Myeloid-mregDC,CXCL10,"(-15,-10]","(1.46,2.19]",-12.5,1.82352438217472,3,0,0,0.000232883092687471,6
MMRp,Myeloid-mregDC,CXCL10,"(-15,-10]","(2.19,2.92]",-12.5,2.55293413504461,3,0,0,0.000126262626262626,6
MMRp,Myeloid-mregDC,CXCL10,"(-40,-35]","[0,0.729]",-37.5,0.364704876434944,4,0,0,7.7663870767319e-05,6
MMRp,Myeloid-mregDC,CXCL10,"(0,5]","[0,0.729]",2.5,0.364704876434944,3,0,0,0,6
MMRp,Myeloid-mregDC,CXCL10,"(-25,-20]","[0,0.729]",-22.5,0.364704876434944,4,0.000149925037481259,0,0.00069569734906558,6
MMRp,Myeloid-mregDC,CXCL10,"(-35,-30]","[0,0.729]",-32.5,0.364704876434944,3,0,0,0,6
MMRp,Myeloid-mregDC,CXCL10,"(-20,-15]","[0,0.729]",-17.5,0.364704876434944,3,0,0,0,6
MMRp,Myeloid-mregDC,CXCL10,"(-30,-25]","[0,0.729]",-27.5,0.364704876434944,3,0,0,0,6
MMRp,Myeloid-ISG,CXCL10,"(-5,0]","(3.65,4.38]",-2.5,4.01175364078438,3,0.00475778546712803,0.00415194237895409,0.00521443148592696,6
MMRp,Myeloid-noDC-noGran,CXCL10,"(-5,0]","(3.65,4.38]",-2.5,4.01175364078438,4,0.00158284259837309,0.000991229124113901,0.00231510980548581,6
MMRp,Myeloid-noDC-noGran,CXCL10,"(-20,-15]","(1.46,2.19]",-17.5,1.82352438217472,6,6.29009938357026e-05,0,0.000200300962945138,6
MMRp,Myeloid-ISG,CXCL10,"(-10,-5]","(3.65,4.38]",-7.5,4.01175364078438,3,0.00362428269405014,0.002597070703383,0.00407934782475786,6
MMRp,Myeloid-noDC-noGran,CXCL10,"(-10,-5]","(3.65,4.38]",-7.5,4.01175364078438,4,0.00218829396559498,0.00174057825892319,0.00283596974423971,6
MMRp,Myeloid-ISG,CXCL10,"(-10,-5]","[0,0.729]",-7.5,0.364704876434944,6,0.000626881446561323,0.000405771603495486,0.000802139467029136,6
MMRp,Myeloid-noDC-noGran,CXCL10,"(-10,-5]","[0,0.729]",-7.5,0.364704876434944,6,0.000167633383200793,0.00011401382598657,0.000185639849133214,6
MMRp,Myeloid-ISG,CXCL10,"(-15,-10]","(4.38,5.11]",-12.5,4.74116339365427,3,0.00483759502418798,0.00398767106088596,0.00539498798828446,6
MMRp,Myeloid-noDC-noGran,CXCL10,"(-15,-10]","(4.38,5.11]",-12.5,4.74116339365427,4,0.00313196633333495,0.0022459961057414,0.00405954879178207,6
MMRp,Myeloid-ISG,CXCL10,"(-10,-5]","(2.19,2.92]",-7.5,2.55293413504461,6,0.00128823476504718,0.000765948155966947,0.00428676679791916,6
MMRp,Myeloid-noDC-noGran,CXCL10,"(-10,-5]","(2.19,2.92]",-7.5,2.55293413504461,6,0.000442672377857638,0.000236742003397007,0.000646509324092609,6
MMRp,Myeloid-ISG,CXCL10,"(-10,-5]","(4.38,5.11]",-7.5,4.74116339365427,3,0.00771264874394006,0.0060965932042299,0.00804351649019663,6
MMRp,Myeloid-noDC-noGran,CXCL10,"(-10,-5]","(4.38,5.11]",-7.5,4.74116339365427,4,0.00427812798893513,0.00295588817317522,0.00705044646792862,6
MMRp,Myeloid-ISG,CXCL10,"(-20,-15]","(2.92,3.65]",-17.5,3.2823438879145,3,0.000963391136801541,0.000890526312472725,0.00144341897674853,6
MMRp,Myeloid-noDC-noGran,CXCL10,"(-20,-15]","(2.92,3.65]",-17.5,3.2823438879145,5,0.000750187546886722,0.000684540787221905,0.00153846153846154,6
MMRp,Myeloid-ISG,CXCL10,"(-5,0]","(2.19,2.92]",-2.5,2.55293413504461,5,0.00156758712166888,0.000735294117647059,0.00200501253132832,6
MMRp,Myeloid-noDC-noGran,CXCL10,"(-5,0]","(2.19,2.92]",-2.5,2.55293413504461,6,0.000390211356438699,0.000172615672637114,0.000643692502208061,6
MMRp,Myeloid-noDC-noGran,CXCL10,"(0,5]","(3.65,4.38]",2.5,4.01175364078438,3,0.00183823529411765,0.00154075046927184,0.00195970037338557,6
MMRp,Myeloid-ISG,CXCL10,"(-25,-20]","[0,0.729]",-22.5,0.364704876434944,6,0.000430035390430544,3.12617231461798e-05,0.00255118021449333,6
MMRp,Myeloid-noDC-noGran,CXCL10,"(-25,-20]","[0,0.729]",-22.5,0.364704876434944,6,0.00011630829509426,9.39039631074232e-05,0.000375926726325246,6
MMRp,Myeloid-noDC-noGran,CXCL10,"(-85,-80]","(2.92,3.65]",-82.5,3.2823438879145,3,0.000798722044728434,0.000776577167215217,0.00109525524644216,6
MMRp,Myeloid-ISG,CXCL10,"(-25,-20]","(3.65,4.38]",-22.5,4.01175364078438,3,0.00210600210600211,0.00158491594661807,0.00363298041316617,6
MMRp,Myeloid-noDC-noGran,CXCL10,"(-25,-20]","(3.65,4.38]",-22.5,4.01175364078438,4,0.00173015934782186,0.00131740751995418,0.00204315725437191,6
MMRp,Myeloid-ISG,CXCL10,"(-5,0]","(5.11,5.84]",-2.5,5.47057314652416,3,0.0143939393939394,0.0138763590099468,0.0164107289107289,6
MMRp,Myeloid-noDC-noGran,CXCL10,"(-5,0]","(5.11,5.84]",-2.5,5.47057314652416,3,0.01078360891445,0.010391804457225,0.0117736024594448,6
MMRp,Myeloid-ISG,CXCL10,"(-5,0]","(4.38,5.11]",-2.5,4.74116339365427,3,0.00979363413781042,0.00784346719297469,0.0107766994712572,6
MMRp,Myeloid-noDC-noGran,CXCL10,"(-5,0]","(4.38,5.11]",-2.5,4.74116339365427,3,0.00409221115809576,0.00377620938527625,0.00479481989009594,6
MMRp,Myeloid-ISG,CXCL10,"(-35,-30]","(3.65,4.38]",-32.5,4.01175364078438,3,0.00778816199376947,0.00582526077216563,0.0104730283653058,6
MMRp,Myeloid-noDC-noGran,CXCL10,"(-35,-30]","(3.65,4.38]",-32.5,4.01175364078438,3,0.00260883743681722,0.00219041989974352,0.00393507462861555,6
MMRp,Myeloid-ISG,CXCL10,"(-10,-5]","(5.11,5.84]",-7.5,5.47057314652416,3,0.0117785630153121,0.00788794906261942,0.0135762137228902,6
MMRp,Myeloid-noDC-noGran,CXCL10,"(-10,-5]","(5.11,5.84]",-7.5,5.47057314652416,3,0.0064065230052417,0.00488111385161414,0.010228307318137,6
MMRp,Myeloid-ISG,CXCL10,"(-20,-15]","(4.38,5.11]",-17.5,4.74116339365427,3,0.00903741067675494,0.00804231351314844,0.0091602731568406,6
MMRp,Myeloid-noDC-noGran,CXCL10,"(-20,-15]","(4.38,5.11]",-17.5,4.74116339365427,3,0.00465800441284629,0.0036770744630961,0.00537230003461515,6
MMRp,Myeloid-ISG,CXCL10,"(-10,-5]","(2.92,3.65]",-7.5,3.2823438879145,3,0.00131080687445383,0.00104889766597823,0.00173531704413836,6
MMRp,Myeloid-noDC-noGran,CXCL10,"(-10,-5]","(2.92,3.65]",-7.5,3.2823438879145,6,0.00170231531995227,0.000705326234321337,0.00323073308270677,6
MMRp,Myeloid-noDC-noGran,CXCL10,"(5,10]","(2.19,2.92]",7.5,2.55293413504461,4,0.000169548999660902,0,0.000423585517094603,6
MMRp,Myeloid-ISG,CXCL10,"(-5,0]","(2.92,3.65]",-2.5,3.2823438879145,3,0.00437485609026019,0.00288341913644413,0.0045552765028288,6
MMRp,Myeloid-noDC-noGran,CXCL10,"(-5,0]","(2.92,3.65]",-2.5,3.2823438879145,6,0.00113212590919452,0.000818297525712052,0.00176734646283369,6
MMRp,Myeloid-ISG,CXCL10,"(-15,-10]","(2.92,3.65]",-12.5,3.2823438879145,4,0.00295618829677848,0.00175816607634789,0.0053163473858281,6
MMRp,Myeloid-noDC-noGran,CXCL10,"(-15,-10]","(2.92,3.65]",-12.5,3.2823438879145,6,0.00144342285943011,0.000520357454793049,0.00164862814883965,6
MMRp,Myeloid-noDC-noGran,CXCL10,"(-55,-50]","(2.92,3.65]",-52.5,3.2823438879145,3,0.000909090909090909,0.000746772222517401,0.000926800472255018,6
MMRp,Myeloid-ISG,CXCL10,"(-15,-10]","(3.65,4.38]",-12.5,4.01175364078438,3,0.00287494010541447,0.00248294835903238,0.00420216388846394,6
MMRp,Myeloid-noDC-noGran,CXCL10,"(-15,-10]","(3.65,4.38]",-12.5,4.01175364078438,4,0.00256652412232149,0.0016341193776541,0.00441057007782226,6
MMRp,Myeloid-noDC-noGran,CXCL10,"(-80,-75]","(2.19,2.92]",-77.5,2.55293413504461,4,0,0,0,6
MMRp,Myeloid-ISG,CXCL10,"(0,5]","(2.92,3.65]",2.5,3.2823438879145,3,0.0028735632183908,0.0014367816091954,0.00364591268430586,6
MMRp,Myeloid-noDC-noGran,CXCL10,"(0,5]","(2.92,3.65]",2.5,3.2823438879145,3,0.00107681263460158,0.00053840631730079,0.0015130651866965,6
MMRp,Myeloid-ISG,CXCL10,"(0,5]","[0,0.729]",2.5,0.364704876434944,6,0.0005919976521773,0.000134916351861846,0.00103725069852587,6
MMRp,Myeloid-noDC-noGran,CXCL10,"(0,5]","[0,0.729]",2.5,0.364704876434944,6,0.000136324088351854,2.97241597970831e-05,0.000163521273304794,6
MMRp,Myeloid-noDC-noGran,CXCL10,"(-60,-55]","(3.65,4.38]",-57.5,4.01175364078438,3,0.000657894736842105,0.000632898736202208,0.00123638838475499,6
MMRp,Myeloid-noDC-noGran,CXCL10,"(-70,-65]","[0,0.729]",-67.5,0.364704876434944,5,0,0,0,6
MMRp,Myeloid-noDC-noGran,CXCL10,"(-50,-45]","(3.65,4.38]",-47.5,4.01175364078438,3,0.00122174709835064,0.00117330324546328,0.0013134496615875,6
MMRp,Myeloid-noDC-noGran,CXCL10,"(5,10]","[0,0.729]",7.5,0.364704876434944,6,5.04133897963299e-05,0,0.000170092235321231,6
MMRp,Myeloid-noDC-noGran,CXCL10,"(-35,-30]","(2.19,2.92]",-32.5,2.55293413504461,4,0.00063308458134175,0.000511333331380798,0.00106841915051452,6
MMRp,Myeloid-ISG,CXCL10,"(-30,-25]","(4.38,5.11]",-27.5,4.74116339365427,3,0.0047074646940148,0.00463683736983845,0.00751428280572299,6
MMRp,Myeloid-noDC-noGran,CXCL10,"(-30,-25]","(4.38,5.11]",-27.5,4.74116339365427,3,0.00487329434697856,0.00383329521818202,0.00568340042024253,6
MMRp,Myeloid-ISG,CXCL10,"(-25,-20]","(2.92,3.65]",-22.5,3.2823438879145,3,0.00219298245614035,0.00128769581698031,0.00262191495688374,6
MMRp,Myeloid-noDC-noGran,CXCL10,"(-25,-20]","(2.92,3.65]",-22.5,3.2823438879145,4,0.000765250199960681,0.000467706013363029,0.000907545366614373,6
MMRp,Myeloid-noDC-noGran,CXCL10,"(-65,-60]","(3.65,4.38]",-62.5,4.01175364078438,3,0,0,0.000497017892644135,6
MMRp,Myeloid-ISG,CXCL10,"(-95,-90]","[0,0.729]",-92.5,0.364704876434944,3,0,0,0,6
MMRp,Myeloid-noDC-noGran,CXCL10,"(-95,-90]","[0,0.729]",-92.5,0.364704876434944,4,0.000363494899781342,0.000221196518982109,0.000647541097701869,6
MMRp,Myeloid-ISG,CXCL10,"(-35,-30]","(2.92,3.65]",-32.5,3.2823438879145,3,0.00176211453744493,0.00170252495766004,0.0018569843994967,6
MMRp,Myeloid-noDC-noGran,CXCL10,"(-35,-30]","(2.92,3.65]",-32.5,3.2823438879145,4,0.000675049285535692,0.000332815620146439,0.000945099875119662,6
MMRp,Myeloid-ISG,CXCL10,"(-45,-40]","[0,0.729]",-42.5,0.364704876434944,4,0,0,0.000204540805890775,6
MMRp,Myeloid-noDC-noGran,CXCL10,"(-45,-40]","[0,0.729]",-42.5,0.364704876434944,6,0,0,5.10794796703671e-05,6
MMRp,Myeloid-ISG,CXCL10,"(-25,-20]","(2.19,2.92]",-22.5,2.55293413504461,3,0.00270426888159166,0.00258518006348387,0.00302717631684273,6
MMRp,Myeloid-noDC-noGran,CXCL10,"(-25,-20]","(2.19,2.92]",-22.5,2.55293413504461,6,0.000370426902625057,6.00961538461539e-05,0.000591100522070289,6
MMRp,Myeloid-noDC-noGran,CXCL10,"(-30,-25]","(2.19,2.92]",-27.5,2.55293413504461,6,4.293688278231e-05,0,0.000175398796457174,6
MMRp,Myeloid-ISG,CXCL10,"(-55,-50]","[0,0.729]",-52.5,0.364704876434944,4,0.00037285919946999,0.000211744776962168,0.000598045024246826,6
MMRp,Myeloid-noDC-noGran,CXCL10,"(-55,-50]","[0,0.729]",-52.5,0.364704876434944,6,8.63383889256626e-05,0,0.000185714096106849,6
MMRp,Myeloid-noDC-noGran,CXCL10,"(-40,-35]","(3.65,4.38]",-37.5,4.01175364078438,3,0.00225479143179256,0.00192964200550719,0.00275833700200998,6
MMRp,Myeloid-ISG,CXCL10,"(-20,-15]","(3.65,4.38]",-17.5,4.01175364078438,3,0.00335570469798658,0.00282320845061761,0.00388373470193447,6
MMRp,Myeloid-noDC-noGran,CXCL10,"(-20,-15]","(3.65,4.38]",-17.5,4.01175364078438,4,0.00186211129937575,0.00155159011892462,0.00209633485720097,6
MMRp,Myeloid-ISG,CXCL10,"(-30,-25]","(2.92,3.65]",-27.5,3.2823438879145,3,0.0021978021978022,0.00216310826456268,0.0033064066176649,6
MMRp,Myeloid-noDC-noGran,CXCL10,"(-30,-25]","(2.92,3.65]",-27.5,3.2823438879145,4,0.00128307028892718,0.00125114867422759,0.00145596129091891,6
MMRp,Myeloid-noDC-noGran,CXCL10,"(-50,-45]","(2.92,3.65]",-47.5,3.2823438879145,4,0.000638263543525303,0.00035377358490566,0.00086807871204661,6
MMRp,Myeloid-noDC-noGran,CXCL10,"(-50,-45]","(1.46,2.19]",-47.5,1.82352438217472,4,0.000204428791100986,0.000128241664291821,0.000315563190245539,6
MMRp,Myeloid-ISG,CXCL10,"(-40,-35]","[0,0.729]",-37.5,0.364704876434944,4,0.000932348404432312,0.000239923224568138,0.00171913749867226,6
MMRp,Myeloid-noDC-noGran,CXCL10,"(-40,-35]","[0,0.729]",-37.5,0.364704876434944,6,0.000145562798030498,3.3218176986447e-05,0.000181024612499963,6
MMRp,Myeloid-noDC-noGran,CXCL10,"(-80,-75]","(3.65,4.38]",-77.5,4.01175364078438,3,0.00289855072463768,0.00144927536231884,0.00395554102647924,6
MMRp,Myeloid-ISG,CXCL10,"(-75,-70]","[0,0.729]",-72.5,0.364704876434944,4,0.000423820908498153,0.000317124735729387,0.000690630436541651,6
MMRp,Myeloid-noDC-noGran,CXCL10,"(-75,-70]","[0,0.729]",-72.5,0.364704876434944,5,0.000256574727389352,0.000147732309055991,0.000295980583673711,6
MMRp,Myeloid-ISG,CXCL10,"(-30,-25]","[0,0.729]",-27.5,0.364704876434944,5,0.00070118032020568,0.000563570784490532,0.000730460189919649,6
MMRp,Myeloid-noDC-noGran,CXCL10,"(-30,-25]","[0,0.729]",-27.5,0.364704876434944,6,0.000131904687371496,2.63185598484051e-05,0.000216402452572858,6
MMRp,Myeloid-noDC-noGran,CXCL10,"(-85,-80]","(1.46,2.19]",-82.5,1.82352438217472,4,0.000102690490860546,0,0.000553396758655037,6
MMRp,Myeloid-noDC-noGran,CXCL10,"(-15,-10]","(1.46,2.19]",-12.5,1.82352438217472,6,0.000231102661675873,0.000106814510639195,0.000331639476030047,6
MMRp,Myeloid-ISG,CXCL10,"(-85,-80]","[0,0.729]",-82.5,0.364704876434944,4,0,0,0.000172057811424639,6
MMRp,Myeloid-noDC-noGran,CXCL10,"(-85,-80]","[0,0.729]",-82.5,0.364704876434944,4,0.00014931652014394,0.000115512675719449,0.000234799209448878,6
MMRp,Myeloid-ISG,CXCL10,"(-10,-5]","(1.46,2.19]",-7.5,1.82352438217472,5,0.000135427952329361,0,0.000258131130614352,6
MMRp,Myeloid-noDC-noGran,CXCL10,"(-10,-5]","(1.46,2.19]",-7.5,1.82352438217472,6,0.000123146497336852,8.74097433748567e-05,0.000229901881619624,6
MMRp,Myeloid-ISG,CXCL10,"(-20,-15]","[0,0.729]",-17.5,0.364704876434944,6,0.000718270959610002,0.00016241402218094,0.00182190825047968,6
MMRp,Myeloid-noDC-noGran,CXCL10,"(-20,-15]","[0,0.729]",-17.5,0.364704876434944,6,0.000149366041712175,9.54816917927625e-05,0.000311308145000255,6
MMRp,Myeloid-ISG,CXCL10,"(-15,-10]","[0,0.729]",-12.5,0.364704876434944,6,0.000371381472629538,0.000264669696319823,0.00155149273420881,6
MMRp,Myeloid-noDC-noGran,CXCL10,"(-15,-10]","[0,0.729]",-12.5,0.364704876434944,6,0.000126527801229241,7.71005177136138e-05,0.00013929543714975,6
MMRp,Myeloid-ISG,CXCL10,"(-5,0]","[0,0.729]",-2.5,0.364704876434944,6,0.000558485186941817,0.000435502082582564,0.00061084267794615,6
MMRp,Myeloid-noDC-noGran,CXCL10,"(-5,0]","[0,0.729]",-2.5,0.364704876434944,6,0.000171280861937183,8.20479022919139e-05,0.000233465438425617,6
MMRp,Myeloid-ISG,CXCL10,"(-5,0]","(1.46,2.19]",-2.5,1.82352438217472,5,0.00114301082498487,0,0.00168385603030941,6
MMRp,Myeloid-noDC-noGran,CXCL10,"(-5,0]","(1.46,2.19]",-2.5,1.82352438217472,6,0.000260805798431241,0.000105696031988993,0.000349060337333211,6
MMRp,Myeloid-noDC-noGran,CXCL10,"(-60,-55]","[0,0.729]",-57.5,0.364704876434944,5,0.000171927652843683,4.89021468042447e-05,0.000196001568012544,6
MMRp,Myeloid-noDC-noGran,CXCL10,"(0,5]","(1.46,2.19]",2.5,1.82352438217472,5,0,0,0.000275747966358748,6
MMRp,Myeloid-ISG,CXCL10,"(-5,0]","(0.729,1.46]",-2.5,1.09411462930483,4,0.000231986634967873,0.000127877237851662,0.000319348447033652,6
MMRp,Myeloid-noDC-noGran,CXCL10,"(-5,0]","(0.729,1.46]",-2.5,1.09411462930483,5,0.00011705261515051,0.000114932620751085,0.000174713179197484,6
MMRp,Myeloid-ISG,CXCL10,"(-15,-10]","(2.19,2.92]",-12.5,2.55293413504461,4,0.00287532522134162,0.00220705220705221,0.00584832280786187,6
MMRp,Myeloid-noDC-noGran,CXCL10,"(-15,-10]","(2.19,2.92]",-12.5,2.55293413504461,6,0.000346943767654152,6.6120074054483e-05,0.000692539537995807,6
MMRp,Myeloid-ISG,CXCL10,"(-15,-10]","(0.729,1.46]",-12.5,1.09411462930483,3,0.0010593220338983,0.000695663672991649,0.00139024621488375,6
MMRp,Myeloid-noDC-noGran,CXCL10,"(-15,-10]","(0.729,1.46]",-12.5,1.09411462930483,5,0.000201700043221438,9.23702198411232e-05,0.000291446058192063,6
MMRp,Myeloid-noDC-noGran,CXCL10,"(20,25]","[0,0.729]",22.5,0.364704876434944,5,0,0,0.000416146483562214,6
MMRp,Myeloid-ISG,CXCL10,"(-10,-5]","(0.729,1.46]",-7.5,1.09411462930483,3,0,0,0.000364830353885443,6
MMRp,Myeloid-noDC-noGran,CXCL10,"(-10,-5]","(0.729,1.46]",-7.5,1.09411462930483,5,9.95619275189168e-05,0,0.000160631511313048,6
MMRp,Myeloid-ISG,CXCL10,"(-20,-15]","(0.729,1.46]",-17.5,1.09411462930483,3,0.000482160077145612,0.000423096784113396,0.000696453444765885,6
MMRp,Myeloid-noDC-noGran,CXCL10,"(-20,-15]","(0.729,1.46]",-17.5,1.09411462930483,3,0.000164392569455861,0.000108804767512242,0.000171330788694416,6
MMRp,Myeloid-ISG,CXCL10,"(-20,-15]","(2.19,2.92]",-17.5,2.55293413504461,3,0.0012911555842479,0.00127748932450942,0.00153525750742644,6
MMRp,Myeloid-noDC-noGran,CXCL10,"(-20,-15]","(2.19,2.92]",-17.5,2.55293413504461,6,0.000194581341925258,4.74203338391502e-05,0.000343154138081539,6
MMRp,Myeloid-ISG,CXCL10,"(-15,-10]","(1.46,2.19]",-12.5,1.82352438217472,3,0.000273037542662116,0.000136518771331058,0.000845939883703362,6
MMRp,Myeloid-noDC-noGran,CXCL10,"(-45,-40]","(3.65,4.38]",-42.5,4.01175364078438,3,0.00348837209302326,0.00223230840251553,0.00377670637171488,6
MMRp,Myeloid-ISG,CXCL10,"(-25,-20]","(1.46,2.19]",-22.5,1.82352438217472,3,0.000605877006967586,0.000516476833614051,0.000869831927520074,6
MMRp,Myeloid-noDC-noGran,CXCL10,"(-25,-20]","(1.46,2.19]",-22.5,1.82352438217472,6,0.000219352549771679,2.9582297952905e-05,0.000496899578800224,6
MMRp,Myeloid-noDC-noGran,CXCL10,"(-40,-35]","(1.46,2.19]",-37.5,1.82352438217472,4,0.000117813383600377,0,0.000238522862706273,6
MMRp,Myeloid-noDC-noGran,CXCL10,"[-100,-95]","[0,0.729]",-97.5,0.364704876434944,4,0.000322510901821833,0.000275910442395418,0.000429685168833472,6
MMRp,Myeloid-ISG,CXCL10,"(-65,-60]","[0,0.729]",-62.5,0.364704876434944,4,0.000328246486735999,0.000209030100334448,0.00109590734374572,6
MMRp,Myeloid-noDC-noGran,CXCL10,"(-65,-60]","[0,0.729]",-62.5,0.364704876434944,5,0.000157560956395005,0,0.000403469840629413,6
MMRp,Myeloid-noDC-noGran,CXCL10,"(-70,-65]","(1.46,2.19]",-67.5,1.82352438217472,4,0.000161394448030988,0,0.000334718570897908,6
MMRp,Myeloid-ISG,CXCL10,"(-70,-65]","[0,0.729]",-67.5,0.364704876434944,3,0,0,0,6
MMRp,Myeloid-ISG,CXCL10,"(-80,-75]","[0,0.729]",-77.5,0.364704876434944,4,0.000597416651158303,0.000364963503649635,0.00155365636061338,6
MMRp,Myeloid-noDC-noGran,CXCL10,"(-80,-75]","[0,0.729]",-77.5,0.364704876434944,5,0.000186567164179104,0,0.000199893390191898,6
MMRp,Myeloid-noDC-noGran,CXCL10,"(-70,-65]","(3.65,4.38]",-67.5,4.01175364078438,3,0.00271493212669683,0.00217579666891306,0.00448246606334842,6
MMRp,Myeloid-noDC-noGran,CXCL10,"(-25,-20]","(4.38,5.11]",-22.5,4.74116339365427,3,0.00427682737169518,0.00282943046768372,0.00518213255690459,6
MMRp,Myeloid-ISG,CXCL10,"(-35,-30]","[0,0.729]",-32.5,0.364704876434944,4,0.00050133039933799,0.000145886014394087,0.000974298097131307,6
MMRp,Myeloid-noDC-noGran,CXCL10,"(-35,-30]","[0,0.729]",-32.5,0.364704876434944,6,0.000176533566554223,9.06406827953164e-05,0.000373374558957946,6
MMRp,Myeloid-noDC-noGran,CXCL10,"(-55,-50]","(2.19,2.92]",-52.5,2.55293413504461,4,0.000401419934975181,0.00028753258702653,0.000571073334928419,6
MMRp,Myeloid-noDC-noGran,CXCL10,"(-90,-85]","[0,0.729]",-87.5,0.364704876434944,5,0,0,0,6
MMRp,Myeloid-noDC-noGran,CXCL10,"(-45,-40]","(2.92,3.65]",-42.5,3.2823438879145,3,0.000245278390973755,0.000122639195486878,0.000513569609873117,6
MMRp,Myeloid-noDC-noGran,CXCL10,"(-45,-40]","(2.19,2.92]",-42.5,2.55293413504461,4,0.000278452992013435,0.000185517284026962,0.000342732748000266,6
MMRp,Myeloid-ISG,CXCL10,"(-30,-25]","(3.65,4.38]",-27.5,4.01175364078438,3,0.00672043010752688,0.00558102723650456,0.00798206379325924,6
MMRp,Myeloid-noDC-noGran,CXCL10,"(-30,-25]","(3.65,4.38]",-27.5,4.01175364078438,3,0.00181818181818182,0.00181325004109814,0.00271501433793753,6
MMRp,Myeloid-ISG,CXCL10,"(0,5]","(2.19,2.92]",2.5,2.55293413504461,3,0.00344234079173838,0.00287258087370454,0.00384431264639998,6
MMRp,Myeloid-noDC-noGran,CXCL10,"(0,5]","(2.19,2.92]",2.5,2.55293413504461,6,0.00078420852137721,0.000146886016451234,0.00107486426193649,6
MMRp,Myeloid-noDC-noGran,CXCL10,"(-70,-65]","(2.19,2.92]",-67.5,2.55293413504461,4,0.000224887556221889,0,0.000490189787405288,6
MMRp,Myeloid-noDC-noGran,CXCL10,"(5,10]","(3.65,4.38]",7.5,4.01175364078438,3,0.00187529301453352,0.00093764650726676,0.00378827364523711,6
MMRp,Myeloid-ISG,CXCL10,"(-60,-55]","[0,0.729]",-57.5,0.364704876434944,4,0,0,0.00027332361516035,6
MMRp,Myeloid-noDC-noGran,CXCL10,"(-50,-45]","(2.19,2.92]",-47.5,2.55293413504461,4,7.96812749003984e-05,0,0.000166691723671352,6
MMRp,Myeloid-noDC-noGran,CXCL10,"(-80,-75]","(2.92,3.65]",-77.5,3.2823438879145,3,0.00113250283125708,0.0008118309834085,0.00190314981135046,6
MMRp,Myeloid-noDC-noGran,CXCL10,"(-25,-20]","(0.729,1.46]",-22.5,1.09411462930483,3,0.000145889561601867,7.29447808009337e-05,0.000166289315478428,6
MMRp,Myeloid-noDC-noGran,CXCL10,"(-55,-50]","(1.46,2.19]",-52.5,1.82352438217472,4,0.000194812278428071,0.000144638724607868,0.000461255979107011,6
MMRp,Myeloid-noDC-noGran,CXCL10,"(-35,-30]","(4.38,5.11]",-32.5,4.74116339365427,3,0.00446428571428571,0.00429399852724595,0.00538813925028984,6
MMRp,Myeloid-ISG,CXCL10,"(-40,-35]","(2.92,3.65]",-37.5,3.2823438879145,3,0.00115919629057187,0.000922298625066607,0.00233398411019822,6
MMRp,Myeloid-noDC-noGran,CXCL10,"(-40,-35]","(2.92,3.65]",-37.5,3.2823438879145,3,0.000447477346459336,0.000422112011852957,0.000940584551365868,6
MMRp,Myeloid-noDC-noGran,CXCL10,"(-65,-60]","(1.46,2.19]",-62.5,1.82352438217472,4,4.91400491400491e-05,0,0.000155222952744961,6
MMRp,Myeloid-noDC-noGran,CXCL10,"(-70,-65]","(2.92,3.65]",-67.5,3.2823438879145,3,0.000501756146512795,0.000492365636646883,0.000560092668185278,6
MMRp,Myeloid-noDC-noGran,CXCL10,"(-30,-25]","(0.729,1.46]",-27.5,1.09411462930483,3,0,0,6.07681088964511e-05,6
MMRp,Myeloid-noDC-noGran,CXCL10,"[-100,-95]","(2.19,2.92]",-97.5,2.55293413504461,3,0,0,0.000739644970414201,6
MMRp,Myeloid-noDC-noGran,CXCL10,"(-95,-90]","(2.92,3.65]",-92.5,3.2823438879145,3,0,0,0.00121457489878543,6
MMRp,Myeloid-noDC-noGran,CXCL10,"(-75,-70]","(2.92,3.65]",-72.5,3.2823438879145,3,0.000764525993883792,0.000542211813320655,0.00129300980932805,6
MMRp,Myeloid-noDC-noGran,CXCL10,"(-40,-35]","(4.38,5.11]",-37.5,4.74116339365427,3,0.00734214390602056,0.00548595398567816,0.00854120182314015,6
MMRp,Myeloid-noDC-noGran,CXCL10,"(-35,-30]","(1.46,2.19]",-32.5,1.82352438217472,5,0.000123502531801902,7.53390256152687e-05,0.000179565451607111,6
MMRp,Myeloid-noDC-noGran,CXCL10,"(65,70]","[0,0.729]",67.5,0.364704876434944,4,0,0,0,6
MMRp,Myeloid-ISG,CXCL10,"(5,10]","[0,0.729]",7.5,0.364704876434944,4,0,0,0.000458715596330275,6
MMRp,Myeloid-ISG,CXCL10,"(-50,-45]","[0,0.729]",-47.5,0.364704876434944,4,0.000250752256770311,0,0.000794538426996471,6
MMRp,Myeloid-noDC-noGran,CXCL10,"(-50,-45]","[0,0.729]",-47.5,0.364704876434944,6,4.73440015150081e-05,0,0.00012429721877881,6
MMRp,Myeloid-noDC-noGran,CXCL10,"(-90,-85]","(1.46,2.19]",-87.5,1.82352438217472,4,0,0,7.09622480840193e-05,6
MMRp,Myeloid-ISG,CXCL10,"[-100,-95]","[0,0.729]",-97.5,0.364704876434944,3,0.000921658986175115,0.000460829493087558,0.00173309412413081,6
MMRp,Myeloid-noDC-noGran,CXCL10,"(55,60]","[0,0.729]",57.5,0.364704876434944,5,0,0,0,6
MMRp,Myeloid-noDC-noGran,CXCL10,"(10,15]","[0,0.729]",12.5,0.364704876434944,6,0.000335143392167275,5.65099457504521e-05,0.00059213936418822,6
MMRp,Myeloid-noDC-noGran,CXCL10,"(35,40]","[0,0.729]",37.5,0.364704876434944,5,0,0,0,6
MMRp,Myeloid-ISG,CXCL10,"(-90,-85]","[0,0.729]",-87.5,0.364704876434944,3,0,0,0,6
MMRp,Myeloid-noDC-noGran,CXCL10,"(-40,-35]","(2.19,2.92]",-37.5,2.55293413504461,4,5.87958607714017e-05,0,0.000250189579266612,6
MMRp,Myeloid-noDC-noGran,CXCL10,"(-30,-25]","(1.46,2.19]",-27.5,1.82352438217472,5,0.000167897918065816,7.02000702000702e-05,0.000252206809583859,6
MMRp,Myeloid-noDC-noGran,CXCL10,"(-65,-60]","(2.92,3.65]",-62.5,3.2823438879145,3,0.000730816077953715,0.000365408038976858,0.000766531183782313,6
MMRp,Myeloid-noDC-noGran,CXCL10,"(-90,-85]","(2.92,3.65]",-87.5,3.2823438879145,3,0.00109649122807018,0.000548245614035088,0.00117876263799473,6
MMRp,Myeloid-noDC-noGran,CXCL10,"(-60,-55]","(1.46,2.19]",-57.5,1.82352438217472,4,0,0,4.14215889321514e-05,6
MMRp,Myeloid-noDC-noGran,CXCL10,"(-65,-60]","(2.19,2.92]",-62.5,2.55293413504461,4,0.000519146731496698,0.000369822485207101,0.000549505036109937,6
MMRp,Myeloid-noDC-noGran,CXCL10,"(-75,-70]","(2.19,2.92]",-72.5,2.55293413504461,4,0,0,4.07763823193606e-05,6
MMRp,Myeloid-noDC-noGran,CXCL10,"(-55,-50]","(3.65,4.38]",-52.5,4.01175364078438,3,0.000795861520095503,0.000397930760047752,0.000971325255460596,6
MMRp,Myeloid-noDC-noGran,CXCL10,"(-60,-55]","(2.19,2.92]",-57.5,2.55293413504461,4,0.000508992210104799,0.000381679389312977,0.000716368979373831,6
MMRp,Myeloid-noDC-noGran,CXCL10,"(-60,-55]","(2.92,3.65]",-57.5,3.2823438879145,3,0.00126689189189189,0.000769204838153386,0.00134552759797538,6
MMRp,Myeloid-noDC-noGran,CXCL10,"(-45,-40]","(1.46,2.19]",-42.5,1.82352438217472,4,0.000343334741021279,0.000227755845733374,0.000501287361688956,6
MMRp,Myeloid-noDC-noGran,CXCL10,"(-80,-75]","(1.46,2.19]",-77.5,1.82352438217472,3,0.000542397396492497,0.000509067394725792,0.000962761630473081,6
MMRp,Myeloid-noDC-noGran,CXCL10,"(-75,-70]","(1.46,2.19]",-72.5,1.82352438217472,4,0,0,0,6
MMRp,Myeloid-noDC-noGran,CXCL10,"(-90,-85]","(2.19,2.92]",-87.5,2.55293413504461,3,0.000712758374910905,0.000356379187455453,0.000893820964596262,6
MMRp,Myeloid-noDC-noGran,CXCL10,"(-85,-80]","(2.19,2.92]",-82.5,2.55293413504461,3,0.00100857286938981,0.000504286434694907,0.00130943941376093,6
MMRp,Myeloid-noDC-noGran,CXCL10,"(5,10]","(2.92,3.65]",7.5,3.2823438879145,3,0.00140449438202247,0.00101069876411426,0.00196328123893053,6
MMRp,Myeloid-noDC-noGran,CXCL10,"(-95,-90]","(2.19,2.92]",-92.5,2.55293413504461,3,0,0,0,6
MMRp,Myeloid-noDC-noGran,CXCL10,"(60,65]","[0,0.729]",62.5,0.364704876434944,5,0,0,0,6
MMRp,Myeloid-noDC-noGran,CXCL10,"(75,80]","[0,0.729]",77.5,0.364704876434944,4,0,0,0.000186150409530901,6
MMRp,Myeloid-noDC-noGran,CXCL10,"(95,100]","[0,0.729]",97.5,0.364704876434944,3,0,0,0,6
MMRp,Myeloid-noDC-noGran,CXCL10,"(25,30]","[0,0.729]",27.5,0.364704876434944,5,0,0,0.000504540867810293,6
MMRp,Myeloid-noDC-noGran,CXCL10,"(50,55]","[0,0.729]",52.5,0.364704876434944,5,0,0,0,6
MMRp,Myeloid-noDC-noGran,CXCL10,"(30,35]","[0,0.729]",32.5,0.364704876434944,5,0,0,0,6
MMRp,Myeloid-noDC-noGran,CXCL10,"(80,85]","[0,0.729]",82.5,0.364704876434944,4,0,0,7.73754255648406e-05,6
MMRp,Myeloid-noDC-noGran,CXCL10,"(40,45]","[0,0.729]",42.5,0.364704876434944,5,0,0,0,6
MMRp,Myeloid-noDC-noGran,CXCL10,"(45,50]","[0,0.729]",47.5,0.364704876434944,5,0,0,0,6
MMRp,Myeloid-noDC-noGran,CXCL10,"(0,5]","(0.729,1.46]",2.5,1.09411462930483,4,0,0,0.000101791530944625,6
MMRp,Myeloid-noDC-noGran,CXCL10,"(-40,-35]","(0.729,1.46]",-37.5,1.09411462930483,3,0,0,0.000161524794055888,6
MMRp,Myeloid-noDC-noGran,CXCL10,"(-50,-45]","(0.729,1.46]",-47.5,1.09411462930483,3,0.000235017626321974,0.000117508813160987,0.000248227767409353,6
MMRp,Myeloid-noDC-noGran,CXCL10,"(5,10]","(1.46,2.19]",7.5,1.82352438217472,3,0,0,0.000470809792843691,6
MMRp,Myeloid-noDC-noGran,CXCL10,"(-65,-60]","(0.729,1.46]",-62.5,1.09411462930483,3,0,0,0.000635055038103302,6
MMRp,Myeloid-noDC-noGran,CXCL10,"(-35,-30]","(0.729,1.46]",-32.5,1.09411462930483,3,0,0,5.34416417272339e-05,6
MMRp,Myeloid-noDC-noGran,CXCL10,"(-45,-40]","(0.729,1.46]",-42.5,1.09411462930483,3,0.000254777070063694,0.000127388535031847,0.00049675568597989,6
MMRp,Myeloid-noDC-noGran,CXCL10,"(-55,-50]","(0.729,1.46]",-52.5,1.09411462930483,3,0,0,0.000206270627062706,6
MMRp,Myeloid-noDC-noGran,CXCL10,"(15,20]","[0,0.729]",17.5,0.364704876434944,5,0,0,0,6
MMRp,Myeloid-noDC-noGran,CXCL10,"(-80,-75]","(0.729,1.46]",-77.5,1.09411462930483,3,0,0,0,6
MMRp,Myeloid-noDC-noGran,CXCL10,"(5,10]","(0.729,1.46]",7.5,1.09411462930483,3,0,0,0.00111940298507463,6
MMRp,Myeloid-noDC-noGran,CXCL10,"(90,95]","[0,0.729]",92.5,0.364704876434944,3,0,0,0.00140845070422535,6
MMRp,Myeloid-noDC-noGran,CXCL10,"(10,15]","(1.46,2.19]",12.5,1.82352438217472,3,0,0,0.00108695652173913,6
MMRp,Tcd4-CXCL13,CXCL10,"(-5,0]","[0,0.729]",-2.5,0.364704876434944,4,0,0,0.000337837837837838,6
MMRp,Tcd4-CXCL13,CXCL10,"(-10,-5]","[0,0.729]",-7.5,0.364704876434944,4,0,0,0,6
MMRp,Tcd4-CXCL13,CXCL10,"(-15,-10]","[0,0.729]",-12.5,0.364704876434944,3,0,0,0.000297441998810232,6
MMRp,Tcd4-Treg-comb,CXCL10,"(-15,-10]","[0,0.729]",-12.5,0.364704876434944,5,7.2134458630888e-05,0,0.000204457166223676,6
MMRp,Tcd4-Treg-comb,CXCL10,"(-5,0]","[0,0.729]",-2.5,0.364704876434944,5,0,0,0,6
MMRp,Tcd4-Treg-comb,CXCL10,"(-10,-5]","[0,0.729]",-7.5,0.364704876434944,5,0,0,0,6
MMRp,Tcd4-Treg-comb,CXCL10,"(-15,-10]","(1.46,2.19]",-12.5,1.82352438217472,4,5.03473970395731e-05,0,0.000222883311887093,6
MMRp,Tcd4-Treg-comb,CXCL10,"(0,5]","[0,0.729]",2.5,0.364704876434944,5,0,0,0,6
MMRp,Tcd4-Treg-comb,CXCL10,"(-10,-5]","(1.46,2.19]",-7.5,1.82352438217472,5,0,0,0.000149009089554463,6
MMRp,Tcd4-Treg-comb,CXCL10,"(-5,0]","(1.46,2.19]",-2.5,1.82352438217472,5,0,0,0,6
MMRp,Tcd4-Treg-comb,CXCL10,"(-25,-20]","[0,0.729]",-22.5,0.364704876434944,5,0,0,0,6
MMRp,Tcd4-Treg-comb,CXCL10,"(-5,0]","(0.729,1.46]",-2.5,1.09411462930483,4,0,0,0,6
MMRp,Tcd4-Treg-comb,CXCL10,"(-30,-25]","(1.46,2.19]",-27.5,1.82352438217472,3,0,0,0,6
MMRp,Tcd4-Treg-comb,CXCL10,"(-20,-15]","[0,0.729]",-17.5,0.364704876434944,4,0,0,0,6
MMRp,Tcd4-Treg-comb,CXCL10,"(-50,-45]","[0,0.729]",-47.5,0.364704876434944,3,0,0,0,6
MMRp,Tcd4-Treg-comb,CXCL10,"(-55,-50]","[0,0.729]",-52.5,0.364704876434944,3,0,0,0,6
MMRp,Tcd4-Treg-comb,CXCL10,"(-25,-20]","(1.46,2.19]",-22.5,1.82352438217472,3,0,0,0,6
MMRp,Tcd4-Treg-comb,CXCL10,"(-35,-30]","[0,0.729]",-32.5,0.364704876434944,3,0,0,9.90883868410622e-05,6
MMRp,Tcd4-Treg-comb,CXCL10,"(-40,-35]","[0,0.729]",-37.5,0.364704876434944,4,0,0,0,6
MMRp,Tcd4-Treg-comb,CXCL10,"(-30,-25]","[0,0.729]",-27.5,0.364704876434944,4,0,0,2.13165075034106e-05,6
MMRp,Tcd4-Treg-comb,CXCL10,"(-65,-60]","[0,0.729]",-62.5,0.364704876434944,3,0,0,0,6
MMRp,Tcd4-Treg-comb,CXCL10,"(-90,-85]","[0,0.729]",-87.5,0.364704876434944,3,0,0,0,6
MMRp,Tcd4-Treg-comb,CXCL10,"(-80,-75]","[0,0.729]",-77.5,0.364704876434944,3,0,0,0,6
MMRp,Tcd4-Treg-comb,CXCL10,"(-45,-40]","[0,0.729]",-42.5,0.364704876434944,3,0,0,0,6
MMRp,Tcd4-Treg-comb,CXCL10,"(-60,-55]","[0,0.729]",-57.5,0.364704876434944,3,0,0,0.000112032265292404,6
MMRp,CD8-all,CXCL10,"(-5,0]","(2.92,3.65]",-2.5,3.2823438879145,3,0,0,0.000613496932515337,6
MMRp,Tcd8-CXCL13-comb,CXCL10,"(-5,0]","[0,0.729]",-2.5,0.364704876434944,5,0,0,0,6
MMRp,CD8-all,CXCL10,"(-5,0]","[0,0.729]",-2.5,0.364704876434944,5,0,0,0,6
MMRp,CD8-all,CXCL10,"(-20,-15]","[0,0.729]",-17.5,0.364704876434944,3,0,0,0,6
MMRp,CD8-all,CXCL10,"(5,10]","[0,0.729]",7.5,0.364704876434944,3,0,0,0,6
MMRp,CD8-all,CXCL10,"(-15,-10]","[0,0.729]",-12.5,0.364704876434944,4,0,0,6.06648871633099e-05,6
MMRp,Tcd8-CXCL13-comb,CXCL10,"(-10,-5]","[0,0.729]",-7.5,0.364704876434944,3,0,0,0,6
MMRp,CD8-all,CXCL10,"(-10,-5]","[0,0.729]",-7.5,0.364704876434944,5,0,0,0,6
MMRp,CD8-all,CXCL10,"(-25,-20]","[0,0.729]",-22.5,0.364704876434944,4,0,0,8.7260034904014e-05,6
MMRp,CD8-all,CXCL10,"(0,5]","[0,0.729]",2.5,0.364704876434944,4,0,0,0,6
MMRp,Tcd8-HOBIT,CXCL10,"(-10,-5]","[0,0.729]",-7.5,0.364704876434944,3,0,0,0.000569476082004556,6
MMRp,Tcd8-HOBIT,CXCL10,"(-5,0]","[0,0.729]",-2.5,0.364704876434944,3,0,0,0,6
MMRp,Tplzf-gdlike-comb,CXCL10,"(-5,0]","[0,0.729]",-2.5,0.364704876434944,3,0,0,0,6
